observableId	observableFormula	noiseFormula
blank	0	1
observable_0	nuc_gene_a__TMPRSS15_	1
observable_1	nuc_gene_a__KRTAP25_1_	1
observable_2	nuc_gene_a__CLDN17_	1
observable_3	nuc_gene_a__KRTAP24_1_	1
observable_4	nuc_gene_a__NCAM2_	1
observable_5	nuc_gene_a__CLDN8_	1
observable_6	nuc_gene_a__MORC3_	1
observable_7	nuc_gene_a__CHODL_	1
observable_8	nuc_gene_a__CBR1_	1
observable_9	nuc_gene_a__SIM2_	1
observable_10	nuc_gene_a__RIPPLY3_	1
observable_11	nuc_gene_a__RRP1B_	1
observable_12	nuc_gene_a__AGPAT3_	1
observable_13	nuc_gene_a__TPTE_	1
observable_14	nuc_gene_a__RIPK4_	1
observable_15	nuc_gene_a__TFF2_	1
observable_16	nuc_gene_a__TFF1_	1
observable_17	nuc_gene_a__UBASH3A_	1
observable_18	nuc_gene_a__DNMT3L_	1
observable_19	nuc_gene_a__CFAP410_	1
observable_20	nuc_gene_a__KRTAP10_1_	1
observable_21	nuc_gene_a__KRTAP10_2_	1
observable_22	nuc_gene_a__KRTAP10_3_	1
observable_23	nuc_gene_a__KRTAP10_5_	1
observable_24	nuc_gene_a__KRTAP10_6_	1
observable_25	nuc_gene_a__KRTAP10_7_	1
observable_26	nuc_gene_a__KRTAP10_8_	1
observable_27	nuc_gene_a__KRTAP10_10_	1
observable_28	nuc_gene_a__KRTAP10_11_	1
observable_29	nuc_gene_a__KRTAP12_4_	1
observable_30	nuc_gene_a__KRTAP12_3_	1
observable_31	nuc_gene_a__KRTAP12_2_	1
observable_32	nuc_gene_a__KRTAP12_1_	1
observable_33	nuc_gene_a__OLIG1_	1
observable_34	nuc_gene_a__POTED_	1
observable_35	nuc_gene_a__UMODL1_	1
observable_36	nuc_gene_a__KRTAP8_1_	1
observable_37	nuc_gene_a__KRTAP7_1_	1
observable_38	nuc_gene_a__KRTAP11_1_	1
observable_39	nuc_gene_a__KRTAP19_8_	1
observable_40	nuc_gene_a__ERVH48_1_	1
observable_41	nuc_gene_a__LIPI_	1
observable_42	nuc_gene_a__KRTAP10_9_	1
observable_43	nuc_gene_a__KRTAP10_4_	1
observable_44	nuc_gene_a__IGSF5_	1
observable_45	nuc_gene_a__MZT1_	1
observable_46	nuc_gene_a__ERICH6B_	1
observable_47	nuc_gene_a__KLHL1_	1
observable_48	nuc_gene_a__MCM3AP_	1
observable_49	nuc_gene_a__FREM2_	1
observable_50	nuc_gene_a__PRR20B_	1
observable_51	nuc_gene_a__POU4F1_	1
observable_52	nuc_gene_a__TTC3_	1
observable_53	nuc_gene_a__NHLRC3_	1
observable_54	nuc_gene_a__OLFM4_	1
observable_55	nuc_gene_a__KRTAP26_1_	1
observable_56	nuc_gene_a__KRTAP27_1_	1
observable_57	nuc_gene_a__KRTAP13_2_	1
observable_58	nuc_gene_a__KRTAP13_1_	1
observable_59	nuc_gene_a__KRTAP15_1_	1
observable_60	nuc_gene_a__KRTAP19_1_	1
observable_61	nuc_gene_a__KRTAP19_2_	1
observable_62	nuc_gene_a__KRTAP19_3_	1
observable_63	nuc_gene_a__KRTAP19_4_	1
observable_64	nuc_gene_a__KRTAP19_5_	1
observable_65	nuc_gene_a__KRTAP19_6_	1
observable_66	nuc_gene_a__KRTAP19_7_	1
observable_67	nuc_gene_a__KRTAP22_2_	1
observable_68	nuc_gene_a__KRTAP22_1_	1
observable_69	nuc_gene_a__KRTAP20_1_	1
observable_70	nuc_gene_a__KRTAP20_4_	1
observable_71	nuc_gene_a__KRTAP20_2_	1
observable_72	nuc_gene_a__KRTAP20_3_	1
observable_73	nuc_gene_a__KRTAP21_3_	1
observable_74	nuc_gene_a__KRTAP21_2_	1
observable_75	nuc_gene_a__KRTAP21_1_	1
observable_76	nuc_gene_a__KRTAP23_1_	1
observable_77	nuc_gene_a__KRTAP13_3_	1
observable_78	nuc_gene_a__KRTAP13_4_	1
observable_79	nuc_gene_a__KRTAP6_2_	1
observable_80	nuc_gene_a__KRTAP6_1_	1
observable_81	nuc_gene_a__PCNT_	1
observable_82	nuc_gene_a__DIAPH3_	1
observable_83	nuc_gene_a__PCDH17_	1
observable_84	nuc_gene_a__SON_	1
observable_85	nuc_gene_a__LRCH1_	1
observable_86	nuc_gene_a__SLITRK6_	1
observable_87	nuc_gene_a__SOX1_	1
observable_88	nuc_gene_a__NRIP1_	1
observable_89	nuc_gene_a__SPACA7_	1
observable_90	nuc_gene_a__RCAN1_	1
observable_91	nuc_gene_a__UBL3_	1
observable_92	nuc_gene_a__FAM216B_	1
observable_93	nuc_gene_a__KCNRG_	1
observable_94	nuc_gene_a__KRTAP10_12_	1
observable_95	nuc_gene_a__FAM124A_	1
observable_96	nuc_gene_a__ZAR1L_	1
observable_97	nuc_gene_a__CSNK1A1L_	1
observable_98	nuc_gene_a__RFXAP_	1
observable_99	nuc_gene_a__MRPS6_	1
observable_100	nuc_gene_a__SIAH3_	1
observable_101	nuc_gene_a__SLC5A3_	1
observable_102	nuc_gene_a__KCNE2_	1
observable_103	nuc_gene_a__SLITRK1_	1
observable_104	nuc_gene_a__KBTBD6_	1
observable_105	nuc_gene_a__KBTBD7_	1
observable_106	nuc_gene_a__CYYR1_	1
observable_107	nuc_gene_a__RAP2A_	1
observable_108	nuc_gene_a__CRYAA_	1
observable_109	nuc_gene_a__SHISA2_	1
observable_110	nuc_gene_a__RXFP2_	1
observable_111	nuc_gene_a__FRY_	1
observable_112	nuc_gene_a__UTP14C_	1
observable_113	nuc_gene_a__CCDC70_	1
observable_114	nuc_gene_a__GPR18_	1
observable_115	nuc_gene_a__TNFSF13B_	1
observable_116	nuc_gene_a__ATP8A2_	1
observable_117	nuc_gene_a__SACS_	1
observable_118	nuc_gene_a__AKAIN1_	1
observable_119	nuc_gene_a__KCTD12_	1
observable_120	nuc_gene_a__SLC14A2_	1
observable_121	nuc_gene_a__CLN5_	1
observable_122	nuc_gene_a__CTAGE1_	1
observable_123	nuc_gene_a__HRH4_	1
observable_124	nuc_gene_a__ST8SIA3_	1
observable_125	nuc_gene_a__SERPINE3_	1
observable_126	nuc_gene_a__METTL21C_	1
observable_127	nuc_gene_a__SLC10A2_	1
observable_128	nuc_gene_a__BOD1L2_	1
observable_129	nuc_gene_a__HNRNPA1L2_	1
observable_130	nuc_gene_a__DAOA_	1
observable_131	nuc_gene_a__ZIC2_	1
observable_132	nuc_gene_a__ZIC5_	1
observable_133	nuc_gene_a__CDH7_	1
observable_134	nuc_gene_a__GSX1_	1
observable_135	nuc_gene_a__MC4R_	1
observable_136	nuc_gene_a__PDX1_	1
observable_137	nuc_gene_a__CDH20_	1
observable_138	nuc_gene_a__SLC39A6_	1
observable_139	nuc_gene_a__FGF9_	1
observable_140	nuc_gene_a__GALR1_	1
observable_141	nuc_gene_a__TPTE2_	1
observable_142	nuc_gene_a__MBP_	1
observable_143	nuc_gene_a__TNFSF11_	1
observable_144	nuc_gene_a__ALG11_	1
observable_145	nuc_gene_a__LRRC63_	1
observable_146	nuc_gene_a__PCDH20_	1
observable_147	nuc_gene_a__RNF17_	1
observable_148	nuc_gene_a__NDFIP2_	1
observable_149	nuc_gene_a__ATP4B_	1
observable_150	nuc_gene_a__DLEU7_	1
observable_151	nuc_gene_a__DSG4_	1
observable_152	nuc_gene_a__MEX3C_	1
observable_153	nuc_gene_a__ONECUT2_	1
observable_154	nuc_gene_a__KL_	1
observable_155	nuc_gene_a__PCDH8_	1
observable_156	nuc_gene_a__PTPRM_	1
observable_157	nuc_gene_a__DACH1_	1
observable_158	nuc_gene_a__NUFIP1_	1
observable_159	nuc_gene_a__PABPC3_	1
observable_160	nuc_gene_a__APCDD1_	1
observable_161	nuc_gene_a__AMER2_	1
observable_162	nuc_gene_a__SOHLH2_	1
observable_163	nuc_gene_a__ANKRD62_	1
observable_164	nuc_gene_a__CIDEA_	1
observable_165	nuc_gene_a__CCDC169_	1
observable_166	nuc_gene_a__DSC3_	1
observable_167	nuc_gene_a__ACOD1_	1
observable_168	nuc_gene_a__DSC1_	1
observable_169	nuc_gene_a__GPC6_	1
observable_170	nuc_gene_a__DSG1_	1
observable_171	nuc_gene_a__DCT_	1
observable_172	nuc_gene_a__PSMA8_	1
observable_173	nuc_gene_a__SOX21_	1
observable_174	nuc_gene_a__HS6ST3_	1
observable_175	nuc_gene_a__TUBA3C_	1
observable_176	nuc_gene_a__GPC5_	1
observable_177	nuc_gene_a__URAD_	1
observable_178	nuc_gene_a__C1QTNF9B_	1
observable_179	nuc_gene_a__ING1_	1
observable_180	nuc_gene_a__GTF3A_	1
observable_181	nuc_gene_a__NFATC1_	1
observable_182	nuc_gene_a__RNF113B_	1
observable_183	nuc_gene_a__C13orf42_	1
observable_184	nuc_gene_a__LAMA3_	1
observable_185	nuc_gene_a__GNAL_	1
observable_186	nuc_gene_a__MEP1B_	1
observable_187	nuc_gene_a__SERPINB13_	1
observable_188	nuc_gene_a__SERPINB4_	1
observable_189	nuc_gene_a__SERPINB11_	1
observable_190	nuc_gene_a__DIPK1C_	1
observable_191	nuc_gene_a__C18orf63_	1
observable_192	nuc_gene_a__SERPINB12_	1
observable_193	nuc_gene_a__PRELID3A_	1
observable_194	nuc_gene_a__ELOA2_	1
observable_195	nuc_gene_a__TXNL4A_	1
observable_196	nuc_gene_a__RBFA_	1
observable_197	nuc_gene_a__PARD6G_	1
observable_198	nuc_gene_a__WDR7_	1
observable_199	nuc_gene_a__CETN1_	1
observable_200	nuc_gene_a__LRRC30_	1
observable_201	nuc_gene_a__POTEC_	1
observable_202	nuc_gene_a__TXNDC2_	1
observable_203	nuc_gene_a__CCDC178_	1
observable_204	nuc_gene_a__MC5R_	1
observable_205	nuc_gene_a__STARD6_	1
observable_206	nuc_gene_a__GRP_	1
observable_207	nuc_gene_a__RAX_	1
observable_208	nuc_gene_a__CPLX4_	1
observable_209	nuc_gene_a__SIGLEC15_	1
observable_210	nuc_gene_a__ASXL3_	1
observable_211	nuc_gene_a__HMSD_	1
observable_212	nuc_gene_a__ZNF519_	1
observable_213	nuc_gene_a__CLUL1_	1
observable_214	nuc_gene_a__SERPINB10_	1
observable_215	nuc_gene_a__CHMP1B_	1
observable_216	nuc_gene_a__TSHZ1_	1
observable_217	nuc_gene_a__KRTAP6_3_	1
observable_218	nuc_gene_a__DLGAP1_	1
observable_219	nuc_gene_a__DCC_	1
observable_220	nuc_gene_a__ADRA1D_	1
observable_221	nuc_gene_a__DEFB129_	1
observable_222	nuc_gene_a__DEFB125_	1
observable_223	nuc_gene_a__INSM1_	1
observable_224	nuc_gene_a__DEFB128_	1
observable_225	nuc_gene_a__DEFB126_	1
observable_226	nuc_gene_a__ROCK1_	1
observable_227	nuc_gene_a__BTBD3_	1
observable_228	nuc_gene_a__ISM1_	1
observable_229	nuc_gene_a__SMIM21_	1
observable_230	nuc_gene_a__CST2_	1
observable_231	nuc_gene_a__SCRT2_	1
observable_232	nuc_gene_a__DEFB127_	1
observable_233	nuc_gene_a__DEFB115_	1
observable_234	nuc_gene_a__KCNB1_	1
observable_235	nuc_gene_a__MC3R_	1
observable_236	nuc_gene_a__CBLN4_	1
observable_237	nuc_gene_a__SLC25A52_	1
observable_238	nuc_gene_a__RBBP8NL_	1
observable_239	nuc_gene_a__PMEPA1_	1
observable_240	nuc_gene_a__SALL4_	1
observable_241	nuc_gene_a__SCP2D1_	1
observable_242	nuc_gene_a__CDH4_	1
observable_243	nuc_gene_a__SS18L1_	1
observable_244	nuc_gene_a__SYCP2_	1
observable_245	nuc_gene_a__ITSN1_	1
observable_246	nuc_gene_a__LAMA5_	1
observable_247	nuc_gene_a__RBPJL_	1
observable_248	nuc_gene_a__TP53TG5_	1
observable_249	nuc_gene_a__TUBB1_	1
observable_250	nuc_gene_a__C20orf173_	1
observable_251	nuc_gene_a__FITM2_	1
observable_252	nuc_gene_a__GTSF1L_	1
observable_253	nuc_gene_a__OSM_	1
observable_254	nuc_gene_a__OTOR_	1
observable_255	nuc_gene_a__R3HDML_	1
observable_256	nuc_gene_a__BIRC7_	1
observable_257	nuc_gene_a__FTCD_	1
observable_258	nuc_gene_a__NKAIN4_	1
observable_259	nuc_gene_a__NCF4_	1
observable_260	nuc_gene_a__CHRNA4_	1
observable_261	nuc_gene_a__MKKS_	1
observable_262	nuc_gene_a__XKR7_	1
observable_263	nuc_gene_a__PLAGL2_	1
observable_264	nuc_gene_a__COL6A1_	1
observable_265	nuc_gene_a__OXT_	1
observable_266	nuc_gene_a__AVP_	1
observable_267	nuc_gene_a__FOXS1_	1
observable_268	nuc_gene_a__HLCS_	1
observable_269	nuc_gene_a__OVOL2_	1
observable_270	nuc_gene_a__PET117_	1
observable_271	nuc_gene_a__CLDN14_	1
observable_272	nuc_gene_a__CACNA1I_	1
observable_273	nuc_gene_a__SIRPD_	1
observable_274	nuc_gene_a__ENTHD1_	1
observable_275	nuc_gene_a__SNX21_	1
observable_276	nuc_gene_a__LIF_	1
observable_277	nuc_gene_a__C20orf144_	1
observable_278	nuc_gene_a__PROKR2_	1
observable_279	nuc_gene_a__BANF2_	1
observable_280	nuc_gene_a__TOP1_	1
observable_281	nuc_gene_a__TRIOBP_	1
observable_282	nuc_gene_a__PRND_	1
observable_283	nuc_gene_a__MAFB_	1
observable_284	nuc_gene_a__RTL6_	1
observable_285	nuc_gene_a__PKDREJ_	1
observable_286	nuc_gene_a__ABCG1_	1
observable_287	nuc_gene_a__SLPI_	1
observable_288	nuc_gene_a__SPINT3_	1
observable_289	nuc_gene_a__SHISAL1_	1
observable_290	nuc_gene_a__EPPIN_	1
observable_291	nuc_gene_a__RFPL3_	1
observable_292	nuc_gene_a__RUNX1_	1
observable_293	nuc_gene_a__WFDC3_	1
observable_294	nuc_gene_a__CRYBA4_	1
observable_295	nuc_gene_a__TNNC2_	1
observable_296	nuc_gene_a__LRRC3_	1
observable_297	nuc_gene_a__NTSR1_	1
observable_298	nuc_gene_a__DEFB132_	1
observable_299	nuc_gene_a__ZCCHC3_	1
observable_300	nuc_gene_a__FAM209A_	1
observable_301	nuc_gene_a__FAM209B_	1
observable_302	nuc_gene_a__C2CD2_	1
observable_303	nuc_gene_a__TFF3_	1
observable_304	nuc_gene_a__ZNFX1_	1
observable_305	nuc_gene_a__MOCS3_	1
observable_306	nuc_gene_a__IL10RB_	1
observable_307	nuc_gene_a__TCP10L_	1
observable_308	nuc_gene_a__MYO18B_	1
observable_309	nuc_gene_a__RBM11_	1
observable_310	nuc_gene_a__HCK_	1
observable_311	nuc_gene_a__SOX12_	1
observable_312	nuc_gene_a__CST1_	1
observable_313	nuc_gene_a__PCDH9_	1
observable_314	nuc_gene_a__NEURL2_	1
observable_315	nuc_gene_a__WFDC13_	1
observable_316	nuc_gene_a__SPINT4_	1
observable_317	nuc_gene_a__C20orf141_	1
observable_318	nuc_gene_a__TMEM239_	1
observable_319	nuc_gene_a__TCF15_	1
observable_320	nuc_gene_a__SPATA25_	1
observable_321	nuc_gene_a__SRMS_	1
observable_322	nuc_gene_a__APOBEC3B_	1
observable_323	nuc_gene_a__ZNF831_	1
observable_324	nuc_gene_a__CBFA2T2_	1
observable_325	nuc_gene_a__TRPM2_	1
observable_326	nuc_gene_a__ACTL10_	1
observable_327	nuc_gene_a__HSPA13_	1
observable_328	nuc_gene_a__CSTL1_	1
observable_329	nuc_gene_a__OCSTAMP_	1
observable_330	nuc_gene_a__MICAL3_	1
observable_331	nuc_gene_a__SLC13A3_	1
observable_332	nuc_gene_a__GCNT7_	1
observable_333	nuc_gene_a__UBE2G2_	1
observable_334	nuc_gene_a__VCX2_	1
observable_335	nuc_gene_a__SLC12A5_	1
observable_336	nuc_gene_a__AMELX_	1
observable_337	nuc_gene_a__PARVB_	1
observable_338	nuc_gene_a__FAM9B_	1
observable_339	nuc_gene_a__SNU13_	1
observable_340	nuc_gene_a__FAM9A_	1
observable_341	nuc_gene_a__TGM3_	1
observable_342	nuc_gene_a__TRAPPC10_	1
observable_343	nuc_gene_a__GRPR_	1
observable_344	nuc_gene_a__TGM6_	1
observable_345	nuc_gene_a__BEND2_	1
observable_346	nuc_gene_a__CCDC188_	1
observable_347	nuc_gene_a__TMEM272_	1
observable_348	nuc_gene_a__SLC32A1_	1
observable_349	nuc_gene_a__KLHL34_	1
observable_350	nuc_gene_a__RTN4R_	1
observable_351	nuc_gene_a__KCNJ6_	1
observable_352	nuc_gene_a__CNBD2_	1
observable_353	nuc_gene_a__TAF4_	1
observable_354	nuc_gene_a__C20orf202_	1
observable_355	nuc_gene_a__WFDC8_	1
observable_356	nuc_gene_a__ADIG_	1
observable_357	nuc_gene_a__FASTKD5_	1
observable_358	nuc_gene_a__TP53RK_	1
observable_359	nuc_gene_a__MLNR_	1
observable_360	nuc_gene_a__ANKRD60_	1
observable_361	nuc_gene_a__RRP1_	1
observable_362	nuc_gene_a__SUN5_	1
observable_363	nuc_gene_a__BPIFB4_	1
observable_364	nuc_gene_a__BPIFA2_	1
observable_365	nuc_gene_a__BPIFA3_	1
observable_366	nuc_gene_a__BPIFB3_	1
observable_367	nuc_gene_a__FGF14_	1
observable_368	nuc_gene_a__AHCY_	1
observable_369	nuc_gene_a__KLF5_	1
observable_370	nuc_gene_a__ATP5PO_	1
observable_371	nuc_gene_a__RUBCNL_	1
observable_372	nuc_gene_a__GINS1_	1
observable_373	nuc_gene_a__TXNRD2_	1
observable_374	nuc_gene_a__SMIM26_	1
observable_375	nuc_gene_a__PANX2_	1
observable_376	nuc_gene_a__HMOX1_	1
observable_377	nuc_gene_a__CACNG2_	1
observable_378	nuc_gene_a__SLC5A4_	1
observable_379	nuc_gene_a__SPO11_	1
observable_380	nuc_gene_a__RBM38_	1
observable_381	nuc_gene_a__DEFB121_	1
observable_382	nuc_gene_a__CNKSR2_	1
observable_383	nuc_gene_a__DEFB123_	1
observable_384	nuc_gene_a__DEFB124_	1
observable_385	nuc_gene_a__APOBEC3H_	1
observable_386	nuc_gene_a__SLC15A1_	1
observable_387	nuc_gene_a__S100G_	1
observable_388	nuc_gene_a__CCDC116_	1
observable_389	nuc_gene_a__KCNS1_	1
observable_390	nuc_gene_a__MAGEB17_	1
observable_391	nuc_gene_a__WFDC12_	1
observable_392	nuc_gene_a__FAM47B_	1
observable_393	nuc_gene_a__SEMG2_	1
observable_394	nuc_gene_a__DEFB116_	1
observable_395	nuc_gene_a__MAGEB10_	1
observable_396	nuc_gene_a__DEFB118_	1
observable_397	nuc_gene_a__DEFB119_	1
observable_398	nuc_gene_a__ITIH6_	1
observable_399	nuc_gene_a__MTMR8_	1
observable_400	nuc_gene_a__WFDC5_	1
observable_401	nuc_gene_a__DYRK1A_	1
observable_402	nuc_gene_a__EBF4_	1
observable_403	nuc_gene_a__PPIL2_	1
observable_404	nuc_gene_a__TTLL9_	1
observable_405	nuc_gene_a__SPATA13_	1
observable_406	nuc_gene_a__NPBWR2_	1
observable_407	nuc_gene_a__SSTR4_	1
observable_408	nuc_gene_a__THBD_	1
observable_409	nuc_gene_a__YPEL1_	1
observable_410	nuc_gene_a__EMILIN3_	1
observable_411	nuc_gene_a__ABHD16B_	1
observable_412	nuc_gene_a__F10_	1
observable_413	nuc_gene_a__SAMD10_	1
observable_414	nuc_gene_a__NEFH_	1
observable_415	nuc_gene_a__GPR183_	1
observable_416	nuc_gene_a__CDKL5_	1
observable_417	nuc_gene_a__CFAP47_	1
observable_418	nuc_gene_a__FLT3_	1
observable_419	nuc_gene_a__FAM236B_	1
observable_420	nuc_gene_a__YY2_	1
observable_421	nuc_gene_a__MACROD2_	1
observable_422	nuc_gene_a__TSC22D1_	1
observable_423	nuc_gene_a__U2AF1_	1
observable_424	nuc_gene_a__AKAP4_	1
observable_425	nuc_gene_a__OXGR1_	1
observable_426	nuc_gene_a__SEC14L2_	1
observable_427	nuc_gene_a__STOML3_	1
observable_428	nuc_gene_a__GPR12_	1
observable_429	nuc_gene_a__JADE3_	1
observable_430	nuc_gene_a__GGACT_	1
observable_431	nuc_gene_a__FOXR2_	1
observable_432	nuc_gene_a__MAGEH1_	1
observable_433	nuc_gene_a__PIGP_	1
observable_434	nuc_gene_a__TSSK2_	1
observable_435	nuc_gene_a__GSC2_	1
observable_436	nuc_gene_a__FGF16_	1
observable_437	nuc_gene_a__CPXCR1_	1
observable_438	nuc_gene_a__RSPH14_	1
observable_439	nuc_gene_a__PABPC5_	1
observable_440	nuc_gene_a__PABPC1L2A_	1
observable_441	nuc_gene_a__ARL13A_	1
observable_442	nuc_gene_a__CPB2_	1
observable_443	nuc_gene_a__NANP_	1
observable_444	nuc_gene_a__BRWD3_	1
observable_445	nuc_gene_a__NNAT_	1
observable_446	nuc_gene_a__DNAJC15_	1
observable_447	nuc_gene_a__SERP2_	1
observable_448	nuc_gene_a__EDA_	1
observable_449	nuc_gene_a__KLF12_	1
observable_450	nuc_gene_a__EIF3L_	1
observable_451	nuc_gene_a__CRYL1_	1
observable_452	nuc_gene_a__MAGEE1_	1
observable_453	nuc_gene_a__RGCC_	1
observable_454	nuc_gene_a__TGIF2LX_	1
observable_455	nuc_gene_a__TCF20_	1
observable_456	nuc_gene_a__TEX13B_	1
observable_457	nuc_gene_a__SYCE3_	1
observable_458	nuc_gene_a__MAGEE2_	1
observable_459	nuc_gene_a__XK_	1
observable_460	nuc_gene_a__TMEM191C_	1
observable_461	nuc_gene_a__CLDN5_	1
observable_462	nuc_gene_a__TIAM1_	1
observable_463	nuc_gene_a__FAM227A_	1
observable_464	nuc_gene_a__F7_	1
observable_465	nuc_gene_a__C22orf31_	1
observable_466	nuc_gene_a__ARHGAP6_	1
observable_467	nuc_gene_a__PPM1F_	1
observable_468	nuc_gene_a__PLCB1_	1
observable_469	nuc_gene_a__CCNB3_	1
observable_470	nuc_gene_a__CBR3_	1
observable_471	nuc_gene_a__CYLC1_	1
observable_472	nuc_gene_a__RIPPLY1_	1
observable_473	nuc_gene_a__TSHZ2_	1
observable_474	nuc_gene_a__DCAF8L1_	1
observable_475	nuc_gene_a__ZNF217_	1
observable_476	nuc_gene_a__SPIN4_	1
observable_477	nuc_gene_a__SHISA8_	1
observable_478	nuc_gene_a__DCAF12L2_	1
observable_479	nuc_gene_a__OTUD6A_	1
observable_480	nuc_gene_a__APOL5_	1
observable_481	nuc_gene_a__LUZP4_	1
observable_482	nuc_gene_a__SPANXB1_	1
observable_483	nuc_gene_a__SEC14L6_	1
observable_484	nuc_gene_a__MAGEC2_	1
observable_485	nuc_gene_a__CFAP298_	1
observable_486	nuc_gene_a__CRYBB3_	1
observable_487	nuc_gene_a__TFDP3_	1
observable_488	nuc_gene_a__SPANXN3_	1
observable_489	nuc_gene_a__PTPRT_	1
observable_490	nuc_gene_a__SELENOO_	1
observable_491	nuc_gene_a__BRS3_	1
observable_492	nuc_gene_a__ASB12_	1
observable_493	nuc_gene_a__TTC28_	1
observable_494	nuc_gene_a__AMER1_	1
observable_495	nuc_gene_a__SPANXC_	1
observable_496	nuc_gene_a__PANK2_	1
observable_497	nuc_gene_a__SPANXN1_	1
observable_498	nuc_gene_a__BPIFC_	1
observable_499	nuc_gene_a__ADM2_	1
observable_500	nuc_gene_a__CMC4_	1
observable_501	nuc_gene_a__MAGEA8_	1
observable_502	nuc_gene_a__CT47A7_	1
observable_503	nuc_gene_a__LDOC1_	1
observable_504	nuc_gene_a__RFPL2_	1
observable_505	nuc_gene_a__MAGEA11_	1
observable_506	nuc_gene_a__WFDC6_	1
observable_507	nuc_gene_a__TMEM121B_	1
observable_508	nuc_gene_a__GPR50_	1
observable_509	nuc_gene_a__IL17REL_	1
observable_510	nuc_gene_a__PPP1R3D_	1
observable_511	nuc_gene_a__KCNK15_	1
observable_512	nuc_gene_a__PASD1_	1
observable_513	nuc_gene_a__IGLL1_	1
observable_514	nuc_gene_a__RIMS4_	1
observable_515	nuc_gene_a__LRRC74B_	1
observable_516	nuc_gene_a__SPANXD_	1
observable_517	nuc_gene_a__ZNF280B_	1
observable_518	nuc_gene_a__PDYN_	1
observable_519	nuc_gene_a__ZNF280A_	1
observable_520	nuc_gene_a__CENPB_	1
observable_521	nuc_gene_a__PRAME_	1
observable_522	nuc_gene_a__F8_	1
observable_523	nuc_gene_a__PRR32_	1
observable_524	nuc_gene_a__GGTLC2_	1
observable_525	nuc_gene_a__SLC35E4_	1
observable_526	nuc_gene_a__MCHR1_	1
observable_527	nuc_gene_a__BMP7_	1
observable_528	nuc_gene_a__TUG1_	1
observable_529	nuc_gene_a__AFF2_	1
observable_530	nuc_gene_a__PRDM15_	1
observable_531	nuc_gene_a__C20orf203_	1
observable_532	nuc_gene_a__DCAF12L1_	1
observable_533	nuc_gene_a__ADGRG4_	1
observable_534	nuc_gene_a__TMC2_	1
observable_535	nuc_gene_a__DDX17_	1
observable_536	nuc_gene_a__RAB39B_	1
observable_537	nuc_gene_a__SOD1_	1
observable_538	nuc_gene_a__NAP1L3_	1
observable_539	nuc_gene_a__CEBPB_	1
observable_540	nuc_gene_a__CT83_	1
observable_541	nuc_gene_a__ALOX5AP_	1
observable_542	nuc_gene_a__LGALS2_	1
observable_543	nuc_gene_a__RIMBP3B_	1
observable_544	nuc_gene_a__HUNK_	1
observable_545	nuc_gene_a__CCNA1_	1
observable_546	nuc_gene_a__SUMO3_	1
observable_547	nuc_gene_a__CXCR3_	1
observable_548	nuc_gene_a__SKOR2_	1
observable_549	nuc_gene_a__ZBTB21_	1
observable_550	nuc_gene_a__USPL1_	1
observable_551	nuc_gene_a__OPN1LW_	1
observable_552	nuc_gene_a__OPN1MW_	1
observable_553	nuc_gene_a__RSPH1_	1
observable_554	nuc_gene_a__UBL4A_	1
observable_555	nuc_gene_a__CKAP2_	1
observable_556	nuc_gene_a__DSG3_	1
observable_557	nuc_gene_a__SLC25A15_	1
observable_558	nuc_gene_a__COLEC12_	1
observable_559	nuc_gene_a__EBPL_	1
observable_560	nuc_gene_a__SAP18_	1
observable_561	nuc_gene_a__PITPNB_	1
observable_562	nuc_gene_a__MN1_	1
observable_563	nuc_gene_a__POTEH_	1
observable_564	nuc_gene_a__DSG2_	1
observable_565	nuc_gene_a__IGLL5_	1
observable_566	nuc_gene_a__SERPINB8_	1
observable_567	nuc_gene_a__TTR_	1
observable_568	nuc_gene_a__TEX29_	1
observable_569	nuc_gene_a__CLDN10_	1
observable_570	nuc_gene_a__RIMBP3_	1
observable_571	nuc_gene_a__EEF1AKMT1_	1
observable_572	nuc_gene_a__MSL3_	1
observable_573	nuc_gene_a__RGL4_	1
observable_574	nuc_gene_a__VPREB3_	1
observable_575	nuc_gene_a__RIBC2_	1
observable_576	nuc_gene_a__C22orf42_	1
observable_577	nuc_gene_a__PDXP_	1
observable_578	nuc_gene_a__RFPL1_	1
observable_579	nuc_gene_a__PROZ_	1
observable_580	nuc_gene_a__SELENOM_	1
observable_581	nuc_gene_a__TLR7_	1
observable_582	nuc_gene_a__RTL10_	1
observable_583	nuc_gene_a__SSX7_	1
observable_584	nuc_gene_a__COL4A2_	1
observable_585	nuc_gene_a__SPANXN5_	1
observable_586	nuc_gene_a__PABPC1L2B_	1
observable_587	nuc_gene_a__RBMXL3_	1
observable_588	nuc_gene_a__RAB20_	1
observable_589	nuc_gene_a__ZNF275_	1
observable_590	nuc_gene_a__SYN3_	1
observable_591	nuc_gene_a__ZNF157_	1
observable_592	nuc_gene_a__PNMA6A_	1
observable_593	nuc_gene_a__DRICH1_	1
observable_594	nuc_gene_a__SSX3_	1
observable_595	nuc_gene_a__ATXN10_	1
observable_596	nuc_gene_a__DSC2_	1
observable_597	nuc_gene_a__WNT7B_	1
observable_598	nuc_gene_a__APOBEC3A_	1
observable_599	nuc_gene_a__MOV10L1_	1
observable_600	nuc_gene_a__PIGA_	1
observable_601	nuc_gene_a__CUL4A_	1
observable_602	nuc_gene_a__PIAS2_	1
observable_603	nuc_gene_a__TMEM191B_	1
observable_604	nuc_gene_a__SOX3_	1
observable_605	nuc_gene_a__CXorf65_	1
observable_606	nuc_gene_a__SERPINB5_	1
observable_607	nuc_gene_a__NEXMIF_	1
observable_608	nuc_gene_a__DUSP21_	1
observable_609	nuc_gene_a__PRPS1_	1
observable_610	nuc_gene_a__NOL4_	1
observable_611	nuc_gene_a__PAGE1_	1
observable_612	nuc_gene_a__GPR101_	1
observable_613	nuc_gene_a__FLT1_	1
observable_614	nuc_gene_a__SETBP1_	1
observable_615	nuc_gene_a__PRR5_	1
observable_616	nuc_gene_a__FBXO15_	1
observable_617	nuc_gene_a__CFAP53_	1
observable_618	nuc_gene_a__DNAJB7_	1
observable_619	nuc_gene_a__VPREB1_	1
observable_620	nuc_gene_a__DOK6_	1
observable_621	nuc_gene_a__TTLL12_	1
observable_622	nuc_gene_a__SERPINB7_	1
observable_623	nuc_gene_a__CACNA1F_	1
observable_624	nuc_gene_a__ZNF521_	1
observable_625	nuc_gene_a__UBQLN2_	1
observable_626	nuc_gene_a__INPP5J_	1
observable_627	nuc_gene_a__SEC11C_	1
observable_628	nuc_gene_a__HSBP1L1_	1
observable_629	nuc_gene_a__SGCZ_	1
observable_630	nuc_gene_a__ZFYVE19_	1
observable_631	nuc_gene_a__AQP4_	1
observable_632	nuc_gene_a__STC1_	1
observable_633	nuc_gene_a__C15orf62_	1
observable_634	nuc_gene_a__GABRG3_	1
observable_635	nuc_gene_a__ATRX_	1
observable_636	nuc_gene_a__CCT8L2_	1
observable_637	nuc_gene_a__PRTG_	1
observable_638	nuc_gene_a__UNC5D_	1
observable_639	nuc_gene_a__VSIG1_	1
observable_640	nuc_gene_a__TNMD_	1
observable_641	nuc_gene_a__XKR3_	1
observable_642	nuc_gene_a__PDE9A_	1
observable_643	nuc_gene_a__ATP7B_	1
observable_644	nuc_gene_a__GAB4_	1
observable_645	nuc_gene_a__MYO5B_	1
observable_646	nuc_gene_a__SHC4_	1
observable_647	nuc_gene_a__ARHGAP36_	1
observable_648	nuc_gene_a__ATP12A_	1
observable_649	nuc_gene_a__PAGE2_	1
observable_650	nuc_gene_a__MRPL57_	1
observable_651	nuc_gene_a__KIAA1328_	1
observable_652	nuc_gene_a__SLC25A37_	1
observable_653	nuc_gene_a__FRMD5_	1
observable_654	nuc_gene_a__PCYT1B_	1
observable_655	nuc_gene_a__MBOAT4_	1
observable_656	nuc_gene_a__RNF125_	1
observable_657	nuc_gene_a__NPTXR_	1
observable_658	nuc_gene_a__ARX_	1
observable_659	nuc_gene_a__LDHAL6B_	1
observable_660	nuc_gene_a__DOCK5_	1
observable_661	nuc_gene_a__PAGE5_	1
observable_662	nuc_gene_a__INTS6_	1
observable_663	nuc_gene_a__TAF7L_	1
observable_664	nuc_gene_a__SSX1_	1
observable_665	nuc_gene_a__LEPROTL1_	1
observable_666	nuc_gene_a__HERC1_	1
observable_667	nuc_gene_a__LPIN2_	1
observable_668	nuc_gene_a__GTF2F2_	1
observable_669	nuc_gene_a__ADRA1A_	1
observable_670	nuc_gene_a__NKX3_1_	1
observable_671	nuc_gene_a__NUDT15_	1
observable_672	nuc_gene_a__SKOR1_	1
observable_673	nuc_gene_a__KLHL14_	1
observable_674	nuc_gene_a__THAP10_	1
observable_675	nuc_gene_a__FOXB1_	1
observable_676	nuc_gene_a__TEX11_	1
observable_677	nuc_gene_a__GCHFR_	1
observable_678	nuc_gene_a__PAN3_	1
observable_679	nuc_gene_a__REC114_	1
observable_680	nuc_gene_a__BCORL1_	1
observable_681	nuc_gene_a__TEX30_	1
observable_682	nuc_gene_a__ESX1_	1
observable_683	nuc_gene_a__TBC1D21_	1
observable_684	nuc_gene_a__KIF13B_	1
observable_685	nuc_gene_a__FEM1B_	1
observable_686	nuc_gene_a__SASH3_	1
observable_687	nuc_gene_a__HCN4_	1
observable_688	nuc_gene_a__SRPX2_	1
observable_689	nuc_gene_a__CPLX3_	1
observable_690	nuc_gene_a__TPGS2_	1
observable_691	nuc_gene_a__CT45A3_	1
observable_692	nuc_gene_a__CT45A6_	1
observable_693	nuc_gene_a__GOLGA6A_	1
observable_694	nuc_gene_a__DCLK1_	1
observable_695	nuc_gene_a__CT45A8_	1
observable_696	nuc_gene_a__CXorf66_	1
observable_697	nuc_gene_a__SOWAHD_	1
observable_698	nuc_gene_a__R3HCC1_	1
observable_699	nuc_gene_a__RNF113A_	1
observable_700	nuc_gene_a__CCBE1_	1
observable_701	nuc_gene_a__FBXL3_	1
observable_702	nuc_gene_a__FTHL17_	1
observable_703	nuc_gene_a__GSPT2_	1
observable_704	nuc_gene_a__POFUT2_	1
observable_705	nuc_gene_a__NEFM_	1
observable_706	nuc_gene_a__HYKK_	1
observable_707	nuc_gene_a__SSX5_	1
observable_708	nuc_gene_a__MAGEB18_	1
observable_709	nuc_gene_a__MAGEB6_	1
observable_710	nuc_gene_a__MAGEB5_	1
observable_711	nuc_gene_a__CSTB_	1
observable_712	nuc_gene_a__NETO1_	1
observable_713	nuc_gene_a__LARP6_	1
observable_714	nuc_gene_a__MAGEA9_	1
observable_715	nuc_gene_a__ZFHX4_	1
observable_716	nuc_gene_a__CT47A10_	1
observable_717	nuc_gene_a__CNMD_	1
observable_718	nuc_gene_a__SMIM10L2B_	1
observable_719	nuc_gene_a__ETDB_	1
observable_720	nuc_gene_a__CT55_	1
observable_721	nuc_gene_a__SMIM10L2A_	1
observable_722	nuc_gene_a__RORA_	1
observable_723	nuc_gene_a__GUCY2F_	1
observable_724	nuc_gene_a__KCNE5_	1
observable_725	nuc_gene_a__F8A2_	1
observable_726	nuc_gene_a__MMP16_	1
observable_727	nuc_gene_a__ARSH_	1
observable_728	nuc_gene_a__PGAM4_	1
observable_729	nuc_gene_a__PSKH2_	1
observable_730	nuc_gene_a__RNMT_	1
observable_731	nuc_gene_a__EID1_	1
observable_732	nuc_gene_a__DCAF4L2_	1
observable_733	nuc_gene_a__SLC7A13_	1
observable_734	nuc_gene_a__DGKH_	1
observable_735	nuc_gene_a__CA13_	1
observable_736	nuc_gene_a__FSBP_	1
observable_737	nuc_gene_a__RALYL_	1
observable_738	nuc_gene_a__SLC25A14_	1
observable_739	nuc_gene_a__KCNV1_	1
observable_740	nuc_gene_a__BRWD1_	1
observable_741	nuc_gene_a__GPR119_	1
observable_742	nuc_gene_a__CHRNB3_	1
observable_743	nuc_gene_a__TSPYL5_	1
observable_744	nuc_gene_a__KCNS2_	1
observable_745	nuc_gene_a__SNAI2_	1
observable_746	nuc_gene_a__CEP152_	1
observable_747	nuc_gene_a__RTTN_	1
observable_748	nuc_gene_a__PHEX_	1
observable_749	nuc_gene_a__SIX6_	1
observable_750	nuc_gene_a__MAGEB2_	1
observable_751	nuc_gene_a__MAGEB4_	1
observable_752	nuc_gene_a__SIX4_	1
observable_753	nuc_gene_a__FBXO43_	1
observable_754	nuc_gene_a__GABRE_	1
observable_755	nuc_gene_a__CCDC175_	1
observable_756	nuc_gene_a__FRMPD3_	1
observable_757	nuc_gene_a__NCALD_	1
observable_758	nuc_gene_a__PDXK_	1
observable_759	nuc_gene_a__TMEM35A_	1
observable_760	nuc_gene_a__SAT1_	1
observable_761	nuc_gene_a__OR13H1_	1
observable_762	nuc_gene_a__SPACA5B_	1
observable_763	nuc_gene_a__STRC_	1
observable_764	nuc_gene_a__TYMS_	1
observable_765	nuc_gene_a__ODF1_	1
observable_766	nuc_gene_a__STARD8_	1
observable_767	nuc_gene_a__MAGEB3_	1
observable_768	nuc_gene_a__PCNX1_	1
observable_769	nuc_gene_a__MCF2L_	1
observable_770	nuc_gene_a__CYB5A_	1
observable_771	nuc_gene_a__OPN1MW2_	1
observable_772	nuc_gene_a__BHLHE22_	1
observable_773	nuc_gene_a__GPHB5_	1
observable_774	nuc_gene_a__ACTRT1_	1
observable_775	nuc_gene_a__KCNB2_	1
observable_776	nuc_gene_a__CCDC177_	1
observable_777	nuc_gene_a__B3GALT5_	1
observable_778	nuc_gene_a__CTAG2_	1
observable_779	nuc_gene_a__KCNH5_	1
observable_780	nuc_gene_a__AMOT_	1
observable_781	nuc_gene_a__SPTSSA_	1
observable_782	nuc_gene_a__PAGE3_	1
observable_783	nuc_gene_a__TTC39C_	1
observable_784	nuc_gene_a__ELL3_	1
observable_785	nuc_gene_a__SKA3_	1
observable_786	nuc_gene_a__PKHD1L1_	1
observable_787	nuc_gene_a__LY6D_	1
observable_788	nuc_gene_a__METTL4_	1
observable_789	nuc_gene_a__CLEC14A_	1
observable_790	nuc_gene_a__GOLGA8O_	1
observable_791	nuc_gene_a__NKX2_4_	1
observable_792	nuc_gene_a__NKX2_2_	1
observable_793	nuc_gene_a__XG_	1
observable_794	nuc_gene_a__SNX33_	1
observable_795	nuc_gene_a__PCDH11X_	1
observable_796	nuc_gene_a__SNAI1_	1
observable_797	nuc_gene_a__PNMA3_	1
observable_798	nuc_gene_a__RCL1_	1
observable_799	nuc_gene_a__CATSPER2_	1
observable_800	nuc_gene_a__TG_	1
observable_801	nuc_gene_a__F9_	1
observable_802	nuc_gene_a__DMRTA1_	1
observable_803	nuc_gene_a__PGBD4_	1
observable_804	nuc_gene_a__LURAP1L_	1
observable_805	nuc_gene_a__FMR1NB_	1
observable_806	nuc_gene_a__PDS5B_	1
observable_807	nuc_gene_a__MAGEA10_	1
observable_808	nuc_gene_a__GML_	1
observable_809	nuc_gene_a__CD93_	1
observable_810	nuc_gene_a__LYPD2_	1
observable_811	nuc_gene_a__XAGE3_	1
observable_812	nuc_gene_a__SLURP1_	1
observable_813	nuc_gene_a__FRMD7_	1
observable_814	nuc_gene_a__HAUS1_	1
observable_815	nuc_gene_a__MXRA5_	1
observable_816	nuc_gene_a__PROSER1_	1
observable_817	nuc_gene_a__GAGE1_	1
observable_818	nuc_gene_a__GAGE10_	1
observable_819	nuc_gene_a__USP25_	1
observable_820	nuc_gene_a__GAGE12J_	1
observable_821	nuc_gene_a__NDUFV3_	1
observable_822	nuc_gene_a__GABRQ_	1
observable_823	nuc_gene_a__PNMA5_	1
observable_824	nuc_gene_a__KCNE1_	1
observable_825	nuc_gene_a__NHS_	1
observable_826	nuc_gene_a__FAM120C_	1
observable_827	nuc_gene_a__RGS6_	1
observable_828	nuc_gene_a__TMEM185A_	1
observable_829	nuc_gene_a__RBBP8_	1
observable_830	nuc_gene_a__CSMD3_	1
observable_831	nuc_gene_a__CDK8_	1
observable_832	nuc_gene_a__VPS26C_	1
observable_833	nuc_gene_a__DACH2_	1
observable_834	nuc_gene_a__PAX5_	1
observable_835	nuc_gene_a__ATXN3L_	1
observable_836	nuc_gene_a__VCX3B_	1
observable_837	nuc_gene_a__SNTB1_	1
observable_838	nuc_gene_a__CCDC85C_	1
observable_839	nuc_gene_a__KIR3DS1_	1
observable_840	nuc_gene_a__HAS2_	1
observable_841	nuc_gene_a__BRCC3_	1
observable_842	nuc_gene_a__IMPA2_	1
observable_843	nuc_gene_a__FAM47A_	1
observable_844	nuc_gene_a__CNGA2_	1
observable_845	nuc_gene_a__CLBA1_	1
observable_846	nuc_gene_a__NPBWR1_	1
observable_847	nuc_gene_a__CHIC1_	1
observable_848	nuc_gene_a__B4GALT6_	1
observable_849	nuc_gene_a__AHNAK2_	1
observable_850	nuc_gene_a__SLC28A3_	1
observable_851	nuc_gene_a__SSX2_	1
observable_852	nuc_gene_a__RPL10L_	1
observable_853	nuc_gene_a__VCX_	1
observable_854	nuc_gene_a__SERTM2_	1
observable_855	nuc_gene_a__DOP1B_	1
observable_856	nuc_gene_a__TYRP1_	1
observable_857	nuc_gene_a__GNA14_	1
observable_858	nuc_gene_a__PI15_	1
observable_859	nuc_gene_a__FOXD4L3_	1
observable_860	nuc_gene_a__TSPEAR_	1
observable_861	nuc_gene_a__PSMB11_	1
observable_862	nuc_gene_a__SLC39A4_	1
observable_863	nuc_gene_a__GRIN3A_	1
observable_864	nuc_gene_a__CYLC2_	1
observable_865	nuc_gene_a__THTPA_	1
observable_866	nuc_gene_a__MOS_	1
observable_867	nuc_gene_a__BARX1_	1
observable_868	nuc_gene_a__TRAPPC8_	1
observable_869	nuc_gene_a__TCL1A_	1
observable_870	nuc_gene_a__ATP7A_	1
observable_871	nuc_gene_a__ZSCAN30_	1
observable_872	nuc_gene_a__CXADR_	1
observable_873	nuc_gene_a__RS1_	1
observable_874	nuc_gene_a__GLOD5_	1
observable_875	nuc_gene_a__OR6S1_	1
observable_876	nuc_gene_a__MRPS31_	1
observable_877	nuc_gene_a__EDDM3A_	1
observable_878	nuc_gene_a__EDDM3B_	1
observable_879	nuc_gene_a__RNASE2_	1
observable_880	nuc_gene_a__ARMCX4_	1
observable_881	nuc_gene_a__SLC39A2_	1
observable_882	nuc_gene_a__TGIF1_	1
observable_883	nuc_gene_a__TPPP2_	1
observable_884	nuc_gene_a__SMIM9_	1
observable_885	nuc_gene_a__RNASE13_	1
observable_886	nuc_gene_a__RNASE7_	1
observable_887	nuc_gene_a__RNASE8_	1
observable_888	nuc_gene_a__SPACA5_	1
observable_889	nuc_gene_a__CT45A7_	1
observable_890	nuc_gene_a__ICE1_	1
observable_891	nuc_gene_a__LAGE3_	1
observable_892	nuc_gene_a__USP26_	1
observable_893	nuc_gene_a__ADARB2_	1
observable_894	nuc_gene_a__TIMM21_	1
observable_895	nuc_gene_a__HS6ST2_	1
observable_896	nuc_gene_a__STARD13_	1
observable_897	nuc_gene_a__DGAT2L6_	1
observable_898	nuc_gene_a__AWAT1_	1
observable_899	nuc_gene_a__ACBD7_	1
observable_900	nuc_gene_a__P2RY4_	1
observable_901	nuc_gene_a__ARR3_	1
observable_902	nuc_gene_a__SLC12A6_	1
observable_903	nuc_gene_a__RAB41_	1
observable_904	nuc_gene_a__NDRG1_	1
observable_905	nuc_gene_a__TRPC5_	1
observable_906	nuc_gene_a__TEX13C_	1
observable_907	nuc_gene_a__NDC80_	1
observable_908	nuc_gene_a__CUBN_	1
observable_909	nuc_gene_a__RTL9_	1
observable_910	nuc_gene_a__POTEG_	1
observable_911	nuc_gene_a__FAM47C_	1
observable_912	nuc_gene_a__ADNP2_	1
observable_913	nuc_gene_a__OR4N2_	1
observable_914	nuc_gene_a__IL2RG_	1
observable_915	nuc_gene_a__AMMECR1_	1
observable_916	nuc_gene_a__VSX1_	1
observable_917	nuc_gene_a__BLOC1S6_	1
observable_918	nuc_gene_a__VPS13A_	1
observable_919	nuc_gene_a__MAGEA1_	1
observable_920	nuc_gene_a__VPS4B_	1
observable_921	nuc_gene_a__ARMC3_	1
observable_922	nuc_gene_a__MYO10_	1
observable_923	nuc_gene_a__SH2D1A_	1
observable_924	nuc_gene_a__LTB4R2_	1
observable_925	nuc_gene_a__TLR8_	1
observable_926	nuc_gene_a__USP50_	1
observable_927	nuc_gene_a__FAM9C_	1
observable_928	nuc_gene_a__MALRD1_	1
observable_929	nuc_gene_a__FBXL7_	1
observable_930	nuc_gene_a__FER1L6_	1
observable_931	nuc_gene_a__ST8SIA6_	1
observable_932	nuc_gene_a__CT45A1_	1
observable_933	nuc_gene_a__GDF2_	1
observable_934	nuc_gene_a__CCDC166_	1
observable_935	nuc_gene_a__CT45A5_	1
observable_936	nuc_gene_a__LMX1B_	1
observable_937	nuc_gene_a__EPPK1_	1
observable_938	nuc_gene_a__SPATA31A6_	1
observable_939	nuc_gene_a__PTF1A_	1
observable_940	nuc_gene_a__SPATC1_	1
observable_941	nuc_gene_a__GAS1_	1
observable_942	nuc_gene_a__ENKUR_	1
observable_943	nuc_gene_a__CDH9_	1
observable_944	nuc_gene_a__WDR97_	1
observable_945	nuc_gene_a__WWC3_	1
observable_946	nuc_gene_a__PHYHIPL_	1
observable_947	nuc_gene_a__HGH1_	1
observable_948	nuc_gene_a__TRPM7_	1
observable_949	nuc_gene_a__RBP3_	1
observable_950	nuc_gene_a__TCP11X2_	1
observable_951	nuc_gene_a__GRTP1_	1
observable_952	nuc_gene_a__ADAMTS12_	1
observable_953	nuc_gene_a__VCPIP1_	1
observable_954	nuc_gene_a__JCAD_	1
observable_955	nuc_gene_a__DKK1_	1
observable_956	nuc_gene_a__TRHR_	1
observable_957	nuc_gene_a__GATA1_	1
observable_958	nuc_gene_a__CFAP161_	1
observable_959	nuc_gene_a__POLR1D_	1
observable_960	nuc_gene_a__TRPC5OS_	1
observable_961	nuc_gene_a__CHRM5_	1
observable_962	nuc_gene_a__NUTM2A_	1
observable_963	nuc_gene_a__RAB3C_	1
observable_964	nuc_gene_a__IER3IP1_	1
observable_965	nuc_gene_a__COL27A1_	1
observable_966	nuc_gene_a__POMP_	1
observable_967	nuc_gene_a__MINPP1_	1
observable_968	nuc_gene_a__ENY2_	1
observable_969	nuc_gene_a__GRID1_	1
observable_970	nuc_gene_a__ISCA1_	1
observable_971	nuc_gene_a__KCNK9_	1
observable_972	nuc_gene_a__TGM7_	1
observable_973	nuc_gene_a__CYP26C1_	1
observable_974	nuc_gene_a__LCMT2_	1
observable_975	nuc_gene_a__HTRA4_	1
observable_976	nuc_gene_a__ITGA1_	1
observable_977	nuc_gene_a__DKK4_	1
observable_978	nuc_gene_a__RXRA_	1
observable_979	nuc_gene_a__PEX11A_	1
observable_980	nuc_gene_a__TUBB6_	1
observable_981	nuc_gene_a__FGF17_	1
observable_982	nuc_gene_a__CAMSAP1_	1
observable_983	nuc_gene_a__EXOC6_	1
observable_984	nuc_gene_a__PTGES_	1
observable_985	nuc_gene_a__IPO5_	1
observable_986	nuc_gene_a__BICC1_	1
observable_987	nuc_gene_a__ARHGAP28_	1
observable_988	nuc_gene_a__PAPPA_	1
observable_989	nuc_gene_a__SPTBN5_	1
observable_990	nuc_gene_a__VCAN_	1
observable_991	nuc_gene_a__MCF2_	1
observable_992	nuc_gene_a__DNTT_	1
observable_993	nuc_gene_a__SPANXN4_	1
observable_994	nuc_gene_a__MESP2_	1
observable_995	nuc_gene_a__MAGEB16_	1
observable_996	nuc_gene_a__CSTF2T_	1
observable_997	nuc_gene_a__CFAP157_	1
observable_998	nuc_gene_a__INO80C_	1
observable_999	nuc_gene_a__PNLIPRP3_	1
observable_1000	nuc_gene_a__ZSWIM6_	1
observable_1001	nuc_gene_a__LYZL1_	1
observable_1002	nuc_gene_a__TEX28_	1
observable_1003	nuc_gene_a__SPANXN2_	1
observable_1004	nuc_gene_a__BCL2A1_	1
observable_1005	nuc_gene_a__AGAP9_	1
observable_1006	nuc_gene_a__CDK9_	1
observable_1007	nuc_gene_a__NR0B1_	1
observable_1008	nuc_gene_a__EPG5_	1
observable_1009	nuc_gene_a__CCIN_	1
observable_1010	nuc_gene_a__CYP26A1_	1
observable_1011	nuc_gene_a__SMIM10_	1
observable_1012	nuc_gene_a__RASL12_	1
observable_1013	nuc_gene_a__NAIF1_	1
observable_1014	nuc_gene_a__CFAP58_	1
observable_1015	nuc_gene_a__PDCD7_	1
observable_1016	nuc_gene_a__NDN_	1
observable_1017	nuc_gene_a__TMEM26_	1
observable_1018	nuc_gene_a__HMX3_	1
observable_1019	nuc_gene_a__KBTBD13_	1
observable_1020	nuc_gene_a__BTBD16_	1
observable_1021	nuc_gene_a__FRG2B_	1
observable_1022	nuc_gene_a__CCDC107_	1
observable_1023	nuc_gene_a__NKX1_2_	1
observable_1024	nuc_gene_a__MSMP_	1
observable_1025	nuc_gene_a__TPT1_	1
observable_1026	nuc_gene_a__FAM221B_	1
observable_1027	nuc_gene_a__NIPBL_	1
observable_1028	nuc_gene_a__HRCT1_	1
observable_1029	nuc_gene_a__OR2S2_	1
observable_1030	nuc_gene_a__MRO_	1
observable_1031	nuc_gene_a__CD180_	1
observable_1032	nuc_gene_a__MLLT3_	1
observable_1033	nuc_gene_a__BMP1_	1
observable_1034	nuc_gene_a__WDR11_	1
observable_1035	nuc_gene_a__RGS7BP_	1
observable_1036	nuc_gene_a__ZNF595_	1
observable_1037	nuc_gene_a__CCNO_	1
observable_1038	nuc_gene_a__MRPL41_	1
observable_1039	nuc_gene_a__MSX1_	1
observable_1040	nuc_gene_a__RPGR_	1
observable_1041	nuc_gene_a__ZC4H2_	1
observable_1042	nuc_gene_a__DMRT1_	1
observable_1043	nuc_gene_a__FOXI2_	1
observable_1044	nuc_gene_a__RAB2B_	1
observable_1045	nuc_gene_a__GPR26_	1
observable_1046	nuc_gene_a__FAM120AOS_	1
observable_1047	nuc_gene_a__GPR78_	1
observable_1048	nuc_gene_a__ARMS2_	1
observable_1049	nuc_gene_a__HDGFL1_	1
observable_1050	nuc_gene_a__FOXQ1_	1
observable_1051	nuc_gene_a__CNGB3_	1
observable_1052	nuc_gene_a__GFOD1_	1
observable_1053	nuc_gene_a__MRPL50_	1
observable_1054	nuc_gene_a__PPP3R2_	1
observable_1055	nuc_gene_a__ZNF718_	1
observable_1056	nuc_gene_a__NRG3_	1
observable_1057	nuc_gene_a__EQTN_	1
observable_1058	nuc_gene_a__RBM24_	1
observable_1059	nuc_gene_a__FOXF2_	1
observable_1060	nuc_gene_a__SOX4_	1
observable_1061	nuc_gene_a__GABRB1_	1
observable_1062	nuc_gene_a__SLC24A4_	1
observable_1063	nuc_gene_a__GPR158_	1
observable_1064	nuc_gene_a__EMX2_	1
observable_1065	nuc_gene_a__TMC1_	1
observable_1066	nuc_gene_a__TMTC4_	1
observable_1067	nuc_gene_a__TOMM20L_	1
observable_1068	nuc_gene_a__COX7B2_	1
observable_1069	nuc_gene_a__TMEM252_	1
observable_1070	nuc_gene_a__PCSK6_	1
observable_1071	nuc_gene_a__UGT2B11_	1
observable_1072	nuc_gene_a__ADGRV1_	1
observable_1073	nuc_gene_a__NAA11_	1
observable_1074	nuc_gene_a__THAP9_	1
observable_1075	nuc_gene_a__GK2_	1
observable_1076	nuc_gene_a__PLPP4_	1
observable_1077	nuc_gene_a__SKIDA1_	1
observable_1078	nuc_gene_a__NPS_	1
observable_1079	nuc_gene_a__NAA16_	1
observable_1080	nuc_gene_a__PRMT2_	1
observable_1081	nuc_gene_a__PPP2R2C_	1
observable_1082	nuc_gene_a__PRKG1_	1
observable_1083	nuc_gene_a__CHAMP1_	1
observable_1084	nuc_gene_a__GARNL3_	1
observable_1085	nuc_gene_a__OXR1_	1
observable_1086	nuc_gene_a__TACR3_	1
observable_1087	nuc_gene_a__RASGRF1_	1
observable_1088	nuc_gene_a__TMEM210_	1
observable_1089	nuc_gene_a__TMEM203_	1
observable_1090	nuc_gene_a__OR4F21_	1
observable_1091	nuc_gene_a__NKX2_6_	1
observable_1092	nuc_gene_a__TDRP_	1
observable_1093	nuc_gene_a__MKRN3_	1
observable_1094	nuc_gene_a__SLC34A3_	1
observable_1095	nuc_gene_a__RFC3_	1
observable_1096	nuc_gene_a__LRP12_	1
observable_1097	nuc_gene_a__ONECUT3_	1
observable_1098	nuc_gene_a__PYGO1_	1
observable_1099	nuc_gene_a__MAFA_	1
observable_1100	nuc_gene_a__S1PR4_	1
observable_1101	nuc_gene_a__NELFB_	1
observable_1102	nuc_gene_a__ZNRF4_	1
observable_1103	nuc_gene_a__NRARP_	1
observable_1104	nuc_gene_a__MYCBP2_	1
observable_1105	nuc_gene_a__ADAMTS1_	1
observable_1106	nuc_gene_a__MEGF10_	1
observable_1107	nuc_gene_a__MROH6_	1
observable_1108	nuc_gene_a__ACTL7B_	1
observable_1109	nuc_gene_a__ACTL7A_	1
observable_1110	nuc_gene_a__GNA15_	1
observable_1111	nuc_gene_a__QRFP_	1
observable_1112	nuc_gene_a__TIGD5_	1
observable_1113	nuc_gene_a__PRDM12_	1
observable_1114	nuc_gene_a__IER5L_	1
observable_1115	nuc_gene_a__CSF2_	1
observable_1116	nuc_gene_a__ATP5MGL_	1
observable_1117	nuc_gene_a__SPATA31A1_	1
observable_1118	nuc_gene_a__GNA11_	1
observable_1119	nuc_gene_a__GNB5_	1
observable_1120	nuc_gene_a__SLIT1_	1
observable_1121	nuc_gene_a__CALML5_	1
observable_1122	nuc_gene_a__CALML3_	1
observable_1123	nuc_gene_a__OR7C2_	1
observable_1124	nuc_gene_a__LINGO1_	1
observable_1125	nuc_gene_a__SLC31A2_	1
observable_1126	nuc_gene_a__OR1K1_	1
observable_1127	nuc_gene_a__BANK1_	1
observable_1128	nuc_gene_a__PDE6C_	1
observable_1129	nuc_gene_a__SOX10_	1
observable_1130	nuc_gene_a__LCN15_	1
observable_1131	nuc_gene_a__CYP4F8_	1
observable_1132	nuc_gene_a__ZNF627_	1
observable_1133	nuc_gene_a__CRYBB2_	1
observable_1134	nuc_gene_a__CCDC183_	1
observable_1135	nuc_gene_a__EGFLAM_	1
observable_1136	nuc_gene_a__ARHGEF38_	1
observable_1137	nuc_gene_a__EXOSC8_	1
observable_1138	nuc_gene_a__CASP14_	1
observable_1139	nuc_gene_a__C22orf39_	1
observable_1140	nuc_gene_a__CXCL6_	1
observable_1141	nuc_gene_a__SLITRK5_	1
observable_1142	nuc_gene_a__TRAM1L1_	1
observable_1143	nuc_gene_a__TAL2_	1
observable_1144	nuc_gene_a__PRKACG_	1
observable_1145	nuc_gene_a__LGI1_	1
observable_1146	nuc_gene_a__STPG2_	1
observable_1147	nuc_gene_a__TMEM67_	1
observable_1148	nuc_gene_a__KIF13A_	1
observable_1149	nuc_gene_a__EPB41L4A_	1
observable_1150	nuc_gene_a__FRMPD1_	1
observable_1151	nuc_gene_a__UFM1_	1
observable_1152	nuc_gene_a__SYNPO2_	1
observable_1153	nuc_gene_a__HSPA14_	1
observable_1154	nuc_gene_a__RPEL1_	1
observable_1155	nuc_gene_a__ARRDC3_	1
observable_1156	nuc_gene_a__TUBB8_	1
observable_1157	nuc_gene_a__ZNF257_	1
observable_1158	nuc_gene_a__MUC7_	1
observable_1159	nuc_gene_a__ZNF729_	1
observable_1160	nuc_gene_a__PIP5KL1_	1
observable_1161	nuc_gene_a__KLHL26_	1
observable_1162	nuc_gene_a__NDST4_	1
observable_1163	nuc_gene_a__RAB36_	1
observable_1164	nuc_gene_a__IL9_	1
observable_1165	nuc_gene_a__KCNU1_	1
observable_1166	nuc_gene_a__PRR16_	1
observable_1167	nuc_gene_a__DMD_	1
observable_1168	nuc_gene_a__PDHA2_	1
observable_1169	nuc_gene_a__NUTM2G_	1
observable_1170	nuc_gene_a__CERS3_	1
observable_1171	nuc_gene_a__IL2RB_	1
observable_1172	nuc_gene_a__LECT2_	1
observable_1173	nuc_gene_a__HMGN1_	1
observable_1174	nuc_gene_a__TEX48_	1
observable_1175	nuc_gene_a__TNFSF15_	1
observable_1176	nuc_gene_a__CER1_	1
observable_1177	nuc_gene_a__LIPF_	1
observable_1178	nuc_gene_a__CAGE1_	1
observable_1179	nuc_gene_a__SLC7A11_	1
observable_1180	nuc_gene_a__LIPM_	1
observable_1181	nuc_gene_a__FOXC1_	1
observable_1182	nuc_gene_a__NHLRC1_	1
observable_1183	nuc_gene_a__LIPN_	1
observable_1184	nuc_gene_a__ZNF98_	1
observable_1185	nuc_gene_a__PGK2_	1
observable_1186	nuc_gene_a__OR13F1_	1
observable_1187	nuc_gene_a__MAP1B_	1
observable_1188	nuc_gene_a__OR13C4_	1
observable_1189	nuc_gene_a__OR13C8_	1
observable_1190	nuc_gene_a__OR13C5_	1
observable_1191	nuc_gene_a__ZNF730_	1
observable_1192	nuc_gene_a__OR13C2_	1
observable_1193	nuc_gene_a__OR13C9_	1
observable_1194	nuc_gene_a__DAAM1_	1
observable_1195	nuc_gene_a__SLC10A6_	1
observable_1196	nuc_gene_a__ZNF728_	1
observable_1197	nuc_gene_a__GSC_	1
observable_1198	nuc_gene_a__OR10G2_	1
observable_1199	nuc_gene_a__PDCD2L_	1
observable_1200	nuc_gene_a__HSPA12A_	1
observable_1201	nuc_gene_a__ANKRD55_	1
observable_1202	nuc_gene_a__ARHGAP24_	1
observable_1203	nuc_gene_a__SYNPO2L_	1
observable_1204	nuc_gene_a__IRGC_	1
observable_1205	nuc_gene_a__PGGT1B_	1
observable_1206	nuc_gene_a__CHCHD1_	1
observable_1207	nuc_gene_a__PCDH10_	1
observable_1208	nuc_gene_a__MEIKIN_	1
observable_1209	nuc_gene_a__LRRTM2_	1
observable_1210	nuc_gene_a__PARP4_	1
observable_1211	nuc_gene_a__UPB1_	1
observable_1212	nuc_gene_a__MINAR2_	1
observable_1213	nuc_gene_a__ERCC6L_	1
observable_1214	nuc_gene_a__PKHD1_	1
observable_1215	nuc_gene_a__STK32A_	1
observable_1216	nuc_gene_a__LGSN_	1
observable_1217	nuc_gene_a__TSHR_	1
observable_1218	nuc_gene_a__RNF150_	1
observable_1219	nuc_gene_a__VPS13B_	1
observable_1220	nuc_gene_a__SDHAF4_	1
observable_1221	nuc_gene_a__POU3F2_	1
observable_1222	nuc_gene_a__RTL1_	1
observable_1223	nuc_gene_a__BATF_	1
observable_1224	nuc_gene_a__GLYATL3_	1
observable_1225	nuc_gene_a__SEC14L3_	1
observable_1226	nuc_gene_a__LSM11_	1
observable_1227	nuc_gene_a__EFCAB9_	1
observable_1228	nuc_gene_a__RBM46_	1
observable_1229	nuc_gene_a__ABCA1_	1
observable_1230	nuc_gene_a__CD109_	1
observable_1231	nuc_gene_a__RDH12_	1
observable_1232	nuc_gene_a__GPR21_	1
observable_1233	nuc_gene_a__UBA2_	1
observable_1234	nuc_gene_a__FRRS1L_	1
observable_1235	nuc_gene_a__EXT1_	1
observable_1236	nuc_gene_a__NKX2_8_	1
observable_1237	nuc_gene_a__BSPH1_	1
observable_1238	nuc_gene_a__SLC7A1_	1
observable_1239	nuc_gene_a__PAX9_	1
observable_1240	nuc_gene_a__CABP5_	1
observable_1241	nuc_gene_a__USP17L7_	1
observable_1242	nuc_gene_a__CD24_	1
observable_1243	nuc_gene_a__MSMB_	1
observable_1244	nuc_gene_a__GLRA3_	1
observable_1245	nuc_gene_a__SAXO1_	1
observable_1246	nuc_gene_a__GRAP2_	1
observable_1247	nuc_gene_a__RRAGA_	1
observable_1248	nuc_gene_a__TSPYL4_	1
observable_1249	nuc_gene_a__SLCO6A1_	1
observable_1250	nuc_gene_a__KRTDAP_	1
observable_1251	nuc_gene_a__XKRX_	1
observable_1252	nuc_gene_a__CCL27_	1
observable_1253	nuc_gene_a__GFRAL_	1
observable_1254	nuc_gene_a__CCL19_	1
observable_1255	nuc_gene_a__ZNF586_	1
observable_1256	nuc_gene_a__HPS6_	1
observable_1257	nuc_gene_a__GLRA2_	1
observable_1258	nuc_gene_a__TFAP2B_	1
observable_1259	nuc_gene_a__RTL5_	1
observable_1260	nuc_gene_a__ING2_	1
observable_1261	nuc_gene_a__CEL_	1
observable_1262	nuc_gene_a__HORMAD2_	1
observable_1263	nuc_gene_a__SLC30A8_	1
observable_1264	nuc_gene_a__LDB1_	1
observable_1265	nuc_gene_a__TNFAIP8_	1
observable_1266	nuc_gene_a__KLK2_	1
observable_1267	nuc_gene_a__KCTD16_	1
observable_1268	nuc_gene_a__GPM6B_	1
observable_1269	nuc_gene_a__RWDD4_	1
observable_1270	nuc_gene_a__ELOVL3_	1
observable_1271	nuc_gene_a__DCSTAMP_	1
observable_1272	nuc_gene_a__ATP6V1D_	1
observable_1273	nuc_gene_a__COL19A1_	1
observable_1274	nuc_gene_a__PNPLA3_	1
observable_1275	nuc_gene_a__STK24_	1
observable_1276	nuc_gene_a__IL3_	1
observable_1277	nuc_gene_a__PSG7_	1
observable_1278	nuc_gene_a__ELOVL4_	1
observable_1279	nuc_gene_a__TST_	1
observable_1280	nuc_gene_a__TAF1L_	1
observable_1281	nuc_gene_a__FOXD4_	1
observable_1282	nuc_gene_a__CMA1_	1
observable_1283	nuc_gene_a__AKAP11_	1
observable_1284	nuc_gene_a__NPFFR1_	1
observable_1285	nuc_gene_a__IDO1_	1
observable_1286	nuc_gene_a__KCNV2_	1
observable_1287	nuc_gene_a__SLC6A16_	1
observable_1288	nuc_gene_a__DOLK_	1
observable_1289	nuc_gene_a__OC90_	1
observable_1290	nuc_gene_a__LRRC26_	1
observable_1291	nuc_gene_a__AARD_	1
observable_1292	nuc_gene_a__TLL1_	1
observable_1293	nuc_gene_a__HHLA1_	1
observable_1294	nuc_gene_a__CYTH4_	1
observable_1295	nuc_gene_a__EPC1_	1
observable_1296	nuc_gene_a__LRRC24_	1
observable_1297	nuc_gene_a__C14orf132_	1
observable_1298	nuc_gene_a__ARHGAP26_	1
observable_1299	nuc_gene_a__C8orf82_	1
observable_1300	nuc_gene_a__APOBEC3C_	1
observable_1301	nuc_gene_a__NUTM2D_	1
observable_1302	nuc_gene_a__FTMT_	1
observable_1303	nuc_gene_a__ADAM29_	1
observable_1304	nuc_gene_a__PRSS3_	1
observable_1305	nuc_gene_a__SPATA4_	1
observable_1306	nuc_gene_a__BRSK1_	1
observable_1307	nuc_gene_a__C5orf47_	1
observable_1308	nuc_gene_a__CLDN24_	1
observable_1309	nuc_gene_a__GNAS_	1
observable_1310	nuc_gene_a__NKX2_5_	1
observable_1311	nuc_gene_a__ZNF578_	1
observable_1312	nuc_gene_a__SPCS3_	1
observable_1313	nuc_gene_a__TRIML1_	1
observable_1314	nuc_gene_a__C5orf52_	1
observable_1315	nuc_gene_a__DKKL1_	1
observable_1316	nuc_gene_a__KIF4B_	1
observable_1317	nuc_gene_a__DNAJB5_	1
observable_1318	nuc_gene_a__CHSY3_	1
observable_1319	nuc_gene_a__RAC2_	1
observable_1320	nuc_gene_a__OR1J1_	1
observable_1321	nuc_gene_a__DCHS2_	1
observable_1322	nuc_gene_a__OR1J2_	1
observable_1323	nuc_gene_a__OR1J4_	1
observable_1324	nuc_gene_a__SOWAHA_	1
observable_1325	nuc_gene_a__OR1Q1_	1
observable_1326	nuc_gene_a__FAM184A_	1
observable_1327	nuc_gene_a__BPIFB6_	1
observable_1328	nuc_gene_a__ZCCHC13_	1
observable_1329	nuc_gene_a__RPGRIP1_	1
observable_1330	nuc_gene_a__EID2B_	1
observable_1331	nuc_gene_a__EID2_	1
observable_1332	nuc_gene_a__AP3B2_	1
observable_1333	nuc_gene_a__GFRA4_	1
observable_1334	nuc_gene_a__PNMA8B_	1
observable_1335	nuc_gene_a__DACT3_	1
observable_1336	nuc_gene_a__MMP11_	1
observable_1337	nuc_gene_a__LIN28B_	1
observable_1338	nuc_gene_a__GLIS3_	1
observable_1339	nuc_gene_a__FABP7_	1
observable_1340	nuc_gene_a__CRB3_	1
observable_1341	nuc_gene_a__ADAM20_	1
observable_1342	nuc_gene_a__TNFSF9_	1
observable_1343	nuc_gene_a__CST8_	1
observable_1344	nuc_gene_a__HPGD_	1
observable_1345	nuc_gene_a__IRF2BP1_	1
observable_1346	nuc_gene_a__NANOS2_	1
observable_1347	nuc_gene_a__FBP2_	1
observable_1348	nuc_gene_a__TINAG_	1
observable_1349	nuc_gene_a__PGLYRP1_	1
observable_1350	nuc_gene_a__CPEB4_	1
observable_1351	nuc_gene_a__IGFL3_	1
observable_1352	nuc_gene_a__CSMD1_	1
observable_1353	nuc_gene_a__TBX18_	1
observable_1354	nuc_gene_a__CST9L_	1
observable_1355	nuc_gene_a__CST9_	1
observable_1356	nuc_gene_a__FCF1_	1
observable_1357	nuc_gene_a__MXI1_	1
observable_1358	nuc_gene_a__SF3A1_	1
observable_1359	nuc_gene_a__TKTL2_	1
observable_1360	nuc_gene_a__CST4_	1
observable_1361	nuc_gene_a__COL10A1_	1
observable_1362	nuc_gene_a__NWD2_	1
observable_1363	nuc_gene_a__ATG14_	1
observable_1364	nuc_gene_a__NPY2R_	1
observable_1365	nuc_gene_a__IL4_	1
observable_1366	nuc_gene_a__RSPH6A_	1
observable_1367	nuc_gene_a__C8orf89_	1
observable_1368	nuc_gene_a__CHCHD10_	1
observable_1369	nuc_gene_a__TMEM174_	1
observable_1370	nuc_gene_a__FBXL12_	1
observable_1371	nuc_gene_a__SLC5A1_	1
observable_1372	nuc_gene_a__ZNF189_	1
observable_1373	nuc_gene_a__ZNF552_	1
observable_1374	nuc_gene_a__OR2K2_	1
observable_1375	nuc_gene_a__TUSC1_	1
observable_1376	nuc_gene_a__TERB2_	1
observable_1377	nuc_gene_a__C9orf153_	1
observable_1378	nuc_gene_a__KLF9_	1
observable_1379	nuc_gene_a__RASL11B_	1
observable_1380	nuc_gene_a__ZNF417_	1
observable_1381	nuc_gene_a__EYS_	1
observable_1382	nuc_gene_a__PFN3_	1
observable_1383	nuc_gene_a__ZNF256_	1
observable_1384	nuc_gene_a__EXD1_	1
observable_1385	nuc_gene_a__GNB1L_	1
observable_1386	nuc_gene_a__LRRC14B_	1
observable_1387	nuc_gene_a__BCL2L10_	1
observable_1388	nuc_gene_a__IFNB1_	1
observable_1389	nuc_gene_a__C19orf18_	1
observable_1390	nuc_gene_a__HECTD2_	1
observable_1391	nuc_gene_a__IFNW1_	1
observable_1392	nuc_gene_a__TAAR6_	1
observable_1393	nuc_gene_a__IFNA21_	1
observable_1394	nuc_gene_a__IFIT1B_	1
observable_1395	nuc_gene_a__GPR32_	1
observable_1396	nuc_gene_a__IFIT1_	1
observable_1397	nuc_gene_a__TRAPPC3L_	1
observable_1398	nuc_gene_a__TMEM236_	1
observable_1399	nuc_gene_a__HIPK4_	1
observable_1400	nuc_gene_a__ADAD1_	1
observable_1401	nuc_gene_a__TAAR2_	1
observable_1402	nuc_gene_a__ZMYM2_	1
observable_1403	nuc_gene_a__HMCN2_	1
observable_1404	nuc_gene_a__PERP_	1
observable_1405	nuc_gene_a__PSG6_	1
observable_1406	nuc_gene_a__ZFYVE26_	1
observable_1407	nuc_gene_a__RAET1L_	1
observable_1408	nuc_gene_a__IQSEC2_	1
observable_1409	nuc_gene_a__SYCN_	1
observable_1410	nuc_gene_a__OR1L3_	1
observable_1411	nuc_gene_a__TRIM60_	1
observable_1412	nuc_gene_a__SORCS3_	1
observable_1413	nuc_gene_a__OR13J1_	1
observable_1414	nuc_gene_a__CH25H_	1
observable_1415	nuc_gene_a__SPATA31E1_	1
observable_1416	nuc_gene_a__IFIT3_	1
observable_1417	nuc_gene_a__SLC9A3_	1
observable_1418	nuc_gene_a__C20orf204_	1
observable_1419	nuc_gene_a__BNC1_	1
observable_1420	nuc_gene_a__SOX18_	1
observable_1421	nuc_gene_a__ONECUT1_	1
observable_1422	nuc_gene_a__AMTN_	1
observable_1423	nuc_gene_a__CLEC17A_	1
observable_1424	nuc_gene_a__NUTM2F_	1
observable_1425	nuc_gene_a__ARID5B_	1
observable_1426	nuc_gene_a__INSM2_	1
observable_1427	nuc_gene_a__ENAM_	1
observable_1428	nuc_gene_a__WFDC9_	1
observable_1429	nuc_gene_a__UTP3_	1
observable_1430	nuc_gene_a__RAX2_	1
observable_1431	nuc_gene_a__TAF2_	1
observable_1432	nuc_gene_a__WFDC10A_	1
observable_1433	nuc_gene_a__MSS51_	1
observable_1434	nuc_gene_a__USP17L10_	1
observable_1435	nuc_gene_a__ZNF724_	1
observable_1436	nuc_gene_a__USP17L11_	1
observable_1437	nuc_gene_a__WFDC11_	1
observable_1438	nuc_gene_a__MZB1_	1
observable_1439	nuc_gene_a__USP17L12_	1
observable_1440	nuc_gene_a__USP17L13_	1
observable_1441	nuc_gene_a__USP17L17_	1
observable_1442	nuc_gene_a__TMC3_	1
observable_1443	nuc_gene_a__MED26_	1
observable_1444	nuc_gene_a__PROB1_	1
observable_1445	nuc_gene_a__SVEP1_	1
observable_1446	nuc_gene_a__USP17L20_	1
observable_1447	nuc_gene_a__HTR1A_	1
observable_1448	nuc_gene_a__USP17L25_	1
observable_1449	nuc_gene_a__USP17L19_	1
observable_1450	nuc_gene_a__GIMD1_	1
observable_1451	nuc_gene_a__TWNK_	1
observable_1452	nuc_gene_a__IZUMO1_	1
observable_1453	nuc_gene_a__NUDT6_	1
observable_1454	nuc_gene_a__IFIT2_	1
observable_1455	nuc_gene_a__FGF21_	1
observable_1456	nuc_gene_a__TMEM202_	1
observable_1457	nuc_gene_a__UTF1_	1
observable_1458	nuc_gene_a__TMEM70_	1
observable_1459	nuc_gene_a__ZNF774_	1
observable_1460	nuc_gene_a__DHDH_	1
observable_1461	nuc_gene_a__RPL21_	1
observable_1462	nuc_gene_a__MUSK_	1
observable_1463	nuc_gene_a__IL2_	1
observable_1464	nuc_gene_a__SH2D7_	1
observable_1465	nuc_gene_a__TRPC7_	1
observable_1466	nuc_gene_a__MOB1B_	1
observable_1467	nuc_gene_a__ODAPH_	1
observable_1468	nuc_gene_a__PURG_	1
observable_1469	nuc_gene_a__MLC1_	1
observable_1470	nuc_gene_a__HAND2_	1
observable_1471	nuc_gene_a__ALKAL1_	1
observable_1472	nuc_gene_a__CD72_	1
observable_1473	nuc_gene_a__SLC9A8_	1
observable_1474	nuc_gene_a__SERINC4_	1
observable_1475	nuc_gene_a__ZHX1_C8orf76_	1
observable_1476	nuc_gene_a__ANKRD63_	1
observable_1477	nuc_gene_a__C1QTNF6_	1
observable_1478	nuc_gene_a__MED28_	1
observable_1479	nuc_gene_a__ZSWIM1_	1
observable_1480	nuc_gene_a__FABP9_	1
observable_1481	nuc_gene_a__ALG5_	1
observable_1482	nuc_gene_a__GABRA6_	1
observable_1483	nuc_gene_a__APCDD1L_	1
observable_1484	nuc_gene_a__LCN9_	1
observable_1485	nuc_gene_a__SLC10A5_	1
observable_1486	nuc_gene_a__TMEM150B_	1
observable_1487	nuc_gene_a__OR1L8_	1
observable_1488	nuc_gene_a__CHMP4C_	1
observable_1489	nuc_gene_a__PFKL_	1
observable_1490	nuc_gene_a__LHX2_	1
observable_1491	nuc_gene_a__COX6B2_	1
observable_1492	nuc_gene_a__POLR3F_	1
observable_1493	nuc_gene_a__OPRM1_	1
observable_1494	nuc_gene_a__UNC13C_	1
observable_1495	nuc_gene_a__ESR2_	1
observable_1496	nuc_gene_a__GINS4_	1
observable_1497	nuc_gene_a__OR4M1_	1
observable_1498	nuc_gene_a__MID1_	1
observable_1499	nuc_gene_a__BORA_	1
observable_1500	nuc_gene_a__IL11_	1
observable_1501	nuc_gene_a__IMP3_	1
observable_1502	nuc_gene_a__OR10G3_	1
observable_1503	nuc_gene_a__EIF4EBP3_	1
observable_1504	nuc_gene_a__CHAT_	1
observable_1505	nuc_gene_a__SLC18A3_	1
observable_1506	nuc_gene_a__EIF5AL1_	1
observable_1507	nuc_gene_a__HMX2_	1
observable_1508	nuc_gene_a__SERTM1_	1
observable_1509	nuc_gene_a__NDUFA2_	1
observable_1510	nuc_gene_a__SNAPC5_	1
observable_1511	nuc_gene_a__SSC5D_	1
observable_1512	nuc_gene_a__DND1_	1
observable_1513	nuc_gene_a__ZNF784_	1
observable_1514	nuc_gene_a__POLR2B_	1
observable_1515	nuc_gene_a__GOLGA8H_	1
observable_1516	nuc_gene_a__NLRP9_	1
observable_1517	nuc_gene_a__MAPK11_	1
observable_1518	nuc_gene_a__RFPL4AL1_	1
observable_1519	nuc_gene_a__TKTL1_	1
observable_1520	nuc_gene_a__IMPG1_	1
observable_1521	nuc_gene_a__NEDD4L_	1
observable_1522	nuc_gene_a__NHSL2_	1
observable_1523	nuc_gene_a__SLC24A5_	1
observable_1524	nuc_gene_a__DNTTIP1_	1
observable_1525	nuc_gene_a__HTN1_	1
observable_1526	nuc_gene_a__SOWAHB_	1
observable_1527	nuc_gene_a__CLDN22_	1
observable_1528	nuc_gene_a__IL1RAPL1_	1
observable_1529	nuc_gene_a__PPDPF_	1
observable_1530	nuc_gene_a__APOL4_	1
observable_1531	nuc_gene_a__FBXO5_	1
observable_1532	nuc_gene_a__LPAR6_	1
observable_1533	nuc_gene_a__APC2_	1
observable_1534	nuc_gene_a__ZC2HC1B_	1
observable_1535	nuc_gene_a__SAMD5_	1
observable_1536	nuc_gene_a__NXF3_	1
observable_1537	nuc_gene_a__SERPIND1_	1
observable_1538	nuc_gene_a__ZNF560_	1
observable_1539	nuc_gene_a__ZBP1_	1
observable_1540	nuc_gene_a__POU4F2_	1
observable_1541	nuc_gene_a__USP17L15_	1
observable_1542	nuc_gene_a__SCAND1_	1
observable_1543	nuc_gene_a__IL1RAPL2_	1
observable_1544	nuc_gene_a__TEX13A_	1
observable_1545	nuc_gene_a__PDE7B_	1
observable_1546	nuc_gene_a__PIM2_	1
observable_1547	nuc_gene_a__GNRH2_	1
observable_1548	nuc_gene_a__IL21_	1
observable_1549	nuc_gene_a__DOCK8_	1
observable_1550	nuc_gene_a__BBS12_	1
observable_1551	nuc_gene_a__SULT4A1_	1
observable_1552	nuc_gene_a__NAT8L_	1
observable_1553	nuc_gene_a__NKX1_1_	1
observable_1554	nuc_gene_a__BPIFB2_	1
observable_1555	nuc_gene_a__PIGY_	1
observable_1556	nuc_gene_a__TULP4_	1
observable_1557	nuc_gene_a__MMP24OS_	1
observable_1558	nuc_gene_a__FAM107B_	1
observable_1559	nuc_gene_a__IMPACT_	1
observable_1560	nuc_gene_a__GLA_	1
observable_1561	nuc_gene_a__SPEF1_	1
observable_1562	nuc_gene_a__GOLGA7_	1
observable_1563	nuc_gene_a__COL5A3_	1
observable_1564	nuc_gene_a__MRPL39_	1
observable_1565	nuc_gene_a__AIG1_	1
observable_1566	nuc_gene_a__RDH8_	1
observable_1567	nuc_gene_a__TLX3_	1
observable_1568	nuc_gene_a__ACER2_	1
observable_1569	nuc_gene_a__OLIG3_	1
observable_1570	nuc_gene_a__FOXI1_	1
observable_1571	nuc_gene_a__TLDC2_	1
observable_1572	nuc_gene_a__PHLPP1_	1
observable_1573	nuc_gene_a__PURA_	1
observable_1574	nuc_gene_a__DACT2_	1
observable_1575	nuc_gene_a__IGIP_	1
observable_1576	nuc_gene_a__P2RY11_	1
observable_1577	nuc_gene_a__SFR1_	1
observable_1578	nuc_gene_a__MBLAC2_	1
observable_1579	nuc_gene_a__S1PR2_	1
observable_1580	nuc_gene_a__SLC35F1_	1
observable_1581	nuc_gene_a__VWA8_	1
observable_1582	nuc_gene_a__MLANA_	1
observable_1583	nuc_gene_a__ZNF773_	1
observable_1584	nuc_gene_a__HTR2A_	1
observable_1585	nuc_gene_a__FGF8_	1
observable_1586	nuc_gene_a__ZIK1_	1
observable_1587	nuc_gene_a__EDN3_	1
observable_1588	nuc_gene_a__CCDC120_	1
observable_1589	nuc_gene_a__CPEB2_	1
observable_1590	nuc_gene_a__NR4A3_	1
observable_1591	nuc_gene_a__SLC12A1_	1
observable_1592	nuc_gene_a__FAM25A_	1
observable_1593	nuc_gene_a__XAGE5_	1
observable_1594	nuc_gene_a__TECTB_	1
observable_1595	nuc_gene_a__CEP120_	1
observable_1596	nuc_gene_a__SAGE1_	1
observable_1597	nuc_gene_a__ADA2_	1
observable_1598	nuc_gene_a__URB1_	1
observable_1599	nuc_gene_a__ERICH4_	1
observable_1600	nuc_gene_a__PCDH18_	1
observable_1601	nuc_gene_a__NODAL_	1
observable_1602	nuc_gene_a__CYP24A1_	1
observable_1603	nuc_gene_a__ASIC5_	1
observable_1604	nuc_gene_a__TBPL1_	1
observable_1605	nuc_gene_a__PHF11_	1
observable_1606	nuc_gene_a__CTDP1_	1
observable_1607	nuc_gene_a__GCM1_	1
observable_1608	nuc_gene_a__SIGLEC6_	1
observable_1609	nuc_gene_a__OR2B6_	1
observable_1610	nuc_gene_a__PIK3IP1_	1
observable_1611	nuc_gene_a__CTNNA3_	1
observable_1612	nuc_gene_a__MSANTD1_	1
observable_1613	nuc_gene_a__JAM2_	1
observable_1614	nuc_gene_a__RAB22A_	1
observable_1615	nuc_gene_a__TTLL2_	1
observable_1616	nuc_gene_a__LHX6_	1
observable_1617	nuc_gene_a__TSPYL1_	1
observable_1618	nuc_gene_a__GPR31_	1
observable_1619	nuc_gene_a__TFAP2D_	1
observable_1620	nuc_gene_a__FPR2_	1
observable_1621	nuc_gene_a__PXDC1_	1
observable_1622	nuc_gene_a__CHMP4B_	1
observable_1623	nuc_gene_a__MEI1_	1
observable_1624	nuc_gene_a__GEMIN5_	1
observable_1625	nuc_gene_a__COQ2_	1
observable_1626	nuc_gene_a__NOVA2_	1
observable_1627	nuc_gene_a__CST7_	1
observable_1628	nuc_gene_a__LRRC70_	1
observable_1629	nuc_gene_a__AGAP5_	1
observable_1630	nuc_gene_a__FAM25G_	1
observable_1631	nuc_gene_a__ZFP62_	1
observable_1632	nuc_gene_a__TENM1_	1
observable_1633	nuc_gene_a__LCN1_	1
observable_1634	nuc_gene_a__ANXA10_	1
observable_1635	nuc_gene_a__FOXD4L5_	1
observable_1636	nuc_gene_a__FOXD4L4_	1
observable_1637	nuc_gene_a__WASHC1_	1
observable_1638	nuc_gene_a__TNFRSF11A_	1
observable_1639	nuc_gene_a__CCKAR_	1
observable_1640	nuc_gene_a__CHADL_	1
observable_1641	nuc_gene_a__EPM2A_	1
observable_1642	nuc_gene_a__HERC2_	1
observable_1643	nuc_gene_a__MECP2_	1
observable_1644	nuc_gene_a__UQCR10_	1
observable_1645	nuc_gene_a__IL12RB1_	1
observable_1646	nuc_gene_a__CRKL_	1
observable_1647	nuc_gene_a__MGAT4D_	1
observable_1648	nuc_gene_a__USP27X_	1
observable_1649	nuc_gene_a__TLNRD1_	1
observable_1650	nuc_gene_a__IFNA17_	1
observable_1651	nuc_gene_a__CCDC196_	1
observable_1652	nuc_gene_a__IFNA14_	1
observable_1653	nuc_gene_a__LGALS1_	1
observable_1654	nuc_gene_a__IFNA5_	1
observable_1655	nuc_gene_a__CHST14_	1
observable_1656	nuc_gene_a__IFNA2_	1
observable_1657	nuc_gene_a__IFNA8_	1
observable_1658	nuc_gene_a__JUND_	1
observable_1659	nuc_gene_a__DDX53_	1
observable_1660	nuc_gene_a__IFNE_	1
observable_1661	nuc_gene_a__LRRC25_	1
observable_1662	nuc_gene_a__MYO5A_	1
observable_1663	nuc_gene_a__RRH_	1
observable_1664	nuc_gene_a__BMP15_	1
observable_1665	nuc_gene_a__MPPED1_	1
observable_1666	nuc_gene_a__TXNL1_	1
observable_1667	nuc_gene_a__TNFRSF13C_	1
observable_1668	nuc_gene_a__C4orf17_	1
observable_1669	nuc_gene_a__ANKRD20A1_	1
observable_1670	nuc_gene_a__NFATC2_	1
observable_1671	nuc_gene_a__DMAC2_	1
observable_1672	nuc_gene_a__MTTP_	1
observable_1673	nuc_gene_a__C4orf51_	1
observable_1674	nuc_gene_a__MAK_	1
observable_1675	nuc_gene_a__DPF3_	1
observable_1676	nuc_gene_a__DMTN_	1
observable_1677	nuc_gene_a__LIPK_	1
observable_1678	nuc_gene_a__GCM2_	1
observable_1679	nuc_gene_a__DSPP_	1
observable_1680	nuc_gene_a__USP17L2_	1
observable_1681	nuc_gene_a__ANGPT4_	1
observable_1682	nuc_gene_a__NGB_	1
observable_1683	nuc_gene_a__ZNF254_	1
observable_1684	nuc_gene_a__LKAAEAR1_	1
observable_1685	nuc_gene_a__RNASE3_	1
observable_1686	nuc_gene_a__PTCRA_	1
observable_1687	nuc_gene_a__SPIN3_	1
observable_1688	nuc_gene_a__WDR4_	1
observable_1689	nuc_gene_a__ZNF418_	1
observable_1690	nuc_gene_a__TGM5_	1
observable_1691	nuc_gene_a__MEA1_	1
observable_1692	nuc_gene_a__MIOX_	1
observable_1693	nuc_gene_a__OR4M2_	1
observable_1694	nuc_gene_a__KHDC1L_	1
observable_1695	nuc_gene_a__DPPA5_	1
observable_1696	nuc_gene_a__RLN2_	1
observable_1697	nuc_gene_a__EPGN_	1
observable_1698	nuc_gene_a__KHDC3L_	1
observable_1699	nuc_gene_a__RLN1_	1
observable_1700	nuc_gene_a__GUCA1B_	1
observable_1701	nuc_gene_a__ENOX1_	1
observable_1702	nuc_gene_a__U2AF1L4_	1
observable_1703	nuc_gene_a__CBLL2_	1
observable_1704	nuc_gene_a__PTTG1IP_	1
observable_1705	nuc_gene_a__CXCL9_	1
observable_1706	nuc_gene_a__CD274_	1
observable_1707	nuc_gene_a__CXCL10_	1
observable_1708	nuc_gene_a__SFMBT2_	1
observable_1709	nuc_gene_a__CRYBG1_	1
observable_1710	nuc_gene_a__IFNK_	1
observable_1711	nuc_gene_a__CXCL11_	1
observable_1712	nuc_gene_a__ATP10A_	1
observable_1713	nuc_gene_a__AGO2_	1
observable_1714	nuc_gene_a__LINGO2_	1
observable_1715	nuc_gene_a__NOX3_	1
observable_1716	nuc_gene_a__ZNF414_	1
observable_1717	nuc_gene_a__STBD1_	1
observable_1718	nuc_gene_a__DCUN1D2_	1
observable_1719	nuc_gene_a__TLX1_	1
observable_1720	nuc_gene_a__MUC21_	1
observable_1721	nuc_gene_a__CALHM1_	1
observable_1722	nuc_gene_a__C6orf15_	1
observable_1723	nuc_gene_a__CALHM3_	1
observable_1724	nuc_gene_a__SYNGR4_	1
observable_1725	nuc_gene_a__ZNF705D_	1
observable_1726	nuc_gene_a__ARSJ_	1
observable_1727	nuc_gene_a__PSORS1C1_	1
observable_1728	nuc_gene_a__BRD8_	1
observable_1729	nuc_gene_a__SHC3_	1
observable_1730	nuc_gene_a__KCNJ14_	1
observable_1731	nuc_gene_a__OPN4_	1
observable_1732	nuc_gene_a__FGF20_	1
observable_1733	nuc_gene_a__CDSN_	1
observable_1734	nuc_gene_a__PSORS1C2_	1
observable_1735	nuc_gene_a__DMP1_	1
observable_1736	nuc_gene_a__ATOH7_	1
observable_1737	nuc_gene_a__PRR18_	1
observable_1738	nuc_gene_a__SULT2B1_	1
observable_1739	nuc_gene_a__LRRC69_	1
observable_1740	nuc_gene_a__LAMA1_	1
observable_1741	nuc_gene_a__SPACA4_	1
observable_1742	nuc_gene_a__CEBPD_	1
observable_1743	nuc_gene_a__CARD10_	1
observable_1744	nuc_gene_a__TACR2_	1
observable_1745	nuc_gene_a__DBP_	1
observable_1746	nuc_gene_a__ZNF703_	1
observable_1747	nuc_gene_a__APBA1_	1
observable_1748	nuc_gene_a__CAMK1D_	1
observable_1749	nuc_gene_a__SGCG_	1
observable_1750	nuc_gene_a__HSPA2_	1
observable_1751	nuc_gene_a__GOT1L1_	1
observable_1752	nuc_gene_a__SLC16A8_	1
observable_1753	nuc_gene_a__NKX2_1_	1
observable_1754	nuc_gene_a__KNSTRN_	1
observable_1755	nuc_gene_a__TOR1A_	1
observable_1756	nuc_gene_a__ADRB3_	1
observable_1757	nuc_gene_a__CRYZL1_	1
observable_1758	nuc_gene_a__FOXD1_	1
observable_1759	nuc_gene_a__NOL12_	1
observable_1760	nuc_gene_a__NCR2_	1
observable_1761	nuc_gene_a__ALPK2_	1
observable_1762	nuc_gene_a__GOLGA8M_	1
observable_1763	nuc_gene_a__CHRNA2_	1
observable_1764	nuc_gene_a__JMJD1C_	1
observable_1765	nuc_gene_a__SLC7A4_	1
observable_1766	nuc_gene_a__GLRA1_	1
observable_1767	nuc_gene_a__TSKS_	1
observable_1768	nuc_gene_a__GALR3_	1
observable_1769	nuc_gene_a__MICB_	1
observable_1770	nuc_gene_a__MCCD1_	1
observable_1771	nuc_gene_a__RXFP3_	1
observable_1772	nuc_gene_a__TMEM145_	1
observable_1773	nuc_gene_a__DAB2IP_	1
observable_1774	nuc_gene_a__KIAA1671_	1
observable_1775	nuc_gene_a__VASH1_	1
observable_1776	nuc_gene_a__SLC45A2_	1
observable_1777	nuc_gene_a__LTB_	1
observable_1778	nuc_gene_a__IRF2BPL_	1
observable_1779	nuc_gene_a__SPATA31A7_	1
observable_1780	nuc_gene_a__MYPN_	1
observable_1781	nuc_gene_a__ERVV_2_	1
observable_1782	nuc_gene_a__LHB_	1
observable_1783	nuc_gene_a__ADRB2_	1
observable_1784	nuc_gene_a__WASF3_	1
observable_1785	nuc_gene_a__ESCO2_	1
observable_1786	nuc_gene_a__SPINK1_	1
observable_1787	nuc_gene_a__NR2E3_	1
observable_1788	nuc_gene_a__POLI_	1
observable_1789	nuc_gene_a__CGB5_	1
observable_1790	nuc_gene_a__APOM_	1
observable_1791	nuc_gene_a__C6orf47_	1
observable_1792	nuc_gene_a__C19orf73_	1
observable_1793	nuc_gene_a__SPATA31A3_	1
observable_1794	nuc_gene_a__ZDHHC20_	1
observable_1795	nuc_gene_a__FNDC9_	1
observable_1796	nuc_gene_a__GOLGA6L2_	1
observable_1797	nuc_gene_a__LY6G6F_	1
observable_1798	nuc_gene_a__TLR4_	1
observable_1799	nuc_gene_a__NIPAL4_	1
observable_1800	nuc_gene_a__MYMK_	1
observable_1801	nuc_gene_a__LY6G6C_	1
observable_1802	nuc_gene_a__KLF16_	1
observable_1803	nuc_gene_a__CSF2RB_	1
observable_1804	nuc_gene_a__PRKD1_	1
observable_1805	nuc_gene_a__YBEY_	1
observable_1806	nuc_gene_a__DIO2_	1
observable_1807	nuc_gene_a__ADAM7_	1
observable_1808	nuc_gene_a__DGCR6L_	1
observable_1809	nuc_gene_a__COL23A1_	1
observable_1810	nuc_gene_a__HTT_	1
observable_1811	nuc_gene_a__RRS1_	1
observable_1812	nuc_gene_a__ARSI_	1
observable_1813	nuc_gene_a__BICD2_	1
observable_1814	nuc_gene_a__APOBEC3F_	1
observable_1815	nuc_gene_a__ISL2_	1
observable_1816	nuc_gene_a__EGR1_	1
observable_1817	nuc_gene_a__CPNE1_	1
observable_1818	nuc_gene_a__DIRAS2_	1
observable_1819	nuc_gene_a__CXCL13_	1
observable_1820	nuc_gene_a__EFNA5_	1
observable_1821	nuc_gene_a__NID2_	1
observable_1822	nuc_gene_a__GRXCR2_	1
observable_1823	nuc_gene_a__VXN_	1
observable_1824	nuc_gene_a__ZNF704_	1
observable_1825	nuc_gene_a__TBC1D2_	1
observable_1826	nuc_gene_a__ZFHX2_	1
observable_1827	nuc_gene_a__THSD4_	1
observable_1828	nuc_gene_a__AK6_	1
observable_1829	nuc_gene_a__MESP1_	1
observable_1830	nuc_gene_a__MEGF8_	1
observable_1831	nuc_gene_a__SPATA31D4_	1
observable_1832	nuc_gene_a__SPATA31D3_	1
observable_1833	nuc_gene_a__LRRTM3_	1
observable_1834	nuc_gene_a__CNFN_	1
observable_1835	nuc_gene_a__KCNA5_	1
observable_1836	nuc_gene_a__SPATA31D1_	1
observable_1837	nuc_gene_a__STC2_	1
observable_1838	nuc_gene_a__OR2V2_	1
observable_1839	nuc_gene_a__TAF3_	1
observable_1840	nuc_gene_a__ANXA2R_	1
observable_1841	nuc_gene_a__TAS2R1_	1
observable_1842	nuc_gene_a__HSCB_	1
observable_1843	nuc_gene_a__CCDC88C_	1
observable_1844	nuc_gene_a__ADRA2A_	1
observable_1845	nuc_gene_a__INSL6_	1
observable_1846	nuc_gene_a__PCP2_	1
observable_1847	nuc_gene_a__INSL4_	1
observable_1848	nuc_gene_a__EGR2_	1
observable_1849	nuc_gene_a__CLEC4E_	1
observable_1850	nuc_gene_a__RETN_	1
observable_1851	nuc_gene_a__LCTL_	1
observable_1852	nuc_gene_a__CDC42EP1_	1
observable_1853	nuc_gene_a__CDH24_	1
observable_1854	nuc_gene_a__DCP2_	1
observable_1855	nuc_gene_a__MSH5_	1
observable_1856	nuc_gene_a__RPRD1B_	1
observable_1857	nuc_gene_a__OR2V1_	1
observable_1858	nuc_gene_a__PLA2G4D_	1
observable_1859	nuc_gene_a__TFAP2C_	1
observable_1860	nuc_gene_a__PHF5A_	1
observable_1861	nuc_gene_a__FCER2_	1
observable_1862	nuc_gene_a__PRR36_	1
observable_1863	nuc_gene_a__CTXN1_	1
observable_1864	nuc_gene_a__LACTB_	1
observable_1865	nuc_gene_a__MEX3B_	1
observable_1866	nuc_gene_a__ZNF493_	1
observable_1867	nuc_gene_a__FRMPD2_	1
observable_1868	nuc_gene_a__UGGT2_	1
observable_1869	nuc_gene_a__DNAH5_	1
observable_1870	nuc_gene_a__CHAC1_	1
observable_1871	nuc_gene_a__A2ML1_	1
observable_1872	nuc_gene_a__SLC7A8_	1
observable_1873	nuc_gene_a__CARTPT_	1
observable_1874	nuc_gene_a__SLC15A5_	1
observable_1875	nuc_gene_a__VWA7_	1
observable_1876	nuc_gene_a__GPX2_	1
observable_1877	nuc_gene_a__GPR135_	1
observable_1878	nuc_gene_a__TSPAN3_	1
observable_1879	nuc_gene_a__CLEC6A_	1
observable_1880	nuc_gene_a__PRPH2_	1
observable_1881	nuc_gene_a__CLYBL_	1
observable_1882	nuc_gene_a__TBCC_	1
observable_1883	nuc_gene_a__FAM161B_	1
observable_1884	nuc_gene_a__SLC35D3_	1
observable_1885	nuc_gene_a__RETREG1_	1
observable_1886	nuc_gene_a__CTNNBL1_	1
observable_1887	nuc_gene_a__VSX2_	1
observable_1888	nuc_gene_a__LRIT2_	1
observable_1889	nuc_gene_a__SYT10_	1
observable_1890	nuc_gene_a__UFD1_	1
observable_1891	nuc_gene_a__CD209_	1
observable_1892	nuc_gene_a__WDR55_	1
observable_1893	nuc_gene_a__CAPN11_	1
observable_1894	nuc_gene_a__FAM98B_	1
observable_1895	nuc_gene_a__OR2Y1_	1
observable_1896	nuc_gene_a__GPR151_	1
observable_1897	nuc_gene_a__AZIN1_	1
observable_1898	nuc_gene_a__CFL2_	1
observable_1899	nuc_gene_a__RGR_	1
observable_1900	nuc_gene_a__PCDHGA2_	1
observable_1901	nuc_gene_a__ZBTB12_	1
observable_1902	nuc_gene_a__PCDHGA3_	1
observable_1903	nuc_gene_a__OTOP1_	1
observable_1904	nuc_gene_a__PCDHGB1_	1
observable_1905	nuc_gene_a__S100P_	1
observable_1906	nuc_gene_a__BLOC1S4_	1
observable_1907	nuc_gene_a__LRIT1_	1
observable_1908	nuc_gene_a__ALG10B_	1
observable_1909	nuc_gene_a__USP17L1_	1
observable_1910	nuc_gene_a__USP17L4_	1
observable_1911	nuc_gene_a__ZNF705G_	1
observable_1912	nuc_gene_a__ACOT1_	1
observable_1913	nuc_gene_a__KIAA0232_	1
observable_1914	nuc_gene_a__ACOT4_	1
observable_1915	nuc_gene_a__NTF3_	1
observable_1916	nuc_gene_a__ACOT6_	1
observable_1917	nuc_gene_a__UGT2A2_	1
observable_1918	nuc_gene_a__CSNK2B_	1
observable_1919	nuc_gene_a__PNMA1_	1
observable_1920	nuc_gene_a__ADRB1_	1
observable_1921	nuc_gene_a__PCDHGA8_	1
observable_1922	nuc_gene_a__SAMD15_	1
observable_1923	nuc_gene_a__KRT76_	1
observable_1924	nuc_gene_a__MAS1_	1
observable_1925	nuc_gene_a__WDFY2_	1
observable_1926	nuc_gene_a__PCDHGA10_	1
observable_1927	nuc_gene_a__NOXRED1_	1
observable_1928	nuc_gene_a__SH3PXD2A_	1
observable_1929	nuc_gene_a__PCDHGB7_	1
observable_1930	nuc_gene_a__FOXA1_	1
observable_1931	nuc_gene_a__CELA1_	1
observable_1932	nuc_gene_a__TEX26_	1
observable_1933	nuc_gene_a__TIGD2_	1
observable_1934	nuc_gene_a__PCDHGA11_	1
observable_1935	nuc_gene_a__FABP2_	1
observable_1936	nuc_gene_a__TBPL2_	1
observable_1937	nuc_gene_a__ZNF705B_	1
observable_1938	nuc_gene_a__USP17L8_	1
observable_1939	nuc_gene_a__USP17L3_	1
observable_1940	nuc_gene_a__IGF2R_	1
observable_1941	nuc_gene_a__SLC25A17_	1
observable_1942	nuc_gene_a__PCDHGA12_	1
observable_1943	nuc_gene_a__PDZRN4_	1
observable_1944	nuc_gene_a__KNL1_	1
observable_1945	nuc_gene_a__SCAF4_	1
observable_1946	nuc_gene_a__C6orf118_	1
observable_1947	nuc_gene_a__THAP2_	1
observable_1948	nuc_gene_a__FAM78A_	1
observable_1949	nuc_gene_a__TOMM22_	1
observable_1950	nuc_gene_a__NECAB3_	1
observable_1951	nuc_gene_a__PLEKHS1_	1
observable_1952	nuc_gene_a__PCDHGC3_	1
observable_1953	nuc_gene_a__KRT2_	1
observable_1954	nuc_gene_a__IDI1_	1
observable_1955	nuc_gene_a__COL25A1_	1
observable_1956	nuc_gene_a__CRISP3_	1
observable_1957	nuc_gene_a__LYZL2_	1
observable_1958	nuc_gene_a__BTG1_	1
observable_1959	nuc_gene_a__OTUD1_	1
observable_1960	nuc_gene_a__GOLGA8S_	1
observable_1961	nuc_gene_a__PCDHGC4_	1
observable_1962	nuc_gene_a__MUC5B_	1
observable_1963	nuc_gene_a__NOP10_	1
observable_1964	nuc_gene_a__C2CD4A_	1
observable_1965	nuc_gene_a__PCDHGC5_	1
observable_1966	nuc_gene_a__CNBD1_	1
observable_1967	nuc_gene_a__ANKRD30A_	1
observable_1968	nuc_gene_a__C5orf63_	1
observable_1969	nuc_gene_a__LRRIQ1_	1
observable_1970	nuc_gene_a__FBXO9_	1
observable_1971	nuc_gene_a__DCANP1_	1
observable_1972	nuc_gene_a__TIFAB_	1
observable_1973	nuc_gene_a__RBMXL2_	1
observable_1974	nuc_gene_a__AMBN_	1
observable_1975	nuc_gene_a__GOLGA8K_	1
observable_1976	nuc_gene_a__CYSRT1_	1
observable_1977	nuc_gene_a__CDX1_	1
observable_1978	nuc_gene_a__ATP6V1G2_	1
observable_1979	nuc_gene_a__FBXL17_	1
observable_1980	nuc_gene_a__LCA5L_	1
observable_1981	nuc_gene_a__CHRNA6_	1
observable_1982	nuc_gene_a__RGMA_	1
observable_1983	nuc_gene_a__TRIM13_	1
observable_1984	nuc_gene_a__ARL15_	1
observable_1985	nuc_gene_a__CLNK_	1
observable_1986	nuc_gene_a__LPIN3_	1
observable_1987	nuc_gene_a__IL13_	1
observable_1988	nuc_gene_a__EP300_	1
observable_1989	nuc_gene_a__HDDC3_	1
observable_1990	nuc_gene_a__HELT_	1
observable_1991	nuc_gene_a__SLC25A21_	1
observable_1992	nuc_gene_a__KHDRBS3_	1
observable_1993	nuc_gene_a__ANO3_	1
observable_1994	nuc_gene_a__MEPE_	1
observable_1995	nuc_gene_a__MPIG6B_	1
observable_1996	nuc_gene_a__RNF38_	1
observable_1997	nuc_gene_a__NKX6_3_	1
observable_1998	nuc_gene_a__OR4F6_	1
observable_1999	nuc_gene_a__OR4F15_	1
observable_2000	nuc_gene_a__SYT9_	1
observable_2001	nuc_gene_a__BDP1_	1
observable_2002	nuc_gene_a__SLC22A17_	1
observable_2003	nuc_gene_a__ZNF564_	1
observable_2004	nuc_gene_a__CSNK2A3_	1
observable_2005	nuc_gene_a__PITX2_	1
observable_2006	nuc_gene_a__CEBPE_	1
observable_2007	nuc_gene_a__FANCF_	1
observable_2008	nuc_gene_a__ZNF791_	1
observable_2009	nuc_gene_a__POLR2M_	1
observable_2010	nuc_gene_a__DBX1_	1
observable_2011	nuc_gene_a__TRIR_	1
observable_2012	nuc_gene_a__LHX3_	1
observable_2013	nuc_gene_a__PF4V1_	1
observable_2014	nuc_gene_a__JUNB_	1
observable_2015	nuc_gene_a__LUZP2_	1
observable_2016	nuc_gene_a__PF4_	1
observable_2017	nuc_gene_a__GOLGA8R_	1
observable_2018	nuc_gene_a__FJX1_	1
observable_2019	nuc_gene_a__TIMM29_	1
observable_2020	nuc_gene_a__CXCL5_	1
observable_2021	nuc_gene_a__QSOX2_	1
observable_2022	nuc_gene_a__OR4C13_	1
observable_2023	nuc_gene_a__CXCL3_	1
observable_2024	nuc_gene_a__RLN3_	1
observable_2025	nuc_gene_a__STARD9_	1
observable_2026	nuc_gene_a__LZTR1_	1
observable_2027	nuc_gene_a__C19orf67_	1
observable_2028	nuc_gene_a__CLIC5_	1
observable_2029	nuc_gene_a__DOK7_	1
observable_2030	nuc_gene_a__OR5L2_	1
observable_2031	nuc_gene_a__RNASE12_	1
observable_2032	nuc_gene_a__GDF1_	1
observable_2033	nuc_gene_a__TPGS1_	1
observable_2034	nuc_gene_a__SVIP_	1
observable_2035	nuc_gene_a__OR5D14_	1
observable_2036	nuc_gene_a__CSN2_	1
observable_2037	nuc_gene_a__PTPRR_	1
observable_2038	nuc_gene_a__LVRN_	1
observable_2039	nuc_gene_a__GOLGA6C_	1
observable_2040	nuc_gene_a__GZMM_	1
observable_2041	nuc_gene_a__OR5D13_	1
observable_2042	nuc_gene_a__FDCSP_	1
observable_2043	nuc_gene_a__OR9Q1_	1
observable_2044	nuc_gene_a__DEFB131A_	1
observable_2045	nuc_gene_a__OR4C16_	1
observable_2046	nuc_gene_a__ZNF556_	1
observable_2047	nuc_gene_a__FAM53A_	1
observable_2048	nuc_gene_a__OR10W1_	1
observable_2049	nuc_gene_a__SUCLA2_	1
observable_2050	nuc_gene_a__OR5B17_	1
observable_2051	nuc_gene_a__OR4A5_	1
observable_2052	nuc_gene_a__LYZ_	1
observable_2053	nuc_gene_a__CDKN2D_	1
observable_2054	nuc_gene_a__CHAF1B_	1
observable_2055	nuc_gene_a__CFAP61_	1
observable_2056	nuc_gene_a__PRRC2B_	1
observable_2057	nuc_gene_a__TRIM48_	1
observable_2058	nuc_gene_a__CCDC179_	1
observable_2059	nuc_gene_a__OR5I1_	1
observable_2060	nuc_gene_a__OR5W2_	1
observable_2061	nuc_gene_a__RD3L_	1
observable_2062	nuc_gene_a__NEUROG2_	1
observable_2063	nuc_gene_a__AKAP5_	1
observable_2064	nuc_gene_a__DIAPH1_	1
observable_2065	nuc_gene_a__EPSTI1_	1
observable_2066	nuc_gene_a__AHNAK_	1
observable_2067	nuc_gene_a__SYNJ2_	1
observable_2068	nuc_gene_a__IFT27_	1
observable_2069	nuc_gene_a__GSK3A_	1
observable_2070	nuc_gene_a__TRIM51_	1
observable_2071	nuc_gene_a__CYSLTR2_	1
observable_2072	nuc_gene_a__BTF3_	1
observable_2073	nuc_gene_a__PNP_	1
observable_2074	nuc_gene_a__OR5D16_	1
observable_2075	nuc_gene_a__SIRPG_	1
observable_2076	nuc_gene_a__FIBIN_	1
observable_2077	nuc_gene_a__RIOX1_	1
observable_2078	nuc_gene_a__OR5L1_	1
observable_2079	nuc_gene_a__THSD1_	1
observable_2080	nuc_gene_a__QPCTL_	1
observable_2081	nuc_gene_a__ZNF121_	1
observable_2082	nuc_gene_a__PDE6B_	1
observable_2083	nuc_gene_a__BCL11B_	1
observable_2084	nuc_gene_a__FAS_	1
observable_2085	nuc_gene_a__ETV7_	1
observable_2086	nuc_gene_a__MAB21L2_	1
observable_2087	nuc_gene_a__EREG_	1
observable_2088	nuc_gene_a__LAMP1_	1
observable_2089	nuc_gene_a__IL2RA_	1
observable_2090	nuc_gene_a__CLRN2_	1
observable_2091	nuc_gene_a__NAV3_	1
observable_2092	nuc_gene_a__POLN_	1
observable_2093	nuc_gene_a__SLC29A3_	1
observable_2094	nuc_gene_a__SPIC_	1
observable_2095	nuc_gene_a__CCDC33_	1
observable_2096	nuc_gene_a__HLA_DQA2_	1
observable_2097	nuc_gene_a__ACSM6_	1
observable_2098	nuc_gene_a__CRNKL1_	1
observable_2099	nuc_gene_a__MAST4_	1
observable_2100	nuc_gene_a__FAM170B_	1
observable_2101	nuc_gene_a__ALX1_	1
observable_2102	nuc_gene_a__LRRC18_	1
observable_2103	nuc_gene_a__CCER1_	1
observable_2104	nuc_gene_a__NPAS3_	1
observable_2105	nuc_gene_a__KRT1_	1
observable_2106	nuc_gene_a__SPACA1_	1
observable_2107	nuc_gene_a__CHST11_	1
observable_2108	nuc_gene_a__OR2B2_	1
observable_2109	nuc_gene_a__ANK1_	1
observable_2110	nuc_gene_a__ZFYVE28_	1
observable_2111	nuc_gene_a__TPH2_	1
observable_2112	nuc_gene_a__MGAT2_	1
observable_2113	nuc_gene_a__RNF6_	1
observable_2114	nuc_gene_a__DNAAF2_	1
observable_2115	nuc_gene_a__PPP1R11_	1
observable_2116	nuc_gene_a__BCL2L2_PABPN1_	1
observable_2117	nuc_gene_a__PSPC1_	1
observable_2118	nuc_gene_a__OR7A5_	1
observable_2119	nuc_gene_a__CGB2_	1
observable_2120	nuc_gene_a__SYNM_	1
observable_2121	nuc_gene_a__KRT77_	1
observable_2122	nuc_gene_a__MCM5_	1
observable_2123	nuc_gene_a__TRIM10_	1
observable_2124	nuc_gene_a__GRID2_	1
observable_2125	nuc_gene_a__PLEKHB1_	1
observable_2126	nuc_gene_a__B3GLCT_	1
observable_2127	nuc_gene_a__CAPN12_	1
observable_2128	nuc_gene_a__ATOH1_	1
observable_2129	nuc_gene_a__POTEM_	1
observable_2130	nuc_gene_a__MAP1LC3B2_	1
observable_2131	nuc_gene_a__PHOX2B_	1
observable_2132	nuc_gene_a__THAP7_	1
observable_2133	nuc_gene_a__CTSZ_	1
observable_2134	nuc_gene_a__DCAF4L1_	1
observable_2135	nuc_gene_a__SPRYD7_	1
observable_2136	nuc_gene_a__BEND4_	1
observable_2137	nuc_gene_a__SLC25A29_	1
observable_2138	nuc_gene_a__CCDC38_	1
observable_2139	nuc_gene_a__GRXCR1_	1
observable_2140	nuc_gene_a__PBX2_	1
observable_2141	nuc_gene_a__RASD2_	1
observable_2142	nuc_gene_a__GRIN1_	1
observable_2143	nuc_gene_a__FGF3_	1
observable_2144	nuc_gene_a__NUTM2B_	1
observable_2145	nuc_gene_a__HAO1_	1
observable_2146	nuc_gene_a__TUBB2B_	1
observable_2147	nuc_gene_a__RPS19BP1_	1
observable_2148	nuc_gene_a__TRIM77_	1
observable_2149	nuc_gene_a__CCSER1_	1
observable_2150	nuc_gene_a__PNLIP_	1
observable_2151	nuc_gene_a__SLC25A47_	1
observable_2152	nuc_gene_a__ALG10_	1
observable_2153	nuc_gene_a__DDI1_	1
observable_2154	nuc_gene_a__ADRA2C_	1
observable_2155	nuc_gene_a__LY6H_	1
observable_2156	nuc_gene_a__ATP9A_	1
observable_2157	nuc_gene_a__TYR_	1
observable_2158	nuc_gene_a__YY1_	1
observable_2159	nuc_gene_a__MCTP1_	1
observable_2160	nuc_gene_a__DUSP4_	1
observable_2161	nuc_gene_a__LIPJ_	1
observable_2162	nuc_gene_a__NKX2_3_	1
observable_2163	nuc_gene_a__HOMEZ_	1
observable_2164	nuc_gene_a__ITGBL1_	1
observable_2165	nuc_gene_a__NKX6_2_	1
observable_2166	nuc_gene_a__BRD4_	1
observable_2167	nuc_gene_a__PELI2_	1
observable_2168	nuc_gene_a__MMP8_	1
observable_2169	nuc_gene_a__HSD17B3_	1
observable_2170	nuc_gene_a__MICALL1_	1
observable_2171	nuc_gene_a__GDF9_	1
observable_2172	nuc_gene_a__ZDHHC11_	1
observable_2173	nuc_gene_a__SLC22A23_	1
observable_2174	nuc_gene_a__ANKRD37_	1
observable_2175	nuc_gene_a__ZNF367_	1
observable_2176	nuc_gene_a__IL25_	1
observable_2177	nuc_gene_a__PLXNC1_	1
observable_2178	nuc_gene_a__SPINK4_	1
observable_2179	nuc_gene_a__PCDHB3_	1
observable_2180	nuc_gene_a__RBX1_	1
observable_2181	nuc_gene_a__HEY1_	1
observable_2182	nuc_gene_a__TMEM221_	1
observable_2183	nuc_gene_a__NXNL1_	1
observable_2184	nuc_gene_a__FUT5_	1
observable_2185	nuc_gene_a__UBE2L3_	1
observable_2186	nuc_gene_a__CFAP46_	1
observable_2187	nuc_gene_a__CCDC110_	1
observable_2188	nuc_gene_a__ACER1_	1
observable_2189	nuc_gene_a__BAG1_	1
observable_2190	nuc_gene_a__MGAT3_	1
observable_2191	nuc_gene_a__TAF7_	1
observable_2192	nuc_gene_a__SLC25A2_	1
observable_2193	nuc_gene_a__OPRK1_	1
observable_2194	nuc_gene_a__SLC25A41_	1
observable_2195	nuc_gene_a__TEAD3_	1
observable_2196	nuc_gene_a__N4BP2L2_	1
observable_2197	nuc_gene_a__PTTG2_	1
observable_2198	nuc_gene_a__FRMD4A_	1
observable_2199	nuc_gene_a__HNF4A_	1
observable_2200	nuc_gene_a__MMP27_	1
observable_2201	nuc_gene_a__PKD2L2_	1
observable_2202	nuc_gene_a__DEGS2_	1
observable_2203	nuc_gene_a__F2RL2_	1
observable_2204	nuc_gene_a__SLC25A32_	1
observable_2205	nuc_gene_a__FBXO7_	1
observable_2206	nuc_gene_a__F2R_	1
observable_2207	nuc_gene_a__SOX17_	1
observable_2208	nuc_gene_a__F2RL1_	1
observable_2209	nuc_gene_a__UBOX5_	1
observable_2210	nuc_gene_a__ARHGAP42_	1
observable_2211	nuc_gene_a__DNAJC3_	1
observable_2212	nuc_gene_a__SHISAL2B_	1
observable_2213	nuc_gene_a__CFAP54_	1
observable_2214	nuc_gene_a__TULP1_	1
observable_2215	nuc_gene_a__RP1_	1
observable_2216	nuc_gene_a__CHD2_	1
observable_2217	nuc_gene_a__HEPHL1_	1
observable_2218	nuc_gene_a__FAXC_	1
observable_2219	nuc_gene_a__CDH26_	1
observable_2220	nuc_gene_a__CWC27_	1
observable_2221	nuc_gene_a__SLC25A27_	1
observable_2222	nuc_gene_a__MYF5_	1
observable_2223	nuc_gene_a__MMP9_	1
observable_2224	nuc_gene_a__CENPM_	1
observable_2225	nuc_gene_a__TDRD6_	1
observable_2226	nuc_gene_a__TRIM49_	1
observable_2227	nuc_gene_a__KCNQ3_	1
observable_2228	nuc_gene_a__EIF5_	1
observable_2229	nuc_gene_a__CARD18_	1
observable_2230	nuc_gene_a__CCDC7_	1
observable_2231	nuc_gene_a__ACSBG2_	1
observable_2232	nuc_gene_a__ADAMTS6_	1
observable_2233	nuc_gene_a__ASCL1_	1
observable_2234	nuc_gene_a__STIM2_	1
observable_2235	nuc_gene_a__POLR2I_	1
observable_2236	nuc_gene_a__CHD6_	1
observable_2237	nuc_gene_a__DACT1_	1
observable_2238	nuc_gene_a__KCTD9_	1
observable_2239	nuc_gene_a__DIO3_	1
observable_2240	nuc_gene_a__GAPT_	1
observable_2241	nuc_gene_a__GABRB3_	1
observable_2242	nuc_gene_a__ECT2L_	1
observable_2243	nuc_gene_a__MDGA2_	1
observable_2244	nuc_gene_a__CSN3_	1
observable_2245	nuc_gene_a__HCRTR2_	1
observable_2246	nuc_gene_a__OR2H2_	1
observable_2247	nuc_gene_a__OOEP_	1
observable_2248	nuc_gene_a__ARL14EPL_	1
observable_2249	nuc_gene_a__FREM3_	1
observable_2250	nuc_gene_a__DZIP1_	1
observable_2251	nuc_gene_a__CTXN3_	1
observable_2252	nuc_gene_a__FOXO4_	1
observable_2253	nuc_gene_a__RNF24_	1
observable_2254	nuc_gene_a__ARHGAP40_	1
observable_2255	nuc_gene_a__GYPE_	1
observable_2256	nuc_gene_a__FAM217A_	1
observable_2257	nuc_gene_a__SLC25A1_	1
observable_2258	nuc_gene_a__SPINK6_	1
observable_2259	nuc_gene_a__C20orf96_	1
observable_2260	nuc_gene_a__BACE2_	1
observable_2261	nuc_gene_a__NUDT10_	1
observable_2262	nuc_gene_a__SPINK13_	1
observable_2263	nuc_gene_a__SPINK14_	1
observable_2264	nuc_gene_a__NUDT11_	1
observable_2265	nuc_gene_a__CDX2_	1
observable_2266	nuc_gene_a__TSLP_	1
observable_2267	nuc_gene_a__WDR62_	1
observable_2268	nuc_gene_a__GPRC6A_	1
observable_2269	nuc_gene_a__POLG_	1
observable_2270	nuc_gene_a__FAM170A_	1
observable_2271	nuc_gene_a__RAD51B_	1
observable_2272	nuc_gene_a__TMEM132D_	1
observable_2273	nuc_gene_a__PSD3_	1
observable_2274	nuc_gene_a__RFX6_	1
observable_2275	nuc_gene_a__OR2A4_	1
observable_2276	nuc_gene_a__CTAGE9_	1
observable_2277	nuc_gene_a__SMC1B_	1
observable_2278	nuc_gene_a__NPEPL1_	1
observable_2279	nuc_gene_a__DSCAML1_	1
observable_2280	nuc_gene_a__TBX3_	1
observable_2281	nuc_gene_a__ARHGEF18_	1
observable_2282	nuc_gene_a__GOLGA8N_	1
observable_2283	nuc_gene_a__XKR4_	1
observable_2284	nuc_gene_a__BACH1_	1
observable_2285	nuc_gene_a__PRR14L_	1
observable_2286	nuc_gene_a__SNRPD2_	1
observable_2287	nuc_gene_a__SVOP_	1
observable_2288	nuc_gene_a__CRISP1_	1
observable_2289	nuc_gene_a__OR10H2_	1
observable_2290	nuc_gene_a__DEFB114_	1
observable_2291	nuc_gene_a__GFY_	1
observable_2292	nuc_gene_a__OR10H3_	1
observable_2293	nuc_gene_a__DEFB113_	1
observable_2294	nuc_gene_a__OR7E24_	1
observable_2295	nuc_gene_a__OR1I1_	1
observable_2296	nuc_gene_a__OR10H1_	1
observable_2297	nuc_gene_a__DEFB110_	1
observable_2298	nuc_gene_a__OR7A10_	1
observable_2299	nuc_gene_a__PTCHD4_	1
observable_2300	nuc_gene_a__MROH2B_	1
observable_2301	nuc_gene_a__FOXG1_	1
observable_2302	nuc_gene_a__SLC17A6_	1
observable_2303	nuc_gene_a__ZNF442_	1
observable_2304	nuc_gene_a__ZNF74_	1
observable_2305	nuc_gene_a__ADGRB3_	1
observable_2306	nuc_gene_a__ZNF799_	1
observable_2307	nuc_gene_a__OR12D2_	1
observable_2308	nuc_gene_a__TENM4_	1
observable_2309	nuc_gene_a__ZNF443_	1
observable_2310	nuc_gene_a__NOVA1_	1
observable_2311	nuc_gene_a__MAS1L_	1
observable_2312	nuc_gene_a__SYCP3_	1
observable_2313	nuc_gene_a__OR5V1_	1
observable_2314	nuc_gene_a__OR12D3_	1
observable_2315	nuc_gene_a__KCNJ15_	1
observable_2316	nuc_gene_a__RFK_	1
observable_2317	nuc_gene_a__B3GALT4_	1
observable_2318	nuc_gene_a__TENM2_	1
observable_2319	nuc_gene_a__PLPP6_	1
observable_2320	nuc_gene_a__UBASH3B_	1
observable_2321	nuc_gene_a__SNRPB2_	1
observable_2322	nuc_gene_a__GYPA_	1
observable_2323	nuc_gene_a__CENPP_	1
observable_2324	nuc_gene_a__FAM135B_	1
observable_2325	nuc_gene_a__OR1N1_	1
observable_2326	nuc_gene_a__TMEM225_	1
observable_2327	nuc_gene_a__OR1N2_	1
observable_2328	nuc_gene_a__WDR46_	1
observable_2329	nuc_gene_a__OR1L4_	1
observable_2330	nuc_gene_a__INSYN2B_	1
observable_2331	nuc_gene_a__OR5C1_	1
observable_2332	nuc_gene_a__OR14J1_	1
observable_2333	nuc_gene_a__ZDHHC8_	1
observable_2334	nuc_gene_a__BARHL1_	1
observable_2335	nuc_gene_a__PRKAA1_	1
observable_2336	nuc_gene_a__GSDMC_	1
observable_2337	nuc_gene_a__KIRREL3_	1
observable_2338	nuc_gene_a__PHF21B_	1
observable_2339	nuc_gene_a__MRPS26_	1
observable_2340	nuc_gene_a__DTD2_	1
observable_2341	nuc_gene_a__C8orf48_	1
observable_2342	nuc_gene_a__GPR33_	1
observable_2343	nuc_gene_a__FAM3B_	1
observable_2344	nuc_gene_a__ANKRD18A_	1
observable_2345	nuc_gene_a__CACNG7_	1
observable_2346	nuc_gene_a__PANX3_	1
observable_2347	nuc_gene_a__CACNG8_	1
observable_2348	nuc_gene_a__FSCB_	1
observable_2349	nuc_gene_a__CLIC6_	1
observable_2350	nuc_gene_a__CECR2_	1
observable_2351	nuc_gene_a__ZHX3_	1
observable_2352	nuc_gene_a__CDKL3_	1
observable_2353	nuc_gene_a__MFHAS1_	1
observable_2354	nuc_gene_a__CINP_	1
observable_2355	nuc_gene_a__MS4A14_	1
observable_2356	nuc_gene_a__PRSS55_	1
observable_2357	nuc_gene_a__IL12B_	1
observable_2358	nuc_gene_a__RP1L1_	1
observable_2359	nuc_gene_a__TOMM34_	1
observable_2360	nuc_gene_a__MS4A5_	1
observable_2361	nuc_gene_a__C8orf74_	1
observable_2362	nuc_gene_a__ZNF700_	1
observable_2363	nuc_gene_a__TIMD4_	1
observable_2364	nuc_gene_a__ZNF763_	1
observable_2365	nuc_gene_a__XKR6_	1
observable_2366	nuc_gene_a__HIGD2A_	1
observable_2367	nuc_gene_a__PROP1_	1
observable_2368	nuc_gene_a__POU2F3_	1
observable_2369	nuc_gene_a__ZNF20_	1
observable_2370	nuc_gene_a__LANCL3_	1
observable_2371	nuc_gene_a__JAKMIP1_	1
observable_2372	nuc_gene_a__GPX3_	1
observable_2373	nuc_gene_a__VPS13C_	1
observable_2374	nuc_gene_a__ARC_	1
observable_2375	nuc_gene_a__CATSPERZ_	1
observable_2376	nuc_gene_a__ZNF625_	1
observable_2377	nuc_gene_a__SYNGAP1_	1
observable_2378	nuc_gene_a__OR1M1_	1
observable_2379	nuc_gene_a__SLC36A3_	1
observable_2380	nuc_gene_a__OR7G1_	1
observable_2381	nuc_gene_a__OR7G3_	1
observable_2382	nuc_gene_a__OR7D4_	1
observable_2383	nuc_gene_a__SLC22A11_	1
observable_2384	nuc_gene_a__OR7A17_	1
observable_2385	nuc_gene_a__NKX3_2_	1
observable_2386	nuc_gene_a__MAP1A_	1
observable_2387	nuc_gene_a__F2RL3_	1
observable_2388	nuc_gene_a__RPP25_	1
observable_2389	nuc_gene_a__PTGDR_	1
observable_2390	nuc_gene_a__MTNR1A_	1
observable_2391	nuc_gene_a__SHISA7_	1
observable_2392	nuc_gene_a__GOLGA6D_	1
observable_2393	nuc_gene_a__PTGER2_	1
observable_2394	nuc_gene_a__SLC36A2_	1
observable_2395	nuc_gene_a__MEX3D_	1
observable_2396	nuc_gene_a__GJD2_	1
observable_2397	nuc_gene_a__GRIK2_	1
observable_2398	nuc_gene_a__DIAPH2_	1
observable_2399	nuc_gene_a__SLC10A4_	1
observable_2400	nuc_gene_a__RPA4_	1
observable_2401	nuc_gene_a__ZAR1_	1
observable_2402	nuc_gene_a__GPR176_	1
observable_2403	nuc_gene_a__BRF2_	1
observable_2404	nuc_gene_a__CERS1_	1
observable_2405	nuc_gene_a__IFNAR2_	1
observable_2406	nuc_gene_a__KCNA7_	1
observable_2407	nuc_gene_a__HAUS3_	1
observable_2408	nuc_gene_a__SLC22A12_	1
observable_2409	nuc_gene_a__LMTK3_	1
observable_2410	nuc_gene_a__TCIM_	1
observable_2411	nuc_gene_a__GPHA2_	1
observable_2412	nuc_gene_a__ATXN1_	1
observable_2413	nuc_gene_a__CGB3_	1
observable_2414	nuc_gene_a__BATF2_	1
observable_2415	nuc_gene_a__OR52R1_	1
observable_2416	nuc_gene_a__OR51G1_	1
observable_2417	nuc_gene_a__SLC25A31_	1
observable_2418	nuc_gene_a__SV2C_	1
observable_2419	nuc_gene_a__OR51A2_	1
observable_2420	nuc_gene_a__ZNF551_	1
observable_2421	nuc_gene_a__ZNF154_	1
observable_2422	nuc_gene_a__PGRMC2_	1
observable_2423	nuc_gene_a__ZNF776_	1
observable_2424	nuc_gene_a__GANC_	1
observable_2425	nuc_gene_a__HBD_	1
observable_2426	nuc_gene_a__HBG2_	1
observable_2427	nuc_gene_a__VN1R2_	1
observable_2428	nuc_gene_a__KLK9_	1
observable_2429	nuc_gene_a__ADGRB1_	1
observable_2430	nuc_gene_a__HBE1_	1
observable_2431	nuc_gene_a__OR51B4_	1
observable_2432	nuc_gene_a__OR51B6_	1
observable_2433	nuc_gene_a__OR51Q1_	1
observable_2434	nuc_gene_a__OR52D1_	1
observable_2435	nuc_gene_a__UBQLN3_	1
observable_2436	nuc_gene_a__UBQLNL_	1
observable_2437	nuc_gene_a__OR52B6_	1
observable_2438	nuc_gene_a__KLK13_	1
observable_2439	nuc_gene_a__PDLIM3_	1
observable_2440	nuc_gene_a__TUBGCP3_	1
observable_2441	nuc_gene_a__OR56B1_	1
observable_2442	nuc_gene_a__OR52E6_	1
observable_2443	nuc_gene_a__HBG1_	1
observable_2444	nuc_gene_a__MRGPRG_	1
observable_2445	nuc_gene_a__MRGPRE_	1
observable_2446	nuc_gene_a__PTCH1_	1
observable_2447	nuc_gene_a__CACNB2_	1
observable_2448	nuc_gene_a__IGLON5_	1
observable_2449	nuc_gene_a__FAM241A_	1
observable_2450	nuc_gene_a__RNF39_	1
observable_2451	nuc_gene_a__NKX6_1_	1
observable_2452	nuc_gene_a__KLRG1_	1
observable_2453	nuc_gene_a__CLDND2_	1
observable_2454	nuc_gene_a__DTX4_	1
observable_2455	nuc_gene_a__C19orf84_	1
observable_2456	nuc_gene_a__CTCFL_	1
observable_2457	nuc_gene_a__OR2H1_	1
observable_2458	nuc_gene_a__SREBF2_	1
observable_2459	nuc_gene_a__WNT7A_	1
observable_2460	nuc_gene_a__INHBC_	1
observable_2461	nuc_gene_a__RAB40AL_	1
observable_2462	nuc_gene_a__OR10C1_	1
observable_2463	nuc_gene_a__SIGLECL1_	1
observable_2464	nuc_gene_a__NKRF_	1
observable_2465	nuc_gene_a__EEF1AKMT3_	1
observable_2466	nuc_gene_a__NSUN6_	1
observable_2467	nuc_gene_a__WDFY3_	1
observable_2468	nuc_gene_a__NMBR_	1
observable_2469	nuc_gene_a__RTL8B_	1
observable_2470	nuc_gene_a__C12orf50_	1
observable_2471	nuc_gene_a__RTL8C_	1
observable_2472	nuc_gene_a__KCNC3_	1
observable_2473	nuc_gene_a__RTL8A_	1
observable_2474	nuc_gene_a__C9orf152_	1
observable_2475	nuc_gene_a__IL31_	1
observable_2476	nuc_gene_a__ZXDB_	1
observable_2477	nuc_gene_a__NLRP2B_	1
observable_2478	nuc_gene_a__ZXDA_	1
observable_2479	nuc_gene_a__GATD1_	1
observable_2480	nuc_gene_a__B3GNT4_	1
observable_2481	nuc_gene_a__MAGEC3_	1
observable_2482	nuc_gene_a__TXNDC8_	1
observable_2483	nuc_gene_a__MAGEC1_	1
observable_2484	nuc_gene_a__SPIB_	1
observable_2485	nuc_gene_a__RANBP6_	1
observable_2486	nuc_gene_a__OR1B1_	1
observable_2487	nuc_gene_a__IQGAP2_	1
observable_2488	nuc_gene_a__IKBIP_	1
observable_2489	nuc_gene_a__C11orf52_	1
observable_2490	nuc_gene_a__ATP5PF_	1
observable_2491	nuc_gene_a__AK9_	1
observable_2492	nuc_gene_a__TAAR1_	1
observable_2493	nuc_gene_a__TIMM8B_	1
observable_2494	nuc_gene_a__GPR6_	1
observable_2495	nuc_gene_a__SHROOM2_	1
observable_2496	nuc_gene_a__KCNMB4_	1
observable_2497	nuc_gene_a__AVPR1A_	1
observable_2498	nuc_gene_a__ZC3H7B_	1
observable_2499	nuc_gene_a__CLDN34_	1
observable_2500	nuc_gene_a__PLET1_	1
observable_2501	nuc_gene_a__SATL1_	1
observable_2502	nuc_gene_a__MRPL40_	1
observable_2503	nuc_gene_a__MIS18A_	1
observable_2504	nuc_gene_a__EMC10_	1
observable_2505	nuc_gene_a__TREX2_	1
observable_2506	nuc_gene_a__MUC6_	1
observable_2507	nuc_gene_a__ZSCAN1_	1
observable_2508	nuc_gene_a__CHL1_	1
observable_2509	nuc_gene_a__B3GNT8_	1
observable_2510	nuc_gene_a__ADAM18_	1
observable_2511	nuc_gene_a__ZFC3H1_	1
observable_2512	nuc_gene_a__CATSPERD_	1
observable_2513	nuc_gene_a__KCNQ5_	1
observable_2514	nuc_gene_a__PRR22_	1
observable_2515	nuc_gene_a__CRMP1_	1
observable_2516	nuc_gene_a__OR4C46_	1
observable_2517	nuc_gene_a__OR52L1_	1
observable_2518	nuc_gene_a__TMPRSS11F_	1
observable_2519	nuc_gene_a__OR56B4_	1
observable_2520	nuc_gene_a__GTSE1_	1
observable_2521	nuc_gene_a__TMPRSS11B_	1
observable_2522	nuc_gene_a__RADX_	1
observable_2523	nuc_gene_a__C21orf58_	1
observable_2524	nuc_gene_a__VPS36_	1
observable_2525	nuc_gene_a__PDE10A_	1
observable_2526	nuc_gene_a__TMPRSS11E_	1
observable_2527	nuc_gene_a__C3orf20_	1
observable_2528	nuc_gene_a__GUCY1A2_	1
observable_2529	nuc_gene_a__CD40LG_	1
observable_2530	nuc_gene_a__PLCZ1_	1
observable_2531	nuc_gene_a__MYBL2_	1
observable_2532	nuc_gene_a__TCF4_	1
observable_2533	nuc_gene_a__COX8A_	1
observable_2534	nuc_gene_a__HIC2_	1
observable_2535	nuc_gene_a__TADA2B_	1
observable_2536	nuc_gene_a__PHOX2A_	1
observable_2537	nuc_gene_a__PSAPL1_	1
observable_2538	nuc_gene_a__CAPZA3_	1
observable_2539	nuc_gene_a__EFHB_	1
observable_2540	nuc_gene_a__EPYC_	1
observable_2541	nuc_gene_a__GATA5_	1
observable_2542	nuc_gene_a__PP2D1_	1
observable_2543	nuc_gene_a__POLR2F_	1
observable_2544	nuc_gene_a__ADAM2_	1
observable_2545	nuc_gene_a__WNT10B_	1
observable_2546	nuc_gene_a__NFIX_	1
observable_2547	nuc_gene_a__DDN_	1
observable_2548	nuc_gene_a__DHH_	1
observable_2549	nuc_gene_a__SDF2L1_	1
observable_2550	nuc_gene_a__FAM76B_	1
observable_2551	nuc_gene_a__SCO2_	1
observable_2552	nuc_gene_a__EFNB1_	1
observable_2553	nuc_gene_a__FGF23_	1
observable_2554	nuc_gene_a__GDF11_	1
observable_2555	nuc_gene_a__CCDC85B_	1
observable_2556	nuc_gene_a__C11orf68_	1
observable_2557	nuc_gene_a__PDE8B_	1
observable_2558	nuc_gene_a__JOSD1_	1
observable_2559	nuc_gene_a__LAMA2_	1
observable_2560	nuc_gene_a__DRAP1_	1
observable_2561	nuc_gene_a__SYN2_	1
observable_2562	nuc_gene_a__OTP_	1
observable_2563	nuc_gene_a__ASXL1_	1
observable_2564	nuc_gene_a__TRPM3_	1
observable_2565	nuc_gene_a__RCAN2_	1
observable_2566	nuc_gene_a__CST6_	1
observable_2567	nuc_gene_a__DGCR6_	1
observable_2568	nuc_gene_a__ACRBP_	1
observable_2569	nuc_gene_a__CATSPER1_	1
observable_2570	nuc_gene_a__SDR9C7_	1
observable_2571	nuc_gene_a__CNIH2_	1
observable_2572	nuc_gene_a__SLC22A13_	1
observable_2573	nuc_gene_a__GZF1_	1
observable_2574	nuc_gene_a__TMEM151A_	1
observable_2575	nuc_gene_a__CD248_	1
observable_2576	nuc_gene_a__PRL_	1
observable_2577	nuc_gene_a__INTS8_	1
observable_2578	nuc_gene_a__FKBP1A_	1
observable_2579	nuc_gene_a__PACS1_	1
observable_2580	nuc_gene_a__CST11_	1
observable_2581	nuc_gene_a__RORB_	1
observable_2582	nuc_gene_a__PTPRG_	1
observable_2583	nuc_gene_a__MYOD1_	1
observable_2584	nuc_gene_a__LY6K_	1
observable_2585	nuc_gene_a__KCNC1_	1
observable_2586	nuc_gene_a__KBTBD8_	1
observable_2587	nuc_gene_a__MBNL3_	1
observable_2588	nuc_gene_a__SPINK5_	1
observable_2589	nuc_gene_a__PEG3_	1
observable_2590	nuc_gene_a__MTMR2_	1
observable_2591	nuc_gene_a__FAM81B_	1
observable_2592	nuc_gene_a__GTF2H3_	1
observable_2593	nuc_gene_a__RGS20_	1
observable_2594	nuc_gene_a__GPR150_	1
observable_2595	nuc_gene_a__PDZRN3_	1
observable_2596	nuc_gene_a__LZTS1_	1
observable_2597	nuc_gene_a__MTRF1_	1
observable_2598	nuc_gene_a__LSS_	1
observable_2599	nuc_gene_a__TRIB1_	1
observable_2600	nuc_gene_a__CDC45_	1
observable_2601	nuc_gene_a__HSPB8_	1
observable_2602	nuc_gene_a__REP15_	1
observable_2603	nuc_gene_a__GGT7_	1
observable_2604	nuc_gene_a__AR_	1
observable_2605	nuc_gene_a__LRRC55_	1
observable_2606	nuc_gene_a__MTFP1_	1
observable_2607	nuc_gene_a__PRG3_	1
observable_2608	nuc_gene_a__KERA_	1
observable_2609	nuc_gene_a__IMPG2_	1
observable_2610	nuc_gene_a__GRIA2_	1
observable_2611	nuc_gene_a__EXOC1L_	1
observable_2612	nuc_gene_a__GUCA1C_	1
observable_2613	nuc_gene_a__FKBP2_	1
observable_2614	nuc_gene_a__TRPM6_	1
observable_2615	nuc_gene_a__FGF5_	1
observable_2616	nuc_gene_a__TMEM158_	1
observable_2617	nuc_gene_a__C9orf40_	1
observable_2618	nuc_gene_a__MRGPRD_	1
observable_2619	nuc_gene_a__DEFB108B_	1
observable_2620	nuc_gene_a__DEFB131B_	1
observable_2621	nuc_gene_a__DUSP15_	1
observable_2622	nuc_gene_a__CDADC1_	1
observable_2623	nuc_gene_a__KMT2B_	1
observable_2624	nuc_gene_a__GPR27_	1
observable_2625	nuc_gene_a__CLCN5_	1
observable_2626	nuc_gene_a__DDX4_	1
observable_2627	nuc_gene_a__LPXN_	1
observable_2628	nuc_gene_a__DTD1_	1
observable_2629	nuc_gene_a__MTUS2_	1
observable_2630	nuc_gene_a__CFAP44_	1
observable_2631	nuc_gene_a__TMEM187_	1
observable_2632	nuc_gene_a__SCN4B_	1
observable_2633	nuc_gene_a__GALNTL6_	1
observable_2634	nuc_gene_a__C9orf50_	1
observable_2635	nuc_gene_a__ACTR5_	1
observable_2636	nuc_gene_a__FOXD4L6_	1
observable_2637	nuc_gene_a__EGFL6_	1
observable_2638	nuc_gene_a__ZNF732_	1
observable_2639	nuc_gene_a__CATSPER3_	1
observable_2640	nuc_gene_a__IFNA4_	1
observable_2641	nuc_gene_a__ATP6V1E1_	1
observable_2642	nuc_gene_a__IFNA7_	1
observable_2643	nuc_gene_a__IFNA10_	1
observable_2644	nuc_gene_a__PITX1_	1
observable_2645	nuc_gene_a__IFNA16_	1
observable_2646	nuc_gene_a__KLHL9_	1
observable_2647	nuc_gene_a__FOXE1_	1
observable_2648	nuc_gene_a__SLC46A3_	1
observable_2649	nuc_gene_a__ZNF721_	1
observable_2650	nuc_gene_a__NEUROG1_	1
observable_2651	nuc_gene_a__HEMGN_	1
observable_2652	nuc_gene_a__PTGIS_	1
observable_2653	nuc_gene_a__LRCH2_	1
observable_2654	nuc_gene_a__CCDC81_	1
observable_2655	nuc_gene_a__MED13L_	1
observable_2656	nuc_gene_a__XBP1_	1
observable_2657	nuc_gene_a__SLC6A7_	1
observable_2658	nuc_gene_a__ARHGAP33_	1
observable_2659	nuc_gene_a__GYPB_	1
observable_2660	nuc_gene_a__MORC1_	1
observable_2661	nuc_gene_a__PRELID3B_	1
observable_2662	nuc_gene_a__GRM6_	1
observable_2663	nuc_gene_a__SRRM5_	1
observable_2664	nuc_gene_a__MYOM1_	1
observable_2665	nuc_gene_a__AMH_	1
observable_2666	nuc_gene_a__ZNF844_	1
observable_2667	nuc_gene_a__PDRG1_	1
observable_2668	nuc_gene_a__TRAT1_	1
observable_2669	nuc_gene_a__MBD3L5_	1
observable_2670	nuc_gene_a__MRGPRX4_	1
observable_2671	nuc_gene_a__MBD3L4_	1
observable_2672	nuc_gene_a__MANSC4_	1
observable_2673	nuc_gene_a__UGT2B28_	1
observable_2674	nuc_gene_a__MBD3L2_	1
observable_2675	nuc_gene_a__ZNF208_	1
observable_2676	nuc_gene_a__OR5F1_	1
observable_2677	nuc_gene_a__FOXN4_	1
observable_2678	nuc_gene_a__S1PR5_	1
observable_2679	nuc_gene_a__BFSP2_	1
observable_2680	nuc_gene_a__OR8H3_	1
observable_2681	nuc_gene_a__OR8K5_	1
observable_2682	nuc_gene_a__TTC23L_	1
observable_2683	nuc_gene_a__OR5J2_	1
observable_2684	nuc_gene_a__ARVCF_	1
observable_2685	nuc_gene_a__RNF7_	1
observable_2686	nuc_gene_a__POU5F1_	1
observable_2687	nuc_gene_a__OR10Q1_	1
observable_2688	nuc_gene_a__PSTPIP2_	1
observable_2689	nuc_gene_a__POU5F2_	1
observable_2690	nuc_gene_a__UGT2A1_	1
observable_2691	nuc_gene_a__KLHL4_	1
observable_2692	nuc_gene_a__NR2F1_	1
observable_2693	nuc_gene_a__OR4D11_	1
observable_2694	nuc_gene_a__PROK2_	1
observable_2695	nuc_gene_a__SOX14_	1
observable_2696	nuc_gene_a__CFAP299_	1
observable_2697	nuc_gene_a__NALCN_	1
observable_2698	nuc_gene_a__ZNF354B_	1
observable_2699	nuc_gene_a__DYNLT3_	1
observable_2700	nuc_gene_a__ZIC1_	1
observable_2701	nuc_gene_a__KLK3_	1
observable_2702	nuc_gene_a__MPST_	1
observable_2703	nuc_gene_a__PANO1_	1
observable_2704	nuc_gene_a__TMPRSS3_	1
observable_2705	nuc_gene_a__PPM1L_	1
observable_2706	nuc_gene_a__OR10G9_	1
observable_2707	nuc_gene_a__RAP2C_	1
observable_2708	nuc_gene_a__GREB1L_	1
observable_2709	nuc_gene_a__ELSPBP1_	1
observable_2710	nuc_gene_a__UNC5C_	1
observable_2711	nuc_gene_a__KANTR_	1
observable_2712	nuc_gene_a__SYNPR_	1
observable_2713	nuc_gene_a__SLC6A19_	1
observable_2714	nuc_gene_a__PRR12_	1
observable_2715	nuc_gene_a__YPEL4_	1
observable_2716	nuc_gene_a__NAP1L2_	1
observable_2717	nuc_gene_a__SLC6A18_	1
observable_2718	nuc_gene_a__KNTC1_	1
observable_2719	nuc_gene_a__ZNF772_	1
observable_2720	nuc_gene_a__EMILIN2_	1
observable_2721	nuc_gene_a__NUP62CL_	1
observable_2722	nuc_gene_a__ADH4_	1
observable_2723	nuc_gene_a__CLCF1_	1
observable_2724	nuc_gene_a__SIX5_	1
observable_2725	nuc_gene_a__PTPRCAP_	1
observable_2726	nuc_gene_a__GPR152_	1
observable_2727	nuc_gene_a__HCAR2_	1
observable_2728	nuc_gene_a__RNF128_	1
observable_2729	nuc_gene_a__ZNF814_	1
observable_2730	nuc_gene_a__HCAR3_	1
observable_2731	nuc_gene_a__HCAR1_	1
observable_2732	nuc_gene_a__APLN_	1
observable_2733	nuc_gene_a__RCBTB1_	1
observable_2734	nuc_gene_a__PRAF2_	1
observable_2735	nuc_gene_a__MAPK4_	1
observable_2736	nuc_gene_a__FSHB_	1
observable_2737	nuc_gene_a__ANKRD33_	1
observable_2738	nuc_gene_a__DNMT3B_	1
observable_2739	nuc_gene_a__C1QTNF9_	1
observable_2740	nuc_gene_a__TAB3_	1
observable_2741	nuc_gene_a__ABHD13_	1
observable_2742	nuc_gene_a__BTG3_	1
observable_2743	nuc_gene_a__KCNIP4_	1
observable_2744	nuc_gene_a__CAPN3_	1
observable_2745	nuc_gene_a__NDP_	1
observable_2746	nuc_gene_a__RHAG_	1
observable_2747	nuc_gene_a__LIPT2_	1
observable_2748	nuc_gene_a__MTCP1_	1
observable_2749	nuc_gene_a__C6orf141_	1
observable_2750	nuc_gene_a__RTN4RL2_	1
observable_2751	nuc_gene_a__SERPINB2_	1
observable_2752	nuc_gene_a__CHRNA9_	1
observable_2753	nuc_gene_a__TAAR5_	1
observable_2754	nuc_gene_a__MYCT1_	1
observable_2755	nuc_gene_a__LY6G6D_	1
observable_2756	nuc_gene_a__UBE2L6_	1
observable_2757	nuc_gene_a__TRIO_	1
observable_2758	nuc_gene_a__STAB2_	1
observable_2759	nuc_gene_a__NKAPL_	1
observable_2760	nuc_gene_a__SPTBN4_	1
observable_2761	nuc_gene_a__POM121L2_	1
observable_2762	nuc_gene_a__SCN2B_	1
observable_2763	nuc_gene_a__ADAMTS3_	1
observable_2764	nuc_gene_a__SI_	1
observable_2765	nuc_gene_a__C11orf71_	1
observable_2766	nuc_gene_a__DRP2_	1
observable_2767	nuc_gene_a__HRK_	1
observable_2768	nuc_gene_a__OR6C70_	1
observable_2769	nuc_gene_a__OR6C68_	1
observable_2770	nuc_gene_a__ZNF726_	1
observable_2771	nuc_gene_a__SPATA16_	1
observable_2772	nuc_gene_a__TECTA_	1
observable_2773	nuc_gene_a__ZNF626_	1
observable_2774	nuc_gene_a__AFP_	1
observable_2775	nuc_gene_a__ZNF99_	1
observable_2776	nuc_gene_a__IGFL4_	1
observable_2777	nuc_gene_a__CSTF1_	1
observable_2778	nuc_gene_a__MAPRE2_	1
observable_2779	nuc_gene_a__MBD3L3_	1
observable_2780	nuc_gene_a__OR2Z1_	1
observable_2781	nuc_gene_a__OR7G2_	1
observable_2782	nuc_gene_a__OR4F17_	1
observable_2783	nuc_gene_a__SAMSN1_	1
observable_2784	nuc_gene_a__TAF8_	1
observable_2785	nuc_gene_a__PPEF2_	1
observable_2786	nuc_gene_a__NAALADL2_	1
observable_2787	nuc_gene_a__TBC1D8B_	1
observable_2788	nuc_gene_a__SNX19_	1
observable_2789	nuc_gene_a__IGFL2_	1
observable_2790	nuc_gene_a__PFDN4_	1
observable_2791	nuc_gene_a__ERVV_1_	1
observable_2792	nuc_gene_a__C6orf163_	1
observable_2793	nuc_gene_a__PRKAB1_	1
observable_2794	nuc_gene_a__RTL3_	1
observable_2795	nuc_gene_a__CLEC4G_	1
observable_2796	nuc_gene_a__NANOS3_	1
observable_2797	nuc_gene_a__ABLIM2_	1
observable_2798	nuc_gene_a__EID3_	1
observable_2799	nuc_gene_a__RAET1E_	1
observable_2800	nuc_gene_a__GJB1_	1
observable_2801	nuc_gene_a__CABP4_	1
observable_2802	nuc_gene_a__AGAP6_	1
observable_2803	nuc_gene_a__TSSK1B_	1
observable_2804	nuc_gene_a__RNFT2_	1
observable_2805	nuc_gene_a__HIRA_	1
observable_2806	nuc_gene_a__PHACTR1_	1
observable_2807	nuc_gene_a__MS4A13_	1
observable_2808	nuc_gene_a__SERPINB3_	1
observable_2809	nuc_gene_a__ATP8B3_	1
observable_2810	nuc_gene_a__MMP10_	1
observable_2811	nuc_gene_a__MCC_	1
observable_2812	nuc_gene_a__VAMP1_	1
observable_2813	nuc_gene_a__BTNL2_	1
observable_2814	nuc_gene_a__POF1B_	1
observable_2815	nuc_gene_a__LRRC75B_	1
observable_2816	nuc_gene_a__IFT88_	1
observable_2817	nuc_gene_a__RIPPLY2_	1
observable_2818	nuc_gene_a__OLIG2_	1
observable_2819	nuc_gene_a__IFNL3_	1
observable_2820	nuc_gene_a__CFL1_	1
observable_2821	nuc_gene_a__GPR174_	1
observable_2822	nuc_gene_a__RNF212_	1
observable_2823	nuc_gene_a__LDLRAD4_	1
observable_2824	nuc_gene_a__HCN2_	1
observable_2825	nuc_gene_a__FGF22_	1
observable_2826	nuc_gene_a__VGLL1_	1
observable_2827	nuc_gene_a__SMIM31_	1
observable_2828	nuc_gene_a__PEX26_	1
observable_2829	nuc_gene_a__MTNR1B_	1
observable_2830	nuc_gene_a__TSPAN16_	1
observable_2831	nuc_gene_a__PSPN_	1
observable_2832	nuc_gene_a__MMP1_	1
observable_2833	nuc_gene_a__CCDC117_	1
observable_2834	nuc_gene_a__CSNK1A1_	1
observable_2835	nuc_gene_a__RENBP_	1
observable_2836	nuc_gene_a__PATE1_	1
observable_2837	nuc_gene_a__PATE2_	1
observable_2838	nuc_gene_a__TOB2_	1
observable_2839	nuc_gene_a__SORCS2_	1
observable_2840	nuc_gene_a__PATE3_	1
observable_2841	nuc_gene_a__LRFN3_	1
observable_2842	nuc_gene_a__SDHAF1_	1
observable_2843	nuc_gene_a__PATE4_	1
observable_2844	nuc_gene_a__PGRMC1_	1
observable_2845	nuc_gene_a__TMEM132A_	1
observable_2846	nuc_gene_a__MECOM_	1
observable_2847	nuc_gene_a__NUTM1_	1
observable_2848	nuc_gene_a__CCHCR1_	1
observable_2849	nuc_gene_a__NIPSNAP1_	1
observable_2850	nuc_gene_a__FGF13_	1
observable_2851	nuc_gene_a__PRSS48_	1
observable_2852	nuc_gene_a__CHRNA10_	1
observable_2853	nuc_gene_a__UNC13A_	1
observable_2854	nuc_gene_a__CHST2_	1
observable_2855	nuc_gene_a__VEGFC_	1
observable_2856	nuc_gene_a__INSL3_	1
observable_2857	nuc_gene_a__SLC37A1_	1
observable_2858	nuc_gene_a__GHSR_	1
observable_2859	nuc_gene_a__PPBP_	1
observable_2860	nuc_gene_a__GDF15_	1
observable_2861	nuc_gene_a__TEAD1_	1
observable_2862	nuc_gene_a__GPR149_	1
observable_2863	nuc_gene_a__RALBP1_	1
observable_2864	nuc_gene_a__LYPD3_	1
observable_2865	nuc_gene_a__CHIC2_	1
observable_2866	nuc_gene_a__FAM181B_	1
observable_2867	nuc_gene_a__GSX2_	1
observable_2868	nuc_gene_a__NAP1L5_	1
observable_2869	nuc_gene_a__CLSTN2_	1
observable_2870	nuc_gene_a__ZNF541_	1
observable_2871	nuc_gene_a__SCGB1C1_	1
observable_2872	nuc_gene_a__COG6_	1
observable_2873	nuc_gene_a__OR11A1_	1
observable_2874	nuc_gene_a__NLRP6_	1
observable_2875	nuc_gene_a__IFITM5_	1
observable_2876	nuc_gene_a__SH3BP1_	1
observable_2877	nuc_gene_a__SIGLEC14_	1
observable_2878	nuc_gene_a__SPC24_	1
observable_2879	nuc_gene_a__GRIA1_	1
observable_2880	nuc_gene_a__KCNQ2_	1
observable_2881	nuc_gene_a__SLC35A2_	1
observable_2882	nuc_gene_a__SPINK7_	1
observable_2883	nuc_gene_a__FRMD1_	1
observable_2884	nuc_gene_a__DESI1_	1
observable_2885	nuc_gene_a__SPINK9_	1
observable_2886	nuc_gene_a__DNAJC13_	1
observable_2887	nuc_gene_a__TMEM126B_	1
observable_2888	nuc_gene_a__TRPM1_	1
observable_2889	nuc_gene_a__TMEM47_	1
observable_2890	nuc_gene_a__SNAP29_	1
observable_2891	nuc_gene_a__CCDC89_	1
observable_2892	nuc_gene_a__KCTD14_	1
observable_2893	nuc_gene_a__TRIM42_	1
observable_2894	nuc_gene_a__TMEM217_	1
observable_2895	nuc_gene_a__NDUFC2_KCTD14_	1
observable_2896	nuc_gene_a__DDT_	1
observable_2897	nuc_gene_a__KLHL6_	1
observable_2898	nuc_gene_a__SLCO3A1_	1
observable_2899	nuc_gene_a__PAGE2B_	1
observable_2900	nuc_gene_a__KPNA3_	1
observable_2901	nuc_gene_a__SPATA9_	1
observable_2902	nuc_gene_a__ELFN2_	1
observable_2903	nuc_gene_a__DCHS1_	1
observable_2904	nuc_gene_a__SPOCK1_	1
observable_2905	nuc_gene_a__OMP_	1
observable_2906	nuc_gene_a__XPNPEP2_	1
observable_2907	nuc_gene_a__ANKRD33B_	1
observable_2908	nuc_gene_a__C11orf16_	1
observable_2909	nuc_gene_a__ZFP92_	1
observable_2910	nuc_gene_a__NOX5_	1
observable_2911	nuc_gene_a__NRK_	1
observable_2912	nuc_gene_a__VNN2_	1
observable_2913	nuc_gene_a__GATA6_	1
observable_2914	nuc_gene_a__ZSCAN5B_	1
observable_2915	nuc_gene_a__CEACAM18_	1
observable_2916	nuc_gene_a__ADAMTS9_	1
observable_2917	nuc_gene_a__PGA3_	1
observable_2918	nuc_gene_a__ZNF396_	1
observable_2919	nuc_gene_a__TM9SF2_	1
observable_2920	nuc_gene_a__SLIT3_	1
observable_2921	nuc_gene_a__C6orf132_	1
observable_2922	nuc_gene_a__MAB21L1_	1
observable_2923	nuc_gene_a__ETV2_	1
observable_2924	nuc_gene_a__UPK1A_	1
observable_2925	nuc_gene_a__SMIM23_	1
observable_2926	nuc_gene_a__ALAS2_	1
observable_2927	nuc_gene_a__PGA5_	1
observable_2928	nuc_gene_a__ARMC12_	1
observable_2929	nuc_gene_a__CLPSL1_	1
observable_2930	nuc_gene_a__GK5_	1
observable_2931	nuc_gene_a__LHFPL5_	1
observable_2932	nuc_gene_a__CABIN1_	1
observable_2933	nuc_gene_a__CEP76_	1
observable_2934	nuc_gene_a__PPFIA2_	1
observable_2935	nuc_gene_a__CGB1_	1
observable_2936	nuc_gene_a__LRRC10B_	1
observable_2937	nuc_gene_a__ARSF_	1
observable_2938	nuc_gene_a__SELENOP_	1
observable_2939	nuc_gene_a__FBXO45_	1
observable_2940	nuc_gene_a__DIP2A_	1
observable_2941	nuc_gene_a__MTA2_	1
observable_2942	nuc_gene_a__PYDC2_	1
observable_2943	nuc_gene_a__ZNF101_	1
observable_2944	nuc_gene_a__RNF168_	1
observable_2945	nuc_gene_a__PNPLA5_	1
observable_2946	nuc_gene_a__MB21D2_	1
observable_2947	nuc_gene_a__ADA_	1
observable_2948	nuc_gene_a__ZNF14_	1
observable_2949	nuc_gene_a__ROM1_	1
observable_2950	nuc_gene_a__DUSP22_	1
observable_2951	nuc_gene_a__OPA3_	1
observable_2952	nuc_gene_a__KCNIP1_	1
observable_2953	nuc_gene_a__INTS5_	1
observable_2954	nuc_gene_a__GMNC_	1
observable_2955	nuc_gene_a__NAPG_	1
observable_2956	nuc_gene_a__C11orf98_	1
observable_2957	nuc_gene_a__PLCXD3_	1
observable_2958	nuc_gene_a__PLAC8L1_	1
observable_2959	nuc_gene_a__TP53AIP1_	1
observable_2960	nuc_gene_a__JAK3_	1
observable_2961	nuc_gene_a__ADORA2A_	1
observable_2962	nuc_gene_a__DEUP1_	1
observable_2963	nuc_gene_a__ZRANB1_	1
observable_2964	nuc_gene_a__PPP1R3C_	1
observable_2965	nuc_gene_a__IFIT5_	1
observable_2966	nuc_gene_a__MRGPRX3_	1
observable_2967	nuc_gene_a__SLC5A5_	1
observable_2968	nuc_gene_a__OR5AN1_	1
observable_2969	nuc_gene_a__PCNP_	1
observable_2970	nuc_gene_a__OR51L1_	1
observable_2971	nuc_gene_a__OR8D4_	1
observable_2972	nuc_gene_a__B4GALT5_	1
observable_2973	nuc_gene_a__OR4S2_	1
observable_2974	nuc_gene_a__OR4C6_	1
observable_2975	nuc_gene_a__OR8H2_	1
observable_2976	nuc_gene_a__OR4D9_	1
observable_2977	nuc_gene_a__OR52N5_	1
observable_2978	nuc_gene_a__OR56A4_	1
observable_2979	nuc_gene_a__RBM12_	1
observable_2980	nuc_gene_a__OR52A5_	1
observable_2981	nuc_gene_a__OR8D1_	1
observable_2982	nuc_gene_a__FANCD2OS_	1
observable_2983	nuc_gene_a__OR5B3_	1
observable_2984	nuc_gene_a__NCR1_	1
observable_2985	nuc_gene_a__OR52A1_	1
observable_2986	nuc_gene_a__OR5A2_	1
observable_2987	nuc_gene_a__TAF4B_	1
observable_2988	nuc_gene_a__ABLIM3_	1
observable_2989	nuc_gene_a__RSPO4_	1
observable_2990	nuc_gene_a__OR10G7_	1
observable_2991	nuc_gene_a__OR52N1_	1
observable_2992	nuc_gene_a__OR5B2_	1
observable_2993	nuc_gene_a__OR8B8_	1
observable_2994	nuc_gene_a__HTR7_	1
observable_2995	nuc_gene_a__SEMG1_	1
observable_2996	nuc_gene_a__SNTN_	1
observable_2997	nuc_gene_a__THOC7_	1
observable_2998	nuc_gene_a__IL17B_	1
observable_2999	nuc_gene_a__CASP4_	1
observable_3000	nuc_gene_a__ZNF80_	1
observable_3001	nuc_gene_a__NUDT16_	1
observable_3002	nuc_gene_a__EVA1C_	1
observable_3003	nuc_gene_a__DIPK2A_	1
observable_3004	nuc_gene_a__RYR3_	1
observable_3005	nuc_gene_a__TPST2_	1
observable_3006	nuc_gene_a__RNF145_	1
observable_3007	nuc_gene_a__MATN4_	1
observable_3008	nuc_gene_a__P2RX2_	1
observable_3009	nuc_gene_a__HIF3A_	1
observable_3010	nuc_gene_a__YES1_	1
observable_3011	nuc_gene_a__PRDM9_	1
observable_3012	nuc_gene_a__CAMK2N2_	1
observable_3013	nuc_gene_a__CABP2_	1
observable_3014	nuc_gene_a__FBLL1_	1
observable_3015	nuc_gene_a__TMIE_	1
observable_3016	nuc_gene_a__CUL4B_	1
observable_3017	nuc_gene_a__PRSS50_	1
observable_3018	nuc_gene_a__OR10A4_	1
observable_3019	nuc_gene_a__OR9G1_	1
observable_3020	nuc_gene_a__CCDC8_	1
observable_3021	nuc_gene_a__OR4D10_	1
observable_3022	nuc_gene_a__ZSCAN4_	1
observable_3023	nuc_gene_a__NCR3LG1_	1
observable_3024	nuc_gene_a__LRRC15_	1
observable_3025	nuc_gene_a__FEM1A_	1
observable_3026	nuc_gene_a__TDG_	1
observable_3027	nuc_gene_a__FAM43A_	1
observable_3028	nuc_gene_a__RNASEH2B_	1
observable_3029	nuc_gene_a__RTF2_	1
observable_3030	nuc_gene_a__EDEM1_	1
observable_3031	nuc_gene_a__KCNMA1_	1
observable_3032	nuc_gene_a__WDR88_	1
observable_3033	nuc_gene_a__LRP3_	1
observable_3034	nuc_gene_a__APOA4_	1
observable_3035	nuc_gene_a__OR56A3_	1
observable_3036	nuc_gene_a__OR51M1_	1
observable_3037	nuc_gene_a__SLC25A43_	1
observable_3038	nuc_gene_a__OR51I2_	1
observable_3039	nuc_gene_a__OR52K2_	1
observable_3040	nuc_gene_a__OR52K1_	1
observable_3041	nuc_gene_a__CCDC87_	1
observable_3042	nuc_gene_a__LSM14B_	1
observable_3043	nuc_gene_a__OTOGL_	1
observable_3044	nuc_gene_a__HTR2C_	1
observable_3045	nuc_gene_a__OR52M1_	1
observable_3046	nuc_gene_a__OR5M1_	1
observable_3047	nuc_gene_a__OR8B3_	1
observable_3048	nuc_gene_a__OR8B2_	1
observable_3049	nuc_gene_a__FBN1_	1
observable_3050	nuc_gene_a__OR10A2_	1
observable_3051	nuc_gene_a__APOOL_	1
observable_3052	nuc_gene_a__OR5A1_	1
observable_3053	nuc_gene_a__OR51G2_	1
observable_3054	nuc_gene_a__OR51A7_	1
observable_3055	nuc_gene_a__GPR173_	1
observable_3056	nuc_gene_a__OR52E4_	1
observable_3057	nuc_gene_a__OR6A2_	1
observable_3058	nuc_gene_a__STXBP2_	1
observable_3059	nuc_gene_a__OR51D1_	1
observable_3060	nuc_gene_a__OR51E1_	1
observable_3061	nuc_gene_a__OR2AG2_	1
observable_3062	nuc_gene_a__SCN11A_	1
observable_3063	nuc_gene_a__OR10G8_	1
observable_3064	nuc_gene_a__RIMS1_	1
observable_3065	nuc_gene_a__HPSE2_	1
observable_3066	nuc_gene_a__OR51A4_	1
observable_3067	nuc_gene_a__KRTAP5_7_	1
observable_3068	nuc_gene_a__KRTAP5_8_	1
observable_3069	nuc_gene_a__KRTAP5_9_	1
observable_3070	nuc_gene_a__KRTAP5_10_	1
observable_3071	nuc_gene_a__FAM187B_	1
observable_3072	nuc_gene_a__MAGEF1_	1
observable_3073	nuc_gene_a__OR8J3_	1
observable_3074	nuc_gene_a__C3orf70_	1
observable_3075	nuc_gene_a__OR51E2_	1
observable_3076	nuc_gene_a__OR10G4_	1
observable_3077	nuc_gene_a__CLDN1_	1
observable_3078	nuc_gene_a__CEACAM3_	1
observable_3079	nuc_gene_a__SPTY2D1_	1
observable_3080	nuc_gene_a__PDE4D_	1
observable_3081	nuc_gene_a__LYPD4_	1
observable_3082	nuc_gene_a__HEATR4_	1
observable_3083	nuc_gene_a__ACCSL_	1
observable_3084	nuc_gene_a__ABCC2_	1
observable_3085	nuc_gene_a__ZIC4_	1
observable_3086	nuc_gene_a__NBDY_	1
observable_3087	nuc_gene_a__ALX4_	1
observable_3088	nuc_gene_a__OAS1_	1
observable_3089	nuc_gene_a__DMRTC2_	1
observable_3090	nuc_gene_a__GPR82_	1
observable_3091	nuc_gene_a__KLHL31_	1
observable_3092	nuc_gene_a__CALHM5_	1
observable_3093	nuc_gene_a__CALHM4_	1
observable_3094	nuc_gene_a__PKD2L1_	1
observable_3095	nuc_gene_a__CD79A_	1
observable_3096	nuc_gene_a__MMP3_	1
observable_3097	nuc_gene_a__SHROOM4_	1
observable_3098	nuc_gene_a__MMP12_	1
observable_3099	nuc_gene_a__CRX_	1
observable_3100	nuc_gene_a__VCX3A_	1
observable_3101	nuc_gene_a__ZNF503_	1
observable_3102	nuc_gene_a__SYT13_	1
observable_3103	nuc_gene_a__ZNF550_	1
observable_3104	nuc_gene_a__OAS2_	1
observable_3105	nuc_gene_a__RWDD1_	1
observable_3106	nuc_gene_a__RSPH4A_	1
observable_3107	nuc_gene_a__ADO_	1
observable_3108	nuc_gene_a__ITPKC_	1
observable_3109	nuc_gene_a__GAS6_	1
observable_3110	nuc_gene_a__VPS29_	1
observable_3111	nuc_gene_a__TGFBI_	1
observable_3112	nuc_gene_a__NFKBIL1_	1
observable_3113	nuc_gene_a__TNKS2_	1
observable_3114	nuc_gene_a__PIDD1_	1
observable_3115	nuc_gene_a__FGFBP3_	1
observable_3116	nuc_gene_a__SF3B5_	1
observable_3117	nuc_gene_a__MAST1_	1
observable_3118	nuc_gene_a__SLC4A11_	1
observable_3119	nuc_gene_a__SMIM32_	1
observable_3120	nuc_gene_a__GGT5_	1
observable_3121	nuc_gene_a__RSF1_	1
observable_3122	nuc_gene_a__FAAP24_	1
observable_3123	nuc_gene_a__OR7C1_	1
observable_3124	nuc_gene_a__TMEM255B_	1
observable_3125	nuc_gene_a__SORCS1_	1
observable_3126	nuc_gene_a__OR4D5_	1
observable_3127	nuc_gene_a__OR5D18_	1
observable_3128	nuc_gene_a__OR8I2_	1
observable_3129	nuc_gene_a__OR5AR1_	1
observable_3130	nuc_gene_a__OR4A16_	1
observable_3131	nuc_gene_a__PROSER2_	1
observable_3132	nuc_gene_a__ARGLU1_	1
observable_3133	nuc_gene_a__CXXC1_	1
observable_3134	nuc_gene_a__AMT_	1
observable_3135	nuc_gene_a__CXCL12_	1
observable_3136	nuc_gene_a__PFKFB1_	1
observable_3137	nuc_gene_a__PGA4_	1
observable_3138	nuc_gene_a__C10orf53_	1
observable_3139	nuc_gene_a__PPP1CC_	1
observable_3140	nuc_gene_a__DOP1A_	1
observable_3141	nuc_gene_a__OR9Q2_	1
observable_3142	nuc_gene_a__STK4_	1
observable_3143	nuc_gene_a__LNX2_	1
observable_3144	nuc_gene_a__PATZ1_	1
observable_3145	nuc_gene_a__OR5AS1_	1
observable_3146	nuc_gene_a__OR2AG1_	1
observable_3147	nuc_gene_a__PITX3_	1
observable_3148	nuc_gene_a__OR52N4_	1
observable_3149	nuc_gene_a__OR8G1_	1
observable_3150	nuc_gene_a__NANOS1_	1
observable_3151	nuc_gene_a__OR4C15_	1
observable_3152	nuc_gene_a__OR51T1_	1
observable_3153	nuc_gene_a__OR8D2_	1
observable_3154	nuc_gene_a__IL31RA_	1
observable_3155	nuc_gene_a__OR5M10_	1
observable_3156	nuc_gene_a__OR6T1_	1
observable_3157	nuc_gene_a__OR6X1_	1
observable_3158	nuc_gene_a__OR8B12_	1
observable_3159	nuc_gene_a__OR8B4_	1
observable_3160	nuc_gene_a__PDE4C_	1
observable_3161	nuc_gene_a__OR5M11_	1
observable_3162	nuc_gene_a__ZSWIM3_	1
observable_3163	nuc_gene_a__OR6M1_	1
observable_3164	nuc_gene_a__OR4C11_	1
observable_3165	nuc_gene_a__OR9I1_	1
observable_3166	nuc_gene_a__LHX5_	1
observable_3167	nuc_gene_a__TBX10_	1
observable_3168	nuc_gene_a__C15orf40_	1
observable_3169	nuc_gene_a__CXorf58_	1
observable_3170	nuc_gene_a__OR5B21_	1
observable_3171	nuc_gene_a__MMP24_	1
observable_3172	nuc_gene_a__MC2R_	1
observable_3173	nuc_gene_a__OR51I1_	1
observable_3174	nuc_gene_a__CLDN2_	1
observable_3175	nuc_gene_a__OR51B2_	1
observable_3176	nuc_gene_a__PINLYP_	1
observable_3177	nuc_gene_a__OR52H1_	1
observable_3178	nuc_gene_a__ANKRD52_	1
observable_3179	nuc_gene_a__P2RY10_	1
observable_3180	nuc_gene_a__TXN2_	1
observable_3181	nuc_gene_a__SELENOV_	1
observable_3182	nuc_gene_a__VN1R4_	1
observable_3183	nuc_gene_a__PJA1_	1
observable_3184	nuc_gene_a__CCDC73_	1
observable_3185	nuc_gene_a__TMEM160_	1
observable_3186	nuc_gene_a__OR5AP2_	1
observable_3187	nuc_gene_a__OR4D6_	1
observable_3188	nuc_gene_a__SMAD3_	1
observable_3189	nuc_gene_a__PTCHD1_	1
observable_3190	nuc_gene_a__ZC3H4_	1
observable_3191	nuc_gene_a__IL23A_	1
observable_3192	nuc_gene_a__C10orf120_	1
observable_3193	nuc_gene_a__BSN_	1
observable_3194	nuc_gene_a__ASB9_	1
observable_3195	nuc_gene_a__AMIGO3_	1
observable_3196	nuc_gene_a__GOLT1B_	1
observable_3197	nuc_gene_a__FOXL2_	1
observable_3198	nuc_gene_a__PSMD8_	1
observable_3199	nuc_gene_a__PRR23A_	1
observable_3200	nuc_gene_a__FAM24A_	1
observable_3201	nuc_gene_a__PRR23B_	1
observable_3202	nuc_gene_a__RBL1_	1
observable_3203	nuc_gene_a__PRR23C_	1
observable_3204	nuc_gene_a__DIPK2B_	1
observable_3205	nuc_gene_a__SPX_	1
observable_3206	nuc_gene_a__OR11H12_	1
observable_3207	nuc_gene_a__ARL14_	1
observable_3208	nuc_gene_a__TSBP1_	1
observable_3209	nuc_gene_a__RND1_	1
observable_3210	nuc_gene_a__RELB_	1
observable_3211	nuc_gene_a__EPB42_	1
observable_3212	nuc_gene_a__ZNF296_	1
observable_3213	nuc_gene_a__CHMP2B_	1
observable_3214	nuc_gene_a__PSMG2_	1
observable_3215	nuc_gene_a__ARHGAP20_	1
observable_3216	nuc_gene_a__WNT5A_	1
observable_3217	nuc_gene_a__CDK2AP1_	1
observable_3218	nuc_gene_a__PRRC1_	1
observable_3219	nuc_gene_a__GPR62_	1
observable_3220	nuc_gene_a__BRI3BP_	1
observable_3221	nuc_gene_a__SLC35A4_	1
observable_3222	nuc_gene_a__PCID2_	1
observable_3223	nuc_gene_a__IRX1_	1
observable_3224	nuc_gene_a__NUAK1_	1
observable_3225	nuc_gene_a__OR2AP1_	1
observable_3226	nuc_gene_a__LRRK1_	1
observable_3227	nuc_gene_a__OR6C2_	1
observable_3228	nuc_gene_a__C12orf71_	1
observable_3229	nuc_gene_a__ATRN_	1
observable_3230	nuc_gene_a__FOXP3_	1
observable_3231	nuc_gene_a__DOCK6_	1
observable_3232	nuc_gene_a__RNLS_	1
observable_3233	nuc_gene_a__TRIM23_	1
observable_3234	nuc_gene_a__KIF3B_	1
observable_3235	nuc_gene_a__USP14_	1
observable_3236	nuc_gene_a__TBC1D30_	1
observable_3237	nuc_gene_a__MSGN1_	1
observable_3238	nuc_gene_a__POTEB3_	1
observable_3239	nuc_gene_a__WBP4_	1
observable_3240	nuc_gene_a__EFNA2_	1
observable_3241	nuc_gene_a__GJD4_	1
observable_3242	nuc_gene_a__FZD8_	1
observable_3243	nuc_gene_a__DUSP7_	1
observable_3244	nuc_gene_a__BFSP1_	1
observable_3245	nuc_gene_a__TRABD_	1
observable_3246	nuc_gene_a__ZNF599_	1
observable_3247	nuc_gene_a__GDPD4_	1
observable_3248	nuc_gene_a__TPBGL_	1
observable_3249	nuc_gene_a__PROCR_	1
observable_3250	nuc_gene_a__GDF7_	1
observable_3251	nuc_gene_a__ZFP36L1_	1
observable_3252	nuc_gene_a__KCNG3_	1
observable_3253	nuc_gene_a__WAS_	1
observable_3254	nuc_gene_a__ATP5F1E_	1
observable_3255	nuc_gene_a__TRAPPC13_	1
observable_3256	nuc_gene_a__BAP1_	1
observable_3257	nuc_gene_a__RNF10_	1
observable_3258	nuc_gene_a__DYNLRB1_	1
observable_3259	nuc_gene_a__RNF225_	1
observable_3260	nuc_gene_a__ATP11A_	1
observable_3261	nuc_gene_a__PCDH12_	1
observable_3262	nuc_gene_a__SERPINA7_	1
observable_3263	nuc_gene_a__ZNF584_	1
observable_3264	nuc_gene_a__FSHR_	1
observable_3265	nuc_gene_a__SGPL1_	1
observable_3266	nuc_gene_a__C3orf22_	1
observable_3267	nuc_gene_a__HNRNPA0_	1
observable_3268	nuc_gene_a__TMEM72_	1
observable_3269	nuc_gene_a__NPAP1_	1
observable_3270	nuc_gene_a__IFT46_	1
observable_3271	nuc_gene_a__SNURF_	1
observable_3272	nuc_gene_a__PSG11_	1
observable_3273	nuc_gene_a__PSG2_	1
observable_3274	nuc_gene_a__SMTNL1_	1
observable_3275	nuc_gene_a__WNT8B_	1
observable_3276	nuc_gene_a__TCP11_	1
observable_3277	nuc_gene_a__CADM2_	1
observable_3278	nuc_gene_a__MMP26_	1
observable_3279	nuc_gene_a__PSG3_	1
observable_3280	nuc_gene_a__OR51S1_	1
observable_3281	nuc_gene_a__GLYATL2_	1
observable_3282	nuc_gene_a__PSG8_	1
observable_3283	nuc_gene_a__HMGCS1_	1
observable_3284	nuc_gene_a__KCNK7_	1
observable_3285	nuc_gene_a__CLRN1_	1
observable_3286	nuc_gene_a__PRKCH_	1
observable_3287	nuc_gene_a__PPEF1_	1
observable_3288	nuc_gene_a__CCL28_	1
observable_3289	nuc_gene_a__TNF_	1
observable_3290	nuc_gene_a__GLIPR1L1_	1
observable_3291	nuc_gene_a__BCL2L13_	1
observable_3292	nuc_gene_a__PSG1_	1
observable_3293	nuc_gene_a__GLIPR1_	1
observable_3294	nuc_gene_a__TMEM167A_	1
observable_3295	nuc_gene_a__GAD2_	1
observable_3296	nuc_gene_a__OTC_	1
observable_3297	nuc_gene_a__OR6C4_	1
observable_3298	nuc_gene_a__C1QL3_	1
observable_3299	nuc_gene_a__OSTM1_	1
observable_3300	nuc_gene_a__USP34_	1
observable_3301	nuc_gene_a__SRGN_	1
observable_3302	nuc_gene_a__CGA_	1
observable_3303	nuc_gene_a__CYTH2_	1
observable_3304	nuc_gene_a__PCDH19_	1
observable_3305	nuc_gene_a__AGBL2_	1
observable_3306	nuc_gene_a__TRHDE_	1
observable_3307	nuc_gene_a__IL17A_	1
observable_3308	nuc_gene_a__SPIRE1_	1
observable_3309	nuc_gene_a__OR6C75_	1
observable_3310	nuc_gene_a__IL17F_	1
observable_3311	nuc_gene_a__OR6C76_	1
observable_3312	nuc_gene_a__LBH_	1
observable_3313	nuc_gene_a__OR6C6_	1
observable_3314	nuc_gene_a__MUC22_	1
observable_3315	nuc_gene_a__MAGIX_	1
observable_3316	nuc_gene_a__ANP32D_	1
observable_3317	nuc_gene_a__LY6G5B_	1
observable_3318	nuc_gene_a__TAAR8_	1
observable_3319	nuc_gene_a__TAAR9_	1
observable_3320	nuc_gene_a__CDX4_	1
observable_3321	nuc_gene_a__C12orf54_	1
observable_3322	nuc_gene_a__HEXB_	1
observable_3323	nuc_gene_a__LY6G5C_	1
observable_3324	nuc_gene_a__TMEM40_	1
observable_3325	nuc_gene_a__LALBA_	1
observable_3326	nuc_gene_a__NEUROD4_	1
observable_3327	nuc_gene_a__IRAK1BP1_	1
observable_3328	nuc_gene_a__PGR_	1
observable_3329	nuc_gene_a__LRFN2_	1
observable_3330	nuc_gene_a__CBS_	1
observable_3331	nuc_gene_a__C3orf62_	1
observable_3332	nuc_gene_a__RPS6KA6_	1
observable_3333	nuc_gene_a__KRTAP5_11_	1
observable_3334	nuc_gene_a__MDN1_	1
observable_3335	nuc_gene_a__TCEAL5_	1
observable_3336	nuc_gene_a__FAT2_	1
observable_3337	nuc_gene_a__MSX2_	1
observable_3338	nuc_gene_a__MOCOS_	1
observable_3339	nuc_gene_a__PRKAG1_	1
observable_3340	nuc_gene_a__OAZ2_	1
observable_3341	nuc_gene_a__BCL11A_	1
observable_3342	nuc_gene_a__LDHAL6A_	1
observable_3343	nuc_gene_a__ROPN1L_	1
observable_3344	nuc_gene_a__LGALS14_	1
observable_3345	nuc_gene_a__DENND6B_	1
observable_3346	nuc_gene_a__CLC_	1
observable_3347	nuc_gene_a__MCM8_	1
observable_3348	nuc_gene_a__TRIM3_	1
observable_3349	nuc_gene_a__ZNF300_	1
observable_3350	nuc_gene_a__CEBPA_	1
observable_3351	nuc_gene_a__CPNE5_	1
observable_3352	nuc_gene_a__TACR1_	1
observable_3353	nuc_gene_a__SUMO4_	1
observable_3354	nuc_gene_a__ZNF536_	1
observable_3355	nuc_gene_a__ZC3H12D_	1
observable_3356	nuc_gene_a__TRMT6_	1
observable_3357	nuc_gene_a__CCDC102B_	1
observable_3358	nuc_gene_a__CIB4_	1
observable_3359	nuc_gene_a__FAM174A_	1
observable_3360	nuc_gene_a__GUCA1A_	1
observable_3361	nuc_gene_a__ACTBL2_	1
observable_3362	nuc_gene_a__SLX4IP_	1
observable_3363	nuc_gene_a__GLP1R_	1
observable_3364	nuc_gene_a__SAYSD1_	1
observable_3365	nuc_gene_a__PCDH1_	1
observable_3366	nuc_gene_a__SBSN_	1
observable_3367	nuc_gene_a__CRLS1_	1
observable_3368	nuc_gene_a__MAGEA4_	1
observable_3369	nuc_gene_a__RAB31_	1
observable_3370	nuc_gene_a__PPARA_	1
observable_3371	nuc_gene_a__FGF6_	1
observable_3372	nuc_gene_a__DNAH6_	1
observable_3373	nuc_gene_a__MYBPC3_	1
observable_3374	nuc_gene_a__ERG_	1
observable_3375	nuc_gene_a__GAPDHS_	1
observable_3376	nuc_gene_a__DDIT3_	1
observable_3377	nuc_gene_a__TP63_	1
observable_3378	nuc_gene_a__FAM110C_	1
observable_3379	nuc_gene_a__TTBK1_	1
observable_3380	nuc_gene_a__TMEM132C_	1
observable_3381	nuc_gene_a__ATP4A_	1
observable_3382	nuc_gene_a__MRAP_	1
observable_3383	nuc_gene_a__CLEC12B_	1
observable_3384	nuc_gene_a__ALK_	1
observable_3385	nuc_gene_a__ASCL4_	1
observable_3386	nuc_gene_a__RPP14_	1
observable_3387	nuc_gene_a__POSTN_	1
observable_3388	nuc_gene_a__YIPF6_	1
observable_3389	nuc_gene_a__CEACAM20_	1
observable_3390	nuc_gene_a__RASSF9_	1
observable_3391	nuc_gene_a__CNTN5_	1
observable_3392	nuc_gene_a__CEACAM16_	1
observable_3393	nuc_gene_a__ZNF449_	1
observable_3394	nuc_gene_a__FDX2_	1
observable_3395	nuc_gene_a__GJA3_	1
observable_3396	nuc_gene_a__TFE3_	1
observable_3397	nuc_gene_a__GPX4_	1
observable_3398	nuc_gene_a__XPO4_	1
observable_3399	nuc_gene_a__ACAA2_	1
observable_3400	nuc_gene_a__UTRN_	1
observable_3401	nuc_gene_a__TULP2_	1
observable_3402	nuc_gene_a__TGDS_	1
observable_3403	nuc_gene_a__TFIP11_	1
observable_3404	nuc_gene_a__IL1B_	1
observable_3405	nuc_gene_a__NCOA6_	1
observable_3406	nuc_gene_a__ZNF407_	1
observable_3407	nuc_gene_a__SH3RF3_	1
observable_3408	nuc_gene_a__ZBED4_	1
observable_3409	nuc_gene_a__TMEM182_	1
observable_3410	nuc_gene_a__PSMA7_	1
observable_3411	nuc_gene_a__SRRD_	1
observable_3412	nuc_gene_a__PEX5L_	1
observable_3413	nuc_gene_a__PTOV1_	1
observable_3414	nuc_gene_a__NAA20_	1
observable_3415	nuc_gene_a__RASL10A_	1
observable_3416	nuc_gene_a__OR6C3_	1
observable_3417	nuc_gene_a__NXPH2_	1
observable_3418	nuc_gene_a__KRT3_	1
observable_3419	nuc_gene_a__KRT4_	1
observable_3420	nuc_gene_a__WBP2NL_	1
observable_3421	nuc_gene_a__TMEM185B_	1
observable_3422	nuc_gene_a__KRT79_	1
observable_3423	nuc_gene_a__KRT78_	1
observable_3424	nuc_gene_a__OR6C74_	1
observable_3425	nuc_gene_a__CRYGS_	1
observable_3426	nuc_gene_a__ERP27_	1
observable_3427	nuc_gene_a__OR10P1_	1
observable_3428	nuc_gene_a__HMGXB4_	1
observable_3429	nuc_gene_a__NAV2_	1
observable_3430	nuc_gene_a__NPC1_	1
observable_3431	nuc_gene_a__SOWAHC_	1
observable_3432	nuc_gene_a__COL4A1_	1
observable_3433	nuc_gene_a__ITPA_	1
observable_3434	nuc_gene_a__GPR83_	1
observable_3435	nuc_gene_a__C11orf91_	1
observable_3436	nuc_gene_a__L1CAM_	1
observable_3437	nuc_gene_a__ITGB2_	1
observable_3438	nuc_gene_a__OR5B12_	1
observable_3439	nuc_gene_a__LRP1B_	1
observable_3440	nuc_gene_a__IL5RA_	1
observable_3441	nuc_gene_a__KMT2D_	1
observable_3442	nuc_gene_a__ZGLP1_	1
observable_3443	nuc_gene_a__APLNR_	1
observable_3444	nuc_gene_a__KCNJ3_	1
observable_3445	nuc_gene_a__HTR3B_	1
observable_3446	nuc_gene_a__APMAP_	1
observable_3447	nuc_gene_a__COX7B_	1
observable_3448	nuc_gene_a__IFITM2_	1
observable_3449	nuc_gene_a__HRH3_	1
observable_3450	nuc_gene_a__RMC1_	1
observable_3451	nuc_gene_a__NSUN3_	1
observable_3452	nuc_gene_a__SAMM50_	1
observable_3453	nuc_gene_a__WNT1_	1
observable_3454	nuc_gene_a__CHM_	1
observable_3455	nuc_gene_a__TBR1_	1
observable_3456	nuc_gene_a__POU2AF1_	1
observable_3457	nuc_gene_a__STRN4_	1
observable_3458	nuc_gene_a__PIN4_	1
observable_3459	nuc_gene_a__RIT2_	1
observable_3460	nuc_gene_a__TMEM86A_	1
observable_3461	nuc_gene_a__C18orf32_	1
observable_3462	nuc_gene_a__IGSF22_	1
observable_3463	nuc_gene_a__DIDO1_	1
observable_3464	nuc_gene_a__NOS1_	1
observable_3465	nuc_gene_a__MRGPRX2_	1
observable_3466	nuc_gene_a__MRGPRX1_	1
observable_3467	nuc_gene_a__IZUMO1R_	1
observable_3468	nuc_gene_a__TAF10_	1
observable_3469	nuc_gene_a__ARL13B_	1
observable_3470	nuc_gene_a__OR51F1_	1
observable_3471	nuc_gene_a__NWD1_	1
observable_3472	nuc_gene_a__ACOT8_	1
observable_3473	nuc_gene_a__TMBIM4_	1
observable_3474	nuc_gene_a__CYP8B1_	1
observable_3475	nuc_gene_a__RNF26_	1
observable_3476	nuc_gene_a__IQCF1_	1
observable_3477	nuc_gene_a__C1QTNF5_	1
observable_3478	nuc_gene_a__OR6C1_	1
observable_3479	nuc_gene_a__IQCF2_	1
observable_3480	nuc_gene_a__IQCF5_	1
observable_3481	nuc_gene_a__ACSM4_	1
observable_3482	nuc_gene_a__ZNF461_	1
observable_3483	nuc_gene_a__ACTL9_	1
observable_3484	nuc_gene_a__ZNF628_	1
observable_3485	nuc_gene_a__FGF4_	1
observable_3486	nuc_gene_a__ZNF93_	1
observable_3487	nuc_gene_a__CXCR5_	1
observable_3488	nuc_gene_a__INHBB_	1
observable_3489	nuc_gene_a__SCN10A_	1
observable_3490	nuc_gene_a__UPK2_	1
observable_3491	nuc_gene_a__SLC25A18_	1
observable_3492	nuc_gene_a__ZNF682_	1
observable_3493	nuc_gene_a__EAF1_	1
observable_3494	nuc_gene_a__FOXR1_	1
observable_3495	nuc_gene_a__SLC22A25_	1
observable_3496	nuc_gene_a__TREX1_	1
observable_3497	nuc_gene_a__ZNF90_	1
observable_3498	nuc_gene_a__UCN2_	1
observable_3499	nuc_gene_a__TMEM89_	1
observable_3500	nuc_gene_a__ARL4C_	1
observable_3501	nuc_gene_a__HSPH1_	1
observable_3502	nuc_gene_a__ZNF486_	1
observable_3503	nuc_gene_a__KREMEN1_	1
observable_3504	nuc_gene_a__CELSR3_	1
observable_3505	nuc_gene_a__GLYATL1_	1
observable_3506	nuc_gene_a__ACACB_	1
observable_3507	nuc_gene_a__MDH1B_	1
observable_3508	nuc_gene_a__SMIM35_	1
observable_3509	nuc_gene_a__CARM1_	1
observable_3510	nuc_gene_a__SPACA6_	1
observable_3511	nuc_gene_a__LBHD1_	1
observable_3512	nuc_gene_a__SYNE2_	1
observable_3513	nuc_gene_a__SLC25A30_	1
observable_3514	nuc_gene_a__DPRX_	1
observable_3515	nuc_gene_a__ANGPTL8_	1
observable_3516	nuc_gene_a__MRPL34_	1
observable_3517	nuc_gene_a__GTF2A1L_	1
observable_3518	nuc_gene_a__ZSWIM2_	1
observable_3519	nuc_gene_a__GPR180_	1
observable_3520	nuc_gene_a__C12orf42_	1
observable_3521	nuc_gene_a__ANO8_	1
observable_3522	nuc_gene_a__ZMYM5_	1
observable_3523	nuc_gene_a__GABPA_	1
observable_3524	nuc_gene_a__COL7A1_	1
observable_3525	nuc_gene_a__PIGX_	1
observable_3526	nuc_gene_a__ITPRID2_	1
observable_3527	nuc_gene_a__HUWE1_	1
observable_3528	nuc_gene_a__TBC1D4_	1
observable_3529	nuc_gene_a__CATSPERG_	1
observable_3530	nuc_gene_a__OSBP2_	1
observable_3531	nuc_gene_a__TMEM120B_	1
observable_3532	nuc_gene_a__TXNRD3_	1
observable_3533	nuc_gene_a__RHOF_	1
observable_3534	nuc_gene_a__TLR9_	1
observable_3535	nuc_gene_a__MICU2_	1
observable_3536	nuc_gene_a__C3orf80_	1
observable_3537	nuc_gene_a__OR5K1_	1
observable_3538	nuc_gene_a__FOSB_	1
observable_3539	nuc_gene_a__KDELR3_	1
observable_3540	nuc_gene_a__TMEM207_	1
observable_3541	nuc_gene_a__GDPD2_	1
observable_3542	nuc_gene_a__PLSCR5_	1
observable_3543	nuc_gene_a__PRRG3_	1
observable_3544	nuc_gene_a__AKAP6_	1
observable_3545	nuc_gene_a__GPALPP1_	1
observable_3546	nuc_gene_a__COL9A1_	1
observable_3547	nuc_gene_a__NR1I2_	1
observable_3548	nuc_gene_a__DNAH7_	1
observable_3549	nuc_gene_a__MUC16_	1
observable_3550	nuc_gene_a__EIF1AX_	1
observable_3551	nuc_gene_a__SMLR1_	1
observable_3552	nuc_gene_a__TNNC1_	1
observable_3553	nuc_gene_a__MID1IP1_	1
observable_3554	nuc_gene_a__AVIL_	1
observable_3555	nuc_gene_a__BRD1_	1
observable_3556	nuc_gene_a__SNW1_	1
observable_3557	nuc_gene_a__NLGN4X_	1
observable_3558	nuc_gene_a__TPX2_	1
observable_3559	nuc_gene_a__PRRC2A_	1
observable_3560	nuc_gene_a__DNAH1_	1
observable_3561	nuc_gene_a__DPP10_	1
observable_3562	nuc_gene_a__LILRA6_	1
observable_3563	nuc_gene_a__CLEC2D_	1
observable_3564	nuc_gene_a__TAB1_	1
observable_3565	nuc_gene_a__CSPG5_	1
observable_3566	nuc_gene_a__SNX12_	1
observable_3567	nuc_gene_a__VWC2L_	1
observable_3568	nuc_gene_a__CD69_	1
observable_3569	nuc_gene_a__CCDC157_	1
observable_3570	nuc_gene_a__CAMP_	1
observable_3571	nuc_gene_a__EFNB2_	1
observable_3572	nuc_gene_a__ZC3H12B_	1
observable_3573	nuc_gene_a__NDUFB11_	1
observable_3574	nuc_gene_a__KLRF1_	1
observable_3575	nuc_gene_a__GRM1_	1
observable_3576	nuc_gene_a__TPD52L3_	1
observable_3577	nuc_gene_a__FBXW12_	1
observable_3578	nuc_gene_a__GCNA_	1
observable_3579	nuc_gene_a__KLRF2_	1
observable_3580	nuc_gene_a__KIAA0930_	1
observable_3581	nuc_gene_a__B3GAT2_	1
observable_3582	nuc_gene_a__CLEC2A_	1
observable_3583	nuc_gene_a__UBE2C_	1
observable_3584	nuc_gene_a__PLXNA1_	1
observable_3585	nuc_gene_a__HMGB3_	1
observable_3586	nuc_gene_a__SMOC1_	1
observable_3587	nuc_gene_a__OR5H1_	1
observable_3588	nuc_gene_a__OR5H14_	1
observable_3589	nuc_gene_a__CLEC12A_	1
observable_3590	nuc_gene_a__ELF1_	1
observable_3591	nuc_gene_a__FAM240A_	1
observable_3592	nuc_gene_a__RTP3_	1
observable_3593	nuc_gene_a__GPRC5D_	1
observable_3594	nuc_gene_a__ABCA12_	1
observable_3595	nuc_gene_a__SERPINA9_	1
observable_3596	nuc_gene_a__ANKRD10_	1
observable_3597	nuc_gene_a__PAX6_	1
observable_3598	nuc_gene_a__KCNA6_	1
observable_3599	nuc_gene_a__KCNA1_	1
observable_3600	nuc_gene_a__ITM2C_	1
observable_3601	nuc_gene_a__MTMR6_	1
observable_3602	nuc_gene_a__COL9A3_	1
observable_3603	nuc_gene_a__TMPRSS12_	1
observable_3604	nuc_gene_a__HIGD1C_	1
observable_3605	nuc_gene_a__PES1_	1
observable_3606	nuc_gene_a__POU1F1_	1
observable_3607	nuc_gene_a__NUDT18_	1
observable_3608	nuc_gene_a__RASGRP4_	1
observable_3609	nuc_gene_a__PPP3R1_	1
observable_3610	nuc_gene_a__ARGFX_	1
observable_3611	nuc_gene_a__RBM43_	1
observable_3612	nuc_gene_a__MED14_	1
observable_3613	nuc_gene_a__TEDC1_	1
observable_3614	nuc_gene_a__AICDA_	1
observable_3615	nuc_gene_a__SPHKAP_	1
observable_3616	nuc_gene_a__CCDC83_	1
observable_3617	nuc_gene_a__RALGAPA2_	1
observable_3618	nuc_gene_a__CBX7_	1
observable_3619	nuc_gene_a__MCF2L2_	1
observable_3620	nuc_gene_a__GAB2_	1
observable_3621	nuc_gene_a__FAM217B_	1
observable_3622	nuc_gene_a__INS_IGF2_	1
observable_3623	nuc_gene_a__CYP7A1_	1
observable_3624	nuc_gene_a__RETNLB_	1
observable_3625	nuc_gene_a__AK7_	1
observable_3626	nuc_gene_a__RYR1_	1
observable_3627	nuc_gene_a__SLC22A14_	1
observable_3628	nuc_gene_a__SCML1_	1
observable_3629	nuc_gene_a__VEGFA_	1
observable_3630	nuc_gene_a__ASCL2_	1
observable_3631	nuc_gene_a__NXPE2_	1
observable_3632	nuc_gene_a__ALKBH1_	1
observable_3633	nuc_gene_a__ZPLD1_	1
observable_3634	nuc_gene_a__ISCA2_	1
observable_3635	nuc_gene_a__SGSM1_	1
observable_3636	nuc_gene_a__PREX1_	1
observable_3637	nuc_gene_a__NECAP1_	1
observable_3638	nuc_gene_a__FANCB_	1
observable_3639	nuc_gene_a__PLEK2_	1
observable_3640	nuc_gene_a__NAALADL1_	1
observable_3641	nuc_gene_a__TUBB4A_	1
observable_3642	nuc_gene_a__CCDC160_	1
observable_3643	nuc_gene_a__UBE2V1_	1
observable_3644	nuc_gene_a__TCEAL8_	1
observable_3645	nuc_gene_a__KLF2_	1
observable_3646	nuc_gene_a__GZMB_	1
observable_3647	nuc_gene_a__CLEC4A_	1
observable_3648	nuc_gene_a__CBLN3_	1
observable_3649	nuc_gene_a__ZNF705A_	1
observable_3650	nuc_gene_a__CDCA5_	1
observable_3651	nuc_gene_a__SETD4_	1
observable_3652	nuc_gene_a__ZNHIT2_	1
observable_3653	nuc_gene_a__SDR39U1_	1
observable_3654	nuc_gene_a__ADGB_	1
observable_3655	nuc_gene_a__TRIM64B_	1
observable_3656	nuc_gene_a__KRT80_	1
observable_3657	nuc_gene_a__GCAT_	1
observable_3658	nuc_gene_a__TSSK6_	1
observable_3659	nuc_gene_a__KRT81_	1
observable_3660	nuc_gene_a__UBE2A_	1
observable_3661	nuc_gene_a__FERMT1_	1
observable_3662	nuc_gene_a__KRT83_	1
observable_3663	nuc_gene_a__IL22RA2_	1
observable_3664	nuc_gene_a__KRT85_	1
observable_3665	nuc_gene_a__UGT1A9_	1
observable_3666	nuc_gene_a__APEX2_	1
observable_3667	nuc_gene_a__KRT84_	1
observable_3668	nuc_gene_a__MB_	1
observable_3669	nuc_gene_a__KRT82_	1
observable_3670	nuc_gene_a__KRT75_	1
observable_3671	nuc_gene_a__GDAP1L1_	1
observable_3672	nuc_gene_a__KRT6B_	1
observable_3673	nuc_gene_a__TRPM5_	1
observable_3674	nuc_gene_a__WFDC10B_	1
observable_3675	nuc_gene_a__KRT6C_	1
observable_3676	nuc_gene_a__ZNF441_	1
observable_3677	nuc_gene_a__ZNF440_	1
observable_3678	nuc_gene_a__TRIM49D1_	1
observable_3679	nuc_gene_a__TNXB_	1
observable_3680	nuc_gene_a__KRT6A_	1
observable_3681	nuc_gene_a__PCCA_	1
observable_3682	nuc_gene_a__UGT1A6_	1
observable_3683	nuc_gene_a__UGT1A1_	1
observable_3684	nuc_gene_a__KRT5_	1
observable_3685	nuc_gene_a__ZNF506_	1
observable_3686	nuc_gene_a__TRIM49C_	1
observable_3687	nuc_gene_a__TRIM64_	1
observable_3688	nuc_gene_a__NUP50_	1
observable_3689	nuc_gene_a__WNK3_	1
observable_3690	nuc_gene_a__SYCP2L_	1
observable_3691	nuc_gene_a__KRT71_	1
observable_3692	nuc_gene_a__HJURP_	1
observable_3693	nuc_gene_a__ZNF492_	1
observable_3694	nuc_gene_a__KRT74_	1
observable_3695	nuc_gene_a__KRT72_	1
observable_3696	nuc_gene_a__DNHD1_	1
observable_3697	nuc_gene_a__AKAP14_	1
observable_3698	nuc_gene_a__INO80B_	1
observable_3699	nuc_gene_a__KRT73_	1
observable_3700	nuc_gene_a__LPAR4_	1
observable_3701	nuc_gene_a__APOL2_	1
observable_3702	nuc_gene_a__CEP250_	1
observable_3703	nuc_gene_a__ADARB1_	1
observable_3704	nuc_gene_a__TLX2_	1
observable_3705	nuc_gene_a__TSHZ3_	1
observable_3706	nuc_gene_a__NRIP3_	1
observable_3707	nuc_gene_a__RBMX2_	1
observable_3708	nuc_gene_a__FFAR2_	1
observable_3709	nuc_gene_a__ZNF850_	1
observable_3710	nuc_gene_a__ZIC3_	1
observable_3711	nuc_gene_a__WFDC2_	1
observable_3712	nuc_gene_a__CRYBB1_	1
observable_3713	nuc_gene_a__YWHAH_	1
observable_3714	nuc_gene_a__LGALS16_	1
observable_3715	nuc_gene_a__PIWIL4_	1
observable_3716	nuc_gene_a__TXNRD1_	1
observable_3717	nuc_gene_a__FUT4_	1
observable_3718	nuc_gene_a__SPDYC_	1
observable_3719	nuc_gene_a__SLC22A2_	1
observable_3720	nuc_gene_a__SMIM17_	1
observable_3721	nuc_gene_a__CLDN25_	1
observable_3722	nuc_gene_a__PRKN_	1
observable_3723	nuc_gene_a__NECTIN1_	1
observable_3724	nuc_gene_a__ROMO1_	1
observable_3725	nuc_gene_a__OR5AK2_	1
observable_3726	nuc_gene_a__PACRG_	1
observable_3727	nuc_gene_a__KDM4D_	1
observable_3728	nuc_gene_a__KDM4E_	1
observable_3729	nuc_gene_a__PBDC1_	1
observable_3730	nuc_gene_a__SRSF8_	1
observable_3731	nuc_gene_a__OVCH1_	1
observable_3732	nuc_gene_a__DNAJB1_	1
observable_3733	nuc_gene_a__FOXRED2_	1
observable_3734	nuc_gene_a__TRPC4_	1
observable_3735	nuc_gene_a__SESN3_	1
observable_3736	nuc_gene_a__LRP2_	1
observable_3737	nuc_gene_a__RAG1_	1
observable_3738	nuc_gene_a__ZNF804A_	1
observable_3739	nuc_gene_a__LGALS13_	1
observable_3740	nuc_gene_a__RAG2_	1
observable_3741	nuc_gene_a__FAM186B_	1
observable_3742	nuc_gene_a__OPN5_	1
observable_3743	nuc_gene_a__HOXC13_	1
observable_3744	nuc_gene_a__HOXC12_	1
observable_3745	nuc_gene_a__SLC7A3_	1
observable_3746	nuc_gene_a__HOXC11_	1
observable_3747	nuc_gene_a__PKNOX1_	1
observable_3748	nuc_gene_a__HOXC10_	1
observable_3749	nuc_gene_a__NAPA_	1
observable_3750	nuc_gene_a__MRPL35_	1
observable_3751	nuc_gene_a__COL20A1_	1
observable_3752	nuc_gene_a__HOXC6_	1
observable_3753	nuc_gene_a__RCE1_	1
observable_3754	nuc_gene_a__HOXC9_	1
observable_3755	nuc_gene_a__HOXC8_	1
observable_3756	nuc_gene_a__ERFE_	1
observable_3757	nuc_gene_a__FOXA2_	1
observable_3758	nuc_gene_a__NRIP2_	1
observable_3759	nuc_gene_a__SDC4_	1
observable_3760	nuc_gene_a__LIPE_	1
observable_3761	nuc_gene_a__FNDC11_	1
observable_3762	nuc_gene_a__ALPP_	1
observable_3763	nuc_gene_a__CIB3_	1
observable_3764	nuc_gene_a__ALPG_	1
observable_3765	nuc_gene_a__ZNF708_	1
observable_3766	nuc_gene_a__TEAD4_	1
observable_3767	nuc_gene_a__SCGB2B2_	1
observable_3768	nuc_gene_a__ALPI_	1
observable_3769	nuc_gene_a__PRSS56_	1
observable_3770	nuc_gene_a__REV3L_	1
observable_3771	nuc_gene_a__SMIM24_	1
observable_3772	nuc_gene_a__MID2_	1
observable_3773	nuc_gene_a__OR10H5_	1
observable_3774	nuc_gene_a__SMCO2_	1
observable_3775	nuc_gene_a__CHRNG_	1
observable_3776	nuc_gene_a__ARMH2_	1
observable_3777	nuc_gene_a__SYNJ1_	1
observable_3778	nuc_gene_a__GPR148_	1
observable_3779	nuc_gene_a__TRIM49B_	1
observable_3780	nuc_gene_a__TRIM64C_	1
observable_3781	nuc_gene_a__S100B_	1
observable_3782	nuc_gene_a__LCP1_	1
observable_3783	nuc_gene_a__ANOS1_	1
observable_3784	nuc_gene_a__GJB2_	1
observable_3785	nuc_gene_a__TUBA3D_	1
observable_3786	nuc_gene_a__IL26_	1
observable_3787	nuc_gene_a__ARL11_	1
observable_3788	nuc_gene_a__ITPR1_	1
observable_3789	nuc_gene_a__DAPL1_	1
observable_3790	nuc_gene_a__LIG4_	1
observable_3791	nuc_gene_a__IL22_	1
observable_3792	nuc_gene_a__SLC2A11_	1
observable_3793	nuc_gene_a__KCNJ4_	1
observable_3794	nuc_gene_a__RFLNA_	1
observable_3795	nuc_gene_a__HOXC4_	1
observable_3796	nuc_gene_a__RGPD3_	1
observable_3797	nuc_gene_a__HOXC5_	1
observable_3798	nuc_gene_a__TCIRG1_	1
observable_3799	nuc_gene_a__SMIM10L1_	1
observable_3800	nuc_gene_a__PIBF1_	1
observable_3801	nuc_gene_a__UGT1A4_	1
observable_3802	nuc_gene_a__CFC1_	1
observable_3803	nuc_gene_a__APP_	1
observable_3804	nuc_gene_a__GRK7_	1
observable_3805	nuc_gene_a__PTPRJ_	1
observable_3806	nuc_gene_a__RGPD4_	1
observable_3807	nuc_gene_a__OR4B1_	1
observable_3808	nuc_gene_a__OSTN_	1
observable_3809	nuc_gene_a__OR4X2_	1
observable_3810	nuc_gene_a__OR4X1_	1
observable_3811	nuc_gene_a__OR52E8_	1
observable_3812	nuc_gene_a__NMUR1_	1
observable_3813	nuc_gene_a__RHO_	1
observable_3814	nuc_gene_a__AQP12B_	1
observable_3815	nuc_gene_a__SYNCRIP_	1
observable_3816	nuc_gene_a__GPR171_	1
observable_3817	nuc_gene_a__RIC3_	1
observable_3818	nuc_gene_a__ERCC5_	1
observable_3819	nuc_gene_a__CDK5R2_	1
observable_3820	nuc_gene_a__GPR87_	1
observable_3821	nuc_gene_a__FEV_	1
observable_3822	nuc_gene_a__P2RY13_	1
observable_3823	nuc_gene_a__IHH_	1
observable_3824	nuc_gene_a__TOPAZ1_	1
observable_3825	nuc_gene_a__TCN2_	1
observable_3826	nuc_gene_a__ALDH3B2_	1
observable_3827	nuc_gene_a__TUBA3E_	1
observable_3828	nuc_gene_a__DUSP28_	1
observable_3829	nuc_gene_a__TSGA10IP_	1
observable_3830	nuc_gene_a__OR51B5_	1
observable_3831	nuc_gene_a__RASSF10_	1
observable_3832	nuc_gene_a__SCN8A_	1
observable_3833	nuc_gene_a__CCL20_	1
observable_3834	nuc_gene_a__MYH15_	1
observable_3835	nuc_gene_a__GRK3_	1
observable_3836	nuc_gene_a__DYTN_	1
observable_3837	nuc_gene_a__SHOX2_	1
observable_3838	nuc_gene_a__IQSEC3_	1
observable_3839	nuc_gene_a__AIFM1_	1
observable_3840	nuc_gene_a__ATP13A5_	1
observable_3841	nuc_gene_a__COL21A1_	1
observable_3842	nuc_gene_a__TCEA2_	1
observable_3843	nuc_gene_a__DIS3_	1
observable_3844	nuc_gene_a__LHFPL1_	1
observable_3845	nuc_gene_a__GABRR2_	1
observable_3846	nuc_gene_a__PRDM16_	1
observable_3847	nuc_gene_a__KMT5B_	1
observable_3848	nuc_gene_a__NKAIN2_	1
observable_3849	nuc_gene_a__PCBP3_	1
observable_3850	nuc_gene_a__ROBO1_	1
observable_3851	nuc_gene_a__KDM5A_	1
observable_3852	nuc_gene_a__RNF217_	1
observable_3853	nuc_gene_a__LMF2_	1
observable_3854	nuc_gene_a__SLC10A3_	1
observable_3855	nuc_gene_a__DDRGK1_	1
observable_3856	nuc_gene_a__PMCH_	1
observable_3857	nuc_gene_a__ANKLE2_	1
observable_3858	nuc_gene_a__C3orf49_	1
observable_3859	nuc_gene_a__CT45A10_	1
observable_3860	nuc_gene_a__OR5H15_	1
observable_3861	nuc_gene_a__MMGT1_	1
observable_3862	nuc_gene_a__TPD52L1_	1
observable_3863	nuc_gene_a__MX2_	1
observable_3864	nuc_gene_a__PTH_	1
observable_3865	nuc_gene_a__COMMD7_	1
observable_3866	nuc_gene_a__HEY2_	1
observable_3867	nuc_gene_a__MSANTD2_	1
observable_3868	nuc_gene_a__SRGAP3_	1
observable_3869	nuc_gene_a__GALNT4_	1
observable_3870	nuc_gene_a__DGKK_	1
observable_3871	nuc_gene_a__TMSB15A_	1
observable_3872	nuc_gene_a__MAP1LC3A_	1
observable_3873	nuc_gene_a__SELENOK_	1
observable_3874	nuc_gene_a__AIRE_	1
observable_3875	nuc_gene_a__ROBO3_	1
observable_3876	nuc_gene_a__CCDC174_	1
observable_3877	nuc_gene_a__KLRB1_	1
observable_3878	nuc_gene_a__CHST13_	1
observable_3879	nuc_gene_a__PRPH_	1
observable_3880	nuc_gene_a__PLA2G1B_	1
observable_3881	nuc_gene_a__FZD10_	1
observable_3882	nuc_gene_a__MAPK12_	1
observable_3883	nuc_gene_a__MYO3B_	1
observable_3884	nuc_gene_a__RCBTB2_	1
observable_3885	nuc_gene_a__BLID_	1
observable_3886	nuc_gene_a__GSTA5_	1
observable_3887	nuc_gene_a__TIGD1_	1
observable_3888	nuc_gene_a__AEBP2_	1
observable_3889	nuc_gene_a__PHLDA1_	1
observable_3890	nuc_gene_a__DHRS12_	1
observable_3891	nuc_gene_a__CCDC184_	1
observable_3892	nuc_gene_a__OR10AD1_	1
observable_3893	nuc_gene_a__CCDC150_	1
observable_3894	nuc_gene_a__TPD52L2_	1
observable_3895	nuc_gene_a__HTR3C_	1
observable_3896	nuc_gene_a__SLC9A4_	1
observable_3897	nuc_gene_a__SYNE1_	1
observable_3898	nuc_gene_a__VPS13D_	1
observable_3899	nuc_gene_a__HTR3E_	1
observable_3900	nuc_gene_a__MITD1_	1
observable_3901	nuc_gene_a__NRXN2_	1
observable_3902	nuc_gene_a__TMPRSS2_	1
observable_3903	nuc_gene_a__C2orf69_	1
observable_3904	nuc_gene_a__HTR3D_	1
observable_3905	nuc_gene_a__SDCBP2_	1
observable_3906	nuc_gene_a__KIF4A_	1
observable_3907	nuc_gene_a__SAMD7_	1
observable_3908	nuc_gene_a__TFDP1_	1
observable_3909	nuc_gene_a__LRRIQ4_	1
observable_3910	nuc_gene_a__GCG_	1
observable_3911	nuc_gene_a__FBLN1_	1
observable_3912	nuc_gene_a__KAZN_	1
observable_3913	nuc_gene_a__NCBP2_	1
observable_3914	nuc_gene_a__ATXN3_	1
observable_3915	nuc_gene_a__ZBTB33_	1
observable_3916	nuc_gene_a__TEX44_	1
observable_3917	nuc_gene_a__OR52B2_	1
observable_3918	nuc_gene_a__BAIAP2L2_	1
observable_3919	nuc_gene_a__C11orf42_	1
observable_3920	nuc_gene_a__CASZ1_	1
observable_3921	nuc_gene_a__COL6A6_	1
observable_3922	nuc_gene_a__SAMD3_	1
observable_3923	nuc_gene_a__GRHL1_	1
observable_3924	nuc_gene_a__GPC3_	1
observable_3925	nuc_gene_a__GRIK3_	1
observable_3926	nuc_gene_a__PLA2G2D_	1
observable_3927	nuc_gene_a__DONSON_	1
observable_3928	nuc_gene_a__CHRDL2_	1
observable_3929	nuc_gene_a__SPEG_	1
observable_3930	nuc_gene_a__LMNTD1_	1
observable_3931	nuc_gene_a__OGT_	1
observable_3932	nuc_gene_a__RLF_	1
observable_3933	nuc_gene_a__VGLL4_	1
observable_3934	nuc_gene_a__DLGAP3_	1
observable_3935	nuc_gene_a__CHST7_	1
observable_3936	nuc_gene_a__KLF17_	1
observable_3937	nuc_gene_a__INHA_	1
observable_3938	nuc_gene_a__SNIP1_	1
observable_3939	nuc_gene_a__RHOB_	1
observable_3940	nuc_gene_a__TRMT10C_	1
observable_3941	nuc_gene_a__SP9_	1
observable_3942	nuc_gene_a__TTLL1_	1
observable_3943	nuc_gene_a__KCNJ13_	1
observable_3944	nuc_gene_a__CDC16_	1
observable_3945	nuc_gene_a__PTMS_	1
observable_3946	nuc_gene_a__AK5_	1
observable_3947	nuc_gene_a__CDHR4_	1
observable_3948	nuc_gene_a__SLC19A1_	1
observable_3949	nuc_gene_a__ZCCHC18_	1
observable_3950	nuc_gene_a__DSP_	1
observable_3951	nuc_gene_a__CD86_	1
observable_3952	nuc_gene_a__CHRNA1_	1
observable_3953	nuc_gene_a__CSTA_	1
observable_3954	nuc_gene_a__DNAJC6_	1
observable_3955	nuc_gene_a__SERPINA12_	1
observable_3956	nuc_gene_a__SCML2_	1
observable_3957	nuc_gene_a__LEPROT_	1
observable_3958	nuc_gene_a__FAM162A_	1
observable_3959	nuc_gene_a__GJA9_	1
observable_3960	nuc_gene_a__DTX3L_	1
observable_3961	nuc_gene_a__CALCA_	1
observable_3962	nuc_gene_a__CARS2_	1
observable_3963	nuc_gene_a__NEGR1_	1
observable_3964	nuc_gene_a__CCDC198_	1
observable_3965	nuc_gene_a__TARBP2_	1
observable_3966	nuc_gene_a__SHISAL2A_	1
observable_3967	nuc_gene_a__DNTTIP2_	1
observable_3968	nuc_gene_a__MTHFD2_	1
observable_3969	nuc_gene_a__PLD4_	1
observable_3970	nuc_gene_a__POTEJ_	1
observable_3971	nuc_gene_a__MX1_	1
observable_3972	nuc_gene_a__EIF4G2_	1
observable_3973	nuc_gene_a__MAGI1_	1
observable_3974	nuc_gene_a__RIN3_	1
observable_3975	nuc_gene_a__HFE_	1
observable_3976	nuc_gene_a__COL24A1_	1
observable_3977	nuc_gene_a__TNFRSF19_	1
observable_3978	nuc_gene_a__ERVFRD_1_	1
observable_3979	nuc_gene_a__BDKRB1_	1
observable_3980	nuc_gene_a__STK26_	1
observable_3981	nuc_gene_a__GPX7_	1
observable_3982	nuc_gene_a__RALY_	1
observable_3983	nuc_gene_a__OR4A47_	1
observable_3984	nuc_gene_a__ROPN1_	1
observable_3985	nuc_gene_a__CACNA1C_	1
observable_3986	nuc_gene_a__HUS1B_	1
observable_3987	nuc_gene_a__TENT5D_	1
observable_3988	nuc_gene_a__OTOF_	1
observable_3989	nuc_gene_a__BARHL2_	1
observable_3990	nuc_gene_a__CCR5_	1
observable_3991	nuc_gene_a__POTEB2_	1
observable_3992	nuc_gene_a__DNAJB8_	1
observable_3993	nuc_gene_a__GKN1_	1
observable_3994	nuc_gene_a__PDCD2_	1
observable_3995	nuc_gene_a__ZNF79_	1
observable_3996	nuc_gene_a__ESD_	1
observable_3997	nuc_gene_a__KCNMB3_	1
observable_3998	nuc_gene_a__REG3A_	1
observable_3999	nuc_gene_a__MAN1A2_	1
observable_4000	nuc_gene_a__ALG13_	1
observable_4001	nuc_gene_a__OTOL1_	1
observable_4002	nuc_gene_a__ZFYVE1_	1
observable_4003	nuc_gene_a__GABRR3_	1
observable_4004	nuc_gene_a__AP5S1_	1
observable_4005	nuc_gene_a__UNC5CL_	1
observable_4006	nuc_gene_a__EGR3_	1
observable_4007	nuc_gene_a__TRIM45_	1
observable_4008	nuc_gene_a__TSPO2_	1
observable_4009	nuc_gene_a__BCDIN3D_	1
observable_4010	nuc_gene_a__HTR1B_	1
observable_4011	nuc_gene_a__SERPINI2_	1
observable_4012	nuc_gene_a__SMIM13_	1
observable_4013	nuc_gene_a__AQP2_	1
observable_4014	nuc_gene_a__GTF2A1_	1
observable_4015	nuc_gene_a__KSR2_	1
observable_4016	nuc_gene_a__IZUMO3_	1
observable_4017	nuc_gene_a__SETD1B_	1
observable_4018	nuc_gene_a__CTNNA2_	1
observable_4019	nuc_gene_a__GPR137C_	1
observable_4020	nuc_gene_a__SYCP1_	1
observable_4021	nuc_gene_a__EIF2S2_	1
observable_4022	nuc_gene_a__TMED8_	1
observable_4023	nuc_gene_a__TSHB_	1
observable_4024	nuc_gene_a__RSAD2_	1
observable_4025	nuc_gene_a__TNFAIP6_	1
observable_4026	nuc_gene_a__NDUFA1_	1
observable_4027	nuc_gene_a__TCEAL9_	1
observable_4028	nuc_gene_a__ETS2_	1
observable_4029	nuc_gene_a__FER1L5_	1
observable_4030	nuc_gene_a__SPAG17_	1
observable_4031	nuc_gene_a__GDF6_	1
observable_4032	nuc_gene_a__TREML2_	1
observable_4033	nuc_gene_a__MOGAT1_	1
observable_4034	nuc_gene_a__LYSMD1_	1
observable_4035	nuc_gene_a__GPR143_	1
observable_4036	nuc_gene_a__TREML4_	1
observable_4037	nuc_gene_a__RPL14_	1
observable_4038	nuc_gene_a__HYPK_	1
observable_4039	nuc_gene_a__KLHL38_	1
observable_4040	nuc_gene_a__TREM1_	1
observable_4041	nuc_gene_a__GOLGA5_	1
observable_4042	nuc_gene_a__MAGEB1_	1
observable_4043	nuc_gene_a__PKP2_	1
observable_4044	nuc_gene_a__LYZL4_	1
observable_4045	nuc_gene_a__MYLIP_	1
observable_4046	nuc_gene_a__XCL2_	1
observable_4047	nuc_gene_a__ZNF280C_	1
observable_4048	nuc_gene_a__PDK3_	1
observable_4049	nuc_gene_a__CCDC63_	1
observable_4050	nuc_gene_a__FRAT1_	1
observable_4051	nuc_gene_a__CRYBG3_	1
observable_4052	nuc_gene_a__TXLNB_	1
observable_4053	nuc_gene_a__FRAT2_	1
observable_4054	nuc_gene_a__OR5AC2_	1
observable_4055	nuc_gene_a__OR5H2_	1
observable_4056	nuc_gene_a__OR5K4_	1
observable_4057	nuc_gene_a__CDK15_	1
observable_4058	nuc_gene_a__OR5K3_	1
observable_4059	nuc_gene_a__DLG2_	1
observable_4060	nuc_gene_a__GRIN2B_	1
observable_4061	nuc_gene_a__TPR_	1
observable_4062	nuc_gene_a__DNAJC27_	1
observable_4063	nuc_gene_a__SFT2D3_	1
observable_4064	nuc_gene_a__NAA10_	1
observable_4065	nuc_gene_a__SPART_	1
observable_4066	nuc_gene_a__POTEF_	1
observable_4067	nuc_gene_a__RBM44_	1
observable_4068	nuc_gene_a__LACRT_	1
observable_4069	nuc_gene_a__EXPH5_	1
observable_4070	nuc_gene_a__DEFB130A_	1
observable_4071	nuc_gene_a__DCD_	1
observable_4072	nuc_gene_a__MUCL1_	1
observable_4073	nuc_gene_a__OR10A7_	1
observable_4074	nuc_gene_a__UBE2V2_	1
observable_4075	nuc_gene_a__OR6C65_	1
observable_4076	nuc_gene_a__CHIA_	1
observable_4077	nuc_gene_a__CTDSP2_	1
observable_4078	nuc_gene_a__GPIHBP1_	1
observable_4079	nuc_gene_a__MPZL3_	1
observable_4080	nuc_gene_a__CPT1B_	1
observable_4081	nuc_gene_a__MS4A10_	1
observable_4082	nuc_gene_a__RDH10_	1
observable_4083	nuc_gene_a__HEPN1_	1
observable_4084	nuc_gene_a__UBAC2_	1
observable_4085	nuc_gene_a__OR10J5_	1
observable_4086	nuc_gene_a__XCL1_	1
observable_4087	nuc_gene_a__RRP12_	1
observable_4088	nuc_gene_a__NIPAL2_	1
observable_4089	nuc_gene_a__TMTC2_	1
observable_4090	nuc_gene_a__OPCML_	1
observable_4091	nuc_gene_a__KIF5C_	1
observable_4092	nuc_gene_a__TRIM35_	1
observable_4093	nuc_gene_a__FZD4_	1
observable_4094	nuc_gene_a__CATSPERE_	1
observable_4095	nuc_gene_a__SUGT1_	1
observable_4096	nuc_gene_a__OR4S1_	1
observable_4097	nuc_gene_a__OR4C3_	1
observable_4098	nuc_gene_a__MS4A18_	1
observable_4099	nuc_gene_a__MTLN_	1
observable_4100	nuc_gene_a__PREX2_	1
observable_4101	nuc_gene_a__EDARADD_	1
observable_4102	nuc_gene_a__ART4_	1
observable_4103	nuc_gene_a__OR52I1_	1
observable_4104	nuc_gene_a__LRRTM4_	1
observable_4105	nuc_gene_a__SLC6A1_	1
observable_4106	nuc_gene_a__MIA2_	1
observable_4107	nuc_gene_a__ANTXRL_	1
observable_4108	nuc_gene_a__FZD7_	1
observable_4109	nuc_gene_a__NPAS4_	1
observable_4110	nuc_gene_a__PHF8_	1
observable_4111	nuc_gene_a__OR56A5_	1
observable_4112	nuc_gene_a__LMX1A_	1
observable_4113	nuc_gene_a__ANKRD30BL_	1
observable_4114	nuc_gene_a__KATNAL1_	1
observable_4115	nuc_gene_a__COL6A2_	1
observable_4116	nuc_gene_a__KLF4_	1
observable_4117	nuc_gene_a__MRPS28_	1
observable_4118	nuc_gene_a__CYP26B1_	1
observable_4119	nuc_gene_a__OR52B4_	1
observable_4120	nuc_gene_a__FOXB2_	1
observable_4121	nuc_gene_a__ITPR2_	1
observable_4122	nuc_gene_a__MMP20_	1
observable_4123	nuc_gene_a__IFNA6_	1
observable_4124	nuc_gene_a__CMPK2_	1
observable_4125	nuc_gene_a__ADCY10_	1
observable_4126	nuc_gene_a__LATS2_	1
observable_4127	nuc_gene_a__ABLIM1_	1
observable_4128	nuc_gene_a__DBX2_	1
observable_4129	nuc_gene_a__CSAG1_	1
observable_4130	nuc_gene_a__SPIN2A_	1
observable_4131	nuc_gene_a__MBD1_	1
observable_4132	nuc_gene_a__C1GALT1C1L_	1
observable_4133	nuc_gene_a__NCAM1_	1
observable_4134	nuc_gene_a__SELE_	1
observable_4135	nuc_gene_a__ENDOU_	1
observable_4136	nuc_gene_a__CD200R1_	1
observable_4137	nuc_gene_a__GRINA_	1
observable_4138	nuc_gene_a__PRDX4_	1
observable_4139	nuc_gene_a__BIVM_	1
observable_4140	nuc_gene_a__PRRX1_	1
observable_4141	nuc_gene_a__DRD3_	1
observable_4142	nuc_gene_a__TMSB4X_	1
observable_4143	nuc_gene_a__ANKK1_	1
observable_4144	nuc_gene_a__ZNF678_	1
observable_4145	nuc_gene_a__TRH_	1
observable_4146	nuc_gene_a__ITGA4_	1
observable_4147	nuc_gene_a__DHRS4L2_	1
observable_4148	nuc_gene_a__KLRK1_	1
observable_4149	nuc_gene_a__ACRV1_	1
observable_4150	nuc_gene_a__SPECC1L_	1
observable_4151	nuc_gene_a__GLT6D1_	1
observable_4152	nuc_gene_a__PNPLA4_	1
observable_4153	nuc_gene_a__FOXI3_	1
observable_4154	nuc_gene_a__LHX9_	1
observable_4155	nuc_gene_a__MSR1_	1
observable_4156	nuc_gene_a__CDKN2B_	1
observable_4157	nuc_gene_a__SELENOS_	1
observable_4158	nuc_gene_a__TRPC1_	1
observable_4159	nuc_gene_a__CNIH1_	1
observable_4160	nuc_gene_a__ENDOG_	1
observable_4161	nuc_gene_a__KIF26B_	1
observable_4162	nuc_gene_a__PCBP1_	1
observable_4163	nuc_gene_a__C2orf74_	1
observable_4164	nuc_gene_a__PLA2G3_	1
observable_4165	nuc_gene_a__FOXO1_	1
observable_4166	nuc_gene_a__HOXD13_	1
observable_4167	nuc_gene_a__HOXD12_	1
observable_4168	nuc_gene_a__SLC10A1_	1
observable_4169	nuc_gene_a__CCDC122_	1
observable_4170	nuc_gene_a__HOXD11_	1
observable_4171	nuc_gene_a__OR4P4_	1
observable_4172	nuc_gene_a__HOXD10_	1
observable_4173	nuc_gene_a__OR2AT4_	1
observable_4174	nuc_gene_a__HOXD9_	1
observable_4175	nuc_gene_a__CTSG_	1
observable_4176	nuc_gene_a__PTPN14_	1
observable_4177	nuc_gene_a__HOXD8_	1
observable_4178	nuc_gene_a__TRPA1_	1
observable_4179	nuc_gene_a__KLRC4_	1
observable_4180	nuc_gene_a__HOXD4_	1
observable_4181	nuc_gene_a__LRTOMT_	1
observable_4182	nuc_gene_a__KLRC3_	1
observable_4183	nuc_gene_a__RGS18_	1
observable_4184	nuc_gene_a__NRBP2_	1
observable_4185	nuc_gene_a__ZNF484_	1
observable_4186	nuc_gene_a__THOC2_	1
observable_4187	nuc_gene_a__TGFB2_	1
observable_4188	nuc_gene_a__SMAD9_	1
observable_4189	nuc_gene_a__EPB41L1_	1
observable_4190	nuc_gene_a__OASL_	1
observable_4191	nuc_gene_a__SERPINA4_	1
observable_4192	nuc_gene_a__VMA21_	1
observable_4193	nuc_gene_a__ZC3H12C_	1
observable_4194	nuc_gene_a__GAGE13_	1
observable_4195	nuc_gene_a__PTPRD_	1
observable_4196	nuc_gene_a__AFF3_	1
observable_4197	nuc_gene_a__OR6Q1_	1
observable_4198	nuc_gene_a__SMARCB1_	1
observable_4199	nuc_gene_a__GABRA3_	1
observable_4200	nuc_gene_a__HFM1_	1
observable_4201	nuc_gene_a__RPL7_	1
observable_4202	nuc_gene_a__YIF1A_	1
observable_4203	nuc_gene_a__CAPN6_	1
observable_4204	nuc_gene_a__LXN_	1
observable_4205	nuc_gene_a__THEM6_	1
observable_4206	nuc_gene_a__TMEM31_	1
observable_4207	nuc_gene_a__TDRD3_	1
observable_4208	nuc_gene_a__FMO1_	1
observable_4209	nuc_gene_a__AMN_	1
observable_4210	nuc_gene_a__DBR1_	1
observable_4211	nuc_gene_a__CLIC3_	1
observable_4212	nuc_gene_a__CYP27B1_	1
observable_4213	nuc_gene_a__JPH1_	1
observable_4214	nuc_gene_a__LONRF2_	1
observable_4215	nuc_gene_a__TIMP3_	1
observable_4216	nuc_gene_a__RPL36A_	1
observable_4217	nuc_gene_a__B4GALT1_	1
observable_4218	nuc_gene_a__IDO2_	1
observable_4219	nuc_gene_a__ASNSD1_	1
observable_4220	nuc_gene_a__KLRC2_	1
observable_4221	nuc_gene_a__SSUH2_	1
observable_4222	nuc_gene_a__PAPPA2_	1
observable_4223	nuc_gene_a__LACC1_	1
observable_4224	nuc_gene_a__EMD_	1
observable_4225	nuc_gene_a__OSGIN2_	1
observable_4226	nuc_gene_a__DBH_	1
observable_4227	nuc_gene_a__AJM1_	1
observable_4228	nuc_gene_a__SPATA45_	1
observable_4229	nuc_gene_a__TNFRSF10D_	1
observable_4230	nuc_gene_a__ANKAR_	1
observable_4231	nuc_gene_a__KLRC1_	1
observable_4232	nuc_gene_a__SHCBP1L_	1
observable_4233	nuc_gene_a__EVL_	1
observable_4234	nuc_gene_a__CAV3_	1
observable_4235	nuc_gene_a__CENPI_	1
observable_4236	nuc_gene_a__LCT_	1
observable_4237	nuc_gene_a__TM4SF20_	1
observable_4238	nuc_gene_a__TATDN2_	1
observable_4239	nuc_gene_a__GAREM2_	1
observable_4240	nuc_gene_a__EXOC8_	1
observable_4241	nuc_gene_a__SAV1_	1
observable_4242	nuc_gene_a__MAPKAPK5_	1
observable_4243	nuc_gene_a__TMPRSS7_	1
observable_4244	nuc_gene_a__ZNF695_	1
observable_4245	nuc_gene_a__COL4A4_	1
observable_4246	nuc_gene_a__ATXN7L3B_	1
observable_4247	nuc_gene_a__RGS21_	1
observable_4248	nuc_gene_a__FGD1_	1
observable_4249	nuc_gene_a__IL12A_	1
observable_4250	nuc_gene_a__NEK3_	1
observable_4251	nuc_gene_a__MAPRE1_	1
observable_4252	nuc_gene_a__XXYLT1_	1
observable_4253	nuc_gene_a__PTGS1_	1
observable_4254	nuc_gene_a__MBTPS2_	1
observable_4255	nuc_gene_a__ST18_	1
observable_4256	nuc_gene_a__LRTM1_	1
observable_4257	nuc_gene_a__IL17D_	1
observable_4258	nuc_gene_a__GAGE12C_	1
observable_4259	nuc_gene_a__MEGF9_	1
observable_4260	nuc_gene_a__MOSPD2_	1
observable_4261	nuc_gene_a__MSL2_	1
observable_4262	nuc_gene_a__TRMO_	1
observable_4263	nuc_gene_a__USH2A_	1
observable_4264	nuc_gene_a__EOMES_	1
observable_4265	nuc_gene_a__FABP12_	1
observable_4266	nuc_gene_a__PLP2_	1
observable_4267	nuc_gene_a__HEG1_	1
observable_4268	nuc_gene_a__PLD5_	1
observable_4269	nuc_gene_a__PAEP_	1
observable_4270	nuc_gene_a__DLST_	1
observable_4271	nuc_gene_a__SCN2A_	1
observable_4272	nuc_gene_a__COG3_	1
observable_4273	nuc_gene_a__ST8SIA5_	1
observable_4274	nuc_gene_a__USF3_	1
observable_4275	nuc_gene_a__PTPN3_	1
observable_4276	nuc_gene_a__KCNK12_	1
observable_4277	nuc_gene_a__PHF20_	1
observable_4278	nuc_gene_a__MED4_	1
observable_4279	nuc_gene_a__COLGALT2_	1
observable_4280	nuc_gene_a__CD226_	1
observable_4281	nuc_gene_a__CXCL8_	1
observable_4282	nuc_gene_a__GPX1_	1
observable_4283	nuc_gene_a__SLC35F3_	1
observable_4284	nuc_gene_a__RAD23B_	1
observable_4285	nuc_gene_a__CHST9_	1
observable_4286	nuc_gene_a__HDAC10_	1
observable_4287	nuc_gene_a__PSG5_	1
observable_4288	nuc_gene_a__TWSG1_	1
observable_4289	nuc_gene_a__CA1_	1
observable_4290	nuc_gene_a__UCHL3_	1
observable_4291	nuc_gene_a__USP12_	1
observable_4292	nuc_gene_a__MAEL_	1
observable_4293	nuc_gene_a__PSG4_	1
observable_4294	nuc_gene_a__ESF1_	1
observable_4295	nuc_gene_a__EIF2AK3_	1
observable_4296	nuc_gene_a__ABCC8_	1
observable_4297	nuc_gene_a__PHF19_	1
observable_4298	nuc_gene_a__GPR52_	1
observable_4299	nuc_gene_a__COL18A1_	1
observable_4300	nuc_gene_a__PSG9_	1
observable_4301	nuc_gene_a__BNIP3L_	1
observable_4302	nuc_gene_a__KDSR_	1
observable_4303	nuc_gene_a__TUBGCP6_	1
observable_4304	nuc_gene_a__SMYD3_	1
observable_4305	nuc_gene_a__PEAK3_	1
observable_4306	nuc_gene_a__CERKL_	1
observable_4307	nuc_gene_a__BRMS1L_	1
observable_4308	nuc_gene_a__FAM149A_	1
observable_4309	nuc_gene_a__TNFRSF10C_	1
observable_4310	nuc_gene_a__TTPA_	1
observable_4311	nuc_gene_a__ZNF749_	1
observable_4312	nuc_gene_a__KDM5C_	1
observable_4313	nuc_gene_a__VN1R1_	1
observable_4314	nuc_gene_a__NEUROD1_	1
observable_4315	nuc_gene_a__AMBP_	1
observable_4316	nuc_gene_a__HMCN1_	1
observable_4317	nuc_gene_a__LACTB2_	1
observable_4318	nuc_gene_a__PPM1N_	1
observable_4319	nuc_gene_a__SP3_	1
observable_4320	nuc_gene_a__GZMH_	1
observable_4321	nuc_gene_a__USP18_	1
observable_4322	nuc_gene_a__PDC_	1
observable_4323	nuc_gene_a__UGT1A3_	1
observable_4324	nuc_gene_a__HM13_	1
observable_4325	nuc_gene_a__DCTN6_	1
observable_4326	nuc_gene_a__TRIB2_	1
observable_4327	nuc_gene_a__SMAD7_	1
observable_4328	nuc_gene_a__ADAMTS5_	1
observable_4329	nuc_gene_a__UGT1A8_	1
observable_4330	nuc_gene_a__BEX3_	1
observable_4331	nuc_gene_a__RNF215_	1
observable_4332	nuc_gene_a__ZFP41_	1
observable_4333	nuc_gene_a__UGT1A5_	1
observable_4334	nuc_gene_a__FAM43B_	1
observable_4335	nuc_gene_a__AK3_	1
observable_4336	nuc_gene_a__UGT1A7_	1
observable_4337	nuc_gene_a__SLC52A3_	1
observable_4338	nuc_gene_a__APCS_	1
observable_4339	nuc_gene_a__RIDA_	1
observable_4340	nuc_gene_a__UXT_	1
observable_4341	nuc_gene_a__CRP_	1
observable_4342	nuc_gene_a__KCTD17_	1
observable_4343	nuc_gene_a__SLC38A6_	1
observable_4344	nuc_gene_a__FAM133A_	1
observable_4345	nuc_gene_a__VSIG8_	1
observable_4346	nuc_gene_a__TMEM64_	1
observable_4347	nuc_gene_a__OPRL1_	1
observable_4348	nuc_gene_a__CTR9_	1
observable_4349	nuc_gene_a__MAL2_	1
observable_4350	nuc_gene_a__BSX_	1
observable_4351	nuc_gene_a__IFNAR1_	1
observable_4352	nuc_gene_a__CABS1_	1
observable_4353	nuc_gene_a__MUC4_	1
observable_4354	nuc_gene_a__LRRN4_	1
observable_4355	nuc_gene_a__SMR3A_	1
observable_4356	nuc_gene_a__CFAP45_	1
observable_4357	nuc_gene_a__SMR3B_	1
observable_4358	nuc_gene_a__OPRPN_	1
observable_4359	nuc_gene_a__LIN7C_	1
observable_4360	nuc_gene_a__FARP1_	1
observable_4361	nuc_gene_a__SLAMF9_	1
observable_4362	nuc_gene_a__HSF2BP_	1
observable_4363	nuc_gene_a__PBK_	1
observable_4364	nuc_gene_a__TNRC6B_	1
observable_4365	nuc_gene_a__TMEM150C_	1
observable_4366	nuc_gene_a__EFNA4_	1
observable_4367	nuc_gene_a__SCD5_	1
observable_4368	nuc_gene_a__SPATA7_	1
observable_4369	nuc_gene_a__PSMG1_	1
observable_4370	nuc_gene_a__C5_	1
observable_4371	nuc_gene_a__GNRHR_	1
observable_4372	nuc_gene_a__TMPRSS11D_	1
observable_4373	nuc_gene_a__SLC46A2_	1
observable_4374	nuc_gene_a__CR1L_	1
observable_4375	nuc_gene_a__CABLES1_	1
observable_4376	nuc_gene_a__EDNRB_	1
observable_4377	nuc_gene_a__ASPRV1_	1
observable_4378	nuc_gene_a__TMPRSS11A_	1
observable_4379	nuc_gene_a__BCL2L2_	1
observable_4380	nuc_gene_a__GAREM1_	1
observable_4381	nuc_gene_a__C8G_	1
observable_4382	nuc_gene_a__CENPS_	1
observable_4383	nuc_gene_a__ALMS1_	1
observable_4384	nuc_gene_a__LRR1_	1
observable_4385	nuc_gene_a__CREM_	1
observable_4386	nuc_gene_a__XKR8_	1
observable_4387	nuc_gene_a__USP19_	1
observable_4388	nuc_gene_a__SNX30_	1
observable_4389	nuc_gene_a__PPP1R3E_	1
observable_4390	nuc_gene_a__IQCH_	1
observable_4391	nuc_gene_a__KCNE4_	1
observable_4392	nuc_gene_a__NOL6_	1
observable_4393	nuc_gene_a__PDLIM2_	1
observable_4394	nuc_gene_a__LCNL1_	1
observable_4395	nuc_gene_a__C15orf61_	1
observable_4396	nuc_gene_a__IQCF3_	1
observable_4397	nuc_gene_a__SPAG8_	1
observable_4398	nuc_gene_a__MAML2_	1
observable_4399	nuc_gene_a__GCSAML_	1
observable_4400	nuc_gene_a__OR2G2_	1
observable_4401	nuc_gene_a__OR2G3_	1
observable_4402	nuc_gene_a__TNFSF8_	1
observable_4403	nuc_gene_a__TENM3_	1
observable_4404	nuc_gene_a__RGS9BP_	1
observable_4405	nuc_gene_a__NUDT19_	1
observable_4406	nuc_gene_a__CD3D_	1
observable_4407	nuc_gene_a__NFKBIZ_	1
observable_4408	nuc_gene_a__ADAMTSL1_	1
observable_4409	nuc_gene_a__BGLAP_	1
observable_4410	nuc_gene_a__MEX3A_	1
observable_4411	nuc_gene_a__ZMYM3_	1
observable_4412	nuc_gene_a__CYP4Z1_	1
observable_4413	nuc_gene_a__FOXE3_	1
observable_4414	nuc_gene_a__VHLL_	1
observable_4415	nuc_gene_a__BEST1_	1
observable_4416	nuc_gene_a__CABYR_	1
observable_4417	nuc_gene_a__LRRC52_	1
observable_4418	nuc_gene_a__COA6_	1
observable_4419	nuc_gene_a__CORT_	1
observable_4420	nuc_gene_a__ZNF169_	1
observable_4421	nuc_gene_a__DAPP1_	1
observable_4422	nuc_gene_a__SCGB1D1_	1
observable_4423	nuc_gene_a__ATP6V0D2_	1
observable_4424	nuc_gene_a__SCGB2A1_	1
observable_4425	nuc_gene_a__FUT7_	1
observable_4426	nuc_gene_a__SCGB1D2_	1
observable_4427	nuc_gene_a__ENHO_	1
observable_4428	nuc_gene_a__ARID3C_	1
observable_4429	nuc_gene_a__SCGB2A2_	1
observable_4430	nuc_gene_a__NAF1_	1
observable_4431	nuc_gene_a__SCGB1D4_	1
observable_4432	nuc_gene_a__ASAH2_	1
observable_4433	nuc_gene_a__MAMSTR_	1
observable_4434	nuc_gene_a__DCAF10_	1
observable_4435	nuc_gene_a__USE1_	1
observable_4436	nuc_gene_a__DNAI1_	1
observable_4437	nuc_gene_a__NDST3_	1
observable_4438	nuc_gene_a__LEPR_	1
observable_4439	nuc_gene_a__UBE2R2_	1
observable_4440	nuc_gene_a__SLC6A5_	1
observable_4441	nuc_gene_a__FOXD2_	1
observable_4442	nuc_gene_a__ANG_	1
observable_4443	nuc_gene_a__PLA2G2F_	1
observable_4444	nuc_gene_a__NCOA3_	1
observable_4445	nuc_gene_a__SSTR1_	1
observable_4446	nuc_gene_a__RXFP4_	1
observable_4447	nuc_gene_a__L3HYPDH_	1
observable_4448	nuc_gene_a__PLK4_	1
observable_4449	nuc_gene_a__PLXNB2_	1
observable_4450	nuc_gene_a__TNFRSF8_	1
observable_4451	nuc_gene_a__CDH23_	1
observable_4452	nuc_gene_a__L2HGDH_	1
observable_4453	nuc_gene_a__ZNF532_	1
observable_4454	nuc_gene_a__FBXO32_	1
observable_4455	nuc_gene_a__NEB_	1
observable_4456	nuc_gene_a__AFM_	1
observable_4457	nuc_gene_a__BCOR_	1
observable_4458	nuc_gene_a__LZTS3_	1
observable_4459	nuc_gene_a__TTLL11_	1
observable_4460	nuc_gene_a__EMC2_	1
observable_4461	nuc_gene_a__ATP2B2_	1
observable_4462	nuc_gene_a__GALNT16_	1
observable_4463	nuc_gene_a__RBBP4_	1
observable_4464	nuc_gene_a__CTHRC1_	1
observable_4465	nuc_gene_a__ISM2_	1
observable_4466	nuc_gene_a__COLEC10_	1
observable_4467	nuc_gene_a__GOLGA6L6_	1
observable_4468	nuc_gene_a__USP29_	1
observable_4469	nuc_gene_a__ASTN2_	1
observable_4470	nuc_gene_a__ZIM3_	1
observable_4471	nuc_gene_a__NECAB1_	1
observable_4472	nuc_gene_a__TMCO2_	1
observable_4473	nuc_gene_a__MOGS_	1
observable_4474	nuc_gene_a__DUXA_	1
observable_4475	nuc_gene_a__LDB2_	1
observable_4476	nuc_gene_a__ZNF264_	1
observable_4477	nuc_gene_a__AUNIP_	1
observable_4478	nuc_gene_a__ZNF805_	1
observable_4479	nuc_gene_a__CEP97_	1
observable_4480	nuc_gene_a__TMEM53_	1
observable_4481	nuc_gene_a__SLC39A9_	1
observable_4482	nuc_gene_a__MED12_	1
observable_4483	nuc_gene_a__CDKN2AIP_	1
observable_4484	nuc_gene_a__ZNF304_	1
observable_4485	nuc_gene_a__FMN1_	1
observable_4486	nuc_gene_a__ADAMDEC1_	1
observable_4487	nuc_gene_a__TRMT2A_	1
observable_4488	nuc_gene_a__TRAPPC2B_	1
observable_4489	nuc_gene_a__TAS1R1_	1
observable_4490	nuc_gene_a__NAT2_	1
observable_4491	nuc_gene_a__ZNF548_	1
observable_4492	nuc_gene_a__BMPR2_	1
observable_4493	nuc_gene_a__GALNT7_	1
observable_4494	nuc_gene_a__EPHA8_	1
observable_4495	nuc_gene_a__MT1HL1_	1
observable_4496	nuc_gene_a__ME2_	1
observable_4497	nuc_gene_a__CC2D2B_	1
observable_4498	nuc_gene_a__FAM117B_	1
observable_4499	nuc_gene_a__HSD17B13_	1
observable_4500	nuc_gene_a__PTDSS1_	1
observable_4501	nuc_gene_a__ARF6_	1
observable_4502	nuc_gene_a__ITCH_	1
observable_4503	nuc_gene_a__ADRA2B_	1
observable_4504	nuc_gene_a__AQP12A_	1
observable_4505	nuc_gene_a__MCTS1_	1
observable_4506	nuc_gene_a__C10orf62_	1
observable_4507	nuc_gene_a__JRK_	1
observable_4508	nuc_gene_a__ACP4_	1
observable_4509	nuc_gene_a__MARVELD1_	1
observable_4510	nuc_gene_a__CCDC54_	1
observable_4511	nuc_gene_a__APOL1_	1
observable_4512	nuc_gene_a__SFRP5_	1
observable_4513	nuc_gene_a__NYX_	1
observable_4514	nuc_gene_a__STK32B_	1
observable_4515	nuc_gene_a__FGF12_	1
observable_4516	nuc_gene_a__VAX1_	1
observable_4517	nuc_gene_a__PINX1_	1
observable_4518	nuc_gene_a__NTRK2_	1
observable_4519	nuc_gene_a__ZNF24_	1
observable_4520	nuc_gene_a__KCNK18_	1
observable_4521	nuc_gene_a__XCR1_	1
observable_4522	nuc_gene_a__ATP13A2_	1
observable_4523	nuc_gene_a__PLA2G12A_	1
observable_4524	nuc_gene_a__PMM1_	1
observable_4525	nuc_gene_a__HAUS7_	1
observable_4526	nuc_gene_a__CCL21_	1
observable_4527	nuc_gene_a__XIRP2_	1
observable_4528	nuc_gene_a__TEX36_	1
observable_4529	nuc_gene_a__GLIPR2_	1
observable_4530	nuc_gene_a__BMP2K_	1
observable_4531	nuc_gene_a__DEPTOR_	1
observable_4532	nuc_gene_a__SLCO4A1_	1
observable_4533	nuc_gene_a__DUSP9_	1
observable_4534	nuc_gene_a__GRM7_	1
observable_4535	nuc_gene_a__KLB_	1
observable_4536	nuc_gene_a__NCKAP5_	1
observable_4537	nuc_gene_a__CFAP99_	1
observable_4538	nuc_gene_a__ZCCHC12_	1
observable_4539	nuc_gene_a__OAZ1_	1
observable_4540	nuc_gene_a__FATE1_	1
observable_4541	nuc_gene_a__LCN2_	1
observable_4542	nuc_gene_a__TIMM8A_	1
observable_4543	nuc_gene_a__ANGPT2_	1
observable_4544	nuc_gene_a__MMP21_	1
observable_4545	nuc_gene_a__EIF1B_	1
observable_4546	nuc_gene_a__HHIPL2_	1
observable_4547	nuc_gene_a__CITED1_	1
observable_4548	nuc_gene_a__KLKB1_	1
observable_4549	nuc_gene_a__SLC7A14_	1
observable_4550	nuc_gene_a__HSD3B1_	1
observable_4551	nuc_gene_a__LYNX1_	1
observable_4552	nuc_gene_a__UCN3_	1
observable_4553	nuc_gene_a__RNF224_	1
observable_4554	nuc_gene_a__INF2_	1
observable_4555	nuc_gene_a__TUBAL3_	1
observable_4556	nuc_gene_a__ADAM30_	1
observable_4557	nuc_gene_a__POTEE_	1
observable_4558	nuc_gene_a__CNDP1_	1
observable_4559	nuc_gene_a__THSD7B_	1
observable_4560	nuc_gene_a__INSRR_	1
observable_4561	nuc_gene_a__SLC25A5_	1
observable_4562	nuc_gene_a__MRLN_	1
observable_4563	nuc_gene_a__SMPX_	1
observable_4564	nuc_gene_a__CHKB_	1
observable_4565	nuc_gene_a__SELENOW_	1
observable_4566	nuc_gene_a__SPAG16_	1
observable_4567	nuc_gene_a__OGG1_	1
observable_4568	nuc_gene_a__HSPA6_	1
observable_4569	nuc_gene_a__RIN2_	1
observable_4570	nuc_gene_a__HAUS6_	1
observable_4571	nuc_gene_a__DCLRE1A_	1
observable_4572	nuc_gene_a__TBC1D25_	1
observable_4573	nuc_gene_a__PROK1_	1
observable_4574	nuc_gene_a__CDH19_	1
observable_4575	nuc_gene_a__KCNA10_	1
observable_4576	nuc_gene_a__OR10H4_	1
observable_4577	nuc_gene_a__INPP4B_	1
observable_4578	nuc_gene_a__CSDC2_	1
observable_4579	nuc_gene_a__KCNK3_	1
observable_4580	nuc_gene_a__GLRX2_	1
observable_4581	nuc_gene_a__SOCS6_	1
observable_4582	nuc_gene_a__ORM2_	1
observable_4583	nuc_gene_a__GRIN3B_	1
observable_4584	nuc_gene_a__KCNC4_	1
observable_4585	nuc_gene_a__CST3_	1
observable_4586	nuc_gene_a__SPAG6_	1
observable_4587	nuc_gene_a__DNLZ_	1
observable_4588	nuc_gene_a__DHRS2_	1
observable_4589	nuc_gene_a__TLR1_	1
observable_4590	nuc_gene_a__ATAD3C_	1
observable_4591	nuc_gene_a__RNF186_	1
observable_4592	nuc_gene_a__PLA2G2E_	1
observable_4593	nuc_gene_a__OR2M7_	1
observable_4594	nuc_gene_a__OR14C36_	1
observable_4595	nuc_gene_a__KNCN_	1
observable_4596	nuc_gene_a__IQSEC1_	1
observable_4597	nuc_gene_a__RGS19_	1
observable_4598	nuc_gene_a__FREM1_	1
observable_4599	nuc_gene_a__OR2T34_	1
observable_4600	nuc_gene_a__LCE3B_	1
observable_4601	nuc_gene_a__LCE3A_	1
observable_4602	nuc_gene_a__LCE2D_	1
observable_4603	nuc_gene_a__SEC14L4_	1
observable_4604	nuc_gene_a__ALG1L2_	1
observable_4605	nuc_gene_a__LCE2B_	1
observable_4606	nuc_gene_a__ABCA7_	1
observable_4607	nuc_gene_a__CYP2C8_	1
observable_4608	nuc_gene_a__LCE2A_	1
observable_4609	nuc_gene_a__PRAMEF15_	1
observable_4610	nuc_gene_a__FHIT_	1
observable_4611	nuc_gene_a__PRAMEF14_	1
observable_4612	nuc_gene_a__PRAMEF17_	1
observable_4613	nuc_gene_a__CRB2_	1
observable_4614	nuc_gene_a__FNDC10_	1
observable_4615	nuc_gene_a__SORBS3_	1
observable_4616	nuc_gene_a__RGS12_	1
observable_4617	nuc_gene_a__CD200R1L_	1
observable_4618	nuc_gene_a__CD1C_	1
observable_4619	nuc_gene_a__OR10T2_	1
observable_4620	nuc_gene_a__TMCO5A_	1
observable_4621	nuc_gene_a__XPNPEP3_	1
observable_4622	nuc_gene_a__PPP4R2_	1
observable_4623	nuc_gene_a__AIF1L_	1
observable_4624	nuc_gene_a__EBLN2_	1
observable_4625	nuc_gene_a__CALML4_	1
observable_4626	nuc_gene_a__SUSD5_	1
observable_4627	nuc_gene_a__IL24_	1
observable_4628	nuc_gene_a__MANF_	1
observable_4629	nuc_gene_a__RBM15B_	1
observable_4630	nuc_gene_a__CHRFAM7A_	1
observable_4631	nuc_gene_a__EFCAB12_	1
observable_4632	nuc_gene_a__MOK_	1
observable_4633	nuc_gene_a__TRAPPC2_	1
observable_4634	nuc_gene_a__FCAMR_	1
observable_4635	nuc_gene_a__PRMT6_	1
observable_4636	nuc_gene_a__SST_	1
observable_4637	nuc_gene_a__SLC30A4_	1
observable_4638	nuc_gene_a__CD52_	1
observable_4639	nuc_gene_a__GDA_	1
observable_4640	nuc_gene_a__IZUMO4_	1
observable_4641	nuc_gene_a__FSTL5_	1
observable_4642	nuc_gene_a__MIXL1_	1
observable_4643	nuc_gene_a__RHOJ_	1
observable_4644	nuc_gene_a__HCCS_	1
observable_4645	nuc_gene_a__GTF3C4_	1
observable_4646	nuc_gene_a__BCL6_	1
observable_4647	nuc_gene_a__EVX2_	1
observable_4648	nuc_gene_a__PRSS12_	1
observable_4649	nuc_gene_a__NIPSNAP3B_	1
observable_4650	nuc_gene_a__BBOF1_	1
observable_4651	nuc_gene_a__TXLNG_	1
observable_4652	nuc_gene_a__A1BG_	1
observable_4653	nuc_gene_a__UGT1A10_	1
observable_4654	nuc_gene_a__SS18_	1
observable_4655	nuc_gene_a__ZNF462_	1
observable_4656	nuc_gene_a__MAN2A2_	1
observable_4657	nuc_gene_a__C19orf81_	1
observable_4658	nuc_gene_a__ZNF75D_	1
observable_4659	nuc_gene_a__ASIC4_	1
observable_4660	nuc_gene_a__HORMAD1_	1
observable_4661	nuc_gene_a__SULT6B1_	1
observable_4662	nuc_gene_a__ADH1C_	1
observable_4663	nuc_gene_a__GCH1_	1
observable_4664	nuc_gene_a__GLRX5_	1
observable_4665	nuc_gene_a__PRR30_	1
observable_4666	nuc_gene_a__PYGB_	1
observable_4667	nuc_gene_a__NOCT_	1
observable_4668	nuc_gene_a__GPR68_	1
observable_4669	nuc_gene_a__DNAJC5G_	1
observable_4670	nuc_gene_a__MTX3_	1
observable_4671	nuc_gene_a__MCUB_	1
observable_4672	nuc_gene_a__GPR65_	1
observable_4673	nuc_gene_a__UCN_	1
observable_4674	nuc_gene_a__SHANK1_	1
observable_4675	nuc_gene_a__MTSS1_	1
observable_4676	nuc_gene_a__AKNA_	1
observable_4677	nuc_gene_a__SPZ1_	1
observable_4678	nuc_gene_a__CLDN19_	1
observable_4679	nuc_gene_a__EFCAB11_	1
observable_4680	nuc_gene_a__UGT2B7_	1
observable_4681	nuc_gene_a__NRG4_	1
observable_4682	nuc_gene_a__ASB14_	1
observable_4683	nuc_gene_a__MIB1_	1
observable_4684	nuc_gene_a__LOXL1_	1
observable_4685	nuc_gene_a__CD38_	1
observable_4686	nuc_gene_a__NLRP11_	1
observable_4687	nuc_gene_a__RCOR1_	1
observable_4688	nuc_gene_a__REM2_	1
observable_4689	nuc_gene_a__SCEL_	1
observable_4690	nuc_gene_a__GLDN_	1
observable_4691	nuc_gene_a__TMX1_	1
observable_4692	nuc_gene_a__SULT1B1_	1
observable_4693	nuc_gene_a__LYPD5_	1
observable_4694	nuc_gene_a__SCN9A_	1
observable_4695	nuc_gene_a__PHACTR3_	1
observable_4696	nuc_gene_a__ZNF283_	1
observable_4697	nuc_gene_a__SH2D3C_	1
observable_4698	nuc_gene_a__REPS2_	1
observable_4699	nuc_gene_a__PNN_	1
observable_4700	nuc_gene_a__ASH1L_	1
observable_4701	nuc_gene_a__TNIP3_	1
observable_4702	nuc_gene_a__KCNAB1_	1
observable_4703	nuc_gene_a__TMEM237_	1
observable_4704	nuc_gene_a__TMEM154_	1
observable_4705	nuc_gene_a__PGM5_	1
observable_4706	nuc_gene_a__TSSK3_	1
observable_4707	nuc_gene_a__NLRP4_	1
observable_4708	nuc_gene_a__TOX4_	1
observable_4709	nuc_gene_a__C1orf115_	1
observable_4710	nuc_gene_a__SLC18A1_	1
observable_4711	nuc_gene_a__PCIF1_	1
observable_4712	nuc_gene_a__INKA2_	1
observable_4713	nuc_gene_a__ARL6IP6_	1
observable_4714	nuc_gene_a__NLRP13_	1
observable_4715	nuc_gene_a__ENTPD2_	1
observable_4716	nuc_gene_a__ERH_	1
observable_4717	nuc_gene_a__NR3C2_	1
observable_4718	nuc_gene_a__NLRP8_	1
observable_4719	nuc_gene_a__ANKRD28_	1
observable_4720	nuc_gene_a__RNASE11_	1
observable_4721	nuc_gene_a__NLRP5_	1
observable_4722	nuc_gene_a__SYTL4_	1
observable_4723	nuc_gene_a__ANKRD50_	1
observable_4724	nuc_gene_a__EAPP_	1
observable_4725	nuc_gene_a__ARHGAP30_	1
observable_4726	nuc_gene_a__TTC29_	1
observable_4727	nuc_gene_a__IFT74_	1
observable_4728	nuc_gene_a__ZFAND1_	1
observable_4729	nuc_gene_a__COX7A1_	1
observable_4730	nuc_gene_a__ZNF335_	1
observable_4731	nuc_gene_a__DAZL_	1
observable_4732	nuc_gene_a__PLA2G2C_	1
observable_4733	nuc_gene_a__ANGPTL2_	1
observable_4734	nuc_gene_a__TLR10_	1
observable_4735	nuc_gene_a__PPP1R3F_	1
observable_4736	nuc_gene_a__NDUFV2_	1
observable_4737	nuc_gene_a__ZNF621_	1
observable_4738	nuc_gene_a__OR5K2_	1
observable_4739	nuc_gene_a__RAB40A_	1
observable_4740	nuc_gene_a__CNOT6L_	1
observable_4741	nuc_gene_a__GPR15_	1
observable_4742	nuc_gene_a__CA9_	1
observable_4743	nuc_gene_a__PXMP4_	1
observable_4744	nuc_gene_a__BCL3_	1
observable_4745	nuc_gene_a__A1CF_	1
observable_4746	nuc_gene_a__KLHDC2_	1
observable_4747	nuc_gene_a__FUNDC2_	1
observable_4748	nuc_gene_a__SRSF6_	1
observable_4749	nuc_gene_a__SNRPD1_	1
observable_4750	nuc_gene_a__SH3TC1_	1
observable_4751	nuc_gene_a__GGH_	1
observable_4752	nuc_gene_a__GPRASP1_	1
observable_4753	nuc_gene_a__PCNX4_	1
observable_4754	nuc_gene_a__ZNF397_	1
observable_4755	nuc_gene_a__ALDOB_	1
observable_4756	nuc_gene_a__TMEM200C_	1
observable_4757	nuc_gene_a__MAP3K19_	1
observable_4758	nuc_gene_a__MIER1_	1
observable_4759	nuc_gene_a__ADGRE1_	1
observable_4760	nuc_gene_a__NOP56_	1
observable_4761	nuc_gene_a__CAB39L_	1
observable_4762	nuc_gene_a__PCARE_	1
observable_4763	nuc_gene_a__BMX_	1
observable_4764	nuc_gene_a__CLRN3_	1
observable_4765	nuc_gene_a__LRIT3_	1
observable_4766	nuc_gene_a__SLC28A1_	1
observable_4767	nuc_gene_a__HR_	1
observable_4768	nuc_gene_a__DNAJC12_	1
observable_4769	nuc_gene_a__INAFM1_	1
observable_4770	nuc_gene_a__HNRNPH2_	1
observable_4771	nuc_gene_a__TMEM156_	1
observable_4772	nuc_gene_a__C5AR1_	1
observable_4773	nuc_gene_a__CXCR1_	1
observable_4774	nuc_gene_a__SETDB2_	1
observable_4775	nuc_gene_a__IQCJ_SCHIP1_	1
observable_4776	nuc_gene_a__MCU_	1
observable_4777	nuc_gene_a__LHFPL6_	1
observable_4778	nuc_gene_a__IQCJ_	1
observable_4779	nuc_gene_a__SLC10A7_	1
observable_4780	nuc_gene_a__MTIF3_	1
observable_4781	nuc_gene_a__IDNK_	1
observable_4782	nuc_gene_a__FBXO16_	1
observable_4783	nuc_gene_a__DNAJC25_	1
observable_4784	nuc_gene_a__DMRT3_	1
observable_4785	nuc_gene_a__FANCM_	1
observable_4786	nuc_gene_a__RNF208_	1
observable_4787	nuc_gene_a__SCHIP1_	1
observable_4788	nuc_gene_a__ZC3H11A_	1
observable_4789	nuc_gene_a__HDC_	1
observable_4790	nuc_gene_a__GPR75_	1
observable_4791	nuc_gene_a__XPA_	1
observable_4792	nuc_gene_a__WDFY4_	1
observable_4793	nuc_gene_a__FKBP7_	1
observable_4794	nuc_gene_a__PLEKHA2_	1
observable_4795	nuc_gene_a__IGFBPL1_	1
observable_4796	nuc_gene_a__OIT3_	1
observable_4797	nuc_gene_a__ADGRA3_	1
observable_4798	nuc_gene_a__CYS1_	1
observable_4799	nuc_gene_a__HNRNPUL1_	1
observable_4800	nuc_gene_a__CDC37L1_	1
observable_4801	nuc_gene_a__ACOT2_	1
observable_4802	nuc_gene_a__PDE12_	1
observable_4803	nuc_gene_a__MROH2A_	1
observable_4804	nuc_gene_a__CRTC3_	1
observable_4805	nuc_gene_a__EPHB2_	1
observable_4806	nuc_gene_a__ALG2_	1
observable_4807	nuc_gene_a__UPF3A_	1
observable_4808	nuc_gene_a__TMEM184C_	1
observable_4809	nuc_gene_a__DNAL1_	1
observable_4810	nuc_gene_a__GADD45G_	1
observable_4811	nuc_gene_a__HMGB4_	1
observable_4812	nuc_gene_a__MAIP1_	1
observable_4813	nuc_gene_a__TRIM62_	1
observable_4814	nuc_gene_a__ZEB1_	1
observable_4815	nuc_gene_a__ASPN_	1
observable_4816	nuc_gene_a__RBPMS_	1
observable_4817	nuc_gene_a__RNASE6_	1
observable_4818	nuc_gene_a__ANKUB1_	1
observable_4819	nuc_gene_a__RAB8B_	1
observable_4820	nuc_gene_a__RBMXL1_	1
observable_4821	nuc_gene_a__TCL1B_	1
observable_4822	nuc_gene_a__RASL11A_	1
observable_4823	nuc_gene_a__IFI6_	1
observable_4824	nuc_gene_a__GGT1_	1
observable_4825	nuc_gene_a__SELENOT_	1
observable_4826	nuc_gene_a__EIF3J_	1
observable_4827	nuc_gene_a__GJB6_	1
observable_4828	nuc_gene_a__FNTA_	1
observable_4829	nuc_gene_a__GNPNAT1_	1
observable_4830	nuc_gene_a__RHOV_	1
observable_4831	nuc_gene_a__ERICH6_	1
observable_4832	nuc_gene_a__ADH1B_	1
observable_4833	nuc_gene_a__ZNF517_	1
observable_4834	nuc_gene_a__CDK5RAP1_	1
observable_4835	nuc_gene_a__PTGS2_	1
observable_4836	nuc_gene_a__DNAAF4_	1
observable_4837	nuc_gene_a__PDE11A_	1
observable_4838	nuc_gene_a__ADH6_	1
observable_4839	nuc_gene_a__MAPK8_	1
observable_4840	nuc_gene_a__SOX2_	1
observable_4841	nuc_gene_a__TEX38_	1
observable_4842	nuc_gene_a__VAX2_	1
observable_4843	nuc_gene_a__P2RY1_	1
observable_4844	nuc_gene_a__ACYP1_	1
observable_4845	nuc_gene_a__CDNF_	1
observable_4846	nuc_gene_a__OXER1_	1
observable_4847	nuc_gene_a__C1QTNF7_	1
observable_4848	nuc_gene_a__EFCAB14_	1
observable_4849	nuc_gene_a__TGIF2_	1
observable_4850	nuc_gene_a__PRAP1_	1
observable_4851	nuc_gene_a__RANBP3_	1
observable_4852	nuc_gene_a__COL22A1_	1
observable_4853	nuc_gene_a__THAP6_	1
observable_4854	nuc_gene_a__MPPE1_	1
observable_4855	nuc_gene_a__SNORC_	1
observable_4856	nuc_gene_a__FMR1_	1
observable_4857	nuc_gene_a__SLC30A1_	1
observable_4858	nuc_gene_a__DMRT2_	1
observable_4859	nuc_gene_a__MSH4_	1
observable_4860	nuc_gene_a__TNP1_	1
observable_4861	nuc_gene_a__SYCE1_	1
observable_4862	nuc_gene_a__RNF19A_	1
observable_4863	nuc_gene_a__PRRX2_	1
observable_4864	nuc_gene_a__WBP1L_	1
observable_4865	nuc_gene_a__MARS2_	1
observable_4866	nuc_gene_a__KIF24_	1
observable_4867	nuc_gene_a__TTPAL_	1
observable_4868	nuc_gene_a__CXCR4_	1
observable_4869	nuc_gene_a__FXYD4_	1
observable_4870	nuc_gene_a__GRHL2_	1
observable_4871	nuc_gene_a__ADGRA1_	1
observable_4872	nuc_gene_a__MAMDC2_	1
observable_4873	nuc_gene_a__ABCC4_	1
observable_4874	nuc_gene_a__TRAK1_	1
observable_4875	nuc_gene_a__SLC24A2_	1
observable_4876	nuc_gene_a__CTLA4_	1
observable_4877	nuc_gene_a__DPY19L3_	1
observable_4878	nuc_gene_a__LSAMP_	1
observable_4879	nuc_gene_a__DPYS_	1
observable_4880	nuc_gene_a__IL36G_	1
observable_4881	nuc_gene_a__VHL_	1
observable_4882	nuc_gene_a__TMEM205_	1
observable_4883	nuc_gene_a__IL36A_	1
observable_4884	nuc_gene_a__IL1F10_	1
observable_4885	nuc_gene_a__PML_	1
observable_4886	nuc_gene_a__C1orf174_	1
observable_4887	nuc_gene_a__MEDAG_	1
observable_4888	nuc_gene_a__RAP2B_	1
observable_4889	nuc_gene_a__DYNC1H1_	1
observable_4890	nuc_gene_a__ADRM1_	1
observable_4891	nuc_gene_a__COMMD6_	1
observable_4892	nuc_gene_a__LIM2_	1
observable_4893	nuc_gene_a__RNF223_	1
observable_4894	nuc_gene_a__IL1RN_	1
observable_4895	nuc_gene_a__CCR4_	1
observable_4896	nuc_gene_a__GIPC3_	1
observable_4897	nuc_gene_a__RRP7A_	1
observable_4898	nuc_gene_a__IL36RN_	1
observable_4899	nuc_gene_a__TMEM65_	1
observable_4900	nuc_gene_a__SASS6_	1
observable_4901	nuc_gene_a__PMP2_	1
observable_4902	nuc_gene_a__GLB1_	1
observable_4903	nuc_gene_a__ABRA_	1
observable_4904	nuc_gene_a__ZFP82_	1
observable_4905	nuc_gene_a__RTKN_	1
observable_4906	nuc_gene_a__ABHD4_	1
observable_4907	nuc_gene_a__TMPPE_	1
observable_4908	nuc_gene_a__ZNF428_	1
observable_4909	nuc_gene_a__VAPB_	1
observable_4910	nuc_gene_a__ABCB7_	1
observable_4911	nuc_gene_a__ZDHHC19_	1
observable_4912	nuc_gene_a__IFIH1_	1
observable_4913	nuc_gene_a__NCCRP1_	1
observable_4914	nuc_gene_a__TLN1_	1
observable_4915	nuc_gene_a__KLF10_	1
observable_4916	nuc_gene_a__ARNT2_	1
observable_4917	nuc_gene_a__CDH22_	1
observable_4918	nuc_gene_a__ATF5_	1
observable_4919	nuc_gene_a__ETNPPL_	1
observable_4920	nuc_gene_a__RUFY4_	1
observable_4921	nuc_gene_a__ESS2_	1
observable_4922	nuc_gene_a__TM4SF19_	1
observable_4923	nuc_gene_a__TMEM250_	1
observable_4924	nuc_gene_a__SP5_	1
observable_4925	nuc_gene_a__ZNF587_	1
observable_4926	nuc_gene_a__MYL9_	1
observable_4927	nuc_gene_a__PTAR1_	1
observable_4928	nuc_gene_a__RHPN2_	1
observable_4929	nuc_gene_a__PROKR1_	1
observable_4930	nuc_gene_a__RAD54B_	1
observable_4931	nuc_gene_a__AQP9_	1
observable_4932	nuc_gene_a__BRDT_	1
observable_4933	nuc_gene_a__BST2_	1
observable_4934	nuc_gene_a__GAB1_	1
observable_4935	nuc_gene_a__ARHGAP25_	1
observable_4936	nuc_gene_a__DDHD1_	1
observable_4937	nuc_gene_a__SLC2A4RG_	1
observable_4938	nuc_gene_a__CYP1A2_	1
observable_4939	nuc_gene_a__IBSP_	1
observable_4940	nuc_gene_a__KPNA6_	1
observable_4941	nuc_gene_a__RNF20_	1
observable_4942	nuc_gene_a__STOX2_	1
observable_4943	nuc_gene_a__MSTN_	1
observable_4944	nuc_gene_a__DMBT1_	1
observable_4945	nuc_gene_a__KLK5_	1
observable_4946	nuc_gene_a__RLBP1_	1
observable_4947	nuc_gene_a__NCOA2_	1
observable_4948	nuc_gene_a__CD40_	1
observable_4949	nuc_gene_a__LYSMD2_	1
observable_4950	nuc_gene_a__COMTD1_	1
observable_4951	nuc_gene_a__PICK1_	1
observable_4952	nuc_gene_a__ZNF592_	1
observable_4953	nuc_gene_a__FHOD3_	1
observable_4954	nuc_gene_a__CLEC4M_	1
observable_4955	nuc_gene_a__HSPA4L_	1
observable_4956	nuc_gene_a__MTHFS_	1
observable_4957	nuc_gene_a__NKG7_	1
observable_4958	nuc_gene_a__ECE1_	1
observable_4959	nuc_gene_a__DLL4_	1
observable_4960	nuc_gene_a__CCDC185_	1
observable_4961	nuc_gene_a__GUCD1_	1
observable_4962	nuc_gene_a__ATCAY_	1
observable_4963	nuc_gene_a__POLR1B_	1
observable_4964	nuc_gene_a__LRRIQ3_	1
observable_4965	nuc_gene_a__ZNF516_	1
observable_4966	nuc_gene_a__HMHB1_	1
observable_4967	nuc_gene_a__JAG1_	1
observable_4968	nuc_gene_a__CHCHD5_	1
observable_4969	nuc_gene_a__ERICH3_	1
observable_4970	nuc_gene_a__PTRH1_	1
observable_4971	nuc_gene_a__MBD2_	1
observable_4972	nuc_gene_a__KCNG2_	1
observable_4973	nuc_gene_a__AJUBA_	1
observable_4974	nuc_gene_a__AP4E1_	1
observable_4975	nuc_gene_a__SMCHD1_	1
observable_4976	nuc_gene_a__PRKDC_	1
observable_4977	nuc_gene_a__AP5M1_	1
observable_4978	nuc_gene_a__PLA2G4B_	1
observable_4979	nuc_gene_a__TRMT10B_	1
observable_4980	nuc_gene_a__SOCS4_	1
observable_4981	nuc_gene_a__THBS1_	1
observable_4982	nuc_gene_a__SLIT2_	1
observable_4983	nuc_gene_a__PLB1_	1
observable_4984	nuc_gene_a__STMN2_	1
observable_4985	nuc_gene_a__MSC_	1
observable_4986	nuc_gene_a__RABL6_	1
observable_4987	nuc_gene_a__SCRG1_	1
observable_4988	nuc_gene_a__HACD4_	1
observable_4989	nuc_gene_a__ADCY8_	1
observable_4990	nuc_gene_a__MSN_	1
observable_4991	nuc_gene_a__THOC1_	1
observable_4992	nuc_gene_a__SPDYA_	1
observable_4993	nuc_gene_a__CERK_	1
observable_4994	nuc_gene_a__TM2D2_	1
observable_4995	nuc_gene_a__SUSD3_	1
observable_4996	nuc_gene_a__PSTPIP1_	1
observable_4997	nuc_gene_a__STPG4_	1
observable_4998	nuc_gene_a__ZNF827_	1
observable_4999	nuc_gene_a__HSP90AA1_	1
observable_5000	nuc_gene_a__CLVS1_	1
observable_5001	nuc_gene_a__ARHGAP35_	1
observable_5002	nuc_gene_a__PRDM14_	1
observable_5003	nuc_gene_a__ZNF141_	1
observable_5004	nuc_gene_a__VCPKMT_	1
observable_5005	nuc_gene_a__RAB11A_	1
observable_5006	nuc_gene_a__TERF1_	1
observable_5007	nuc_gene_a__SLIRP_	1
observable_5008	nuc_gene_a__DOCK10_	1
observable_5009	nuc_gene_a__PLEKHD1_	1
observable_5010	nuc_gene_a__WDR83_	1
observable_5011	nuc_gene_a__CACNA1B_	1
observable_5012	nuc_gene_a__GATM_	1
observable_5013	nuc_gene_a__FAM91A1_	1
observable_5014	nuc_gene_a__APOBEC3D_	1
observable_5015	nuc_gene_a__MRPL52_	1
observable_5016	nuc_gene_a__WDR83OS_	1
observable_5017	nuc_gene_a__CILP2_	1
observable_5018	nuc_gene_a__TACC2_	1
observable_5019	nuc_gene_a__F11_	1
observable_5020	nuc_gene_a__MFSD2B_	1
observable_5021	nuc_gene_a__WDCP_	1
observable_5022	nuc_gene_a__SUPT20H_	1
observable_5023	nuc_gene_a__SNAPC1_	1
observable_5024	nuc_gene_a__ACSBG1_	1
observable_5025	nuc_gene_a__CYP2B6_	1
observable_5026	nuc_gene_a__FKBP1B_	1
observable_5027	nuc_gene_a__SMTN_	1
observable_5028	nuc_gene_a__MAMDC4_	1
observable_5029	nuc_gene_a__RPL8_	1
observable_5030	nuc_gene_a__FXN_	1
observable_5031	nuc_gene_a__CHRNA3_	1
observable_5032	nuc_gene_a__FAM174B_	1
observable_5033	nuc_gene_a__GPR25_	1
observable_5034	nuc_gene_a__EML6_	1
observable_5035	nuc_gene_a__SSNA1_	1
observable_5036	nuc_gene_a__TMEM192_	1
observable_5037	nuc_gene_a__FAM163B_	1
observable_5038	nuc_gene_a__SUPT16H_	1
observable_5039	nuc_gene_a__PPP1R13L_	1
observable_5040	nuc_gene_a__LIPG_	1
observable_5041	nuc_gene_a__PIK3AP1_	1
observable_5042	nuc_gene_a__AMMECR1L_	1
observable_5043	nuc_gene_a__DPH6_	1
observable_5044	nuc_gene_a__TNIP2_	1
observable_5045	nuc_gene_a__ZBTB6_	1
observable_5046	nuc_gene_a__PLXNB3_	1
observable_5047	nuc_gene_a__GLCE_	1
observable_5048	nuc_gene_a__ZDHHC22_	1
observable_5049	nuc_gene_a__CYP2C18_	1
observable_5050	nuc_gene_a__PIK3C3_	1
observable_5051	nuc_gene_a__CBX6_	1
observable_5052	nuc_gene_a__SNX22_	1
observable_5053	nuc_gene_a__ARL5B_	1
observable_5054	nuc_gene_a__GNAQ_	1
observable_5055	nuc_gene_a__TM6SF2_	1
observable_5056	nuc_gene_a__PDZD8_	1
observable_5057	nuc_gene_a__LRRC66_	1
observable_5058	nuc_gene_a__IGFL1_	1
observable_5059	nuc_gene_a__CCDC3_	1
observable_5060	nuc_gene_a__C15orf39_	1
observable_5061	nuc_gene_a__IGBP1_	1
observable_5062	nuc_gene_a__STAP1_	1
observable_5063	nuc_gene_a__KIF21B_	1
observable_5064	nuc_gene_a__FGFBP2_	1
observable_5065	nuc_gene_a__IAH1_	1
observable_5066	nuc_gene_a__MAML3_	1
observable_5067	nuc_gene_a__SLC27A5_	1
observable_5068	nuc_gene_a__KATNAL2_	1
observable_5069	nuc_gene_a__KIF27_	1
observable_5070	nuc_gene_a__GABRA4_	1
observable_5071	nuc_gene_a__ZNF608_	1
observable_5072	nuc_gene_a__GBX2_	1
observable_5073	nuc_gene_a__IGFN1_	1
observable_5074	nuc_gene_a__DICER1_	1
observable_5075	nuc_gene_a__MIPEP_	1
observable_5076	nuc_gene_a__MAPK8IP2_	1
observable_5077	nuc_gene_a__APOE_	1
observable_5078	nuc_gene_a__SAMD13_	1
observable_5079	nuc_gene_a__POLR1E_	1
observable_5080	nuc_gene_a__TMEM81_	1
observable_5081	nuc_gene_a__LEFTY2_	1
observable_5082	nuc_gene_a__USP46_	1
observable_5083	nuc_gene_a__IQCN_	1
observable_5084	nuc_gene_a__TMX3_	1
observable_5085	nuc_gene_a__MPV17L2_	1
observable_5086	nuc_gene_a__AGAP1_	1
observable_5087	nuc_gene_a__NIPAL1_	1
observable_5088	nuc_gene_a__MED29_	1
observable_5089	nuc_gene_a__ADCYAP1_	1
observable_5090	nuc_gene_a__EED_	1
observable_5091	nuc_gene_a__ZNF737_	1
observable_5092	nuc_gene_a__OR7D2_	1
observable_5093	nuc_gene_a__SCG2_	1
observable_5094	nuc_gene_a__HSPB3_	1
observable_5095	nuc_gene_a__ESM1_	1
observable_5096	nuc_gene_a__ELAC1_	1
observable_5097	nuc_gene_a__LILRB5_	1
observable_5098	nuc_gene_a__GZMK_	1
observable_5099	nuc_gene_a__CREBZF_	1
observable_5100	nuc_gene_a__GZMA_	1
observable_5101	nuc_gene_a__CD8A_	1
observable_5102	nuc_gene_a__LIPC_	1
observable_5103	nuc_gene_a__RBM26_	1
observable_5104	nuc_gene_a__CDC20B_	1
observable_5105	nuc_gene_a__SULT1E1_	1
observable_5106	nuc_gene_a__MCIDAS_	1
observable_5107	nuc_gene_a__ANKRD12_	1
observable_5108	nuc_gene_a__GTF3C5_	1
observable_5109	nuc_gene_a__DRG1_	1
observable_5110	nuc_gene_a__NT5C1B_	1
observable_5111	nuc_gene_a__PPFIA3_	1
observable_5112	nuc_gene_a__WT1_	1
observable_5113	nuc_gene_a__VRTN_	1
observable_5114	nuc_gene_a__SPATA3_	1
observable_5115	nuc_gene_a__ITGA11_	1
observable_5116	nuc_gene_a__FGB_	1
observable_5117	nuc_gene_a__PABPN1_	1
observable_5118	nuc_gene_a__ANK3_	1
observable_5119	nuc_gene_a__ZMAT5_	1
observable_5120	nuc_gene_a__HPF1_	1
observable_5121	nuc_gene_a__KMT5A_	1
observable_5122	nuc_gene_a__SEH1L_	1
observable_5123	nuc_gene_a__ZNF540_	1
observable_5124	nuc_gene_a__PSAT1_	1
observable_5125	nuc_gene_a__ZNF28_	1
observable_5126	nuc_gene_a__TMEM266_	1
observable_5127	nuc_gene_a__TICAM1_	1
observable_5128	nuc_gene_a__CYP4V2_	1
observable_5129	nuc_gene_a__HMGB1_	1
observable_5130	nuc_gene_a__RAB39A_	1
observable_5131	nuc_gene_a__TCF7_	1
observable_5132	nuc_gene_a__CEP170B_	1
observable_5133	nuc_gene_a__DDIT4_	1
observable_5134	nuc_gene_a__TRMT44_	1
observable_5135	nuc_gene_a__PSMB5_	1
observable_5136	nuc_gene_a__GPX8_	1
observable_5137	nuc_gene_a__SNX18_	1
observable_5138	nuc_gene_a__N4BP2L1_	1
observable_5139	nuc_gene_a__PHAX_	1
observable_5140	nuc_gene_a__MAT1A_	1
observable_5141	nuc_gene_a__BIRC6_	1
observable_5142	nuc_gene_a__MTAP_	1
observable_5143	nuc_gene_a__KIF26A_	1
observable_5144	nuc_gene_a__AP1B1_	1
observable_5145	nuc_gene_a__NPHS1_	1
observable_5146	nuc_gene_a__CHURC1_	1
observable_5147	nuc_gene_a__ITM2B_	1
observable_5148	nuc_gene_a__APBB1IP_	1
observable_5149	nuc_gene_a__CXCL17_	1
observable_5150	nuc_gene_a__FAM177A1_	1
observable_5151	nuc_gene_a__HAMP_	1
observable_5152	nuc_gene_a__TGFBR3L_	1
observable_5153	nuc_gene_a__FSIP2_	1
observable_5154	nuc_gene_a__ZNF543_	1
observable_5155	nuc_gene_a__PSMB7_	1
observable_5156	nuc_gene_a__GALP_	1
observable_5157	nuc_gene_a__CABP7_	1
observable_5158	nuc_gene_a__CPO_	1
observable_5159	nuc_gene_a__PPP1R36_	1
observable_5160	nuc_gene_a__FIGLA_	1
observable_5161	nuc_gene_a__TTBK2_	1
observable_5162	nuc_gene_a__CARD19_	1
observable_5163	nuc_gene_a__CLEC4F_	1
observable_5164	nuc_gene_a__ARG2_	1
observable_5165	nuc_gene_a__CD207_	1
observable_5166	nuc_gene_a__ZNF782_	1
observable_5167	nuc_gene_a__ATP8A1_	1
observable_5168	nuc_gene_a__NAA30_	1
observable_5169	nuc_gene_a__TEX261_	1
observable_5170	nuc_gene_a__RPL17_	1
observable_5171	nuc_gene_a__ZNF883_	1
observable_5172	nuc_gene_a__C8orf33_	1
observable_5173	nuc_gene_a__DUSP19_	1
observable_5174	nuc_gene_a__CXCL2_	1
observable_5175	nuc_gene_a__VTI1B_	1
observable_5176	nuc_gene_a__PLCE1_	1
observable_5177	nuc_gene_a__FNDC3A_	1
observable_5178	nuc_gene_a__CNTLN_	1
observable_5179	nuc_gene_a__PRLR_	1
observable_5180	nuc_gene_a__RTCB_	1
observable_5181	nuc_gene_a__DENND1C_	1
observable_5182	nuc_gene_a__MMP14_	1
observable_5183	nuc_gene_a__FGG_	1
observable_5184	nuc_gene_a__TOMM5_	1
observable_5185	nuc_gene_a__TSPYL6_	1
observable_5186	nuc_gene_a__IFT43_	1
observable_5187	nuc_gene_a__RHD_	1
observable_5188	nuc_gene_a__HAVCR2_	1
observable_5189	nuc_gene_a__LRRC49_	1
observable_5190	nuc_gene_a__RAB27B_	1
observable_5191	nuc_gene_a__MPHOSPH8_	1
observable_5192	nuc_gene_a__ENTR1_	1
observable_5193	nuc_gene_a__MISP_	1
observable_5194	nuc_gene_a__KLF6_	1
observable_5195	nuc_gene_a__SIVA1_	1
observable_5196	nuc_gene_a__MORN5_	1
observable_5197	nuc_gene_a__VTI1A_	1
observable_5198	nuc_gene_a__TRMT5_	1
observable_5199	nuc_gene_a__TTC9_	1
observable_5200	nuc_gene_a__FGF7_	1
observable_5201	nuc_gene_a__PPARGC1A_	1
observable_5202	nuc_gene_a__UBAP1L_	1
observable_5203	nuc_gene_a__NUP58_	1
observable_5204	nuc_gene_a__FMN2_	1
observable_5205	nuc_gene_a__SUV39H2_	1
observable_5206	nuc_gene_a__TOM1_	1
observable_5207	nuc_gene_a__GOLGA6B_	1
observable_5208	nuc_gene_a__CPN1_	1
observable_5209	nuc_gene_a__CMTM5_	1
observable_5210	nuc_gene_a__ADH1A_	1
observable_5211	nuc_gene_a__MBL2_	1
observable_5212	nuc_gene_a__PTP4A2_	1
observable_5213	nuc_gene_a__BORCS7_	1
observable_5214	nuc_gene_a__BMP3_	1
observable_5215	nuc_gene_a__YJU2_	1
observable_5216	nuc_gene_a__PPP4R1_	1
observable_5217	nuc_gene_a__ERAP1_	1
observable_5218	nuc_gene_a__REEP3_	1
observable_5219	nuc_gene_a__GDNF_	1
observable_5220	nuc_gene_a__ZNF563_	1
observable_5221	nuc_gene_a__PTPA_	1
observable_5222	nuc_gene_a__SRD5A1_	1
observable_5223	nuc_gene_a__ZNF606_	1
observable_5224	nuc_gene_a__AKR1C3_	1
observable_5225	nuc_gene_a__CBY1_	1
observable_5226	nuc_gene_a__DAND5_	1
observable_5227	nuc_gene_a__COX15_	1
observable_5228	nuc_gene_a__HPSE_	1
observable_5229	nuc_gene_a__CYP2A6_	1
observable_5230	nuc_gene_a__MAGED1_	1
observable_5231	nuc_gene_a__ANXA8_	1
observable_5232	nuc_gene_a__YDJC_	1
observable_5233	nuc_gene_a__C5AR2_	1
observable_5234	nuc_gene_a__SHISA3_	1
observable_5235	nuc_gene_a__SCFD2_	1
observable_5236	nuc_gene_a__CYP2A13_	1
observable_5237	nuc_gene_a__IL16_	1
observable_5238	nuc_gene_a__TMA16_	1
observable_5239	nuc_gene_a__CDKN3_	1
observable_5240	nuc_gene_a__ADGRB2_	1
observable_5241	nuc_gene_a__TNS1_	1
observable_5242	nuc_gene_a__LGI4_	1
observable_5243	nuc_gene_a__LRAT_	1
observable_5244	nuc_gene_a__CYP2C9_	1
observable_5245	nuc_gene_a__OLFML2B_	1
observable_5246	nuc_gene_a__DMAC2L_	1
observable_5247	nuc_gene_a__CREG2_	1
observable_5248	nuc_gene_a__HHEX_	1
observable_5249	nuc_gene_a__IL20_	1
observable_5250	nuc_gene_a__KLK10_	1
observable_5251	nuc_gene_a__KDM2B_	1
observable_5252	nuc_gene_a__DNASE2B_	1
observable_5253	nuc_gene_a__OR2L2_	1
observable_5254	nuc_gene_a__EGLN3_	1
observable_5255	nuc_gene_a__OR2L3_	1
observable_5256	nuc_gene_a__OR2M4_	1
observable_5257	nuc_gene_a__SECISBP2L_	1
observable_5258	nuc_gene_a__OR2T35_	1
observable_5259	nuc_gene_a__OR10K2_	1
observable_5260	nuc_gene_a__RBM15_	1
observable_5261	nuc_gene_a__CYP2C19_	1
observable_5262	nuc_gene_a__TRMT2B_	1
observable_5263	nuc_gene_a__KLHDC7A_	1
observable_5264	nuc_gene_a__EHMT1_	1
observable_5265	nuc_gene_a__CDC34_	1
observable_5266	nuc_gene_a__OIP5_	1
observable_5267	nuc_gene_a__MTX1_	1
observable_5268	nuc_gene_a__GPR37L1_	1
observable_5269	nuc_gene_a__HABP2_	1
observable_5270	nuc_gene_a__RPLP1_	1
observable_5271	nuc_gene_a__GAB3_	1
observable_5272	nuc_gene_a__HIGD2B_	1
observable_5273	nuc_gene_a__CELF3_	1
observable_5274	nuc_gene_a__G2E3_	1
observable_5275	nuc_gene_a__RIIAD1_	1
observable_5276	nuc_gene_a__CYP2E1_	1
observable_5277	nuc_gene_a__ARFGAP1_	1
observable_5278	nuc_gene_a__MRPL9_	1
observable_5279	nuc_gene_a__PLEK_	1
observable_5280	nuc_gene_a__YLPM1_	1
observable_5281	nuc_gene_a__ASPHD2_	1
observable_5282	nuc_gene_a__CAMK2A_	1
observable_5283	nuc_gene_a__OAZ3_	1
observable_5284	nuc_gene_a__LINGO4_	1
observable_5285	nuc_gene_a__THEM5_	1
observable_5286	nuc_gene_a__LCE1F_	1
observable_5287	nuc_gene_a__PAX2_	1
observable_5288	nuc_gene_a__FKBP3_	1
observable_5289	nuc_gene_a__LCE1E_	1
observable_5290	nuc_gene_a__LCE1D_	1
observable_5291	nuc_gene_a__FANCC_	1
observable_5292	nuc_gene_a__ATP2B3_	1
observable_5293	nuc_gene_a__TFAP2E_	1
observable_5294	nuc_gene_a__HPDL_	1
observable_5295	nuc_gene_a__OR2L5_	1
observable_5296	nuc_gene_a__MFAP3_	1
observable_5297	nuc_gene_a__CCSAP_	1
observable_5298	nuc_gene_a__SPOCK2_	1
observable_5299	nuc_gene_a__PLEKHH1_	1
observable_5300	nuc_gene_a__RAB42_	1
observable_5301	nuc_gene_a__AMY2A_	1
observable_5302	nuc_gene_a__FXYD1_	1
observable_5303	nuc_gene_a__ZNF365_	1
observable_5304	nuc_gene_a__OR10X1_	1
observable_5305	nuc_gene_a__PNRC1_	1
observable_5306	nuc_gene_a__OR2T27_	1
observable_5307	nuc_gene_a__IPMK_	1
observable_5308	nuc_gene_a__ANKRD22_	1
observable_5309	nuc_gene_a__ZWILCH_	1
observable_5310	nuc_gene_a__OR14A16_	1
observable_5311	nuc_gene_a__SRSF12_	1
observable_5312	nuc_gene_a__OR11L1_	1
observable_5313	nuc_gene_a__EIF4EBP2_	1
observable_5314	nuc_gene_a__DDX31_	1
observable_5315	nuc_gene_a__TRIM58_	1
observable_5316	nuc_gene_a__OR2W3_	1
observable_5317	nuc_gene_a__RAB11FIP2_	1
observable_5318	nuc_gene_a__OR2L8_	1
observable_5319	nuc_gene_a__OR6Y1_	1
observable_5320	nuc_gene_a__OR2M5_	1
observable_5321	nuc_gene_a__GDF10_	1
observable_5322	nuc_gene_a__OR2M2_	1
observable_5323	nuc_gene_a__GPX6_	1
observable_5324	nuc_gene_a__SRARP_	1
observable_5325	nuc_gene_a__PPP6C_	1
observable_5326	nuc_gene_a__OR2T8_	1
observable_5327	nuc_gene_a__ZNF808_	1
observable_5328	nuc_gene_a__MMRN2_	1
observable_5329	nuc_gene_a__KLF1_	1
observable_5330	nuc_gene_a__CTRC_	1
observable_5331	nuc_gene_a__FOXA3_	1
observable_5332	nuc_gene_a__OR6F1_	1
observable_5333	nuc_gene_a__RBM18_	1
observable_5334	nuc_gene_a__GPR4_	1
observable_5335	nuc_gene_a__OR10K1_	1
observable_5336	nuc_gene_a__OR2T12_	1
observable_5337	nuc_gene_a__OR2T33_	1
observable_5338	nuc_gene_a__OR2T29_	1
observable_5339	nuc_gene_a__OR13G1_	1
observable_5340	nuc_gene_a__OR1C1_	1
observable_5341	nuc_gene_a__OR2M3_	1
observable_5342	nuc_gene_a__OR6N1_	1
observable_5343	nuc_gene_a__OR2T11_	1
observable_5344	nuc_gene_a__OR10Z1_	1
observable_5345	nuc_gene_a__TMEM254_	1
observable_5346	nuc_gene_a__SPTA1_	1
observable_5347	nuc_gene_a__ZNF846_	1
observable_5348	nuc_gene_a__IRAK1_	1
observable_5349	nuc_gene_a__CISD2_	1
observable_5350	nuc_gene_a__PLEC_	1
observable_5351	nuc_gene_a__PSME2_	1
observable_5352	nuc_gene_a__KLK1_	1
observable_5353	nuc_gene_a__SCAMP5_	1
observable_5354	nuc_gene_a__IER5_	1
observable_5355	nuc_gene_a__OPN3_	1
observable_5356	nuc_gene_a__CHML_	1
observable_5357	nuc_gene_a__BCL9_	1
observable_5358	nuc_gene_a__EDA2R_	1
observable_5359	nuc_gene_a__FAM120A_	1
observable_5360	nuc_gene_a__BECN2_	1
observable_5361	nuc_gene_a__CHRNA5_	1
observable_5362	nuc_gene_a__C8orf76_	1
observable_5363	nuc_gene_a__SLC25A53_	1
observable_5364	nuc_gene_a__GRSF1_	1
observable_5365	nuc_gene_a__MESD_	1
observable_5366	nuc_gene_a__TXN_	1
observable_5367	nuc_gene_a__STARD5_	1
observable_5368	nuc_gene_a__DAP_	1
observable_5369	nuc_gene_a__DHRS7_	1
observable_5370	nuc_gene_a__NEURL1B_	1
observable_5371	nuc_gene_a__SGCB_	1
observable_5372	nuc_gene_a__MTMR7_	1
observable_5373	nuc_gene_a__ZNF483_	1
observable_5374	nuc_gene_a__SLC7A9_	1
observable_5375	nuc_gene_a__EIF2B2_	1
observable_5376	nuc_gene_a__SHROOM3_	1
observable_5377	nuc_gene_a__SHB_	1
observable_5378	nuc_gene_a__ZNF547_	1
observable_5379	nuc_gene_a__ALKBH7_	1
observable_5380	nuc_gene_a__N4BP2_	1
observable_5381	nuc_gene_a__CHRDL1_	1
observable_5382	nuc_gene_a__UGT8_	1
observable_5383	nuc_gene_a__IPPK_	1
observable_5384	nuc_gene_a__RNF130_	1
observable_5385	nuc_gene_a__BRD3OS_	1
observable_5386	nuc_gene_a__ACO2_	1
observable_5387	nuc_gene_a__APOBEC1_	1
observable_5388	nuc_gene_a__GDF3_	1
observable_5389	nuc_gene_a__PPP1R13B_	1
observable_5390	nuc_gene_a__POP1_	1
observable_5391	nuc_gene_a__PRAM1_	1
observable_5392	nuc_gene_a__MAGT1_	1
observable_5393	nuc_gene_a__UBR1_	1
observable_5394	nuc_gene_a__ZNF677_	1
observable_5395	nuc_gene_a__TRIML2_	1
observable_5396	nuc_gene_a__CLEC4C_	1
observable_5397	nuc_gene_a__NEFL_	1
observable_5398	nuc_gene_a__BLNK_	1
observable_5399	nuc_gene_a__NANOGNB_	1
observable_5400	nuc_gene_a__DYRK3_	1
observable_5401	nuc_gene_a__PRR4_	1
observable_5402	nuc_gene_a__TRPS1_	1
observable_5403	nuc_gene_a__NPC2_	1
observable_5404	nuc_gene_a__TNFSF18_	1
observable_5405	nuc_gene_a__PRODH2_	1
observable_5406	nuc_gene_a__MAP10_	1
observable_5407	nuc_gene_a__SERF2_	1
observable_5408	nuc_gene_a__CACNB4_	1
observable_5409	nuc_gene_a__UFSP2_	1
observable_5410	nuc_gene_a__PBOV1_	1
observable_5411	nuc_gene_a__ITM2A_	1
observable_5412	nuc_gene_a__EXOSC4_	1
observable_5413	nuc_gene_a__POLR3H_	1
observable_5414	nuc_gene_a__ITGA2_	1
observable_5415	nuc_gene_a__TBXA2R_	1
observable_5416	nuc_gene_a__TRIM67_	1
observable_5417	nuc_gene_a__C8orf88_	1
observable_5418	nuc_gene_a__INSL5_	1
observable_5419	nuc_gene_a__OR6P1_	1
observable_5420	nuc_gene_a__SLC2A7_	1
observable_5421	nuc_gene_a__TIGD4_	1
observable_5422	nuc_gene_a__OR6K2_	1
observable_5423	nuc_gene_a__SLC35B2_	1
observable_5424	nuc_gene_a__LCE4A_	1
observable_5425	nuc_gene_a__APELA_	1
observable_5426	nuc_gene_a__ACTRT2_	1
observable_5427	nuc_gene_a__LSM1_	1
observable_5428	nuc_gene_a__LDLRAD2_	1
observable_5429	nuc_gene_a__TMEM151B_	1
observable_5430	nuc_gene_a__CLEC11A_	1
observable_5431	nuc_gene_a__CHUK_	1
observable_5432	nuc_gene_a__PRLHR_	1
observable_5433	nuc_gene_a__MAP3K9_	1
observable_5434	nuc_gene_a__HSPG2_	1
observable_5435	nuc_gene_a__PCSK4_	1
observable_5436	nuc_gene_a__CELA3B_	1
observable_5437	nuc_gene_a__BLOC1S3_	1
observable_5438	nuc_gene_a__PIGN_	1
observable_5439	nuc_gene_a__CELA3A_	1
observable_5440	nuc_gene_a__MIER3_	1
observable_5441	nuc_gene_a__ASPDH_	1
observable_5442	nuc_gene_a__AVPR1B_	1
observable_5443	nuc_gene_a__SEMA4G_	1
observable_5444	nuc_gene_a__MED6_	1
observable_5445	nuc_gene_a__SLC26A2_	1
observable_5446	nuc_gene_a__ZSWIM9_	1
observable_5447	nuc_gene_a__RPS4X_	1
observable_5448	nuc_gene_a__LRG1_	1
observable_5449	nuc_gene_a__RAE1_	1
observable_5450	nuc_gene_a__ERCC6_	1
observable_5451	nuc_gene_a__NUP214_	1
observable_5452	nuc_gene_a__PRB2_	1
observable_5453	nuc_gene_a__PBX4_	1
observable_5454	nuc_gene_a__ZBTB46_	1
observable_5455	nuc_gene_a__ANAPC10_	1
observable_5456	nuc_gene_a__GABRP_	1
observable_5457	nuc_gene_a__GID8_	1
observable_5458	nuc_gene_a__EIF4E1B_	1
observable_5459	nuc_gene_a__ZNF792_	1
observable_5460	nuc_gene_a__MAGED2_	1
observable_5461	nuc_gene_a__SIT1_	1
observable_5462	nuc_gene_a__ICE2_	1
observable_5463	nuc_gene_a__TBC1D22A_	1
observable_5464	nuc_gene_a__RPP25L_	1
observable_5465	nuc_gene_a__ESRP1_	1
observable_5466	nuc_gene_a__ITK_	1
observable_5467	nuc_gene_a__C1QL4_	1
observable_5468	nuc_gene_a__ADRA1B_	1
observable_5469	nuc_gene_a__ESCO1_	1
observable_5470	nuc_gene_a__TMEM74_	1
observable_5471	nuc_gene_a__USF2_	1
observable_5472	nuc_gene_a__TUBA8_	1
observable_5473	nuc_gene_a__PIP4P2_	1
observable_5474	nuc_gene_a__BAZ1A_	1
observable_5475	nuc_gene_a__AMN1_	1
observable_5476	nuc_gene_a__NLN_	1
observable_5477	nuc_gene_a__DOLPP1_	1
observable_5478	nuc_gene_a__SCN3A_	1
observable_5479	nuc_gene_a__CCDC97_	1
observable_5480	nuc_gene_a__AMPD1_	1
observable_5481	nuc_gene_a__ZNF221_	1
observable_5482	nuc_gene_a__LCE1C_	1
observable_5483	nuc_gene_a__LBX2_	1
observable_5484	nuc_gene_a__ZNF681_	1
observable_5485	nuc_gene_a__CALB1_	1
observable_5486	nuc_gene_a__NXPH1_	1
observable_5487	nuc_gene_a__CRNN_	1
observable_5488	nuc_gene_a__LCE5A_	1
observable_5489	nuc_gene_a__WNT6_	1
observable_5490	nuc_gene_a__PAPOLB_	1
observable_5491	nuc_gene_a__OR6B2_	1
observable_5492	nuc_gene_a__CRCT1_	1
observable_5493	nuc_gene_a__EDIL3_	1
observable_5494	nuc_gene_a__LCE3E_	1
observable_5495	nuc_gene_a__LCE3D_	1
observable_5496	nuc_gene_a__COL8A2_	1
observable_5497	nuc_gene_a__A3GALT2_	1
observable_5498	nuc_gene_a__FAM50A_	1
observable_5499	nuc_gene_a__ALLC_	1
observable_5500	nuc_gene_a__TWIST1_	1
observable_5501	nuc_gene_a__AMER3_	1
observable_5502	nuc_gene_a__ELOVL7_	1
observable_5503	nuc_gene_a__STX6_	1
observable_5504	nuc_gene_a__TMEM269_	1
observable_5505	nuc_gene_a__NR6A1_	1
observable_5506	nuc_gene_a__GORAB_	1
observable_5507	nuc_gene_a__C9orf85_	1
observable_5508	nuc_gene_a__LCE1B_	1
observable_5509	nuc_gene_a__LCE1A_	1
observable_5510	nuc_gene_a__LCE6A_	1
observable_5511	nuc_gene_a__SMCP_	1
observable_5512	nuc_gene_a__IVL_	1
observable_5513	nuc_gene_a__SPRR4_	1
observable_5514	nuc_gene_a__SPRR3_	1
observable_5515	nuc_gene_a__SPRR1B_	1
observable_5516	nuc_gene_a__SPRR2D_	1
observable_5517	nuc_gene_a__PER2_	1
observable_5518	nuc_gene_a__SPRR2A_	1
observable_5519	nuc_gene_a__SPRR2E_	1
observable_5520	nuc_gene_a__SPRR2F_	1
observable_5521	nuc_gene_a__SPRR2G_	1
observable_5522	nuc_gene_a__LRP1_	1
observable_5523	nuc_gene_a__CAAP1_	1
observable_5524	nuc_gene_a__SERINC5_	1
observable_5525	nuc_gene_a__SORD_	1
observable_5526	nuc_gene_a__DCDC2C_	1
observable_5527	nuc_gene_a__SOX11_	1
observable_5528	nuc_gene_a__NXPH4_	1
observable_5529	nuc_gene_a__TMEM215_	1
observable_5530	nuc_gene_a__FAM151B_	1
observable_5531	nuc_gene_a__ITIH2_	1
observable_5532	nuc_gene_a__TRUB2_	1
observable_5533	nuc_gene_a__MRPS30_	1
observable_5534	nuc_gene_a__PTPRH_	1
observable_5535	nuc_gene_a__LEAP2_	1
observable_5536	nuc_gene_a__ANKRD17_	1
observable_5537	nuc_gene_a__ELF3_	1
observable_5538	nuc_gene_a__SLC34A1_	1
observable_5539	nuc_gene_a__ABRAXAS2_	1
observable_5540	nuc_gene_a__ETV3_	1
observable_5541	nuc_gene_a__ZBTB32_	1
observable_5542	nuc_gene_a__GRPEL1_	1
observable_5543	nuc_gene_a__MSRB2_	1
observable_5544	nuc_gene_a__C1orf94_	1
observable_5545	nuc_gene_a__ZNF823_	1
observable_5546	nuc_gene_a__ZNF835_	1
observable_5547	nuc_gene_a__PNMA8A_	1
observable_5548	nuc_gene_a__RPN2_	1
observable_5549	nuc_gene_a__PDCD6_	1
observable_5550	nuc_gene_a__CHD8_	1
observable_5551	nuc_gene_a__MRPL1_	1
observable_5552	nuc_gene_a__ATP9B_	1
observable_5553	nuc_gene_a__FAM186A_	1
observable_5554	nuc_gene_a__CSMD2_	1
observable_5555	nuc_gene_a__NPSR1_	1
observable_5556	nuc_gene_a__MEF2B_	1
observable_5557	nuc_gene_a__MIP_	1
observable_5558	nuc_gene_a__SPRYD4_	1
observable_5559	nuc_gene_a__RNF180_	1
observable_5560	nuc_gene_a__AKR1C4_	1
observable_5561	nuc_gene_a__LYL1_	1
observable_5562	nuc_gene_a__SEC16A_	1
observable_5563	nuc_gene_a__FBXO33_	1
observable_5564	nuc_gene_a__INMT_	1
observable_5565	nuc_gene_a__PYGO2_	1
observable_5566	nuc_gene_a__POM121L12_	1
observable_5567	nuc_gene_a__AKAP13_	1
observable_5568	nuc_gene_a__NRP2_	1
observable_5569	nuc_gene_a__LRRC10_	1
observable_5570	nuc_gene_a__DCST2_	1
observable_5571	nuc_gene_a__TRIL_	1
observable_5572	nuc_gene_a__UGT3A1_	1
observable_5573	nuc_gene_a__RPS29_	1
observable_5574	nuc_gene_a__SCAF1_	1
observable_5575	nuc_gene_a__PCSK2_	1
observable_5576	nuc_gene_a__NACAD_	1
observable_5577	nuc_gene_a__SEC61B_	1
observable_5578	nuc_gene_a__BTK_	1
observable_5579	nuc_gene_a__ZNF713_	1
observable_5580	nuc_gene_a__MYRFL_	1
observable_5581	nuc_gene_a__ZNF136_	1
observable_5582	nuc_gene_a__DCST1_	1
observable_5583	nuc_gene_a__ZNF804B_	1
observable_5584	nuc_gene_a__IL7R_	1
observable_5585	nuc_gene_a__TEX46_	1
observable_5586	nuc_gene_a__ZNF473_	1
observable_5587	nuc_gene_a__ZCCHC2_	1
observable_5588	nuc_gene_a__AGBL4_	1
observable_5589	nuc_gene_a__IL5_	1
observable_5590	nuc_gene_a__GRHPR_	1
observable_5591	nuc_gene_a__CDC42BPB_	1
observable_5592	nuc_gene_a__SDHAF3_	1
observable_5593	nuc_gene_a__C1orf185_	1
observable_5594	nuc_gene_a__ROR1_	1
observable_5595	nuc_gene_a__TEX22_	1
observable_5596	nuc_gene_a__CCDC62_	1
observable_5597	nuc_gene_a__PARD3B_	1
observable_5598	nuc_gene_a__TEX47_	1
observable_5599	nuc_gene_a__CRK_	1
observable_5600	nuc_gene_a__HAND1_	1
observable_5601	nuc_gene_a__NOTCH1_	1
observable_5602	nuc_gene_a__EIF3E_	1
observable_5603	nuc_gene_a__IL4I1_	1
observable_5604	nuc_gene_a__RCHY1_	1
observable_5605	nuc_gene_a__ARL10_	1
observable_5606	nuc_gene_a__NXN_	1
observable_5607	nuc_gene_a__RDH11_	1
observable_5608	nuc_gene_a__LMAN1_	1
observable_5609	nuc_gene_a__KCNH7_	1
observable_5610	nuc_gene_a__RASEF_	1
observable_5611	nuc_gene_a__CAMKMT_	1
observable_5612	nuc_gene_a__COX4I2_	1
observable_5613	nuc_gene_a__SYNJ2BP_	1
observable_5614	nuc_gene_a__SLC23A1_	1
observable_5615	nuc_gene_a__SIX3_	1
observable_5616	nuc_gene_a__OTUD6B_	1
observable_5617	nuc_gene_a__MTG2_	1
observable_5618	nuc_gene_a__PLCL1_	1
observable_5619	nuc_gene_a__GPR39_	1
observable_5620	nuc_gene_a__RPS20_	1
observable_5621	nuc_gene_a__SFRP1_	1
observable_5622	nuc_gene_a__MED15_	1
observable_5623	nuc_gene_a__CGREF1_	1
observable_5624	nuc_gene_a__PNOC_	1
observable_5625	nuc_gene_a__FRAS1_	1
observable_5626	nuc_gene_a__LMAN2_	1
observable_5627	nuc_gene_a__FURIN_	1
observable_5628	nuc_gene_a__PARD6B_	1
observable_5629	nuc_gene_a__POLR2K_	1
observable_5630	nuc_gene_a__SLA2_	1
observable_5631	nuc_gene_a__TMEM181_	1
observable_5632	nuc_gene_a__ZNF716_	1
observable_5633	nuc_gene_a__SLC14A1_	1
observable_5634	nuc_gene_a__CEP135_	1
observable_5635	nuc_gene_a__DNAJC22_	1
observable_5636	nuc_gene_a__APOB_	1
observable_5637	nuc_gene_a__AGBL3_	1
observable_5638	nuc_gene_a__SEC61A2_	1
observable_5639	nuc_gene_a__SCUBE1_	1
observable_5640	nuc_gene_a__C8orf34_	1
observable_5641	nuc_gene_a__TSPAN11_	1
observable_5642	nuc_gene_a__TRAPPC6B_	1
observable_5643	nuc_gene_a__C9_	1
observable_5644	nuc_gene_a__ANKRD7_	1
observable_5645	nuc_gene_a__PXT1_	1
observable_5646	nuc_gene_a__NAT16_	1
observable_5647	nuc_gene_a__KCND2_	1
observable_5648	nuc_gene_a__LINS1_	1
observable_5649	nuc_gene_a__TCN1_	1
observable_5650	nuc_gene_a__IMMP2L_	1
observable_5651	nuc_gene_a__NUDT5_	1
observable_5652	nuc_gene_a__DLX5_	1
observable_5653	nuc_gene_a__SLC9B1_	1
observable_5654	nuc_gene_a__RFX7_	1
observable_5655	nuc_gene_a__DCAF16_	1
observable_5656	nuc_gene_a__PTP4A1_	1
observable_5657	nuc_gene_a__VWA3B_	1
observable_5658	nuc_gene_a__HTR4_	1
observable_5659	nuc_gene_a__PRSS37_	1
observable_5660	nuc_gene_a__CYTL1_	1
observable_5661	nuc_gene_a__RPUSD2_	1
observable_5662	nuc_gene_a__MAX_	1
observable_5663	nuc_gene_a__HDHD2_	1
observable_5664	nuc_gene_a__DLX6_	1
observable_5665	nuc_gene_a__SELENOH_	1
observable_5666	nuc_gene_a__ARID3B_	1
observable_5667	nuc_gene_a__ACADSB_	1
observable_5668	nuc_gene_a__MRPS18C_	1
observable_5669	nuc_gene_a__ASXL2_	1
observable_5670	nuc_gene_a__CLEC2L_	1
observable_5671	nuc_gene_a__XRN2_	1
observable_5672	nuc_gene_a__TAS2R3_	1
observable_5673	nuc_gene_a__CTPS2_	1
observable_5674	nuc_gene_a__CYP2U1_	1
observable_5675	nuc_gene_a__BRI3_	1
observable_5676	nuc_gene_a__CPXM2_	1
observable_5677	nuc_gene_a__OXA1L_	1
observable_5678	nuc_gene_a__AKR1B15_	1
observable_5679	nuc_gene_a__TUBA4B_	1
observable_5680	nuc_gene_a__ELP3_	1
observable_5681	nuc_gene_a__FAT1_	1
observable_5682	nuc_gene_a__TAS2R5_	1
observable_5683	nuc_gene_a__NOTO_	1
observable_5684	nuc_gene_a__TMEM229A_	1
observable_5685	nuc_gene_a__UBE2D1_	1
observable_5686	nuc_gene_a__NYNRIN_	1
observable_5687	nuc_gene_a__FBXO41_	1
observable_5688	nuc_gene_a__SFRP2_	1
observable_5689	nuc_gene_a__DAD1_	1
observable_5690	nuc_gene_a__SRD5A3_	1
observable_5691	nuc_gene_a__FMC1_	1
observable_5692	nuc_gene_a__B3GNT7_	1
observable_5693	nuc_gene_a__STOX1_	1
observable_5694	nuc_gene_a__CNTF_	1
observable_5695	nuc_gene_a__ERICH1_	1
observable_5696	nuc_gene_a__AOC3_	1
observable_5697	nuc_gene_a__GLYAT_	1
observable_5698	nuc_gene_a__PRDM13_	1
observable_5699	nuc_gene_a__CNTD1_	1
observable_5700	nuc_gene_a__ATG2B_	1
observable_5701	nuc_gene_a__C6orf120_	1
observable_5702	nuc_gene_a__BUB1B_	1
observable_5703	nuc_gene_a__MYL12A_	1
observable_5704	nuc_gene_a__PTBP1_	1
observable_5705	nuc_gene_a__COPG2_	1
observable_5706	nuc_gene_a__TCHHL1_	1
observable_5707	nuc_gene_a__SARDH_	1
observable_5708	nuc_gene_a__RPTN_	1
observable_5709	nuc_gene_a__HRNR_	1
observable_5710	nuc_gene_a__SFN_	1
observable_5711	nuc_gene_a__NR0B2_	1
observable_5712	nuc_gene_a__NHSL1_	1
observable_5713	nuc_gene_a__TENT5B_	1
observable_5714	nuc_gene_a__GHR_	1
observable_5715	nuc_gene_a__TPD52_	1
observable_5716	nuc_gene_a__ARHGAP19_	1
observable_5717	nuc_gene_a__ATP6V1G1_	1
observable_5718	nuc_gene_a__CATSPER4_	1
observable_5719	nuc_gene_a__LUC7L3_	1
observable_5720	nuc_gene_a__COL28A1_	1
observable_5721	nuc_gene_a__LIN28A_	1
observable_5722	nuc_gene_a__PPP1R15B_	1
observable_5723	nuc_gene_a__OTX2_	1
observable_5724	nuc_gene_a__OLFML2A_	1
observable_5725	nuc_gene_a__DMRTB1_	1
observable_5726	nuc_gene_a__SCD_	1
observable_5727	nuc_gene_a__EMC4_	1
observable_5728	nuc_gene_a__RGS7_	1
observable_5729	nuc_gene_a__LCN10_	1
observable_5730	nuc_gene_a__GSTO2_	1
observable_5731	nuc_gene_a__MPLKIP_	1
observable_5732	nuc_gene_a__TNS2_	1
observable_5733	nuc_gene_a__PPIB_	1
observable_5734	nuc_gene_a__PPP1R3A_	1
observable_5735	nuc_gene_a__AOC2_	1
observable_5736	nuc_gene_a__INA_	1
observable_5737	nuc_gene_a__TMEM244_	1
observable_5738	nuc_gene_a__COA3_	1
observable_5739	nuc_gene_a__NAA15_	1
observable_5740	nuc_gene_a__KIF2B_	1
observable_5741	nuc_gene_a__MINAR1_	1
observable_5742	nuc_gene_a__EN2_	1
observable_5743	nuc_gene_a__URM1_	1
observable_5744	nuc_gene_a__TAS2R38_	1
observable_5745	nuc_gene_a__GPR37_	1
observable_5746	nuc_gene_a__SENP8_	1
observable_5747	nuc_gene_a__CNR2_	1
observable_5748	nuc_gene_a__PIGBOS1_	1
observable_5749	nuc_gene_a__PDZD7_	1
observable_5750	nuc_gene_a__KCNK16_	1
observable_5751	nuc_gene_a__ZCCHC8_	1
observable_5752	nuc_gene_a__CYP4F22_	1
observable_5753	nuc_gene_a__TAS2R4_	1
observable_5754	nuc_gene_a__ZNF92_	1
observable_5755	nuc_gene_a__CCDC186_	1
observable_5756	nuc_gene_a__KCTD2_	1
observable_5757	nuc_gene_a__KIF6_	1
observable_5758	nuc_gene_a__LIN37_	1
observable_5759	nuc_gene_a__WDR86_	1
observable_5760	nuc_gene_a__GAS2L3_	1
observable_5761	nuc_gene_a__CBX8_	1
observable_5762	nuc_gene_a__CD70_	1
observable_5763	nuc_gene_a__SCG3_	1
observable_5764	nuc_gene_a__HMGB2_	1
observable_5765	nuc_gene_a__TNFSF14_	1
observable_5766	nuc_gene_a__VPS37B_	1
observable_5767	nuc_gene_a__ZNF416_	1
observable_5768	nuc_gene_a__GRHL3_	1
observable_5769	nuc_gene_a__APOC4_	1
observable_5770	nuc_gene_a__PCTP_	1
observable_5771	nuc_gene_a__RFPL4A_	1
observable_5772	nuc_gene_a__IL36B_	1
observable_5773	nuc_gene_a__POLR3A_	1
observable_5774	nuc_gene_a__ACYP2_	1
observable_5775	nuc_gene_a__DLX2_	1
observable_5776	nuc_gene_a__EFR3A_	1
observable_5777	nuc_gene_a__ELAVL3_	1
observable_5778	nuc_gene_a__TMEM86B_	1
observable_5779	nuc_gene_a__MREG_	1
observable_5780	nuc_gene_a__TMPO_	1
observable_5781	nuc_gene_a__HAPLN4_	1
observable_5782	nuc_gene_a__CEP55_	1
observable_5783	nuc_gene_a__RIC1_	1
observable_5784	nuc_gene_a__IFRD1_	1
observable_5785	nuc_gene_a__ZNF829_	1
observable_5786	nuc_gene_a__DNAJC9_	1
observable_5787	nuc_gene_a__ZNF22_	1
observable_5788	nuc_gene_a__ZNF580_	1
observable_5789	nuc_gene_a__CEACAM8_	1
observable_5790	nuc_gene_a__OGFRL1_	1
observable_5791	nuc_gene_a__SCARB2_	1
observable_5792	nuc_gene_a__BNC2_	1
observable_5793	nuc_gene_a__NCAPH2_	1
observable_5794	nuc_gene_a__PPP1R3G_	1
observable_5795	nuc_gene_a__DMAC1_	1
observable_5796	nuc_gene_a__GIMAP2_	1
observable_5797	nuc_gene_a__DNM3_	1
observable_5798	nuc_gene_a__KLK7_	1
observable_5799	nuc_gene_a__CCDC182_	1
observable_5800	nuc_gene_a__MTA1_	1
observable_5801	nuc_gene_a__AFG3L2_	1
observable_5802	nuc_gene_a__PIK3C2G_	1
observable_5803	nuc_gene_a__RPP30_	1
observable_5804	nuc_gene_a__PDE2A_	1
observable_5805	nuc_gene_a__C1orf105_	1
observable_5806	nuc_gene_a__ABL1_	1
observable_5807	nuc_gene_a__FBXW10_	1
observable_5808	nuc_gene_a__TIMM23B_	1
observable_5809	nuc_gene_a__CPA2_	1
observable_5810	nuc_gene_a__SOX15_	1
observable_5811	nuc_gene_a__CA11_	1
observable_5812	nuc_gene_a__CGRRF1_	1
observable_5813	nuc_gene_a__EFNB3_	1
observable_5814	nuc_gene_a__OR1D5_	1
observable_5815	nuc_gene_a__CEACAM4_	1
observable_5816	nuc_gene_a__CNNM1_	1
observable_5817	nuc_gene_a__WSCD2_	1
observable_5818	nuc_gene_a__ANGEL1_	1
observable_5819	nuc_gene_a__MYL12B_	1
observable_5820	nuc_gene_a__SLC4A9_	1
observable_5821	nuc_gene_a__CPA4_	1
observable_5822	nuc_gene_a__TMEM97_	1
observable_5823	nuc_gene_a__SULT2A1_	1
observable_5824	nuc_gene_a__NR2E1_	1
observable_5825	nuc_gene_a__ABCA4_	1
observable_5826	nuc_gene_a__RAB3D_	1
observable_5827	nuc_gene_a__PSMA4_	1
observable_5828	nuc_gene_a__BLOC1S5_	1
observable_5829	nuc_gene_a__SP1_	1
observable_5830	nuc_gene_a__COX16_	1
observable_5831	nuc_gene_a__SPPL2C_	1
observable_5832	nuc_gene_a__STH_	1
observable_5833	nuc_gene_a__OR10V1_	1
observable_5834	nuc_gene_a__PRX_	1
observable_5835	nuc_gene_a__WHRN_	1
observable_5836	nuc_gene_a__SCN1A_	1
observable_5837	nuc_gene_a__PDE6A_	1
observable_5838	nuc_gene_a__FAM117A_	1
observable_5839	nuc_gene_a__TRIM32_	1
observable_5840	nuc_gene_a__PRRC2C_	1
observable_5841	nuc_gene_a__SLC22A3_	1
observable_5842	nuc_gene_a__PRDM6_	1
observable_5843	nuc_gene_a__HINT3_	1
observable_5844	nuc_gene_a__CYP2F1_	1
observable_5845	nuc_gene_a__PHPT1_	1
observable_5846	nuc_gene_a__DLX3_	1
observable_5847	nuc_gene_a__NDUFAF8_	1
observable_5848	nuc_gene_a__TMEM141_	1
observable_5849	nuc_gene_a__CYTIP_	1
observable_5850	nuc_gene_a__TRIP13_	1
observable_5851	nuc_gene_a__TNFRSF13B_	1
observable_5852	nuc_gene_a__RBMS2_	1
observable_5853	nuc_gene_a__NACC2_	1
observable_5854	nuc_gene_a__RPRM_	1
observable_5855	nuc_gene_a__CDC42SE2_	1
observable_5856	nuc_gene_a__PLD6_	1
observable_5857	nuc_gene_a__MED9_	1
observable_5858	nuc_gene_a__DLGAP5_	1
observable_5859	nuc_gene_a__GCLC_	1
observable_5860	nuc_gene_a__NSG2_	1
observable_5861	nuc_gene_a__PXMP2_	1
observable_5862	nuc_gene_a__HSPA5_	1
observable_5863	nuc_gene_a__IFI35_	1
observable_5864	nuc_gene_a__IGDCC3_	1
observable_5865	nuc_gene_a__ZNF474_	1
observable_5866	nuc_gene_a__NXPH3_	1
observable_5867	nuc_gene_a__PLEKHG1_	1
observable_5868	nuc_gene_a__FAT3_	1
observable_5869	nuc_gene_a__TMEM247_	1
observable_5870	nuc_gene_a__INTS10_	1
observable_5871	nuc_gene_a__CYB5D2_	1
observable_5872	nuc_gene_a__CCNK_	1
observable_5873	nuc_gene_a__SLCO4C1_	1
observable_5874	nuc_gene_a__CYP4F11_	1
observable_5875	nuc_gene_a__CARD6_	1
observable_5876	nuc_gene_a__POU3F3_	1
observable_5877	nuc_gene_a__PTPN21_	1
observable_5878	nuc_gene_a__ASB18_	1
observable_5879	nuc_gene_a__CEP295_	1
observable_5880	nuc_gene_a__CADM4_	1
observable_5881	nuc_gene_a__ZSCAN22_	1
observable_5882	nuc_gene_a__FZD3_	1
observable_5883	nuc_gene_a__BHMT2_	1
observable_5884	nuc_gene_a__C14orf119_	1
observable_5885	nuc_gene_a__GADD45B_	1
observable_5886	nuc_gene_a__OR10A5_	1
observable_5887	nuc_gene_a__OR2D2_	1
observable_5888	nuc_gene_a__OR2D3_	1
observable_5889	nuc_gene_a__UBTFL1_	1
observable_5890	nuc_gene_a__NSD2_	1
observable_5891	nuc_gene_a__CRISP2_	1
observable_5892	nuc_gene_a__NDUFB9_	1
observable_5893	nuc_gene_a__OR52W1_	1
observable_5894	nuc_gene_a__CYB5D1_	1
observable_5895	nuc_gene_a__CSNK2A1_	1
observable_5896	nuc_gene_a__GNMT_	1
observable_5897	nuc_gene_a__LGR5_	1
observable_5898	nuc_gene_a__GUCY2D_	1
observable_5899	nuc_gene_a__HEBP2_	1
observable_5900	nuc_gene_a__CTSV_	1
observable_5901	nuc_gene_a__MS4A2_	1
observable_5902	nuc_gene_a__RSPO3_	1
observable_5903	nuc_gene_a__MEST_	1
observable_5904	nuc_gene_a__ALOX12B_	1
observable_5905	nuc_gene_a__AQP5_	1
observable_5906	nuc_gene_a__HES7_	1
observable_5907	nuc_gene_a__MYPOP_	1
observable_5908	nuc_gene_a__SPATS1_	1
observable_5909	nuc_gene_a__BORCS6_	1
observable_5910	nuc_gene_a__ODF4_	1
observable_5911	nuc_gene_a__MFSD6L_	1
observable_5912	nuc_gene_a__CYP3A7_	1
observable_5913	nuc_gene_a__KIAA1217_	1
observable_5914	nuc_gene_a__GJC3_	1
observable_5915	nuc_gene_a__CCDC86_	1
observable_5916	nuc_gene_a__TRIM46_	1
observable_5917	nuc_gene_a__KDR_	1
observable_5918	nuc_gene_a__PTGDR2_	1
observable_5919	nuc_gene_a__ZP1_	1
observable_5920	nuc_gene_a__RPP40_	1
observable_5921	nuc_gene_a__CFAP52_	1
observable_5922	nuc_gene_a__PDE1B_	1
observable_5923	nuc_gene_a__RAB5IF_	1
observable_5924	nuc_gene_a__CNTNAP2_	1
observable_5925	nuc_gene_a__SPATA19_	1
observable_5926	nuc_gene_a__UCMA_	1
observable_5927	nuc_gene_a__RCVRN_	1
observable_5928	nuc_gene_a__CEP192_	1
observable_5929	nuc_gene_a__IGSF9B_	1
observable_5930	nuc_gene_a__SH3RF1_	1
observable_5931	nuc_gene_a__CREB3_	1
observable_5932	nuc_gene_a__MYH13_	1
observable_5933	nuc_gene_a__MGME1_	1
observable_5934	nuc_gene_a__ARHGAP8_	1
observable_5935	nuc_gene_a__HSPB6_	1
observable_5936	nuc_gene_a__YWHAG_	1
observable_5937	nuc_gene_a__TOR1B_	1
observable_5938	nuc_gene_a__GADD45GIP1_	1
observable_5939	nuc_gene_a__BET1L_	1
observable_5940	nuc_gene_a__ZP3_	1
observable_5941	nuc_gene_a__SOSTDC1_	1
observable_5942	nuc_gene_a__HINT2_	1
observable_5943	nuc_gene_a__MYH8_	1
observable_5944	nuc_gene_a__LRRC72_	1
observable_5945	nuc_gene_a__ALDH5A1_	1
observable_5946	nuc_gene_a__CPXM1_	1
observable_5947	nuc_gene_a__CALHM6_	1
observable_5948	nuc_gene_a__XPO7_	1
observable_5949	nuc_gene_a__MYH4_	1
observable_5950	nuc_gene_a__ANKRD29_	1
observable_5951	nuc_gene_a__ADAM8_	1
observable_5952	nuc_gene_a__LAMP5_	1
observable_5953	nuc_gene_a__SMARCD3_	1
observable_5954	nuc_gene_a__UNC93A_	1
observable_5955	nuc_gene_a__SHISA6_	1
observable_5956	nuc_gene_a__MYDGF_	1
observable_5957	nuc_gene_a__EML1_	1
observable_5958	nuc_gene_a__RAN_	1
observable_5959	nuc_gene_a__FANK1_	1
observable_5960	nuc_gene_a__KISS1R_	1
observable_5961	nuc_gene_a__BRD3_	1
observable_5962	nuc_gene_a__ZNF91_	1
observable_5963	nuc_gene_a__NINJ2_	1
observable_5964	nuc_gene_a__RNF216_	1
observable_5965	nuc_gene_a__NDUFB6_	1
observable_5966	nuc_gene_a__SSPN_	1
observable_5967	nuc_gene_a__FUOM_	1
observable_5968	nuc_gene_a__LRRC61_	1
observable_5969	nuc_gene_a__SMCO3_	1
observable_5970	nuc_gene_a__OTUD4_	1
observable_5971	nuc_gene_a__FICD_	1
observable_5972	nuc_gene_a__HSD17B4_	1
observable_5973	nuc_gene_a__FKBP14_	1
observable_5974	nuc_gene_a__STAG2_	1
observable_5975	nuc_gene_a__BARX2_	1
observable_5976	nuc_gene_a__DNAJC30_	1
observable_5977	nuc_gene_a__CLDN3_	1
observable_5978	nuc_gene_a__TMEM270_	1
observable_5979	nuc_gene_a__FAM98C_	1
observable_5980	nuc_gene_a__ZDHHC24_	1
observable_5981	nuc_gene_a__POLB_	1
observable_5982	nuc_gene_a__ANKRD49_	1
observable_5983	nuc_gene_a__RGS14_	1
observable_5984	nuc_gene_a__TIMM10B_	1
observable_5985	nuc_gene_a__SLC17A3_	1
observable_5986	nuc_gene_a__FZD1_	1
observable_5987	nuc_gene_a__NCKAP1L_	1
observable_5988	nuc_gene_a__CD3E_	1
observable_5989	nuc_gene_a__RELL2_	1
observable_5990	nuc_gene_a__RIPK2_	1
observable_5991	nuc_gene_a__RASAL3_	1
observable_5992	nuc_gene_a__DNAH9_	1
observable_5993	nuc_gene_a__CDO1_	1
observable_5994	nuc_gene_a__IGFBP6_	1
observable_5995	nuc_gene_a__ZNF229_	1
observable_5996	nuc_gene_a__MYO3A_	1
observable_5997	nuc_gene_a__HS3ST3A1_	1
observable_5998	nuc_gene_a__PURB_	1
observable_5999	nuc_gene_a__ZNF112_	1
observable_6000	nuc_gene_a__LAPTM4B_	1
observable_6001	nuc_gene_a__CDRT15_	1
observable_6002	nuc_gene_a__HS3ST3B1_	1
observable_6003	nuc_gene_a__FGL2_	1
observable_6004	nuc_gene_a__FSTL4_	1
observable_6005	nuc_gene_a__ZC2HC1A_	1
observable_6006	nuc_gene_a__NHLRC2_	1
observable_6007	nuc_gene_a__CYGB_	1
observable_6008	nuc_gene_a__TRIM29_	1
observable_6009	nuc_gene_a__F12_	1
observable_6010	nuc_gene_a__CEACAM19_	1
observable_6011	nuc_gene_a__ATP6V0A2_	1
observable_6012	nuc_gene_a__STAU1_	1
observable_6013	nuc_gene_a__SEC24D_	1
observable_6014	nuc_gene_a__IGSF23_	1
observable_6015	nuc_gene_a__PRCD_	1
observable_6016	nuc_gene_a__TIGAR_	1
observable_6017	nuc_gene_a__GRIN2D_	1
observable_6018	nuc_gene_a__TRPV6_	1
observable_6019	nuc_gene_a__PABPC4L_	1
observable_6020	nuc_gene_a__PRIM1_	1
observable_6021	nuc_gene_a__PIP_	1
observable_6022	nuc_gene_a__DBF4B_	1
observable_6023	nuc_gene_a__EXOSC1_	1
observable_6024	nuc_gene_a__TREH_	1
observable_6025	nuc_gene_a__ZNF223_	1
observable_6026	nuc_gene_a__LMOD2_	1
observable_6027	nuc_gene_a__GK_	1
observable_6028	nuc_gene_a__TEX19_	1
observable_6029	nuc_gene_a__ST8SIA1_	1
observable_6030	nuc_gene_a__EPO_	1
observable_6031	nuc_gene_a__HIF1A_	1
observable_6032	nuc_gene_a__MRPS16_	1
observable_6033	nuc_gene_a__PYM1_	1
observable_6034	nuc_gene_a__NHLRC4_	1
observable_6035	nuc_gene_a__TEKT3_	1
observable_6036	nuc_gene_a__HS3ST4_	1
observable_6037	nuc_gene_a__GPRASP2_	1
observable_6038	nuc_gene_a__CCNJ_	1
observable_6039	nuc_gene_a__SIPA1L3_	1
observable_6040	nuc_gene_a__CCDC137_	1
observable_6041	nuc_gene_a__SRP72_	1
observable_6042	nuc_gene_a__ATP6AP1_	1
observable_6043	nuc_gene_a__FSCN2_	1
observable_6044	nuc_gene_a__FGD6_	1
observable_6045	nuc_gene_a__ELP1_	1
observable_6046	nuc_gene_a__GSTO1_	1
observable_6047	nuc_gene_a__RRM1_	1
observable_6048	nuc_gene_a__SPG11_	1
observable_6049	nuc_gene_a__CNOT7_	1
observable_6050	nuc_gene_a__ZAN_	1
observable_6051	nuc_gene_a__B3GNT6_	1
observable_6052	nuc_gene_a__TAF1_	1
observable_6053	nuc_gene_a__CHRM4_	1
observable_6054	nuc_gene_a__CREBBP_	1
observable_6055	nuc_gene_a__MBD6_	1
observable_6056	nuc_gene_a__PARP8_	1
observable_6057	nuc_gene_a__WBP2_	1
observable_6058	nuc_gene_a__BCCIP_	1
observable_6059	nuc_gene_a__SF3A2_	1
observable_6060	nuc_gene_a__OPRD1_	1
observable_6061	nuc_gene_a__ATP6V1F_	1
observable_6062	nuc_gene_a__HS3ST2_	1
observable_6063	nuc_gene_a__OR2B11_	1
observable_6064	nuc_gene_a__OR6N2_	1
observable_6065	nuc_gene_a__ZNF488_	1
observable_6066	nuc_gene_a__APOA1_	1
observable_6067	nuc_gene_a__CHEK2_	1
observable_6068	nuc_gene_a__SCGB3A1_	1
observable_6069	nuc_gene_a__FIBCD1_	1
observable_6070	nuc_gene_a__IL19_	1
observable_6071	nuc_gene_a__LCE2C_	1
observable_6072	nuc_gene_a__OR2C3_	1
observable_6073	nuc_gene_a__PDE5A_	1
observable_6074	nuc_gene_a__CDH6_	1
observable_6075	nuc_gene_a__LCE3C_	1
observable_6076	nuc_gene_a__CITED4_	1
observable_6077	nuc_gene_a__SLC23A2_	1
observable_6078	nuc_gene_a__METTL16_	1
observable_6079	nuc_gene_a__PELO_	1
observable_6080	nuc_gene_a__GLB1L2_	1
observable_6081	nuc_gene_a__NUP54_	1
observable_6082	nuc_gene_a__SAFB2_	1
observable_6083	nuc_gene_a__CAPSL_	1
observable_6084	nuc_gene_a__SRSF1_	1
observable_6085	nuc_gene_a__CCDC25_	1
observable_6086	nuc_gene_a__MS4A8_	1
observable_6087	nuc_gene_a__C1QTNF3_	1
observable_6088	nuc_gene_a__MAP7D3_	1
observable_6089	nuc_gene_a__KIF20B_	1
observable_6090	nuc_gene_a__EPX_	1
observable_6091	nuc_gene_a__CACNB3_	1
observable_6092	nuc_gene_a__ZC3H7A_	1
observable_6093	nuc_gene_a__CPA5_	1
observable_6094	nuc_gene_a__NDUFAF5_	1
observable_6095	nuc_gene_a__HNRNPUL2_	1
observable_6096	nuc_gene_a__PKP1_	1
observable_6097	nuc_gene_a__AQP6_	1
observable_6098	nuc_gene_a__PHLDA3_	1
observable_6099	nuc_gene_a__KCTD7_	1
observable_6100	nuc_gene_a__UHRF2_	1
observable_6101	nuc_gene_a__RPS16_	1
observable_6102	nuc_gene_a__DGCR8_	1
observable_6103	nuc_gene_a__ACOT12_	1
observable_6104	nuc_gene_a__BAG4_	1
observable_6105	nuc_gene_a__CD14_	1
observable_6106	nuc_gene_a__TCFL5_	1
observable_6107	nuc_gene_a__ZC3HAV1L_	1
observable_6108	nuc_gene_a__WDR81_	1
observable_6109	nuc_gene_a__NPM3_	1
observable_6110	nuc_gene_a__ZGRF1_	1
observable_6111	nuc_gene_a__PHOSPHO1_	1
observable_6112	nuc_gene_a__FAM162B_	1
observable_6113	nuc_gene_a__TRIM41_	1
observable_6114	nuc_gene_a__TAF13_	1
observable_6115	nuc_gene_a__ZC3H3_	1
observable_6116	nuc_gene_a__EPM2AIP1_	1
observable_6117	nuc_gene_a__NOL7_	1
observable_6118	nuc_gene_a__ARL3_	1
observable_6119	nuc_gene_a__SLC22A6_	1
observable_6120	nuc_gene_a__PYGL_	1
observable_6121	nuc_gene_a__TAGAP_	1
observable_6122	nuc_gene_a__CPNE8_	1
observable_6123	nuc_gene_a__MRPL13_	1
observable_6124	nuc_gene_a__CHRM1_	1
observable_6125	nuc_gene_a__CCR8_	1
observable_6126	nuc_gene_a__MRPL22_	1
observable_6127	nuc_gene_a__CCDC106_	1
observable_6128	nuc_gene_a__TLCD1_	1
observable_6129	nuc_gene_a__GXYLT2_	1
observable_6130	nuc_gene_a__NDUFAF2_	1
observable_6131	nuc_gene_a__MMP2_	1
observable_6132	nuc_gene_a__FAM200B_	1
observable_6133	nuc_gene_a__ICAM3_	1
observable_6134	nuc_gene_a__ZNF33A_	1
observable_6135	nuc_gene_a__COMMD10_	1
observable_6136	nuc_gene_a__CCL17_	1
observable_6137	nuc_gene_a__ZACN_	1
observable_6138	nuc_gene_a__CAPNS2_	1
observable_6139	nuc_gene_a__GALR2_	1
observable_6140	nuc_gene_a__PANK3_	1
observable_6141	nuc_gene_a__KLRD1_	1
observable_6142	nuc_gene_a__CTRB2_	1
observable_6143	nuc_gene_a__SDC2_	1
observable_6144	nuc_gene_a__PDCD5_	1
observable_6145	nuc_gene_a__ACOT9_	1
observable_6146	nuc_gene_a__PRR11_	1
observable_6147	nuc_gene_a__VAT1L_	1
observable_6148	nuc_gene_a__BTN3A1_	1
observable_6149	nuc_gene_a__MAF_	1
observable_6150	nuc_gene_a__ZNF69_	1
observable_6151	nuc_gene_a__RTN4RL1_	1
observable_6152	nuc_gene_a__RAB28_	1
observable_6153	nuc_gene_a__CTRB1_	1
observable_6154	nuc_gene_a__FOXC2_	1
observable_6155	nuc_gene_a__ADCY5_	1
observable_6156	nuc_gene_a__SYCE1L_	1
observable_6157	nuc_gene_a__AGA_	1
observable_6158	nuc_gene_a__IRF4_	1
observable_6159	nuc_gene_a__HSH2D_	1
observable_6160	nuc_gene_a__RELN_	1
observable_6161	nuc_gene_a__GYS2_	1
observable_6162	nuc_gene_a__FAM156B_	1
observable_6163	nuc_gene_a__DPH1_	1
observable_6164	nuc_gene_a__OPN1SW_	1
observable_6165	nuc_gene_a__MON1B_	1
observable_6166	nuc_gene_a__FYB1_	1
observable_6167	nuc_gene_a__BEX2_	1
observable_6168	nuc_gene_a__CLEC1B_	1
observable_6169	nuc_gene_a__OVCA2_	1
observable_6170	nuc_gene_a__ZNF852_	1
observable_6171	nuc_gene_a__OCM_	1
observable_6172	nuc_gene_a__BBS10_	1
observable_6173	nuc_gene_a__SBF2_	1
observable_6174	nuc_gene_a__POP4_	1
observable_6175	nuc_gene_a__EBAG9_	1
observable_6176	nuc_gene_a__FRG2C_	1
observable_6177	nuc_gene_a__TAS2R39_	1
observable_6178	nuc_gene_a__TAS2R40_	1
observable_6179	nuc_gene_a__HEXIM1_	1
observable_6180	nuc_gene_a__ARL5C_	1
observable_6181	nuc_gene_a__RPS11_	1
observable_6182	nuc_gene_a__CRHBP_	1
observable_6183	nuc_gene_a__MCM10_	1
observable_6184	nuc_gene_a__ZNF114_	1
observable_6185	nuc_gene_a__ZFP90_	1
observable_6186	nuc_gene_a__EIF4H_	1
observable_6187	nuc_gene_a__ZNF675_	1
observable_6188	nuc_gene_a__CHD7_	1
observable_6189	nuc_gene_a__CLDN4_	1
observable_6190	nuc_gene_a__OR9A4_	1
observable_6191	nuc_gene_a__NACC1_	1
observable_6192	nuc_gene_a__MMP13_	1
observable_6193	nuc_gene_a__LRRD1_	1
observable_6194	nuc_gene_a__BHMT_	1
observable_6195	nuc_gene_a__IQGAP1_	1
observable_6196	nuc_gene_a__MTHFD1_	1
observable_6197	nuc_gene_a__ALOX15_	1
observable_6198	nuc_gene_a__TPH1_	1
observable_6199	nuc_gene_a__ATXN7L1_	1
observable_6200	nuc_gene_a__VMO1_	1
observable_6201	nuc_gene_a__JPH3_	1
observable_6202	nuc_gene_a__RALGAPB_	1
observable_6203	nuc_gene_a__GLTPD2_	1
observable_6204	nuc_gene_a__FRYL_	1
observable_6205	nuc_gene_a__PPP1R14D_	1
observable_6206	nuc_gene_a__CHRNE_	1
observable_6207	nuc_gene_a__SPATA2_	1
observable_6208	nuc_gene_a__CX3CL1_	1
observable_6209	nuc_gene_a__RPL36_	1
observable_6210	nuc_gene_a__HSD17B1_	1
observable_6211	nuc_gene_a__JMJD7_	1
observable_6212	nuc_gene_a__CDKL1_	1
observable_6213	nuc_gene_a__MAT2B_	1
observable_6214	nuc_gene_a__LRP4_	1
observable_6215	nuc_gene_a__ZFHX3_	1
observable_6216	nuc_gene_a__RPS23_	1
observable_6217	nuc_gene_a__ECI2_	1
observable_6218	nuc_gene_a__COASY_	1
observable_6219	nuc_gene_a__DGCR2_	1
observable_6220	nuc_gene_a__PIGU_	1
observable_6221	nuc_gene_a__CRYAB_	1
observable_6222	nuc_gene_a__TM2D3_	1
observable_6223	nuc_gene_a__SEMA6B_	1
observable_6224	nuc_gene_a__FGF10_	1
observable_6225	nuc_gene_a__ADAMTS18_	1
observable_6226	nuc_gene_a__ID4_	1
observable_6227	nuc_gene_a__REEP4_	1
observable_6228	nuc_gene_a__RFESD_	1
observable_6229	nuc_gene_a__FOXF1_	1
observable_6230	nuc_gene_a__PAK3_	1
observable_6231	nuc_gene_a__SRP14_	1
observable_6232	nuc_gene_a__PRAG1_	1
observable_6233	nuc_gene_a__GCNT4_	1
observable_6234	nuc_gene_a__NPIPA5_	1
observable_6235	nuc_gene_a__LYVE1_	1
observable_6236	nuc_gene_a__PSMC3IP_	1
observable_6237	nuc_gene_a__CLDN9_	1
observable_6238	nuc_gene_a__CRABP1_	1
observable_6239	nuc_gene_a__CASTOR1_	1
observable_6240	nuc_gene_a__RNF4_	1
observable_6241	nuc_gene_a__SLC22A10_	1
observable_6242	nuc_gene_a__SLC17A1_	1
observable_6243	nuc_gene_a__OR2C1_	1
observable_6244	nuc_gene_a__ZNF597_	1
observable_6245	nuc_gene_a__C16orf90_	1
observable_6246	nuc_gene_a__KMT2C_	1
observable_6247	nuc_gene_a__KCNH4_	1
observable_6248	nuc_gene_a__AKT1S1_	1
observable_6249	nuc_gene_a__HCRT_	1
observable_6250	nuc_gene_a__APOL3_	1
observable_6251	nuc_gene_a__NUP188_	1
observable_6252	nuc_gene_a__DHRS7C_	1
observable_6253	nuc_gene_a__GRPEL2_	1
observable_6254	nuc_gene_a__TMEM265_	1
observable_6255	nuc_gene_a__GSTA1_	1
observable_6256	nuc_gene_a__ZNF432_	1
observable_6257	nuc_gene_a__ORAI3_	1
observable_6258	nuc_gene_a__PRSS35_	1
observable_6259	nuc_gene_a__ASIC2_	1
observable_6260	nuc_gene_a__LPA_	1
observable_6261	nuc_gene_a__PIR_	1
observable_6262	nuc_gene_a__SPATA32_	1
observable_6263	nuc_gene_a__KRT24_	1
observable_6264	nuc_gene_a__ELP2_	1
observable_6265	nuc_gene_a__ARHGEF39_	1
observable_6266	nuc_gene_a__KRT25_	1
observable_6267	nuc_gene_a__KAT8_	1
observable_6268	nuc_gene_a__ERGIC1_	1
observable_6269	nuc_gene_a__KRT27_	1
observable_6270	nuc_gene_a__KRT28_	1
observable_6271	nuc_gene_a__PYCARD_	1
observable_6272	nuc_gene_a__KRT10_	1
observable_6273	nuc_gene_a__IGFBP1_	1
observable_6274	nuc_gene_a__F2_	1
observable_6275	nuc_gene_a__PTPRO_	1
observable_6276	nuc_gene_a__RP9_	1
observable_6277	nuc_gene_a__LYSMD3_	1
observable_6278	nuc_gene_a__TATDN1_	1
observable_6279	nuc_gene_a__POU4F3_	1
observable_6280	nuc_gene_a__NFXL1_	1
observable_6281	nuc_gene_a__ATOX1_	1
observable_6282	nuc_gene_a__LHFPL3_	1
observable_6283	nuc_gene_a__FERD3L_	1
observable_6284	nuc_gene_a__ATG12_	1
observable_6285	nuc_gene_a__TMEM161A_	1
observable_6286	nuc_gene_a__MT4_	1
observable_6287	nuc_gene_a__RDH5_	1
observable_6288	nuc_gene_a__OR2A25_	1
observable_6289	nuc_gene_a__GSTA2_	1
observable_6290	nuc_gene_a__GH1_	1
observable_6291	nuc_gene_a__MT1E_	1
observable_6292	nuc_gene_a__OR2A14_	1
observable_6293	nuc_gene_a__MT1B_	1
observable_6294	nuc_gene_a__RNF122_	1
observable_6295	nuc_gene_a__CREB3L1_	1
observable_6296	nuc_gene_a__PKN3_	1
observable_6297	nuc_gene_a__SBK1_	1
observable_6298	nuc_gene_a__WAC_	1
observable_6299	nuc_gene_a__SCN4A_	1
observable_6300	nuc_gene_a__XKR5_	1
observable_6301	nuc_gene_a__DLL3_	1
observable_6302	nuc_gene_a__PIF1_	1
observable_6303	nuc_gene_a__RBM33_	1
observable_6304	nuc_gene_a__PRR29_	1
observable_6305	nuc_gene_a__IL27_	1
observable_6306	nuc_gene_a__RSRC2_	1
observable_6307	nuc_gene_a__SHH_	1
observable_6308	nuc_gene_a__TMEM33_	1
observable_6309	nuc_gene_a__DYDC1_	1
observable_6310	nuc_gene_a__ERN1_	1
observable_6311	nuc_gene_a__SLC22A9_	1
observable_6312	nuc_gene_a__MNX1_	1
observable_6313	nuc_gene_a__YTHDF3_	1
observable_6314	nuc_gene_a__RPP38_	1
observable_6315	nuc_gene_a__LYSMD4_	1
observable_6316	nuc_gene_a__ASB16_	1
observable_6317	nuc_gene_a__TEX12_	1
observable_6318	nuc_gene_a__SLC22A7_	1
observable_6319	nuc_gene_a__MYH9_	1
observable_6320	nuc_gene_a__THAP1_	1
observable_6321	nuc_gene_a__NPB_	1
observable_6322	nuc_gene_a__CCR10_	1
observable_6323	nuc_gene_a__CUZD1_	1
observable_6324	nuc_gene_a__FOXH1_	1
observable_6325	nuc_gene_a__CD19_	1
observable_6326	nuc_gene_a__CLVS2_	1
observable_6327	nuc_gene_a__BNIP3_	1
observable_6328	nuc_gene_a__U2AF2_	1
observable_6329	nuc_gene_a__CNTNAP1_	1
observable_6330	nuc_gene_a__ZNF32_	1
observable_6331	nuc_gene_a__BOD1L1_	1
observable_6332	nuc_gene_a__ATP5F1A_	1
observable_6333	nuc_gene_a__TESPA1_	1
observable_6334	nuc_gene_a__APOC3_	1
observable_6335	nuc_gene_a__GCK_	1
observable_6336	nuc_gene_a__GEMIN4_	1
observable_6337	nuc_gene_a__DUSP5_	1
observable_6338	nuc_gene_a__C7orf33_	1
observable_6339	nuc_gene_a__LURAP1_	1
observable_6340	nuc_gene_a__LAMTOR3_	1
observable_6341	nuc_gene_a__CEP85L_	1
observable_6342	nuc_gene_a__STUM_	1
observable_6343	nuc_gene_a__CA12_	1
observable_6344	nuc_gene_a__FNDC8_	1
observable_6345	nuc_gene_a__ZNF12_	1
observable_6346	nuc_gene_a__PPIAL4C_	1
observable_6347	nuc_gene_a__PPIAL4G_	1
observable_6348	nuc_gene_a__DEPDC7_	1
observable_6349	nuc_gene_a__KLK8_	1
observable_6350	nuc_gene_a__KLHL21_	1
observable_6351	nuc_gene_a__B4GAT1_	1
observable_6352	nuc_gene_a__FDXACB1_	1
observable_6353	nuc_gene_a__MUC17_	1
observable_6354	nuc_gene_a__RTF1_	1
observable_6355	nuc_gene_a__AP1G2_	1
observable_6356	nuc_gene_a__HOXA1_	1
observable_6357	nuc_gene_a__TMEM190_	1
observable_6358	nuc_gene_a__SPI1_	1
observable_6359	nuc_gene_a__HOXA2_	1
observable_6360	nuc_gene_a__ZNF8_	1
observable_6361	nuc_gene_a__HOXA5_	1
observable_6362	nuc_gene_a__HOXA6_	1
observable_6363	nuc_gene_a__ZNF609_	1
observable_6364	nuc_gene_a__HOXA7_	1
observable_6365	nuc_gene_a__TRIM2_	1
observable_6366	nuc_gene_a__HOXA9_	1
observable_6367	nuc_gene_a__MAJIN_	1
observable_6368	nuc_gene_a__SPNS1_	1
observable_6369	nuc_gene_a__DIRAS1_	1
observable_6370	nuc_gene_a__HOXA11_	1
observable_6371	nuc_gene_a__ADCY2_	1
observable_6372	nuc_gene_a__OAF_	1
observable_6373	nuc_gene_a__HOXA13_	1
observable_6374	nuc_gene_a__EVX1_	1
observable_6375	nuc_gene_a__NXPE1_	1
observable_6376	nuc_gene_a__TIGD6_	1
observable_6377	nuc_gene_a__ARG1_	1
observable_6378	nuc_gene_a__TMEM171_	1
observable_6379	nuc_gene_a__GDPD3_	1
observable_6380	nuc_gene_a__PPIL4_	1
observable_6381	nuc_gene_a__NSD3_	1
observable_6382	nuc_gene_a__FKBP6_	1
observable_6383	nuc_gene_a__ABTB2_	1
observable_6384	nuc_gene_a__GPR139_	1
observable_6385	nuc_gene_a__ZNF469_	1
observable_6386	nuc_gene_a__CASTOR2_	1
observable_6387	nuc_gene_a__GTPBP4_	1
observable_6388	nuc_gene_a__FZD9_	1
observable_6389	nuc_gene_a__ALDH8A1_	1
observable_6390	nuc_gene_a__OCIAD2_	1
observable_6391	nuc_gene_a__STK10_	1
observable_6392	nuc_gene_a__PLA2G6_	1
observable_6393	nuc_gene_a__PDCL2_	1
observable_6394	nuc_gene_a__ASF1A_	1
observable_6395	nuc_gene_a__UBR4_	1
observable_6396	nuc_gene_a__RPL37_	1
observable_6397	nuc_gene_a__ZNF77_	1
observable_6398	nuc_gene_a__ABCB5_	1
observable_6399	nuc_gene_a__ZNF738_	1
observable_6400	nuc_gene_a__SEC23B_	1
observable_6401	nuc_gene_a__ZNF354A_	1
observable_6402	nuc_gene_a__OTOA_	1
observable_6403	nuc_gene_a__PRDM2_	1
observable_6404	nuc_gene_a__C22orf23_	1
observable_6405	nuc_gene_a__ADH5_	1
observable_6406	nuc_gene_a__PDE7A_	1
observable_6407	nuc_gene_a__CMSS1_	1
observable_6408	nuc_gene_a__EPHX3_	1
observable_6409	nuc_gene_a__RMI2_	1
observable_6410	nuc_gene_a__TNP2_	1
observable_6411	nuc_gene_a__PRM3_	1
observable_6412	nuc_gene_a__MAFF_	1
observable_6413	nuc_gene_a__ECD_	1
observable_6414	nuc_gene_a__JPH2_	1
observable_6415	nuc_gene_a__PRM2_	1
observable_6416	nuc_gene_a__HPX_	1
observable_6417	nuc_gene_a__PRM1_	1
observable_6418	nuc_gene_a__TNRC18_	1
observable_6419	nuc_gene_a__VSIG10L_	1
observable_6420	nuc_gene_a__C22orf15_	1
observable_6421	nuc_gene_a__RAB33B_	1
observable_6422	nuc_gene_a__EXOSC6_	1
observable_6423	nuc_gene_a__PLPP5_	1
observable_6424	nuc_gene_a__TCAF2_	1
observable_6425	nuc_gene_a__MEP1A_	1
observable_6426	nuc_gene_a__HNRNPAB_	1
observable_6427	nuc_gene_a__ZNF479_	1
observable_6428	nuc_gene_a__RAB6B_	1
observable_6429	nuc_gene_a__HPD_	1
observable_6430	nuc_gene_a__GABARAPL2_	1
observable_6431	nuc_gene_a__PM20D2_	1
observable_6432	nuc_gene_a__ETFA_	1
observable_6433	nuc_gene_a__SPAM1_	1
observable_6434	nuc_gene_a__ZNF679_	1
observable_6435	nuc_gene_a__HBZ_	1
observable_6436	nuc_gene_a__ZNF736_	1
observable_6437	nuc_gene_a__RARS2_	1
observable_6438	nuc_gene_a__HBM_	1
observable_6439	nuc_gene_a__GNAT1_	1
observable_6440	nuc_gene_a__ARID4A_	1
observable_6441	nuc_gene_a__CDCA2_	1
observable_6442	nuc_gene_a__HBQ1_	1
observable_6443	nuc_gene_a__CDHR1_	1
observable_6444	nuc_gene_a__DDX28_	1
observable_6445	nuc_gene_a__ASB6_	1
observable_6446	nuc_gene_a__SLC5A12_	1
observable_6447	nuc_gene_a__NEUROD6_	1
observable_6448	nuc_gene_a__KIT_	1
observable_6449	nuc_gene_a__SMAD2_	1
observable_6450	nuc_gene_a__GNG10_	1
observable_6451	nuc_gene_a__SNX24_	1
observable_6452	nuc_gene_a__TMEM184B_	1
observable_6453	nuc_gene_a__WDR89_	1
observable_6454	nuc_gene_a__NMUR2_	1
observable_6455	nuc_gene_a__B3GAT1_	1
observable_6456	nuc_gene_a__ROPN1B_	1
observable_6457	nuc_gene_a__NMS_	1
observable_6458	nuc_gene_a__STX16_	1
observable_6459	nuc_gene_a__AXL_	1
observable_6460	nuc_gene_a__HS6ST1_	1
observable_6461	nuc_gene_a__MCHR2_	1
observable_6462	nuc_gene_a__PLEKHO2_	1
observable_6463	nuc_gene_a__BAZ1B_	1
observable_6464	nuc_gene_a__ZCCHC4_	1
observable_6465	nuc_gene_a__OSER1_	1
observable_6466	nuc_gene_a__OTUD7A_	1
observable_6467	nuc_gene_a__TREM2_	1
observable_6468	nuc_gene_a__ZNF184_	1
observable_6469	nuc_gene_a__CCL26_	1
observable_6470	nuc_gene_a__EDF1_	1
observable_6471	nuc_gene_a__TET3_	1
observable_6472	nuc_gene_a__ZFP91_	1
observable_6473	nuc_gene_a__SMPD2_	1
observable_6474	nuc_gene_a__ATP5ME_	1
observable_6475	nuc_gene_a__GPR45_	1
observable_6476	nuc_gene_a__CASR_	1
observable_6477	nuc_gene_a__ZCCHC9_	1
observable_6478	nuc_gene_a__SAP30_	1
observable_6479	nuc_gene_a__OLFML1_	1
observable_6480	nuc_gene_a__SOAT2_	1
observable_6481	nuc_gene_a__CIAO2A_	1
observable_6482	nuc_gene_a__CARD16_	1
observable_6483	nuc_gene_a__CD28_	1
observable_6484	nuc_gene_a__GAL3ST2_	1
observable_6485	nuc_gene_a__TTI1_	1
observable_6486	nuc_gene_a__RDH16_	1
observable_6487	nuc_gene_a__UBE2K_	1
observable_6488	nuc_gene_a__ATP5F1C_	1
observable_6489	nuc_gene_a__MRFAP1L1_	1
observable_6490	nuc_gene_a__AMDHD1_	1
observable_6491	nuc_gene_a__MS4A15_	1
observable_6492	nuc_gene_a__UCK1_	1
observable_6493	nuc_gene_a__CHP1_	1
observable_6494	nuc_gene_a__TIMM9_	1
observable_6495	nuc_gene_a__NOA1_	1
observable_6496	nuc_gene_a__REEP2_	1
observable_6497	nuc_gene_a__SPIDR_	1
observable_6498	nuc_gene_a__PKD1L1_	1
observable_6499	nuc_gene_a__HEPACAM_	1
observable_6500	nuc_gene_a__SLC17A2_	1
observable_6501	nuc_gene_a__RIOK3_	1
observable_6502	nuc_gene_a__CNGA4_	1
observable_6503	nuc_gene_a__DYNLT1_	1
observable_6504	nuc_gene_a__VGLL3_	1
observable_6505	nuc_gene_a__SP8_	1
observable_6506	nuc_gene_a__DCDC2_	1
observable_6507	nuc_gene_a__CD80_	1
observable_6508	nuc_gene_a__DPCD_	1
observable_6509	nuc_gene_a__MRGBP_	1
observable_6510	nuc_gene_a__RPRD1A_	1
observable_6511	nuc_gene_a__MAP9_	1
observable_6512	nuc_gene_a__SLCO1B1_	1
observable_6513	nuc_gene_a__GRIPAP1_	1
observable_6514	nuc_gene_a__DPF1_	1
observable_6515	nuc_gene_a__POMK_	1
observable_6516	nuc_gene_a__C4orf46_	1
observable_6517	nuc_gene_a__SIDT2_	1
observable_6518	nuc_gene_a__PIP4K2A_	1
observable_6519	nuc_gene_a__AFAP1_	1
observable_6520	nuc_gene_a__CDC14B_	1
observable_6521	nuc_gene_a__TBC1D20_	1
observable_6522	nuc_gene_a__MTBP_	1
observable_6523	nuc_gene_a__BICD1_	1
observable_6524	nuc_gene_a__APOA5_	1
observable_6525	nuc_gene_a__RHCE_	1
observable_6526	nuc_gene_a__DNAJC5B_	1
observable_6527	nuc_gene_a__SLC31A1_	1
observable_6528	nuc_gene_a__TMEM80_	1
observable_6529	nuc_gene_a__GMEB2_	1
observable_6530	nuc_gene_a__ATP8B1_	1
observable_6531	nuc_gene_a__AFF1_	1
observable_6532	nuc_gene_a__RRP8_	1
observable_6533	nuc_gene_a__SEMA6A_	1
observable_6534	nuc_gene_a__BTAF1_	1
observable_6535	nuc_gene_a__SIGLEC1_	1
observable_6536	nuc_gene_a__SREK1IP1_	1
observable_6537	nuc_gene_a__SCGB1A1_	1
observable_6538	nuc_gene_a__CCDC127_	1
observable_6539	nuc_gene_a__BIN2_	1
observable_6540	nuc_gene_a__XYLB_	1
observable_6541	nuc_gene_a__MED23_	1
observable_6542	nuc_gene_a__NFATC3_	1
observable_6543	nuc_gene_a__LENEP_	1
observable_6544	nuc_gene_a__PSMD10_	1
observable_6545	nuc_gene_a__ARPC5_	1
observable_6546	nuc_gene_a__TUBB4B_	1
observable_6547	nuc_gene_a__APOBEC4_	1
observable_6548	nuc_gene_a__USP49_	1
observable_6549	nuc_gene_a__ARSG_	1
observable_6550	nuc_gene_a__ADAMTS16_	1
observable_6551	nuc_gene_a__AADAC_	1
observable_6552	nuc_gene_a__ELF2_	1
observable_6553	nuc_gene_a__RNF227_	1
observable_6554	nuc_gene_a__CCR6_	1
observable_6555	nuc_gene_a__OR4D2_	1
observable_6556	nuc_gene_a__POLA2_	1
observable_6557	nuc_gene_a__AKNAD1_	1
observable_6558	nuc_gene_a__CHMP6_	1
observable_6559	nuc_gene_a__ITGAD_	1
observable_6560	nuc_gene_a__TRAF6_	1
observable_6561	nuc_gene_a__BHLHA9_	1
observable_6562	nuc_gene_a__CD4_	1
observable_6563	nuc_gene_a__TRARG1_	1
observable_6564	nuc_gene_a__ASPG_	1
observable_6565	nuc_gene_a__SESN1_	1
observable_6566	nuc_gene_a__FAM131A_	1
observable_6567	nuc_gene_a__RAB32_	1
observable_6568	nuc_gene_a__DOCK4_	1
observable_6569	nuc_gene_a__VNN1_	1
observable_6570	nuc_gene_a__TRIM25_	1
observable_6571	nuc_gene_a__NDOR1_	1
observable_6572	nuc_gene_a__CDH2_	1
observable_6573	nuc_gene_a__BCHE_	1
observable_6574	nuc_gene_a__ARL1_	1
observable_6575	nuc_gene_a__USP2_	1
observable_6576	nuc_gene_a__TMEM121_	1
observable_6577	nuc_gene_a__ZNF750_	1
observable_6578	nuc_gene_a__MCUR1_	1
observable_6579	nuc_gene_a__PDE4B_	1
observable_6580	nuc_gene_a__YWHAZ_	1
observable_6581	nuc_gene_a__SGSM3_	1
observable_6582	nuc_gene_a__COMMD9_	1
observable_6583	nuc_gene_a__RNF138_	1
observable_6584	nuc_gene_a__MPEG1_	1
observable_6585	nuc_gene_a__ZNF408_	1
observable_6586	nuc_gene_a__BTBD9_	1
observable_6587	nuc_gene_a__ENDOD1_	1
observable_6588	nuc_gene_a__CALML6_	1
observable_6589	nuc_gene_a__SYT4_	1
observable_6590	nuc_gene_a__EFCAB3_	1
observable_6591	nuc_gene_a__SDK1_	1
observable_6592	nuc_gene_a__SLC16A10_	1
observable_6593	nuc_gene_a__WDR77_	1
observable_6594	nuc_gene_a__RPL12_	1
observable_6595	nuc_gene_a__RBCK1_	1
observable_6596	nuc_gene_a__AKAP7_	1
observable_6597	nuc_gene_a__OXSR1_	1
observable_6598	nuc_gene_a__MYO1E_	1
observable_6599	nuc_gene_a__TMIGD3_	1
observable_6600	nuc_gene_a__SMPD1_	1
observable_6601	nuc_gene_a__ADORA3_	1
observable_6602	nuc_gene_a__FOXO6_	1
observable_6603	nuc_gene_a__THRSP_	1
observable_6604	nuc_gene_a__INIP_	1
observable_6605	nuc_gene_a__CLCN4_	1
observable_6606	nuc_gene_a__SUPT3H_	1
observable_6607	nuc_gene_a__HBB_	1
observable_6608	nuc_gene_a__MRC2_	1
observable_6609	nuc_gene_a__LFNG_	1
observable_6610	nuc_gene_a__HS2ST1_	1
observable_6611	nuc_gene_a__CFAP77_	1
observable_6612	nuc_gene_a__ALDOA_	1
observable_6613	nuc_gene_a__CHRNB4_	1
observable_6614	nuc_gene_a__OGA_	1
observable_6615	nuc_gene_a__SNAPC4_	1
observable_6616	nuc_gene_a__RAB1B_	1
observable_6617	nuc_gene_a__TEKT5_	1
observable_6618	nuc_gene_a__ABCE1_	1
observable_6619	nuc_gene_a__AIF1_	1
observable_6620	nuc_gene_a__ZNF343_	1
observable_6621	nuc_gene_a__SUN3_	1
observable_6622	nuc_gene_a__SLC7A7_	1
observable_6623	nuc_gene_a__DEXI_	1
observable_6624	nuc_gene_a__CCDC71L_	1
observable_6625	nuc_gene_a__TOMM7_	1
observable_6626	nuc_gene_a__FBXO22_	1
observable_6627	nuc_gene_a__HOXA10_	1
observable_6628	nuc_gene_a__TMEM178B_	1
observable_6629	nuc_gene_a__SLC44A5_	1
observable_6630	nuc_gene_a__RFTN1_	1
observable_6631	nuc_gene_a__EARS2_	1
observable_6632	nuc_gene_a__FAM229A_	1
observable_6633	nuc_gene_a__TCHH_	1
observable_6634	nuc_gene_a__DNMBP_	1
observable_6635	nuc_gene_a__TMEM41A_	1
observable_6636	nuc_gene_a__SLC4A1_	1
observable_6637	nuc_gene_a__CCM2L_	1
observable_6638	nuc_gene_a__NTN3_	1
observable_6639	nuc_gene_a__RUNX2_	1
observable_6640	nuc_gene_a__CEMP1_	1
observable_6641	nuc_gene_a__USH1G_	1
observable_6642	nuc_gene_a__OSBPL1A_	1
observable_6643	nuc_gene_a__IDS_	1
observable_6644	nuc_gene_a__OR1D2_	1
observable_6645	nuc_gene_a__NACA2_	1
observable_6646	nuc_gene_a__CTF1_	1
observable_6647	nuc_gene_a__OR1E1_	1
observable_6648	nuc_gene_a__OR1E2_	1
observable_6649	nuc_gene_a__ERO1B_	1
observable_6650	nuc_gene_a__COMMD2_	1
observable_6651	nuc_gene_a__YTHDC1_	1
observable_6652	nuc_gene_a__SLC24A1_	1
observable_6653	nuc_gene_a__DNAH11_	1
observable_6654	nuc_gene_a__TLL2_	1
observable_6655	nuc_gene_a__KCNG1_	1
observable_6656	nuc_gene_a__BTLA_	1
observable_6657	nuc_gene_a__CYP39A1_	1
observable_6658	nuc_gene_a__NKD1_	1
observable_6659	nuc_gene_a__UTP15_	1
observable_6660	nuc_gene_a__A4GNT_	1
observable_6661	nuc_gene_a__CYP46A1_	1
observable_6662	nuc_gene_a__RGS8_	1
observable_6663	nuc_gene_a__EAF2_	1
observable_6664	nuc_gene_a__CAMLG_	1
observable_6665	nuc_gene_a__ASAH2B_	1
observable_6666	nuc_gene_a__NFX1_	1
observable_6667	nuc_gene_a__BOD1_	1
observable_6668	nuc_gene_a__ZNF33B_	1
observable_6669	nuc_gene_a__SPATA22_	1
observable_6670	nuc_gene_a__PILRB_	1
observable_6671	nuc_gene_a__MAP3K15_	1
observable_6672	nuc_gene_a__ARL2BP_	1
observable_6673	nuc_gene_a__TICRR_	1
observable_6674	nuc_gene_a__NIPSNAP3A_	1
observable_6675	nuc_gene_a__RNF114_	1
observable_6676	nuc_gene_a__CELSR2_	1
observable_6677	nuc_gene_a__SPDYE5_	1
observable_6678	nuc_gene_a__ADGRF1_	1
observable_6679	nuc_gene_a__SAPCD2_	1
observable_6680	nuc_gene_a__SLC16A13_	1
observable_6681	nuc_gene_a__SYMPK_	1
observable_6682	nuc_gene_a__SLCO2A1_	1
observable_6683	nuc_gene_a__TBX20_	1
observable_6684	nuc_gene_a__TREML1_	1
observable_6685	nuc_gene_a__SNTA1_	1
observable_6686	nuc_gene_a__PYHIN1_	1
observable_6687	nuc_gene_a__PHF23_	1
observable_6688	nuc_gene_a__MCM4_	1
observable_6689	nuc_gene_a__ATG9B_	1
observable_6690	nuc_gene_a__GBX1_	1
observable_6691	nuc_gene_a__FRK_	1
observable_6692	nuc_gene_a__SUFU_	1
observable_6693	nuc_gene_a__PPP1R2_	1
observable_6694	nuc_gene_a__NHLH1_	1
observable_6695	nuc_gene_a__TMEM208_	1
observable_6696	nuc_gene_a__PRR19_	1
observable_6697	nuc_gene_a__PIGG_	1
observable_6698	nuc_gene_a__PRC1_	1
observable_6699	nuc_gene_a__MALT1_	1
observable_6700	nuc_gene_a__CLCA2_	1
observable_6701	nuc_gene_a__ASZ1_	1
observable_6702	nuc_gene_a__C17orf50_	1
observable_6703	nuc_gene_a__IZUMO2_	1
observable_6704	nuc_gene_a__TET1_	1
observable_6705	nuc_gene_a__DSCC1_	1
observable_6706	nuc_gene_a__ABHD15_	1
observable_6707	nuc_gene_a__NEUROG3_	1
observable_6708	nuc_gene_a__ARHGEF12_	1
observable_6709	nuc_gene_a__DLGAP4_	1
observable_6710	nuc_gene_a__SLC6A11_	1
observable_6711	nuc_gene_a__KCTD19_	1
observable_6712	nuc_gene_a__PAFAH1B3_	1
observable_6713	nuc_gene_a__ARHGAP31_	1
observable_6714	nuc_gene_a__ZBTB14_	1
observable_6715	nuc_gene_a__SARAF_	1
observable_6716	nuc_gene_a__ASB7_	1
observable_6717	nuc_gene_a__KIN_	1
observable_6718	nuc_gene_a__STMN3_	1
observable_6719	nuc_gene_a__RAD50_	1
observable_6720	nuc_gene_a__RNF152_	1
observable_6721	nuc_gene_a__LRRC36_	1
observable_6722	nuc_gene_a__GLS2_	1
observable_6723	nuc_gene_a__ATP5F1D_	1
observable_6724	nuc_gene_a__BMP2_	1
observable_6725	nuc_gene_a__WDR44_	1
observable_6726	nuc_gene_a__CTTNBP2_	1
observable_6727	nuc_gene_a__RBPMS2_	1
observable_6728	nuc_gene_a__STOML2_	1
observable_6729	nuc_gene_a__FBXW7_	1
observable_6730	nuc_gene_a__GPLD1_	1
observable_6731	nuc_gene_a__GDAP1_	1
observable_6732	nuc_gene_a__SLC25A48_	1
observable_6733	nuc_gene_a__CHPF2_	1
observable_6734	nuc_gene_a__YARS2_	1
observable_6735	nuc_gene_a__COG8_	1
observable_6736	nuc_gene_a__KLHL42_	1
observable_6737	nuc_gene_a__PDF_	1
observable_6738	nuc_gene_a__CD96_	1
observable_6739	nuc_gene_a__SEPHS2_	1
observable_6740	nuc_gene_a__ZBED2_	1
observable_6741	nuc_gene_a__CEP72_	1
observable_6742	nuc_gene_a__SLC17A8_	1
observable_6743	nuc_gene_a__C9orf43_	1
observable_6744	nuc_gene_a__ZNF768_	1
observable_6745	nuc_gene_a__SLC27A2_	1
observable_6746	nuc_gene_a__MATN1_	1
observable_6747	nuc_gene_a__CBLC_	1
observable_6748	nuc_gene_a__SPDYE6_	1
observable_6749	nuc_gene_a__POLE3_	1
observable_6750	nuc_gene_a__IYD_	1
observable_6751	nuc_gene_a__LAMTOR4_	1
observable_6752	nuc_gene_a__CKS2_	1
observable_6753	nuc_gene_a__MTMR3_	1
observable_6754	nuc_gene_a__EXOSC5_	1
observable_6755	nuc_gene_a__PDHA1_	1
observable_6756	nuc_gene_a__TGS1_	1
observable_6757	nuc_gene_a__TMPRSS5_	1
observable_6758	nuc_gene_a__PRSS54_	1
observable_6759	nuc_gene_a__LMNB1_	1
observable_6760	nuc_gene_a__UGCG_	1
observable_6761	nuc_gene_a__DCTPP1_	1
observable_6762	nuc_gene_a__NAT1_	1
observable_6763	nuc_gene_a__SRGAP1_	1
observable_6764	nuc_gene_a__LZTFL1_	1
observable_6765	nuc_gene_a__GNAZ_	1
observable_6766	nuc_gene_a__C5orf58_	1
observable_6767	nuc_gene_a__SMC1A_	1
observable_6768	nuc_gene_a__C16orf78_	1
observable_6769	nuc_gene_a__RPL18A_	1
observable_6770	nuc_gene_a__GRIFIN_	1
observable_6771	nuc_gene_a__ARMCX5_	1
observable_6772	nuc_gene_a__LIN7A_	1
observable_6773	nuc_gene_a__SFPQ_	1
observable_6774	nuc_gene_a__PSMF1_	1
observable_6775	nuc_gene_a__CCNB2_	1
observable_6776	nuc_gene_a__BMP8B_	1
observable_6777	nuc_gene_a__OXCT2_	1
observable_6778	nuc_gene_a__PRG2_	1
observable_6779	nuc_gene_a__BIK_	1
observable_6780	nuc_gene_a__UBE2S_	1
observable_6781	nuc_gene_a__CETN3_	1
observable_6782	nuc_gene_a__MRPL15_	1
observable_6783	nuc_gene_a__MXRA7_	1
observable_6784	nuc_gene_a__FBXO27_	1
observable_6785	nuc_gene_a__MAN2B2_	1
observable_6786	nuc_gene_a__RIBC1_	1
observable_6787	nuc_gene_a__ZNF165_	1
observable_6788	nuc_gene_a__OR1A2_	1
observable_6789	nuc_gene_a__PCLAF_	1
observable_6790	nuc_gene_a__SPIN2B_	1
observable_6791	nuc_gene_a__NEK1_	1
observable_6792	nuc_gene_a__ZFAND3_	1
observable_6793	nuc_gene_a__GRID2IP_	1
observable_6794	nuc_gene_a__RNASEH2C_	1
observable_6795	nuc_gene_a__ZNF735_	1
observable_6796	nuc_gene_a__GDPD1_	1
observable_6797	nuc_gene_a__OAS3_	1
observable_6798	nuc_gene_a__ADTRP_	1
observable_6799	nuc_gene_a__YPEL2_	1
observable_6800	nuc_gene_a__LMNB2_	1
observable_6801	nuc_gene_a__SMPDL3A_	1
observable_6802	nuc_gene_a__RSL24D1_	1
observable_6803	nuc_gene_a__ABHD17C_	1
observable_6804	nuc_gene_a__ADCY7_	1
observable_6805	nuc_gene_a__BMPER_	1
observable_6806	nuc_gene_a__PDCD11_	1
observable_6807	nuc_gene_a__CSTF2_	1
observable_6808	nuc_gene_a__SSH1_	1
observable_6809	nuc_gene_a__ZNF507_	1
observable_6810	nuc_gene_a__SPDYE2_	1
observable_6811	nuc_gene_a__ARFGEF1_	1
observable_6812	nuc_gene_a__ARHGEF3_	1
observable_6813	nuc_gene_a__TNFSF13_	1
observable_6814	nuc_gene_a__TRIT1_	1
observable_6815	nuc_gene_a__CLMN_	1
observable_6816	nuc_gene_a__NREP_	1
observable_6817	nuc_gene_a__IAPP_	1
observable_6818	nuc_gene_a__ARFGEF3_	1
observable_6819	nuc_gene_a__HSD17B10_	1
observable_6820	nuc_gene_a__XRCC2_	1
observable_6821	nuc_gene_a__CA5B_	1
observable_6822	nuc_gene_a__NUMBL_	1
observable_6823	nuc_gene_a__ABHD12B_	1
observable_6824	nuc_gene_a__CKLF_	1
observable_6825	nuc_gene_a__OR1A1_	1
observable_6826	nuc_gene_a__EDC3_	1
observable_6827	nuc_gene_a__CEBPG_	1
observable_6828	nuc_gene_a__OR4D1_	1
observable_6829	nuc_gene_a__FCRL4_	1
observable_6830	nuc_gene_a__CMTM2_	1
observable_6831	nuc_gene_a__C1orf226_	1
observable_6832	nuc_gene_a__FRMD4B_	1
observable_6833	nuc_gene_a__CMTM4_	1
observable_6834	nuc_gene_a__BIN3_	1
observable_6835	nuc_gene_a__CBLL1_	1
observable_6836	nuc_gene_a__KDM1B_	1
observable_6837	nuc_gene_a__MMAB_	1
observable_6838	nuc_gene_a__NCAPG_	1
observable_6839	nuc_gene_a__TEX35_	1
observable_6840	nuc_gene_a__LRGUK_	1
observable_6841	nuc_gene_a__VIP_	1
observable_6842	nuc_gene_a__SH3GLB2_	1
observable_6843	nuc_gene_a__UQCRHL_	1
observable_6844	nuc_gene_a__ANKRD61_	1
observable_6845	nuc_gene_a__SAMD9_	1
observable_6846	nuc_gene_a__NEIL3_	1
observable_6847	nuc_gene_a__SLFN14_	1
observable_6848	nuc_gene_a__ELOVL6_	1
observable_6849	nuc_gene_a__IL10_	1
observable_6850	nuc_gene_a__OCM2_	1
observable_6851	nuc_gene_a__AGT_	1
observable_6852	nuc_gene_a__RTRAF_	1
observable_6853	nuc_gene_a__PPRC1_	1
observable_6854	nuc_gene_a__ZFP42_	1
observable_6855	nuc_gene_a__UPK1B_	1
observable_6856	nuc_gene_a__ENOSF1_	1
observable_6857	nuc_gene_a__ADAM21_	1
observable_6858	nuc_gene_a__SQLE_	1
observable_6859	nuc_gene_a__BCL2L15_	1
observable_6860	nuc_gene_a__ANKS6_	1
observable_6861	nuc_gene_a__NPFFR2_	1
observable_6862	nuc_gene_a__ABCA9_	1
observable_6863	nuc_gene_a__ZNF619_	1
observable_6864	nuc_gene_a__DIP2C_	1
observable_6865	nuc_gene_a__C1orf141_	1
observable_6866	nuc_gene_a__SOX6_	1
observable_6867	nuc_gene_a__SLC22A1_	1
observable_6868	nuc_gene_a__CTSL_	1
observable_6869	nuc_gene_a__AADACL3_	1
observable_6870	nuc_gene_a__PRAMEF12_	1
observable_6871	nuc_gene_a__CHCHD7_	1
observable_6872	nuc_gene_a__PRAMEF1_	1
observable_6873	nuc_gene_a__TMEM109_	1
observable_6874	nuc_gene_a__AUTS2_	1
observable_6875	nuc_gene_a__AHSG_	1
observable_6876	nuc_gene_a__ZNF214_	1
observable_6877	nuc_gene_a__SAA4_	1
observable_6878	nuc_gene_a__ANP32B_	1
observable_6879	nuc_gene_a__ABCA10_	1
observable_6880	nuc_gene_a__AADACL4_	1
observable_6881	nuc_gene_a__DGKA_	1
observable_6882	nuc_gene_a__GRIP2_	1
observable_6883	nuc_gene_a__IL23R_	1
observable_6884	nuc_gene_a__VEGFD_	1
observable_6885	nuc_gene_a__PTS_	1
observable_6886	nuc_gene_a__CISH_	1
observable_6887	nuc_gene_a__TMEM68_	1
observable_6888	nuc_gene_a__PRDM5_	1
observable_6889	nuc_gene_a__SLF2_	1
observable_6890	nuc_gene_a__PRAMEF20_	1
observable_6891	nuc_gene_a__LRRC38_	1
observable_6892	nuc_gene_a__ZFPL1_	1
observable_6893	nuc_gene_a__KY_	1
observable_6894	nuc_gene_a__LCOR_	1
observable_6895	nuc_gene_a__TK2_	1
observable_6896	nuc_gene_a__NLRP14_	1
observable_6897	nuc_gene_a__AP5B1_	1
observable_6898	nuc_gene_a__TM4SF4_	1
observable_6899	nuc_gene_a__KRT38_	1
observable_6900	nuc_gene_a__NDUFAF6_	1
observable_6901	nuc_gene_a__KRT32_	1
observable_6902	nuc_gene_a__HACD2_	1
observable_6903	nuc_gene_a__KRT36_	1
observable_6904	nuc_gene_a__RPL10_	1
observable_6905	nuc_gene_a__MND1_	1
observable_6906	nuc_gene_a__CLK4_	1
observable_6907	nuc_gene_a__KRT15_	1
observable_6908	nuc_gene_a__SMIM20_	1
observable_6909	nuc_gene_a__GPR84_	1
observable_6910	nuc_gene_a__FOLR1_	1
observable_6911	nuc_gene_a__CLIC2_	1
observable_6912	nuc_gene_a__KRT9_	1
observable_6913	nuc_gene_a__ZNF140_	1
observable_6914	nuc_gene_a__KRT14_	1
observable_6915	nuc_gene_a__ALPK3_	1
observable_6916	nuc_gene_a__KRT16_	1
observable_6917	nuc_gene_a__KMT2E_	1
observable_6918	nuc_gene_a__KRT35_	1
observable_6919	nuc_gene_a__BTBD17_	1
observable_6920	nuc_gene_a__RPS27L_	1
observable_6921	nuc_gene_a__YAF2_	1
observable_6922	nuc_gene_a__FGD3_	1
observable_6923	nuc_gene_a__LYST_	1
observable_6924	nuc_gene_a__CBX2_	1
observable_6925	nuc_gene_a__IL17RE_	1
observable_6926	nuc_gene_a__DERL1_	1
observable_6927	nuc_gene_a__NSA2_	1
observable_6928	nuc_gene_a__CKAP4_	1
observable_6929	nuc_gene_a__LRCOL1_	1
observable_6930	nuc_gene_a__CMTM1_	1
observable_6931	nuc_gene_a__UTP23_	1
observable_6932	nuc_gene_a__CDC123_	1
observable_6933	nuc_gene_a__SUN2_	1
observable_6934	nuc_gene_a__TACSTD2_	1
observable_6935	nuc_gene_a__UBAC1_	1
observable_6936	nuc_gene_a__PDILT_	1
observable_6937	nuc_gene_a__PRAMEF19_	1
observable_6938	nuc_gene_a__ZBED6_	1
observable_6939	nuc_gene_a__EPDR1_	1
observable_6940	nuc_gene_a__ALDH3B1_	1
observable_6941	nuc_gene_a__KCNA3_	1
observable_6942	nuc_gene_a__FOXD3_	1
observable_6943	nuc_gene_a__PIGL_	1
observable_6944	nuc_gene_a__COL12A1_	1
observable_6945	nuc_gene_a__SDS_	1
observable_6946	nuc_gene_a__NME8_	1
observable_6947	nuc_gene_a__RGS2_	1
observable_6948	nuc_gene_a__APOBEC2_	1
observable_6949	nuc_gene_a__LRRC73_	1
observable_6950	nuc_gene_a__TRPV2_	1
observable_6951	nuc_gene_a__DNMT1_	1
observable_6952	nuc_gene_a__TUBB3_	1
observable_6953	nuc_gene_a__CRYBG2_	1
observable_6954	nuc_gene_a__PSD_	1
observable_6955	nuc_gene_a__SIM1_	1
observable_6956	nuc_gene_a__SMARCA5_	1
observable_6957	nuc_gene_a__PILRA_	1
observable_6958	nuc_gene_a__CD27_	1
observable_6959	nuc_gene_a__KLHL11_	1
observable_6960	nuc_gene_a__LY86_	1
observable_6961	nuc_gene_a__CNP_	1
observable_6962	nuc_gene_a__PTTG1_	1
observable_6963	nuc_gene_a__BMP5_	1
observable_6964	nuc_gene_a__HSPB9_	1
observable_6965	nuc_gene_a__GP1BA_	1
observable_6966	nuc_gene_a__TMEM234_	1
observable_6967	nuc_gene_a__GADD45A_	1
observable_6968	nuc_gene_a__TIMM23_	1
observable_6969	nuc_gene_a__COL4A5_	1
observable_6970	nuc_gene_a__TRAF4_	1
observable_6971	nuc_gene_a__ZNF280D_	1
observable_6972	nuc_gene_a__IKZF5_	1
observable_6973	nuc_gene_a__BPHL_	1
observable_6974	nuc_gene_a__SETD5_	1
observable_6975	nuc_gene_a__CACTIN_	1
observable_6976	nuc_gene_a__SNTG1_	1
observable_6977	nuc_gene_a__CNGB1_	1
observable_6978	nuc_gene_a__LHPP_	1
observable_6979	nuc_gene_a__CSHL1_	1
observable_6980	nuc_gene_a__PZP_	1
observable_6981	nuc_gene_a__ITPRIPL2_	1
observable_6982	nuc_gene_a__PRDM7_	1
observable_6983	nuc_gene_a__PKP3_	1
observable_6984	nuc_gene_a__GMFB_	1
observable_6985	nuc_gene_a__TERT_	1
observable_6986	nuc_gene_a__RABAC1_	1
observable_6987	nuc_gene_a__FAM89B_	1
observable_6988	nuc_gene_a__ZFP36_	1
observable_6989	nuc_gene_a__RABGAP1_	1
observable_6990	nuc_gene_a__NDUFC2_	1
observable_6991	nuc_gene_a__SMNDC1_	1
observable_6992	nuc_gene_a__MARVELD3_	1
observable_6993	nuc_gene_a__PITPNA_	1
observable_6994	nuc_gene_a__TRIM36_	1
observable_6995	nuc_gene_a__CLEC3A_	1
observable_6996	nuc_gene_a__ESRRG_	1
observable_6997	nuc_gene_a__GC_	1
observable_6998	nuc_gene_a__MKNK2_	1
observable_6999	nuc_gene_a__RAD9A_	1
observable_7000	nuc_gene_a__OARD1_	1
observable_7001	nuc_gene_a__SPATA12_	1
observable_7002	nuc_gene_a__ERCC4_	1
observable_7003	nuc_gene_a__VSIG2_	1
observable_7004	nuc_gene_a__SLC25A46_	1
observable_7005	nuc_gene_a__TMEM170B_	1
observable_7006	nuc_gene_a__CMTM8_	1
observable_7007	nuc_gene_a__CHRNB2_	1
observable_7008	nuc_gene_a__NET1_	1
observable_7009	nuc_gene_a__MMP7_	1
observable_7010	nuc_gene_a__LELP1_	1
observable_7011	nuc_gene_a__PRR9_	1
observable_7012	nuc_gene_a__GNB3_	1
observable_7013	nuc_gene_a__AKAP12_	1
observable_7014	nuc_gene_a__MUC20_	1
observable_7015	nuc_gene_a__TCF21_	1
observable_7016	nuc_gene_a__SEZ6_	1
observable_7017	nuc_gene_a__PGLYRP3_	1
observable_7018	nuc_gene_a__RILPL2_	1
observable_7019	nuc_gene_a__ENPP5_	1
observable_7020	nuc_gene_a__PGLYRP4_	1
observable_7021	nuc_gene_a__CIAO2B_	1
observable_7022	nuc_gene_a__UBLCP1_	1
observable_7023	nuc_gene_a__S100A12_	1
observable_7024	nuc_gene_a__NIT2_	1
observable_7025	nuc_gene_a__S100A7A_	1
observable_7026	nuc_gene_a__FTH1_	1
observable_7027	nuc_gene_a__COQ5_	1
observable_7028	nuc_gene_a__CRIP2_	1
observable_7029	nuc_gene_a__TM4SF1_	1
observable_7030	nuc_gene_a__ZFX_	1
observable_7031	nuc_gene_a__TNFRSF18_	1
observable_7032	nuc_gene_a__ST3GAL1_	1
observable_7033	nuc_gene_a__B3GALT6_	1
observable_7034	nuc_gene_a__C1QTNF12_	1
observable_7035	nuc_gene_a__AP1M2_	1
observable_7036	nuc_gene_a__CNTNAP3_	1
observable_7037	nuc_gene_a__ADGRG7_	1
observable_7038	nuc_gene_a__FNDC1_	1
observable_7039	nuc_gene_a__EME2_	1
observable_7040	nuc_gene_a__ACY3_	1
observable_7041	nuc_gene_a__B9D1_	1
observable_7042	nuc_gene_a__PLEKHO1_	1
observable_7043	nuc_gene_a__CCDC71_	1
observable_7044	nuc_gene_a__SPATA33_	1
observable_7045	nuc_gene_a__STMND1_	1
observable_7046	nuc_gene_a__KCNG4_	1
observable_7047	nuc_gene_a__ARHGEF25_	1
observable_7048	nuc_gene_a__SSTR2_	1
observable_7049	nuc_gene_a__CPSF4L_	1
observable_7050	nuc_gene_a__RET_	1
observable_7051	nuc_gene_a__NDUFA8_	1
observable_7052	nuc_gene_a__RNF222_	1
observable_7053	nuc_gene_a__SCML4_	1
observable_7054	nuc_gene_a__PKD1L3_	1
observable_7055	nuc_gene_a__C17orf99_	1
observable_7056	nuc_gene_a__CIART_	1
observable_7057	nuc_gene_a__GSG1L2_	1
observable_7058	nuc_gene_a__TAS1R3_	1
observable_7059	nuc_gene_a__DLK1_	1
observable_7060	nuc_gene_a__CLDN20_	1
observable_7061	nuc_gene_a__REXO1_	1
observable_7062	nuc_gene_a__ZNF292_	1
observable_7063	nuc_gene_a__GJA1_	1
observable_7064	nuc_gene_a__TFAM_	1
observable_7065	nuc_gene_a__CD5_	1
observable_7066	nuc_gene_a__ELOVL2_	1
observable_7067	nuc_gene_a__UST_	1
observable_7068	nuc_gene_a__DNAH2_	1
observable_7069	nuc_gene_a__DNAJB13_	1
observable_7070	nuc_gene_a__PTPRS_	1
observable_7071	nuc_gene_a__RBM39_	1
observable_7072	nuc_gene_a__SPDYE4_	1
observable_7073	nuc_gene_a__GRAMD1C_	1
observable_7074	nuc_gene_a__HSDL2_	1
observable_7075	nuc_gene_a__MKI67_	1
observable_7076	nuc_gene_a__DIPK1B_	1
observable_7077	nuc_gene_a__HNF1A_	1
observable_7078	nuc_gene_a__DCAF7_	1
observable_7079	nuc_gene_a__UNC5B_	1
observable_7080	nuc_gene_a__ZMYND19_	1
observable_7081	nuc_gene_a__RACK1_	1
observable_7082	nuc_gene_a__SLC35G3_	1
observable_7083	nuc_gene_a__DCAF4_	1
observable_7084	nuc_gene_a__TCERG1L_	1
observable_7085	nuc_gene_a__MVB12A_	1
observable_7086	nuc_gene_a__VAMP3_	1
observable_7087	nuc_gene_a__CNDP2_	1
observable_7088	nuc_gene_a__CCDC6_	1
observable_7089	nuc_gene_a__CHD9_	1
observable_7090	nuc_gene_a__UTS2_	1
observable_7091	nuc_gene_a__ZNF534_	1
observable_7092	nuc_gene_a__TMPRSS6_	1
observable_7093	nuc_gene_a__POLR2J2_	1
observable_7094	nuc_gene_a__EFCAB5_	1
observable_7095	nuc_gene_a__NUDT14_	1
observable_7096	nuc_gene_a__CUL9_	1
observable_7097	nuc_gene_a__ZNF230_	1
observable_7098	nuc_gene_a__SETSIP_	1
observable_7099	nuc_gene_a__IMPA1_	1
observable_7100	nuc_gene_a__MTM1_	1
observable_7101	nuc_gene_a__NUAK2_	1
observable_7102	nuc_gene_a__TRIM8_	1
observable_7103	nuc_gene_a__CHST5_	1
observable_7104	nuc_gene_a__TMED7_	1
observable_7105	nuc_gene_a__TMED10_	1
observable_7106	nuc_gene_a__CLPS_	1
observable_7107	nuc_gene_a__SLC22A31_	1
observable_7108	nuc_gene_a__LEMD1_	1
observable_7109	nuc_gene_a__BLM_	1
observable_7110	nuc_gene_a__LYRM4_	1
observable_7111	nuc_gene_a__NPIPB8_	1
observable_7112	nuc_gene_a__VSTM2L_	1
observable_7113	nuc_gene_a__CP_	1
observable_7114	nuc_gene_a__PAGR1_	1
observable_7115	nuc_gene_a__CD6_	1
observable_7116	nuc_gene_a__UBE2B_	1
observable_7117	nuc_gene_a__BICRA_	1
observable_7118	nuc_gene_a__CLEC3B_	1
observable_7119	nuc_gene_a__PLEKHG4B_	1
observable_7120	nuc_gene_a__CCDC60_	1
observable_7121	nuc_gene_a__SYT14_	1
observable_7122	nuc_gene_a__APOF_	1
observable_7123	nuc_gene_a__WNT9A_	1
observable_7124	nuc_gene_a__LAG3_	1
observable_7125	nuc_gene_a__USP6_	1
observable_7126	nuc_gene_a__RIOK2_	1
observable_7127	nuc_gene_a__AMOTL2_	1
observable_7128	nuc_gene_a__FLVCR2_	1
observable_7129	nuc_gene_a__OCRL_	1
observable_7130	nuc_gene_a__PBX1_	1
observable_7131	nuc_gene_a__RPL39_	1
observable_7132	nuc_gene_a__NPTX1_	1
observable_7133	nuc_gene_a__CTDSPL2_	1
observable_7134	nuc_gene_a__DLC1_	1
observable_7135	nuc_gene_a__CCL7_	1
observable_7136	nuc_gene_a__CCL11_	1
observable_7137	nuc_gene_a__SERPINA10_	1
observable_7138	nuc_gene_a__FCRLB_	1
observable_7139	nuc_gene_a__CCL8_	1
observable_7140	nuc_gene_a__CCL13_	1
observable_7141	nuc_gene_a__PRSS38_	1
observable_7142	nuc_gene_a__OR2L13_	1
observable_7143	nuc_gene_a__CCL1_	1
observable_7144	nuc_gene_a__ATG3_	1
observable_7145	nuc_gene_a__CCL2_	1
observable_7146	nuc_gene_a__TSPAN7_	1
observable_7147	nuc_gene_a__FAM219B_	1
observable_7148	nuc_gene_a__TBC1D28_	1
observable_7149	nuc_gene_a__FKBP11_	1
observable_7150	nuc_gene_a__SLC36A1_	1
observable_7151	nuc_gene_a__PSMC1_	1
observable_7152	nuc_gene_a__SCIMP_	1
observable_7153	nuc_gene_a__ABCC11_	1
observable_7154	nuc_gene_a__PLA1A_	1
observable_7155	nuc_gene_a__NBPF14_	1
observable_7156	nuc_gene_a__HTR5A_	1
observable_7157	nuc_gene_a__CRYBA1_	1
observable_7158	nuc_gene_a__TMEM255A_	1
observable_7159	nuc_gene_a__ALDH1L2_	1
observable_7160	nuc_gene_a__TAS1R2_	1
observable_7161	nuc_gene_a__TNFRSF4_	1
observable_7162	nuc_gene_a__BNIP1_	1
observable_7163	nuc_gene_a__ITGB3_	1
observable_7164	nuc_gene_a__RAB3A_	1
observable_7165	nuc_gene_a__ZMAT2_	1
observable_7166	nuc_gene_a__VDR_	1
observable_7167	nuc_gene_a__NPIPB15_	1
observable_7168	nuc_gene_a__IRX2_	1
observable_7169	nuc_gene_a__GPRIN1_	1
observable_7170	nuc_gene_a__NEMF_	1
observable_7171	nuc_gene_a__EFCAB13_	1
observable_7172	nuc_gene_a__UGT3A2_	1
observable_7173	nuc_gene_a__FAM234B_	1
observable_7174	nuc_gene_a__SEBOX_	1
observable_7175	nuc_gene_a__CHD1_	1
observable_7176	nuc_gene_a__RTN2_	1
observable_7177	nuc_gene_a__CHTF8_	1
observable_7178	nuc_gene_a__AXDND1_	1
observable_7179	nuc_gene_a__PI4KA_	1
observable_7180	nuc_gene_a__HCFC2_	1
observable_7181	nuc_gene_a__C2CD4C_	1
observable_7182	nuc_gene_a__OR1G1_	1
observable_7183	nuc_gene_a__ZNF177_	1
observable_7184	nuc_gene_a__GNL3L_	1
observable_7185	nuc_gene_a__SHPK_	1
observable_7186	nuc_gene_a__TCAIM_	1
observable_7187	nuc_gene_a__ANGPTL7_	1
observable_7188	nuc_gene_a__APOLD1_	1
observable_7189	nuc_gene_a__ZNF607_	1
observable_7190	nuc_gene_a__CCDC154_	1
observable_7191	nuc_gene_a__HASPIN_	1
observable_7192	nuc_gene_a__UBIAD1_	1
observable_7193	nuc_gene_a__DPP6_	1
observable_7194	nuc_gene_a__MAPKBP1_	1
observable_7195	nuc_gene_a__MPG_	1
observable_7196	nuc_gene_a__TMEM114_	1
observable_7197	nuc_gene_a__CPSF2_	1
observable_7198	nuc_gene_a__FAM32A_	1
observable_7199	nuc_gene_a__UPK3A_	1
observable_7200	nuc_gene_a__HDGFL3_	1
observable_7201	nuc_gene_a__CDH13_	1
observable_7202	nuc_gene_a__GPR132_	1
observable_7203	nuc_gene_a__VWF_	1
observable_7204	nuc_gene_a__RPL36AL_	1
observable_7205	nuc_gene_a__WDR13_	1
observable_7206	nuc_gene_a__GRM8_	1
observable_7207	nuc_gene_a__C16orf86_	1
observable_7208	nuc_gene_a__TF_	1
observable_7209	nuc_gene_a__NPIPB6_	1
observable_7210	nuc_gene_a__CA6_	1
observable_7211	nuc_gene_a__TMCC3_	1
observable_7212	nuc_gene_a__THAP11_	1
observable_7213	nuc_gene_a__NRN1L_	1
observable_7214	nuc_gene_a__RP2_	1
observable_7215	nuc_gene_a__PTCD2_	1
observable_7216	nuc_gene_a__PSKH1_	1
observable_7217	nuc_gene_a__SPEN_	1
observable_7218	nuc_gene_a__SLC1A6_	1
observable_7219	nuc_gene_a__OLR1_	1
observable_7220	nuc_gene_a__CTRL_	1
observable_7221	nuc_gene_a__KHNYN_	1
observable_7222	nuc_gene_a__SLC2A2_	1
observable_7223	nuc_gene_a__UBE2D3_	1
observable_7224	nuc_gene_a__LCAT_	1
observable_7225	nuc_gene_a__GIN1_	1
observable_7226	nuc_gene_a__MYL10_	1
observable_7227	nuc_gene_a__POLDIP3_	1
observable_7228	nuc_gene_a__DPEP2NB_	1
observable_7229	nuc_gene_a__CCNT1_	1
observable_7230	nuc_gene_a__SLC1A2_	1
observable_7231	nuc_gene_a__ARSK_	1
observable_7232	nuc_gene_a__CPA1_	1
observable_7233	nuc_gene_a__ZFPM1_	1
observable_7234	nuc_gene_a__PLEKHG7_	1
observable_7235	nuc_gene_a__IL17C_	1
observable_7236	nuc_gene_a__GCC1_	1
observable_7237	nuc_gene_a__SNAI3_	1
observable_7238	nuc_gene_a__INHBE_	1
observable_7239	nuc_gene_a__DLG3_	1
observable_7240	nuc_gene_a__RPS17_	1
observable_7241	nuc_gene_a__FSCN3_	1
observable_7242	nuc_gene_a__C5orf22_	1
observable_7243	nuc_gene_a__GALNT17_	1
observable_7244	nuc_gene_a__KLHL22_	1
observable_7245	nuc_gene_a__IFITM10_	1
observable_7246	nuc_gene_a__NEK9_	1
observable_7247	nuc_gene_a__SLC39A14_	1
observable_7248	nuc_gene_a__GOSR2_	1
observable_7249	nuc_gene_a__LRIG3_	1
observable_7250	nuc_gene_a__PTPRN2_	1
observable_7251	nuc_gene_a__LRSAM1_	1
observable_7252	nuc_gene_a__EMC3_	1
observable_7253	nuc_gene_a__CARMIL2_	1
observable_7254	nuc_gene_a__AMACR_	1
observable_7255	nuc_gene_a__RPRML_	1
observable_7256	nuc_gene_a__KRTAP4_3_	1
observable_7257	nuc_gene_a__KRTAP4_2_	1
observable_7258	nuc_gene_a__KRTAP4_1_	1
observable_7259	nuc_gene_a__KRTAP9_8_	1
observable_7260	nuc_gene_a__NAA50_	1
observable_7261	nuc_gene_a__OPHN1_	1
observable_7262	nuc_gene_a__PPM1E_	1
observable_7263	nuc_gene_a__GPI_	1
observable_7264	nuc_gene_a__ANKRD54_	1
observable_7265	nuc_gene_a__AWAT2_	1
observable_7266	nuc_gene_a__SLC8B1_	1
observable_7267	nuc_gene_a__NICN1_	1
observable_7268	nuc_gene_a__CBFA2T3_	1
observable_7269	nuc_gene_a__FUNDC1_	1
observable_7270	nuc_gene_a__ZFYVE21_	1
observable_7271	nuc_gene_a__CSH2_	1
observable_7272	nuc_gene_a__SPRED3_	1
observable_7273	nuc_gene_a__ZFPM2_	1
observable_7274	nuc_gene_a__ABL2_	1
observable_7275	nuc_gene_a__CHCHD4_	1
observable_7276	nuc_gene_a__LRPAP1_	1
observable_7277	nuc_gene_a__DEPDC1B_	1
observable_7278	nuc_gene_a__NPIPB3_	1
observable_7279	nuc_gene_a__COX7C_	1
observable_7280	nuc_gene_a__WDR20_	1
observable_7281	nuc_gene_a__ENTPD6_	1
observable_7282	nuc_gene_a__GH2_	1
observable_7283	nuc_gene_a__CYP2S1_	1
observable_7284	nuc_gene_a__NDUFAF3_	1
observable_7285	nuc_gene_a__COPS2_	1
observable_7286	nuc_gene_a__CAPN1_	1
observable_7287	nuc_gene_a__SLCO1B3_	1
observable_7288	nuc_gene_a__MAGI2_	1
observable_7289	nuc_gene_a__QSOX1_	1
observable_7290	nuc_gene_a__PHF2_	1
observable_7291	nuc_gene_a__SRRM4_	1
observable_7292	nuc_gene_a__HRG_	1
observable_7293	nuc_gene_a__CSH1_	1
observable_7294	nuc_gene_a__FOXN1_	1
observable_7295	nuc_gene_a__CLEC1A_	1
observable_7296	nuc_gene_a__DTNA_	1
observable_7297	nuc_gene_a__TNFRSF17_	1
observable_7298	nuc_gene_a__SCAMP4_	1
observable_7299	nuc_gene_a__GALNT8_	1
observable_7300	nuc_gene_a__CASP1_	1
observable_7301	nuc_gene_a__SLC17A9_	1
observable_7302	nuc_gene_a__HOXA4_	1
observable_7303	nuc_gene_a__LTBP2_	1
observable_7304	nuc_gene_a__KIF20A_	1
observable_7305	nuc_gene_a__KLHL28_	1
observable_7306	nuc_gene_a__REM1_	1
observable_7307	nuc_gene_a__NPIPB11_	1
observable_7308	nuc_gene_a__ZBTB47_	1
observable_7309	nuc_gene_a__PTX4_	1
observable_7310	nuc_gene_a__MIGA2_	1
observable_7311	nuc_gene_a__FAHD1_	1
observable_7312	nuc_gene_a__EHHADH_	1
observable_7313	nuc_gene_a__TP53TG3D_	1
observable_7314	nuc_gene_a__MXD3_	1
observable_7315	nuc_gene_a__PRSS53_	1
observable_7316	nuc_gene_a__TIGIT_	1
observable_7317	nuc_gene_a__PDIA3_	1
observable_7318	nuc_gene_a__UQCRQ_	1
observable_7319	nuc_gene_a__PABPN1L_	1
observable_7320	nuc_gene_a__HTR6_	1
observable_7321	nuc_gene_a__RUNX3_	1
observable_7322	nuc_gene_a__MUC13_	1
observable_7323	nuc_gene_a__MPO_	1
observable_7324	nuc_gene_a__APH1B_	1
observable_7325	nuc_gene_a__BTG2_	1
observable_7326	nuc_gene_a__CCDC152_	1
observable_7327	nuc_gene_a__P2RX7_	1
observable_7328	nuc_gene_a__NQO1_	1
observable_7329	nuc_gene_a__CFAP100_	1
observable_7330	nuc_gene_a__DHX35_	1
observable_7331	nuc_gene_a__BEAN1_	1
observable_7332	nuc_gene_a__TIAL1_	1
observable_7333	nuc_gene_a__RHCG_	1
observable_7334	nuc_gene_a__MAP4K5_	1
observable_7335	nuc_gene_a__GGA1_	1
observable_7336	nuc_gene_a__CHD5_	1
observable_7337	nuc_gene_a__SORL1_	1
observable_7338	nuc_gene_a__GRAMD2A_	1
observable_7339	nuc_gene_a__HES3_	1
observable_7340	nuc_gene_a__TGM2_	1
observable_7341	nuc_gene_a__PLXND1_	1
observable_7342	nuc_gene_a__TSPOAP1_	1
observable_7343	nuc_gene_a__KIF11_	1
observable_7344	nuc_gene_a__KLHL35_	1
observable_7345	nuc_gene_a__SUPT4H1_	1
observable_7346	nuc_gene_a__KLF15_	1
observable_7347	nuc_gene_a__ZNF337_	1
observable_7348	nuc_gene_a__KCNMB2_	1
observable_7349	nuc_gene_a__NEU3_	1
observable_7350	nuc_gene_a__CTBP1_	1
observable_7351	nuc_gene_a__OVOL1_	1
observable_7352	nuc_gene_a__FXYD5_	1
observable_7353	nuc_gene_a__OXTR_	1
observable_7354	nuc_gene_a__DSTN_	1
observable_7355	nuc_gene_a__C3orf38_	1
observable_7356	nuc_gene_a__PKD1_	1
observable_7357	nuc_gene_a__NOX1_	1
observable_7358	nuc_gene_a__LIME1_	1
observable_7359	nuc_gene_a__CELF4_	1
observable_7360	nuc_gene_a__PLAC1_	1
observable_7361	nuc_gene_a__DRD2_	1
observable_7362	nuc_gene_a__SLC26A5_	1
observable_7363	nuc_gene_a__FDFT1_	1
observable_7364	nuc_gene_a__KIF2A_	1
observable_7365	nuc_gene_a__RAB8A_	1
observable_7366	nuc_gene_a__TSGA13_	1
observable_7367	nuc_gene_a__KLF14_	1
observable_7368	nuc_gene_a__CDS2_	1
observable_7369	nuc_gene_a__SYN1_	1
observable_7370	nuc_gene_a__CALN1_	1
observable_7371	nuc_gene_a__SOX30_	1
observable_7372	nuc_gene_a__AURKC_	1
observable_7373	nuc_gene_a__DMC1_	1
observable_7374	nuc_gene_a__VAPA_	1
observable_7375	nuc_gene_a__VPS33B_	1
observable_7376	nuc_gene_a__PTH2_	1
observable_7377	nuc_gene_a__TSC22D3_	1
observable_7378	nuc_gene_a__C11orf87_	1
observable_7379	nuc_gene_a__CASKIN1_	1
observable_7380	nuc_gene_a__SLC22A24_	1
observable_7381	nuc_gene_a__RGS4_	1
observable_7382	nuc_gene_a__BRICD5_	1
observable_7383	nuc_gene_a__PGP_	1
observable_7384	nuc_gene_a__TTC36_	1
observable_7385	nuc_gene_a__CDCP2_	1
observable_7386	nuc_gene_a__SMAD4_	1
observable_7387	nuc_gene_a__FLRT1_	1
observable_7388	nuc_gene_a__HDAC7_	1
observable_7389	nuc_gene_a__TMEM216_	1
observable_7390	nuc_gene_a__MCMDC2_	1
observable_7391	nuc_gene_a__EIF6_	1
observable_7392	nuc_gene_a__DNASE1L2_	1
observable_7393	nuc_gene_a__ZNF862_	1
observable_7394	nuc_gene_a__PFKFB3_	1
observable_7395	nuc_gene_a__EHD1_	1
observable_7396	nuc_gene_a__CRYGN_	1
observable_7397	nuc_gene_a__NLRP1_	1
observable_7398	nuc_gene_a__DLEC1_	1
observable_7399	nuc_gene_a__HDX_	1
observable_7400	nuc_gene_a__TECRL_	1
observable_7401	nuc_gene_a__NUP210L_	1
observable_7402	nuc_gene_a__MKRN2OS_	1
observable_7403	nuc_gene_a__USP6NL_	1
observable_7404	nuc_gene_a__KNG1_	1
observable_7405	nuc_gene_a__ESPN_	1
observable_7406	nuc_gene_a__TMEM238L_	1
observable_7407	nuc_gene_a__ENG_	1
observable_7408	nuc_gene_a__SS18L2_	1
observable_7409	nuc_gene_a__KRT26_	1
observable_7410	nuc_gene_a__TRIM6_	1
observable_7411	nuc_gene_a__ZNF630_	1
observable_7412	nuc_gene_a__DNAJC18_	1
observable_7413	nuc_gene_a__BPIFA1_	1
observable_7414	nuc_gene_a__CCDC200_	1
observable_7415	nuc_gene_a__FAM180A_	1
observable_7416	nuc_gene_a__AK8_	1
observable_7417	nuc_gene_a__DPY19L4_	1
observable_7418	nuc_gene_a__SSMEM1_	1
observable_7419	nuc_gene_a__CRTAM_	1
observable_7420	nuc_gene_a__RPS21_	1
observable_7421	nuc_gene_a__ENC1_	1
observable_7422	nuc_gene_a__PRSS1_	1
observable_7423	nuc_gene_a__DNAJC24_	1
observable_7424	nuc_gene_a__ANKFN1_	1
observable_7425	nuc_gene_a__ARAF_	1
observable_7426	nuc_gene_a__NOG_	1
observable_7427	nuc_gene_a__FETUB_	1
observable_7428	nuc_gene_a__KCNJ18_	1
observable_7429	nuc_gene_a__GALNT1_	1
observable_7430	nuc_gene_a__KCNQ1_	1
observable_7431	nuc_gene_a__RNF169_	1
observable_7432	nuc_gene_a__CACNA1E_	1
observable_7433	nuc_gene_a__ZNF648_	1
observable_7434	nuc_gene_a__SEZ6L_	1
observable_7435	nuc_gene_a__PRDX3_	1
observable_7436	nuc_gene_a__ALX3_	1
observable_7437	nuc_gene_a__UBL4B_	1
observable_7438	nuc_gene_a__ABHD3_	1
observable_7439	nuc_gene_a__CCDC172_	1
observable_7440	nuc_gene_a__ASB17_	1
observable_7441	nuc_gene_a__ST6GALNAC3_	1
observable_7442	nuc_gene_a__GPR107_	1
observable_7443	nuc_gene_a__PAIP1_	1
observable_7444	nuc_gene_a__DAO_	1
observable_7445	nuc_gene_a__ATL1_	1
observable_7446	nuc_gene_a__CBLN2_	1
observable_7447	nuc_gene_a__FTSJ1_	1
observable_7448	nuc_gene_a__STK31_	1
observable_7449	nuc_gene_a__RRM2B_	1
observable_7450	nuc_gene_a__PDCL_	1
observable_7451	nuc_gene_a__MED7_	1
observable_7452	nuc_gene_a__GXYLT1_	1
observable_7453	nuc_gene_a__MATK_	1
observable_7454	nuc_gene_a__RNPS1_	1
observable_7455	nuc_gene_a__MGP_	1
observable_7456	nuc_gene_a__ERV3_1_	1
observable_7457	nuc_gene_a__UBE4A_	1
observable_7458	nuc_gene_a__HEBP1_	1
observable_7459	nuc_gene_a__CPA3_	1
observable_7460	nuc_gene_a__CCDC68_	1
observable_7461	nuc_gene_a__TIMP1_	1
observable_7462	nuc_gene_a__ZNF837_	1
observable_7463	nuc_gene_a__MEPCE_	1
observable_7464	nuc_gene_a__DAZAP2_	1
observable_7465	nuc_gene_a__PGK1_	1
observable_7466	nuc_gene_a__TSNARE1_	1
observable_7467	nuc_gene_a__CLEC9A_	1
observable_7468	nuc_gene_a__CILP_	1
observable_7469	nuc_gene_a__ENTPD3_	1
observable_7470	nuc_gene_a__PAQR9_	1
observable_7471	nuc_gene_a__CLIP3_	1
observable_7472	nuc_gene_a__PDP1_	1
observable_7473	nuc_gene_a__ERGIC3_	1
observable_7474	nuc_gene_a__NUPR2_	1
observable_7475	nuc_gene_a__ACP7_	1
observable_7476	nuc_gene_a__UPF3B_	1
observable_7477	nuc_gene_a__ZBTB7C_	1
observable_7478	nuc_gene_a__CENPK_	1
observable_7479	nuc_gene_a__PARP15_	1
observable_7480	nuc_gene_a__GNAT3_	1
observable_7481	nuc_gene_a__STX5_	1
observable_7482	nuc_gene_a__GNG11_	1
observable_7483	nuc_gene_a__POFUT1_	1
observable_7484	nuc_gene_a__RBM25_	1
observable_7485	nuc_gene_a__SLC51A_	1
observable_7486	nuc_gene_a__FGF19_	1
observable_7487	nuc_gene_a__CASS4_	1
observable_7488	nuc_gene_a__BET1_	1
observable_7489	nuc_gene_a__FAM110A_	1
observable_7490	nuc_gene_a__PAH_	1
observable_7491	nuc_gene_a__SLC9A9_	1
observable_7492	nuc_gene_a__NPVF_	1
observable_7493	nuc_gene_a__HSPB1_	1
observable_7494	nuc_gene_a__FAM220A_	1
observable_7495	nuc_gene_a__TOX2_	1
observable_7496	nuc_gene_a__THOC5_	1
observable_7497	nuc_gene_a__SPDYE3_	1
observable_7498	nuc_gene_a__GLIPR1L2_	1
observable_7499	nuc_gene_a__OR2A2_	1
observable_7500	nuc_gene_a__FAM167A_	1
observable_7501	nuc_gene_a__HNRNPD_	1
observable_7502	nuc_gene_a__ATP13A4_	1
observable_7503	nuc_gene_a__FAM86B2_	1
observable_7504	nuc_gene_a__MOCS2_	1
observable_7505	nuc_gene_a__C3orf85_	1
observable_7506	nuc_gene_a__CLDN15_	1
observable_7507	nuc_gene_a__TMEM212_	1
observable_7508	nuc_gene_a__TUSC2_	1
observable_7509	nuc_gene_a__IFT22_	1
observable_7510	nuc_gene_a__TRAF2_	1
observable_7511	nuc_gene_a__LSM3_	1
observable_7512	nuc_gene_a__PLP1_	1
observable_7513	nuc_gene_a__C4orf36_	1
observable_7514	nuc_gene_a__SH3RF2_	1
observable_7515	nuc_gene_a__SEC23A_	1
observable_7516	nuc_gene_a__HELLS_	1
observable_7517	nuc_gene_a__DNASE1L3_	1
observable_7518	nuc_gene_a__ZNF395_	1
observable_7519	nuc_gene_a__ING4_	1
observable_7520	nuc_gene_a__RNF133_	1
observable_7521	nuc_gene_a__RNF148_	1
observable_7522	nuc_gene_a__TAS2R16_	1
observable_7523	nuc_gene_a__LNX1_	1
observable_7524	nuc_gene_a__EBLN1_	1
observable_7525	nuc_gene_a__CRIP1_	1
observable_7526	nuc_gene_a__HYAL1_	1
observable_7527	nuc_gene_a__RBFOX1_	1
observable_7528	nuc_gene_a__PGAM1_	1
observable_7529	nuc_gene_a__TP53INP1_	1
observable_7530	nuc_gene_a__EDNRA_	1
observable_7531	nuc_gene_a__TAF5_	1
observable_7532	nuc_gene_a__ZC2HC1C_	1
observable_7533	nuc_gene_a__MYZAP_	1
observable_7534	nuc_gene_a__IL20RB_	1
observable_7535	nuc_gene_a__MYB_	1
observable_7536	nuc_gene_a__NRROS_	1
observable_7537	nuc_gene_a__GLI1_	1
observable_7538	nuc_gene_a__ERMP1_	1
observable_7539	nuc_gene_a__TIPARP_	1
observable_7540	nuc_gene_a__BUB3_	1
observable_7541	nuc_gene_a__CCRL2_	1
observable_7542	nuc_gene_a__LRRC43_	1
observable_7543	nuc_gene_a__ATG4A_	1
observable_7544	nuc_gene_a__DTWD1_	1
observable_7545	nuc_gene_a__ARAP2_	1
observable_7546	nuc_gene_a__TDRD7_	1
observable_7547	nuc_gene_a__TANGO2_	1
observable_7548	nuc_gene_a__GHRL_	1
observable_7549	nuc_gene_a__ZNF839_	1
observable_7550	nuc_gene_a__CSPG4_	1
observable_7551	nuc_gene_a__PARG_	1
observable_7552	nuc_gene_a__HELQ_	1
observable_7553	nuc_gene_a__PLAC9_	1
observable_7554	nuc_gene_a__TMEFF1_	1
observable_7555	nuc_gene_a__NECTIN3_	1
observable_7556	nuc_gene_a__MARK2_	1
observable_7557	nuc_gene_a__WWP1_	1
observable_7558	nuc_gene_a__NDUFB8_	1
observable_7559	nuc_gene_a__MAZ_	1
observable_7560	nuc_gene_a__CDC42EP2_	1
observable_7561	nuc_gene_a__ZNF572_	1
observable_7562	nuc_gene_a__RECK_	1
observable_7563	nuc_gene_a__PPP2R2D_	1
observable_7564	nuc_gene_a__SPP1_	1
observable_7565	nuc_gene_a__ENOX2_	1
observable_7566	nuc_gene_a__ABCG4_	1
observable_7567	nuc_gene_a__KCNAB2_	1
observable_7568	nuc_gene_a__ITPRIP_	1
observable_7569	nuc_gene_a__RPL4_	1
observable_7570	nuc_gene_a__FHDC1_	1
observable_7571	nuc_gene_a__CCKBR_	1
observable_7572	nuc_gene_a__HLTF_	1
observable_7573	nuc_gene_a__PPP1R14B_	1
observable_7574	nuc_gene_a__FBN3_	1
observable_7575	nuc_gene_a__PRRT3_	1
observable_7576	nuc_gene_a__ZNF860_	1
observable_7577	nuc_gene_a__CUEDC2_	1
observable_7578	nuc_gene_a__RBM3_	1
observable_7579	nuc_gene_a__ADAMTS8_	1
observable_7580	nuc_gene_a__RPS6KA5_	1
observable_7581	nuc_gene_a__PATL2_	1
observable_7582	nuc_gene_a__CSKMT_	1
observable_7583	nuc_gene_a__OR52N2_	1
observable_7584	nuc_gene_a__UBE2E1_	1
observable_7585	nuc_gene_a__RAI2_	1
observable_7586	nuc_gene_a__SMIM14_	1
observable_7587	nuc_gene_a__NPIPB9_	1
observable_7588	nuc_gene_a__SHISA9_	1
observable_7589	nuc_gene_a__ZBTB11_	1
observable_7590	nuc_gene_a__HES1_	1
observable_7591	nuc_gene_a__WWOX_	1
observable_7592	nuc_gene_a__SPRY1_	1
observable_7593	nuc_gene_a__TRPV4_	1
observable_7594	nuc_gene_a__PCNX3_	1
observable_7595	nuc_gene_a__GTF2A2_	1
observable_7596	nuc_gene_a__POGZ_	1
observable_7597	nuc_gene_a__C16orf87_	1
observable_7598	nuc_gene_a__CTXN2_	1
observable_7599	nuc_gene_a__CAMTA1_	1
observable_7600	nuc_gene_a__RPL15_	1
observable_7601	nuc_gene_a__TMEM223_	1
observable_7602	nuc_gene_a__SETD1A_	1
observable_7603	nuc_gene_a__SIN3B_	1
observable_7604	nuc_gene_a__BOP1_	1
observable_7605	nuc_gene_a__AFAP1L2_	1
observable_7606	nuc_gene_a__BSND_	1
observable_7607	nuc_gene_a__LDLRAD3_	1
observable_7608	nuc_gene_a__CLCN3_	1
observable_7609	nuc_gene_a__TMEM240_	1
observable_7610	nuc_gene_a__SCX_	1
observable_7611	nuc_gene_a__ZYG11A_	1
observable_7612	nuc_gene_a__BCL9L_	1
observable_7613	nuc_gene_a__BRD7_	1
observable_7614	nuc_gene_a__SYDE1_	1
observable_7615	nuc_gene_a__MXD4_	1
observable_7616	nuc_gene_a__DCUN1D5_	1
observable_7617	nuc_gene_a__FNTB_	1
observable_7618	nuc_gene_a__RELL1_	1
observable_7619	nuc_gene_a__PI4K2A_	1
observable_7620	nuc_gene_a__WFIKKN1_	1
observable_7621	nuc_gene_a__AP3M2_	1
observable_7622	nuc_gene_a__IL17RD_	1
observable_7623	nuc_gene_a__EPB41L3_	1
observable_7624	nuc_gene_a__ZBTB49_	1
observable_7625	nuc_gene_a__SLC1A7_	1
observable_7626	nuc_gene_a__FABP5_	1
observable_7627	nuc_gene_a__FTL_	1
observable_7628	nuc_gene_a__NF2_	1
observable_7629	nuc_gene_a__FBXO46_	1
observable_7630	nuc_gene_a__GSTP1_	1
observable_7631	nuc_gene_a__SRRM2_	1
observable_7632	nuc_gene_a__ISX_	1
observable_7633	nuc_gene_a__AMY2B_	1
observable_7634	nuc_gene_a__FPGS_	1
observable_7635	nuc_gene_a__HDGF_	1
observable_7636	nuc_gene_a__MARK4_	1
observable_7637	nuc_gene_a__ARHGEF17_	1
observable_7638	nuc_gene_a__GTF2E2_	1
observable_7639	nuc_gene_a__ZNF213_	1
observable_7640	nuc_gene_a__FAM78B_	1
observable_7641	nuc_gene_a__TRIM72_	1
observable_7642	nuc_gene_a__CBLN1_	1
observable_7643	nuc_gene_a__NR1H4_	1
observable_7644	nuc_gene_a__NISCH_	1
observable_7645	nuc_gene_a__CA8_	1
observable_7646	nuc_gene_a__TERB1_	1
observable_7647	nuc_gene_a__CRAT_	1
observable_7648	nuc_gene_a__SNRPA_	1
observable_7649	nuc_gene_a__BCR_	1
observable_7650	nuc_gene_a__CA7_	1
observable_7651	nuc_gene_a__TCOF1_	1
observable_7652	nuc_gene_a__MYMX_	1
observable_7653	nuc_gene_a__SERP1_	1
observable_7654	nuc_gene_a__CAND1_	1
observable_7655	nuc_gene_a__SUCO_	1
observable_7656	nuc_gene_a__EBI3_	1
observable_7657	nuc_gene_a__NFKB2_	1
observable_7658	nuc_gene_a__ERF_	1
observable_7659	nuc_gene_a__PIGT_	1
observable_7660	nuc_gene_a__ZNF671_	1
observable_7661	nuc_gene_a__TPCN2_	1
observable_7662	nuc_gene_a__TNNI1_	1
observable_7663	nuc_gene_a__FECH_	1
observable_7664	nuc_gene_a__MBD4_	1
observable_7665	nuc_gene_a__TCP11L2_	1
observable_7666	nuc_gene_a__BATF3_	1
observable_7667	nuc_gene_a__HYDIN_	1
observable_7668	nuc_gene_a__P2RX6_	1
observable_7669	nuc_gene_a__KCNN1_	1
observable_7670	nuc_gene_a__FBXO28_	1
observable_7671	nuc_gene_a__SCAF8_	1
observable_7672	nuc_gene_a__SLC48A1_	1
observable_7673	nuc_gene_a__HDAC6_	1
observable_7674	nuc_gene_a__C10orf105_	1
observable_7675	nuc_gene_a__ZNF334_	1
observable_7676	nuc_gene_a__ACTN1_	1
observable_7677	nuc_gene_a__NAGA_	1
observable_7678	nuc_gene_a__FIP1L1_	1
observable_7679	nuc_gene_a__CCDC90B_	1
observable_7680	nuc_gene_a__TEF_	1
observable_7681	nuc_gene_a__POC5_	1
observable_7682	nuc_gene_a__PTPN6_	1
observable_7683	nuc_gene_a__FUT9_	1
observable_7684	nuc_gene_a__RPS12_	1
observable_7685	nuc_gene_a__DNA2_	1
observable_7686	nuc_gene_a__XAB2_	1
observable_7687	nuc_gene_a__TYRO3_	1
observable_7688	nuc_gene_a__GPN3_	1
observable_7689	nuc_gene_a__NUDT3_	1
observable_7690	nuc_gene_a__LNPEP_	1
observable_7691	nuc_gene_a__OVOL3_	1
observable_7692	nuc_gene_a__GPR19_	1
observable_7693	nuc_gene_a__TACC1_	1
observable_7694	nuc_gene_a__CTXND1_	1
observable_7695	nuc_gene_a__RGS17_	1
observable_7696	nuc_gene_a__RNASEH2A_	1
observable_7697	nuc_gene_a__LYRM7_	1
observable_7698	nuc_gene_a__EEF1E1_	1
observable_7699	nuc_gene_a__UBTD2_	1
observable_7700	nuc_gene_a__CCNQ_	1
observable_7701	nuc_gene_a__CKMT1B_	1
observable_7702	nuc_gene_a__SUDS3_	1
observable_7703	nuc_gene_a__URI1_	1
observable_7704	nuc_gene_a__NDRG3_	1
observable_7705	nuc_gene_a__FANCD2_	1
observable_7706	nuc_gene_a__SMIM18_	1
observable_7707	nuc_gene_a__DLAT_	1
observable_7708	nuc_gene_a__SLAIN2_	1
observable_7709	nuc_gene_a__CLPP_	1
observable_7710	nuc_gene_a__PTK6_	1
observable_7711	nuc_gene_a__ZNF579_	1
observable_7712	nuc_gene_a__SHPRH_	1
observable_7713	nuc_gene_a__LAMP2_	1
observable_7714	nuc_gene_a__CACNA1H_	1
observable_7715	nuc_gene_a__HMGA2_	1
observable_7716	nuc_gene_a__STXBP1_	1
observable_7717	nuc_gene_a__HMMR_	1
observable_7718	nuc_gene_a__COPS4_	1
observable_7719	nuc_gene_a__PEX11G_	1
observable_7720	nuc_gene_a__DISC1_	1
observable_7721	nuc_gene_a__MAPK8IP1_	1
observable_7722	nuc_gene_a__YWHAB_	1
observable_7723	nuc_gene_a__SPACA9_	1
observable_7724	nuc_gene_a__TM9SF3_	1
observable_7725	nuc_gene_a__RPL24_	1
observable_7726	nuc_gene_a__LRP2BP_	1
observable_7727	nuc_gene_a__TPSG1_	1
observable_7728	nuc_gene_a__SSR1_	1
observable_7729	nuc_gene_a__CHAF1A_	1
observable_7730	nuc_gene_a__BCLAF3_	1
observable_7731	nuc_gene_a__RFC5_	1
observable_7732	nuc_gene_a__TPSD1_	1
observable_7733	nuc_gene_a__UTS2B_	1
observable_7734	nuc_gene_a__CCDC167_	1
observable_7735	nuc_gene_a__JAGN1_	1
observable_7736	nuc_gene_a__NUP37_	1
observable_7737	nuc_gene_a__AAR2_	1
observable_7738	nuc_gene_a__SOX8_	1
observable_7739	nuc_gene_a__SLC1A5_	1
observable_7740	nuc_gene_a__WDR31_	1
observable_7741	nuc_gene_a__LATS1_	1
observable_7742	nuc_gene_a__DPPA2_	1
observable_7743	nuc_gene_a__CFP_	1
observable_7744	nuc_gene_a__SHANK2_	1
observable_7745	nuc_gene_a__EIF3D_	1
observable_7746	nuc_gene_a__RAB43_	1
observable_7747	nuc_gene_a__APOL6_	1
observable_7748	nuc_gene_a__PRSS16_	1
observable_7749	nuc_gene_a__MYOF_	1
observable_7750	nuc_gene_a__TBCA_	1
observable_7751	nuc_gene_a__RAB38_	1
observable_7752	nuc_gene_a__KLHL13_	1
observable_7753	nuc_gene_a__ABHD10_	1
observable_7754	nuc_gene_a__ATP5MG_	1
observable_7755	nuc_gene_a__SUSD2_	1
observable_7756	nuc_gene_a__BRK1_	1
observable_7757	nuc_gene_a__SMARCD1_	1
observable_7758	nuc_gene_a__NDUFS4_	1
observable_7759	nuc_gene_a__MYCL_	1
observable_7760	nuc_gene_a__CNN2_	1
observable_7761	nuc_gene_a__MEIOB_	1
observable_7762	nuc_gene_a__GOLM1_	1
observable_7763	nuc_gene_a__GPR63_	1
observable_7764	nuc_gene_a__SMOX_	1
observable_7765	nuc_gene_a__MLEC_	1
observable_7766	nuc_gene_a__NDST2_	1
observable_7767	nuc_gene_a__TMX2_	1
observable_7768	nuc_gene_a__CEP128_	1
observable_7769	nuc_gene_a__ANXA3_	1
observable_7770	nuc_gene_a__BLOC1S1_	1
observable_7771	nuc_gene_a__NBPF6_	1
observable_7772	nuc_gene_a__CCL25_	1
observable_7773	nuc_gene_a__NBPF1_	1
observable_7774	nuc_gene_a__TPM1_	1
observable_7775	nuc_gene_a__SPAG4_	1
observable_7776	nuc_gene_a__BLVRB_	1
observable_7777	nuc_gene_a__MORC2_	1
observable_7778	nuc_gene_a__DIO1_	1
observable_7779	nuc_gene_a__USP45_	1
observable_7780	nuc_gene_a__A4GALT_	1
observable_7781	nuc_gene_a__NUP210_	1
observable_7782	nuc_gene_a__ZNF622_	1
observable_7783	nuc_gene_a__CCDC27_	1
observable_7784	nuc_gene_a__VWCE_	1
observable_7785	nuc_gene_a__CEACAM1_	1
observable_7786	nuc_gene_a__GPR61_	1
observable_7787	nuc_gene_a__HGFAC_	1
observable_7788	nuc_gene_a__RNF146_	1
observable_7789	nuc_gene_a__POMT2_	1
observable_7790	nuc_gene_a__TRIM59_	1
observable_7791	nuc_gene_a__SSTR3_	1
observable_7792	nuc_gene_a__FAF2_	1
observable_7793	nuc_gene_a__ZBTB45_	1
observable_7794	nuc_gene_a__USP21_	1
observable_7795	nuc_gene_a__FUT1_	1
observable_7796	nuc_gene_a__UBE3D_	1
observable_7797	nuc_gene_a__UBE2E2_	1
observable_7798	nuc_gene_a__NDUFS6_	1
observable_7799	nuc_gene_a__ZNF610_	1
observable_7800	nuc_gene_a__HTATIP2_	1
observable_7801	nuc_gene_a__MRPL36_	1
observable_7802	nuc_gene_a__CES5A_	1
observable_7803	nuc_gene_a__ACOT13_	1
observable_7804	nuc_gene_a__CRIP3_	1
observable_7805	nuc_gene_a__KIFAP3_	1
observable_7806	nuc_gene_a__GCN1_	1
observable_7807	nuc_gene_a__KIAA1614_	1
observable_7808	nuc_gene_a__PGBD1_	1
observable_7809	nuc_gene_a__RASGRF2_	1
observable_7810	nuc_gene_a__CACNA1S_	1
observable_7811	nuc_gene_a__ETS1_	1
observable_7812	nuc_gene_a__CGAS_	1
observable_7813	nuc_gene_a__YIF1B_	1
observable_7814	nuc_gene_a__TMCO6_	1
observable_7815	nuc_gene_a__MSANTD4_	1
observable_7816	nuc_gene_a__TAB2_	1
observable_7817	nuc_gene_a__IRX3_	1
observable_7818	nuc_gene_a__FHL1_	1
observable_7819	nuc_gene_a__ACVR1B_	1
observable_7820	nuc_gene_a__ZBTB24_	1
observable_7821	nuc_gene_a__TOR1AIP1_	1
observable_7822	nuc_gene_a__PFDN1_	1
observable_7823	nuc_gene_a__RPS15_	1
observable_7824	nuc_gene_a__RPE65_	1
observable_7825	nuc_gene_a__ZNF549_	1
observable_7826	nuc_gene_a__CLEC19A_	1
observable_7827	nuc_gene_a__XPNPEP1_	1
observable_7828	nuc_gene_a__GPC4_	1
observable_7829	nuc_gene_a__TNR_	1
observable_7830	nuc_gene_a__ARL14EP_	1
observable_7831	nuc_gene_a__SPOCK3_	1
observable_7832	nuc_gene_a__APOC1_	1
observable_7833	nuc_gene_a__CALCB_	1
observable_7834	nuc_gene_a__PRKX_	1
observable_7835	nuc_gene_a__USP44_	1
observable_7836	nuc_gene_a__RPS10_	1
observable_7837	nuc_gene_a__OCEL1_	1
observable_7838	nuc_gene_a__NIPA2_	1
observable_7839	nuc_gene_a__TMEM161B_	1
observable_7840	nuc_gene_a__AS3MT_	1
observable_7841	nuc_gene_a__NDUFB7_	1
observable_7842	nuc_gene_a__PRPF19_	1
observable_7843	nuc_gene_a__VWA2_	1
observable_7844	nuc_gene_a__QDPR_	1
observable_7845	nuc_gene_a__RPUSD4_	1
observable_7846	nuc_gene_a__ARSB_	1
observable_7847	nuc_gene_a__GRWD1_	1
observable_7848	nuc_gene_a__LSG1_	1
observable_7849	nuc_gene_a__PWWP2A_	1
observable_7850	nuc_gene_a__MRPL21_	1
observable_7851	nuc_gene_a__RBM22_	1
observable_7852	nuc_gene_a__MELK_	1
observable_7853	nuc_gene_a__FAM98A_	1
observable_7854	nuc_gene_a__FSIP1_	1
observable_7855	nuc_gene_a__DDX60L_	1
observable_7856	nuc_gene_a__TMEM147_	1
observable_7857	nuc_gene_a__BYSL_	1
observable_7858	nuc_gene_a__RYR2_	1
observable_7859	nuc_gene_a__ICAM4_	1
observable_7860	nuc_gene_a__ANKRD11_	1
observable_7861	nuc_gene_a__ZNF878_	1
observable_7862	nuc_gene_a__ZNF284_	1
observable_7863	nuc_gene_a__BCAT1_	1
observable_7864	nuc_gene_a__GINM1_	1
observable_7865	nuc_gene_a__FNIP1_	1
observable_7866	nuc_gene_a__PIN1_	1
observable_7867	nuc_gene_a__GNAI2_	1
observable_7868	nuc_gene_a__PSMB1_	1
observable_7869	nuc_gene_a__DHFR_	1
observable_7870	nuc_gene_a__MLLT10_	1
observable_7871	nuc_gene_a__ACSS2_	1
observable_7872	nuc_gene_a__GLO1_	1
observable_7873	nuc_gene_a__DYRK2_	1
observable_7874	nuc_gene_a__HESX1_	1
observable_7875	nuc_gene_a__MVB12B_	1
observable_7876	nuc_gene_a__SLC9C2_	1
observable_7877	nuc_gene_a__SLC39A8_	1
observable_7878	nuc_gene_a__ACSL4_	1
observable_7879	nuc_gene_a__NOP16_	1
observable_7880	nuc_gene_a__GRIN2A_	1
observable_7881	nuc_gene_a__OPTC_	1
observable_7882	nuc_gene_a__KTI12_	1
observable_7883	nuc_gene_a__RAB27A_	1
observable_7884	nuc_gene_a__FOXD4L1_	1
observable_7885	nuc_gene_a__MYRF_	1
observable_7886	nuc_gene_a__PM20D1_	1
observable_7887	nuc_gene_a__SFT2D1_	1
observable_7888	nuc_gene_a__ALG3_	1
observable_7889	nuc_gene_a__DKC1_	1
observable_7890	nuc_gene_a__FGFRL1_	1
observable_7891	nuc_gene_a__ZSCAN29_	1
observable_7892	nuc_gene_a__KIRREL2_	1
observable_7893	nuc_gene_a__CGB7_	1
observable_7894	nuc_gene_a__ARMCX6_	1
observable_7895	nuc_gene_a__FOXM1_	1
observable_7896	nuc_gene_a__ZNF222_	1
observable_7897	nuc_gene_a__WRNIP1_	1
observable_7898	nuc_gene_a__C19orf53_	1
observable_7899	nuc_gene_a__EYA2_	1
observable_7900	nuc_gene_a__PIGM_	1
observable_7901	nuc_gene_a__PTPN23_	1
observable_7902	nuc_gene_a__INTU_	1
observable_7903	nuc_gene_a__BEX1_	1
observable_7904	nuc_gene_a__ANKHD1_	1
observable_7905	nuc_gene_a__CLTRN_	1
observable_7906	nuc_gene_a__ATP1A4_	1
observable_7907	nuc_gene_a__HYAL3_	1
observable_7908	nuc_gene_a__NAA80_	1
observable_7909	nuc_gene_a__ENPP1_	1
observable_7910	nuc_gene_a__ZNF669_	1
observable_7911	nuc_gene_a__PRDM4_	1
observable_7912	nuc_gene_a__ZNF717_	1
observable_7913	nuc_gene_a__NSD1_	1
observable_7914	nuc_gene_a__SRF_	1
observable_7915	nuc_gene_a__CRTC1_	1
observable_7916	nuc_gene_a__NDUFA12_	1
observable_7917	nuc_gene_a__ZCWPW2_	1
observable_7918	nuc_gene_a__HAPLN1_	1
observable_7919	nuc_gene_a__UBE2Q2_	1
observable_7920	nuc_gene_a__GAP43_	1
observable_7921	nuc_gene_a__PUS1_	1
observable_7922	nuc_gene_a__SCGB3A2_	1
observable_7923	nuc_gene_a__TEK_	1
observable_7924	nuc_gene_a__WDR5B_	1
observable_7925	nuc_gene_a__FIG4_	1
observable_7926	nuc_gene_a__TMED9_	1
observable_7927	nuc_gene_a__ATP6V0E1_	1
observable_7928	nuc_gene_a__EXOSC7_	1
observable_7929	nuc_gene_a__TMEM62_	1
observable_7930	nuc_gene_a__WBP11_	1
observable_7931	nuc_gene_a__MPC1_	1
observable_7932	nuc_gene_a__WDR38_	1
observable_7933	nuc_gene_a__SRP19_	1
observable_7934	nuc_gene_a__BCL7A_	1
observable_7935	nuc_gene_a__RPL35_	1
observable_7936	nuc_gene_a__TTC33_	1
observable_7937	nuc_gene_a__GM2A_	1
observable_7938	nuc_gene_a__TBX15_	1
observable_7939	nuc_gene_a__TBX19_	1
observable_7940	nuc_gene_a__EPHA7_	1
observable_7941	nuc_gene_a__REEP5_	1
observable_7942	nuc_gene_a__C1orf167_	1
observable_7943	nuc_gene_a__KIF16B_	1
observable_7944	nuc_gene_a__PCBD2_	1
observable_7945	nuc_gene_a__FBP1_	1
observable_7946	nuc_gene_a__SYVN1_	1
observable_7947	nuc_gene_a__RHEBL1_	1
observable_7948	nuc_gene_a__GPR88_	1
observable_7949	nuc_gene_a__YOD1_	1
observable_7950	nuc_gene_a__MED25_	1
observable_7951	nuc_gene_a__EWSR1_	1
observable_7952	nuc_gene_a__DPYSL3_	1
observable_7953	nuc_gene_a__UQCRB_	1
observable_7954	nuc_gene_a__MRPL49_	1
observable_7955	nuc_gene_a__SARNP_	1
observable_7956	nuc_gene_a__SPA17_	1
observable_7957	nuc_gene_a__RREB1_	1
observable_7958	nuc_gene_a__CRADD_	1
observable_7959	nuc_gene_a__LOX_	1
observable_7960	nuc_gene_a__OPTN_	1
observable_7961	nuc_gene_a__PRPF4_	1
observable_7962	nuc_gene_a__BTBD19_	1
observable_7963	nuc_gene_a__PLTP_	1
observable_7964	nuc_gene_a__TUB_	1
observable_7965	nuc_gene_a__RNF44_	1
observable_7966	nuc_gene_a__FAM216A_	1
observable_7967	nuc_gene_a__WDR27_	1
observable_7968	nuc_gene_a__TEX50_	1
observable_7969	nuc_gene_a__ABHD17B_	1
observable_7970	nuc_gene_a__MAP4K1_	1
observable_7971	nuc_gene_a__CD5L_	1
observable_7972	nuc_gene_a__RAB6A_	1
observable_7973	nuc_gene_a__RPF2_	1
observable_7974	nuc_gene_a__PRUNE2_	1
observable_7975	nuc_gene_a__LAX1_	1
observable_7976	nuc_gene_a__TMEM61_	1
observable_7977	nuc_gene_a__NUS1_	1
observable_7978	nuc_gene_a__FBN2_	1
observable_7979	nuc_gene_a__EIF3F_	1
observable_7980	nuc_gene_a__CLPSL2_	1
observable_7981	nuc_gene_a__PCGF5_	1
observable_7982	nuc_gene_a__MRPS18A_	1
observable_7983	nuc_gene_a__ARFGAP3_	1
observable_7984	nuc_gene_a__PLAT_	1
observable_7985	nuc_gene_a__SNRPC_	1
observable_7986	nuc_gene_a__MRPL4_	1
observable_7987	nuc_gene_a__ECT2_	1
observable_7988	nuc_gene_a__HSF2_	1
observable_7989	nuc_gene_a__SEC24A_	1
observable_7990	nuc_gene_a__MAD2L1BP_	1
observable_7991	nuc_gene_a__SNX16_	1
observable_7992	nuc_gene_a__FNBP1_	1
observable_7993	nuc_gene_a__CD83_	1
observable_7994	nuc_gene_a__KIF21A_	1
observable_7995	nuc_gene_a__RWDD2A_	1
observable_7996	nuc_gene_a__SPATA24_	1
observable_7997	nuc_gene_a__CHCHD6_	1
observable_7998	nuc_gene_a__ULBP3_	1
observable_7999	nuc_gene_a__OSBPL2_	1
observable_8000	nuc_gene_a__UBXN1_	1
observable_8001	nuc_gene_a__NDUFS7_	1
observable_8002	nuc_gene_a__ANKRD13D_	1
observable_8003	nuc_gene_a__NDUFA7_	1
observable_8004	nuc_gene_a__ACVR2B_	1
observable_8005	nuc_gene_a__HCST_	1
observable_8006	nuc_gene_a__HIVEP1_	1
observable_8007	nuc_gene_a__CIP2A_	1
observable_8008	nuc_gene_a__BEND6_	1
observable_8009	nuc_gene_a__NDUFAF4_	1
observable_8010	nuc_gene_a__ZNF215_	1
observable_8011	nuc_gene_a__ZSCAN23_	1
observable_8012	nuc_gene_a__ELP6_	1
observable_8013	nuc_gene_a__CAMSAP3_	1
observable_8014	nuc_gene_a__COL15A1_	1
observable_8015	nuc_gene_a__ANGPTL6_	1
observable_8016	nuc_gene_a__ALB_	1
observable_8017	nuc_gene_a__ZNF845_	1
observable_8018	nuc_gene_a__HPS4_	1
observable_8019	nuc_gene_a__E2F7_	1
observable_8020	nuc_gene_a__ZNF445_	1
observable_8021	nuc_gene_a__HINT1_	1
observable_8022	nuc_gene_a__LRP5_	1
observable_8023	nuc_gene_a__ARMC6_	1
observable_8024	nuc_gene_a__POLL_	1
observable_8025	nuc_gene_a__CYP2R1_	1
observable_8026	nuc_gene_a__NELFCD_	1
observable_8027	nuc_gene_a__KCNK5_	1
observable_8028	nuc_gene_a__ERCC8_	1
observable_8029	nuc_gene_a__MRPL42_	1
observable_8030	nuc_gene_a__RPL27A_	1
observable_8031	nuc_gene_a__GTPBP1_	1
observable_8032	nuc_gene_a__DGLUCY_	1
observable_8033	nuc_gene_a__CCDC15_	1
observable_8034	nuc_gene_a__MBD3_	1
observable_8035	nuc_gene_a__ATF4_	1
observable_8036	nuc_gene_a__MRPL17_	1
observable_8037	nuc_gene_a__MATN2_	1
observable_8038	nuc_gene_a__SGO1_	1
observable_8039	nuc_gene_a__ZNF451_	1
observable_8040	nuc_gene_a__MIER2_	1
observable_8041	nuc_gene_a__FAM204A_	1
observable_8042	nuc_gene_a__NHP2_	1
observable_8043	nuc_gene_a__PNPLA2_	1
observable_8044	nuc_gene_a__MRPL2_	1
observable_8045	nuc_gene_a__CMYA5_	1
observable_8046	nuc_gene_a__APBA3_	1
observable_8047	nuc_gene_a__CSGALNACT2_	1
observable_8048	nuc_gene_a__KIAA1586_	1
observable_8049	nuc_gene_a__MRPL3_	1
observable_8050	nuc_gene_a__RAB3IP_	1
observable_8051	nuc_gene_a__POLR3D_	1
observable_8052	nuc_gene_a__SLITRK3_	1
observable_8053	nuc_gene_a__NOTCH3_	1
observable_8054	nuc_gene_a__CD164_	1
observable_8055	nuc_gene_a__WDR48_	1
observable_8056	nuc_gene_a__TUBA1B_	1
observable_8057	nuc_gene_a__PSENEN_	1
observable_8058	nuc_gene_a__RAB2A_	1
observable_8059	nuc_gene_a__DCUN1D1_	1
observable_8060	nuc_gene_a__MDFI_	1
observable_8061	nuc_gene_a__BMPR1A_	1
observable_8062	nuc_gene_a__CTSA_	1
observable_8063	nuc_gene_a__RSPH9_	1
observable_8064	nuc_gene_a__NDUFB4_	1
observable_8065	nuc_gene_a__CYP11B2_	1
observable_8066	nuc_gene_a__SPHK2_	1
observable_8067	nuc_gene_a__NSUN2_	1
observable_8068	nuc_gene_a__PLEKHF2_	1
observable_8069	nuc_gene_a__RPL39L_	1
observable_8070	nuc_gene_a__BCKDHB_	1
observable_8071	nuc_gene_a__THNSL1_	1
observable_8072	nuc_gene_a__TMA7_	1
observable_8073	nuc_gene_a__CHST3_	1
observable_8074	nuc_gene_a__HSD17B14_	1
observable_8075	nuc_gene_a__PLCB3_	1
observable_8076	nuc_gene_a__ZFP14_	1
observable_8077	nuc_gene_a__MMS22L_	1
observable_8078	nuc_gene_a__B9D2_	1
observable_8079	nuc_gene_a__CENPW_	1
observable_8080	nuc_gene_a__CALR3_	1
observable_8081	nuc_gene_a__LSM7_	1
observable_8082	nuc_gene_a__PHYH_	1
observable_8083	nuc_gene_a__TMTC3_	1
observable_8084	nuc_gene_a__TBCB_	1
observable_8085	nuc_gene_a__MCM2_	1
observable_8086	nuc_gene_a__INCENP_	1
observable_8087	nuc_gene_a__ZNF239_	1
observable_8088	nuc_gene_a__HDAC3_	1
observable_8089	nuc_gene_a__LGALS3_	1
observable_8090	nuc_gene_a__RFC4_	1
observable_8091	nuc_gene_a__ACER3_	1
observable_8092	nuc_gene_a__UQCC1_	1
observable_8093	nuc_gene_a__SKIL_	1
observable_8094	nuc_gene_a__RUNX1T1_	1
observable_8095	nuc_gene_a__GRK5_	1
observable_8096	nuc_gene_a__WDR70_	1
observable_8097	nuc_gene_a__KCNJ1_	1
observable_8098	nuc_gene_a__SNX6_	1
observable_8099	nuc_gene_a__JARID2_	1
observable_8100	nuc_gene_a__RPL35A_	1
observable_8101	nuc_gene_a__ATRNL1_	1
observable_8102	nuc_gene_a__GPRIN2_	1
observable_8103	nuc_gene_a__C2CD3_	1
observable_8104	nuc_gene_a__DNAJC19_	1
observable_8105	nuc_gene_a__RBM27_	1
observable_8106	nuc_gene_a__SETD9_	1
observable_8107	nuc_gene_a__RHOBTB2_	1
observable_8108	nuc_gene_a__MRPL16_	1
observable_8109	nuc_gene_a__ZNF582_	1
observable_8110	nuc_gene_a__GOLGA3_	1
observable_8111	nuc_gene_a__PCYT1A_	1
observable_8112	nuc_gene_a__TMIGD2_	1
observable_8113	nuc_gene_a__ANKRD46_	1
observable_8114	nuc_gene_a__ORMDL2_	1
observable_8115	nuc_gene_a__CGB8_	1
observable_8116	nuc_gene_a__RAB5A_	1
observable_8117	nuc_gene_a__ZNF529_	1
observable_8118	nuc_gene_a__ASCC3_	1
observable_8119	nuc_gene_a__GATC_	1
observable_8120	nuc_gene_a__SHLD2_	1
observable_8121	nuc_gene_a__CCDC12_	1
observable_8122	nuc_gene_a__ACE2_	1
observable_8123	nuc_gene_a__HIPK3_	1
observable_8124	nuc_gene_a__C12orf57_	1
observable_8125	nuc_gene_a__PRKAG3_	1
observable_8126	nuc_gene_a__SLC12A2_	1
observable_8127	nuc_gene_a__ADAM33_	1
observable_8128	nuc_gene_a__ZNF318_	1
observable_8129	nuc_gene_a__HELB_	1
observable_8130	nuc_gene_a__ARL2_	1
observable_8131	nuc_gene_a__CYB561D2_	1
observable_8132	nuc_gene_a__GTF2F1_	1
observable_8133	nuc_gene_a__SRSF3_	1
observable_8134	nuc_gene_a__GSR_	1
observable_8135	nuc_gene_a__KLHL3_	1
observable_8136	nuc_gene_a__SYNDIG1_	1
observable_8137	nuc_gene_a__EIF3M_	1
observable_8138	nuc_gene_a__FANCI_	1
observable_8139	nuc_gene_a__STAC_	1
observable_8140	nuc_gene_a__TOMM6_	1
observable_8141	nuc_gene_a__CACNA1G_	1
observable_8142	nuc_gene_a__PAK5_	1
observable_8143	nuc_gene_a__CMBL_	1
observable_8144	nuc_gene_a__ZNF589_	1
observable_8145	nuc_gene_a__TMEM126A_	1
observable_8146	nuc_gene_a__C1QBP_	1
observable_8147	nuc_gene_a__DTNBP1_	1
observable_8148	nuc_gene_a__CMTM7_	1
observable_8149	nuc_gene_a__ZCCHC24_	1
observable_8150	nuc_gene_a__DHX33_	1
observable_8151	nuc_gene_a__TPPP_	1
observable_8152	nuc_gene_a__DEPDC5_	1
observable_8153	nuc_gene_a__SGK2_	1
observable_8154	nuc_gene_a__PDSS1_	1
observable_8155	nuc_gene_a__SOST_	1
observable_8156	nuc_gene_a__CFAP97D1_	1
observable_8157	nuc_gene_a__DOK5_	1
observable_8158	nuc_gene_a__TVP23C_	1
observable_8159	nuc_gene_a__TBC1D15_	1
observable_8160	nuc_gene_a__ITPR3_	1
observable_8161	nuc_gene_a__PPCDC_	1
observable_8162	nuc_gene_a__ARHGEF33_	1
observable_8163	nuc_gene_a__GPCPD1_	1
observable_8164	nuc_gene_a__APOBEC3G_	1
observable_8165	nuc_gene_a__RPP21_	1
observable_8166	nuc_gene_a__SLC38A3_	1
observable_8167	nuc_gene_a__STAU2_	1
observable_8168	nuc_gene_a__VWA5A_	1
observable_8169	nuc_gene_a__DHX37_	1
observable_8170	nuc_gene_a__SELENOI_	1
observable_8171	nuc_gene_a__LLPH_	1
observable_8172	nuc_gene_a__EN1_	1
observable_8173	nuc_gene_a__BHLHE40_	1
observable_8174	nuc_gene_a__EDEM2_	1
observable_8175	nuc_gene_a__C1QL2_	1
observable_8176	nuc_gene_a__IDH3A_	1
observable_8177	nuc_gene_a__ANO9_	1
observable_8178	nuc_gene_a__TBC1D3B_	1
observable_8179	nuc_gene_a__GLUD1_	1
observable_8180	nuc_gene_a__TAC3_	1
observable_8181	nuc_gene_a__VPS18_	1
observable_8182	nuc_gene_a__TMEM14B_	1
observable_8183	nuc_gene_a__ZFP64_	1
observable_8184	nuc_gene_a__KIF18A_	1
observable_8185	nuc_gene_a__BLOC1S2_	1
observable_8186	nuc_gene_a__BBS4_	1
observable_8187	nuc_gene_a__YTHDF1_	1
observable_8188	nuc_gene_a__RESP18_	1
observable_8189	nuc_gene_a__ANXA6_	1
observable_8190	nuc_gene_a__NEU2_	1
observable_8191	nuc_gene_a__SLC12A8_	1
observable_8192	nuc_gene_a__RPS13_	1
observable_8193	nuc_gene_a__DAPK2_	1
observable_8194	nuc_gene_a__CHD3_	1
observable_8195	nuc_gene_a__SLC4A8_	1
observable_8196	nuc_gene_a__HNRNPC_	1
observable_8197	nuc_gene_a__CMIP_	1
observable_8198	nuc_gene_a__ASCC2_	1
observable_8199	nuc_gene_a__FBXL14_	1
observable_8200	nuc_gene_a__CCNY_	1
observable_8201	nuc_gene_a__LYPLA1_	1
observable_8202	nuc_gene_a__YEATS4_	1
observable_8203	nuc_gene_a__SRCIN1_	1
observable_8204	nuc_gene_a__IGHMBP2_	1
observable_8205	nuc_gene_a__PLAU_	1
observable_8206	nuc_gene_a__SPINT1_	1
observable_8207	nuc_gene_a__OR2AE1_	1
observable_8208	nuc_gene_a__UTP20_	1
observable_8209	nuc_gene_a__FFAR4_	1
observable_8210	nuc_gene_a__SPACA3_	1
observable_8211	nuc_gene_a__NPIPB5_	1
observable_8212	nuc_gene_a__PPARGC1B_	1
observable_8213	nuc_gene_a__MARCKS_	1
observable_8214	nuc_gene_a__BPIFB1_	1
observable_8215	nuc_gene_a__MYO15B_	1
observable_8216	nuc_gene_a__DCAF13_	1
observable_8217	nuc_gene_a__MTURN_	1
observable_8218	nuc_gene_a__PIP4K2C_	1
observable_8219	nuc_gene_a__ATAD1_	1
observable_8220	nuc_gene_a__DMKN_	1
observable_8221	nuc_gene_a__COX19_	1
observable_8222	nuc_gene_a__CYP2W1_	1
observable_8223	nuc_gene_a__SPTAN1_	1
observable_8224	nuc_gene_a__ZMAT3_	1
observable_8225	nuc_gene_a__UNCX_	1
observable_8226	nuc_gene_a__HOXB1_	1
observable_8227	nuc_gene_a__ARHGEF37_	1
observable_8228	nuc_gene_a__HOXB2_	1
observable_8229	nuc_gene_a__SETMAR_	1
observable_8230	nuc_gene_a__NINL_	1
observable_8231	nuc_gene_a__HOXB4_	1
observable_8232	nuc_gene_a__HOXB5_	1
observable_8233	nuc_gene_a__HOXB7_	1
observable_8234	nuc_gene_a__HOXB9_	1
observable_8235	nuc_gene_a__ADORA2B_	1
observable_8236	nuc_gene_a__ATF7_	1
observable_8237	nuc_gene_a__WDR82_	1
observable_8238	nuc_gene_a__TUSC3_	1
observable_8239	nuc_gene_a__TTC38_	1
observable_8240	nuc_gene_a__PPP2R1B_	1
observable_8241	nuc_gene_a__FXR2_	1
observable_8242	nuc_gene_a__FAM169A_	1
observable_8243	nuc_gene_a__EIF5A2_	1
observable_8244	nuc_gene_a__PSMG4_	1
observable_8245	nuc_gene_a__ZNF562_	1
observable_8246	nuc_gene_a__LRRC37A_	1
observable_8247	nuc_gene_a__SERTAD1_	1
observable_8248	nuc_gene_a__MSI1_	1
observable_8249	nuc_gene_a__ADGRA2_	1
observable_8250	nuc_gene_a__ZNF282_	1
observable_8251	nuc_gene_a__EEF1A2_	1
observable_8252	nuc_gene_a__PARL_	1
observable_8253	nuc_gene_a__ZNF783_	1
observable_8254	nuc_gene_a__CTSB_	1
observable_8255	nuc_gene_a__FAM178B_	1
observable_8256	nuc_gene_a__PRMT5_	1
observable_8257	nuc_gene_a__C12orf56_	1
observable_8258	nuc_gene_a__GNL3_	1
observable_8259	nuc_gene_a__TAP2_	1
observable_8260	nuc_gene_a__ADAT2_	1
observable_8261	nuc_gene_a__MANEA_	1
observable_8262	nuc_gene_a__MTRR_	1
observable_8263	nuc_gene_a__MTERF2_	1
observable_8264	nuc_gene_a__NPLOC4_	1
observable_8265	nuc_gene_a__SQOR_	1
observable_8266	nuc_gene_a__PALD1_	1
observable_8267	nuc_gene_a__PRLH_	1
observable_8268	nuc_gene_a__GSS_	1
observable_8269	nuc_gene_a__DYNC2H1_	1
observable_8270	nuc_gene_a__PHB2_	1
observable_8271	nuc_gene_a__ST13_	1
observable_8272	nuc_gene_a__RUVBL1_	1
observable_8273	nuc_gene_a__LRRC37A2_	1
observable_8274	nuc_gene_a__VTA1_	1
observable_8275	nuc_gene_a__NEURL1_	1
observable_8276	nuc_gene_a__ABCD4_	1
observable_8277	nuc_gene_a__SPEF2_	1
observable_8278	nuc_gene_a__GHITM_	1
observable_8279	nuc_gene_a__BOLL_	1
observable_8280	nuc_gene_a__FAM81A_	1
observable_8281	nuc_gene_a__HOOK3_	1
observable_8282	nuc_gene_a__PRPF6_	1
observable_8283	nuc_gene_a__LMBRD1_	1
observable_8284	nuc_gene_a__FAM193B_	1
observable_8285	nuc_gene_a__SEC13_	1
observable_8286	nuc_gene_a__GRIK5_	1
observable_8287	nuc_gene_a__TASP1_	1
observable_8288	nuc_gene_a__ZNF248_	1
observable_8289	nuc_gene_a__FADS2_	1
observable_8290	nuc_gene_a__EXOC3_	1
observable_8291	nuc_gene_a__ZNF574_	1
observable_8292	nuc_gene_a__OCA2_	1
observable_8293	nuc_gene_a__UQCRFS1_	1
observable_8294	nuc_gene_a__UQCC3_	1
observable_8295	nuc_gene_a__NCAPD2_	1
observable_8296	nuc_gene_a__AQP11_	1
observable_8297	nuc_gene_a__ZNF512B_	1
observable_8298	nuc_gene_a__RPS19_	1
observable_8299	nuc_gene_a__CFAP65_	1
observable_8300	nuc_gene_a__ARL17A_	1
observable_8301	nuc_gene_a__AEN_	1
observable_8302	nuc_gene_a__ALCAM_	1
observable_8303	nuc_gene_a__RPS26_	1
observable_8304	nuc_gene_a__TRAPPC4_	1
observable_8305	nuc_gene_a__MRPL51_	1
observable_8306	nuc_gene_a__IFITM3_	1
observable_8307	nuc_gene_a__CDCP1_	1
observable_8308	nuc_gene_a__STAM_	1
observable_8309	nuc_gene_a__SMIM3_	1
observable_8310	nuc_gene_a__GPR156_	1
observable_8311	nuc_gene_a__UBA1_	1
observable_8312	nuc_gene_a__PSMA6_	1
observable_8313	nuc_gene_a__PTPN9_	1
observable_8314	nuc_gene_a__TRPM8_	1
observable_8315	nuc_gene_a__LARGE2_	1
observable_8316	nuc_gene_a__BPTF_	1
observable_8317	nuc_gene_a__PRELID2_	1
observable_8318	nuc_gene_a__HHIPL1_	1
observable_8319	nuc_gene_a__GTPBP3_	1
observable_8320	nuc_gene_a__TCP1_	1
observable_8321	nuc_gene_a__CLTB_	1
observable_8322	nuc_gene_a__TM9SF4_	1
observable_8323	nuc_gene_a__SEC62_	1
observable_8324	nuc_gene_a__TAC4_	1
observable_8325	nuc_gene_a__ESPNL_	1
observable_8326	nuc_gene_a__TBC1D31_	1
observable_8327	nuc_gene_a__SGTB_	1
observable_8328	nuc_gene_a__MRPS10_	1
observable_8329	nuc_gene_a__RAD51AP1_	1
observable_8330	nuc_gene_a__RABL3_	1
observable_8331	nuc_gene_a__BTBD1_	1
observable_8332	nuc_gene_a__GAST_	1
observable_8333	nuc_gene_a__PRIM2_	1
observable_8334	nuc_gene_a__WHAMM_	1
observable_8335	nuc_gene_a__ZNF576_	1
observable_8336	nuc_gene_a__KMT2A_	1
observable_8337	nuc_gene_a__WDR53_	1
observable_8338	nuc_gene_a__ZKSCAN3_	1
observable_8339	nuc_gene_a__DDA1_	1
observable_8340	nuc_gene_a__TCEAL3_	1
observable_8341	nuc_gene_a__WWC1_	1
observable_8342	nuc_gene_a__ZNF430_	1
observable_8343	nuc_gene_a__ABRACL_	1
observable_8344	nuc_gene_a__LETM2_	1
observable_8345	nuc_gene_a__CARD14_	1
observable_8346	nuc_gene_a__AASDHPPT_	1
observable_8347	nuc_gene_a__POLQ_	1
observable_8348	nuc_gene_a__HNRNPK_	1
observable_8349	nuc_gene_a__CLP1_	1
observable_8350	nuc_gene_a__CITED2_	1
observable_8351	nuc_gene_a__MAP6D1_	1
observable_8352	nuc_gene_a__HNRNPLL_	1
observable_8353	nuc_gene_a__PEX12_	1
observable_8354	nuc_gene_a__ANKLE1_	1
observable_8355	nuc_gene_a__PDZD2_	1
observable_8356	nuc_gene_a__TRMT11_	1
observable_8357	nuc_gene_a__HLF_	1
observable_8358	nuc_gene_a__TMEM230_	1
observable_8359	nuc_gene_a__PDIA5_	1
observable_8360	nuc_gene_a__CEP295NL_	1
observable_8361	nuc_gene_a__CD99L2_	1
observable_8362	nuc_gene_a__SHMT2_	1
observable_8363	nuc_gene_a__CYSTM1_	1
observable_8364	nuc_gene_a__MDK_	1
observable_8365	nuc_gene_a__PHF3_	1
observable_8366	nuc_gene_a__PRXL2C_	1
observable_8367	nuc_gene_a__NGFR_	1
observable_8368	nuc_gene_a__CRYGB_	1
observable_8369	nuc_gene_a__XPC_	1
observable_8370	nuc_gene_a__CELF5_	1
observable_8371	nuc_gene_a__ZNF18_	1
observable_8372	nuc_gene_a__CRYGA_	1
observable_8373	nuc_gene_a__CRH_	1
observable_8374	nuc_gene_a__DNAJC5_	1
observable_8375	nuc_gene_a__GTF3C6_	1
observable_8376	nuc_gene_a__TCTA_	1
observable_8377	nuc_gene_a__PTH2R_	1
observable_8378	nuc_gene_a__GJB7_	1
observable_8379	nuc_gene_a__PNPLA7_	1
observable_8380	nuc_gene_a__ICAM1_	1
observable_8381	nuc_gene_a__PITPNC1_	1
observable_8382	nuc_gene_a__SNX15_	1
observable_8383	nuc_gene_a__OR3A1_	1
observable_8384	nuc_gene_a__CYP7B1_	1
observable_8385	nuc_gene_a__TIMM10_	1
observable_8386	nuc_gene_a__PHKA2_	1
observable_8387	nuc_gene_a__SNAP25_	1
observable_8388	nuc_gene_a__NCS1_	1
observable_8389	nuc_gene_a__EPHA3_	1
observable_8390	nuc_gene_a__HAUS8_	1
observable_8391	nuc_gene_a__ARHGAP39_	1
observable_8392	nuc_gene_a__GLB1L3_	1
observable_8393	nuc_gene_a__PAX3_	1
observable_8394	nuc_gene_a__PEX2_	1
observable_8395	nuc_gene_a__DOT1L_	1
observable_8396	nuc_gene_a__LHFPL4_	1
observable_8397	nuc_gene_a__NXT1_	1
observable_8398	nuc_gene_a__LRRN1_	1
observable_8399	nuc_gene_a__GRM4_	1
observable_8400	nuc_gene_a__BCAS3_	1
observable_8401	nuc_gene_a__RBMX_	1
observable_8402	nuc_gene_a__TBC1D13_	1
observable_8403	nuc_gene_a__KIAA1755_	1
observable_8404	nuc_gene_a__NEO1_	1
observable_8405	nuc_gene_a__ARSD_	1
observable_8406	nuc_gene_a__POTEI_	1
observable_8407	nuc_gene_a__RRAGD_	1
observable_8408	nuc_gene_a__KRTAP9_1_	1
observable_8409	nuc_gene_a__ZBTB2_	1
observable_8410	nuc_gene_a__CYSLTR1_	1
observable_8411	nuc_gene_a__SRXN1_	1
observable_8412	nuc_gene_a__FZD2_	1
observable_8413	nuc_gene_a__CFC1B_	1
observable_8414	nuc_gene_a__RAB9A_	1
observable_8415	nuc_gene_a__COTL1_	1
observable_8416	nuc_gene_a__SLC2A3_	1
observable_8417	nuc_gene_a__RMDN1_	1
observable_8418	nuc_gene_a__DYNLRB2_	1
observable_8419	nuc_gene_a__ATP1B4_	1
observable_8420	nuc_gene_a__IGSF10_	1
observable_8421	nuc_gene_a__DDX23_	1
observable_8422	nuc_gene_a__CHERP_	1
observable_8423	nuc_gene_a__SLC7A5_	1
observable_8424	nuc_gene_a__TIMMDC1_	1
observable_8425	nuc_gene_a__MSRB1_	1
observable_8426	nuc_gene_a__CATIP_	1
observable_8427	nuc_gene_a__RABL2B_	1
observable_8428	nuc_gene_a__PLXNA3_	1
observable_8429	nuc_gene_a__BACE1_	1
observable_8430	nuc_gene_a__NEMP1_	1
observable_8431	nuc_gene_a__RUBCN_	1
observable_8432	nuc_gene_a__ZNF596_	1
observable_8433	nuc_gene_a__TTK_	1
observable_8434	nuc_gene_a__KIF3C_	1
observable_8435	nuc_gene_a__ANGPT1_	1
observable_8436	nuc_gene_a__UBL5_	1
observable_8437	nuc_gene_a__PARP14_	1
observable_8438	nuc_gene_a__COMMD4_	1
observable_8439	nuc_gene_a__KAT7_	1
observable_8440	nuc_gene_a__SLC2A12_	1
observable_8441	nuc_gene_a__CNGA3_	1
observable_8442	nuc_gene_a__ACTR6_	1
observable_8443	nuc_gene_a__SLC7A10_	1
observable_8444	nuc_gene_a__ARL6_	1
observable_8445	nuc_gene_a__CMTM6_	1
observable_8446	nuc_gene_a__NTS_	1
observable_8447	nuc_gene_a__REXO2_	1
observable_8448	nuc_gene_a__HLA_G_	1
observable_8449	nuc_gene_a__BTBD2_	1
observable_8450	nuc_gene_a__MTRF1L_	1
observable_8451	nuc_gene_a__HTRA2_	1
observable_8452	nuc_gene_a__MCPH1_	1
observable_8453	nuc_gene_a__PRICKLE4_	1
observable_8454	nuc_gene_a__CCDC39_	1
observable_8455	nuc_gene_a__DNASE1_	1
observable_8456	nuc_gene_a__CDCA3_	1
observable_8457	nuc_gene_a__LRRC3B_	1
observable_8458	nuc_gene_a__ADAM10_	1
observable_8459	nuc_gene_a__SLX4_	1
observable_8460	nuc_gene_a__ARHGAP18_	1
observable_8461	nuc_gene_a__C6_	1
observable_8462	nuc_gene_a__SHQ1_	1
observable_8463	nuc_gene_a__PDE4A_	1
observable_8464	nuc_gene_a__PNCK_	1
observable_8465	nuc_gene_a__PRKAR1A_	1
observable_8466	nuc_gene_a__EMID1_	1
observable_8467	nuc_gene_a__ZNF653_	1
observable_8468	nuc_gene_a__TLE1_	1
observable_8469	nuc_gene_a__ATP1B3_	1
observable_8470	nuc_gene_a__ALKBH5_	1
observable_8471	nuc_gene_a__CCL5_	1
observable_8472	nuc_gene_a__LIX1_	1
observable_8473	nuc_gene_a__PFN2_	1
observable_8474	nuc_gene_a__CKMT1A_	1
observable_8475	nuc_gene_a__RAPH1_	1
observable_8476	nuc_gene_a__FOXO3B_	1
observable_8477	nuc_gene_a__PMFBP1_	1
observable_8478	nuc_gene_a__PPWD1_	1
observable_8479	nuc_gene_a__CACNA1A_	1
observable_8480	nuc_gene_a__PAAF1_	1
observable_8481	nuc_gene_a__GNG13_	1
observable_8482	nuc_gene_a__MPP1_	1
observable_8483	nuc_gene_a__NTNG2_	1
observable_8484	nuc_gene_a__C16orf96_	1
observable_8485	nuc_gene_a__ATP10B_	1
observable_8486	nuc_gene_a__MATN3_	1
observable_8487	nuc_gene_a__TMEM138_	1
observable_8488	nuc_gene_a__ADHFE1_	1
observable_8489	nuc_gene_a__AIPL1_	1
observable_8490	nuc_gene_a__MGAT5_	1
observable_8491	nuc_gene_a__CWC15_	1
observable_8492	nuc_gene_a__NINJ1_	1
observable_8493	nuc_gene_a__CIT_	1
observable_8494	nuc_gene_a__KCNE3_	1
observable_8495	nuc_gene_a__LGI3_	1
observable_8496	nuc_gene_a__TIGD3_	1
observable_8497	nuc_gene_a__PITPNM3_	1
observable_8498	nuc_gene_a__PXDN_	1
observable_8499	nuc_gene_a__RGN_	1
observable_8500	nuc_gene_a__KIAA0753_	1
observable_8501	nuc_gene_a__ARID1B_	1
observable_8502	nuc_gene_a__MAN1B1_	1
observable_8503	nuc_gene_a__DDIAS_	1
observable_8504	nuc_gene_a__SFTPC_	1
observable_8505	nuc_gene_a__MED31_	1
observable_8506	nuc_gene_a__DPPA4_	1
observable_8507	nuc_gene_a__C17orf100_	1
observable_8508	nuc_gene_a__SIAH2_	1
observable_8509	nuc_gene_a__CCDC159_	1
observable_8510	nuc_gene_a__HDDC2_	1
observable_8511	nuc_gene_a__ARHGEF6_	1
observable_8512	nuc_gene_a__ZNF253_	1
observable_8513	nuc_gene_a__MBTPS1_	1
observable_8514	nuc_gene_a__OSTF1_	1
observable_8515	nuc_gene_a__CADM1_	1
observable_8516	nuc_gene_a__ZNF415_	1
observable_8517	nuc_gene_a__TOPORS_	1
observable_8518	nuc_gene_a__TAMM41_	1
observable_8519	nuc_gene_a__EFR3B_	1
observable_8520	nuc_gene_a__PEX7_	1
observable_8521	nuc_gene_a__SLC6A8_	1
observable_8522	nuc_gene_a__CYBRD1_	1
observable_8523	nuc_gene_a__ADAM28_	1
observable_8524	nuc_gene_a__CCDC34_	1
observable_8525	nuc_gene_a__COL2A1_	1
observable_8526	nuc_gene_a__ARID3A_	1
observable_8527	nuc_gene_a__ZNF263_	1
observable_8528	nuc_gene_a__WNT16_	1
observable_8529	nuc_gene_a__GABRG2_	1
observable_8530	nuc_gene_a__ALOXE3_	1
observable_8531	nuc_gene_a__ZNF135_	1
observable_8532	nuc_gene_a__SPNS3_	1
observable_8533	nuc_gene_a__FKBP15_	1
observable_8534	nuc_gene_a__SEC61A1_	1
observable_8535	nuc_gene_a__TUBB2A_	1
observable_8536	nuc_gene_a__GALNTL5_	1
observable_8537	nuc_gene_a__AIFM3_	1
observable_8538	nuc_gene_a__ANO1_	1
observable_8539	nuc_gene_a__ZFR2_	1
observable_8540	nuc_gene_a__SLC38A5_	1
observable_8541	nuc_gene_a__CD200_	1
observable_8542	nuc_gene_a__COL5A2_	1
observable_8543	nuc_gene_a__COX6B1_	1
observable_8544	nuc_gene_a__SIMC1_	1
observable_8545	nuc_gene_a__VLDLR_	1
observable_8546	nuc_gene_a__AMD1_	1
observable_8547	nuc_gene_a__POC1B_	1
observable_8548	nuc_gene_a__SMS_	1
observable_8549	nuc_gene_a__SUV39H1_	1
observable_8550	nuc_gene_a__RHOXF1_	1
observable_8551	nuc_gene_a__MLYCD_	1
observable_8552	nuc_gene_a__SLC23A3_	1
observable_8553	nuc_gene_a__CSGALNACT1_	1
observable_8554	nuc_gene_a__ZNF836_	1
observable_8555	nuc_gene_a__PPP1CA_	1
observable_8556	nuc_gene_a__TIMM13_	1
observable_8557	nuc_gene_a__AQR_	1
observable_8558	nuc_gene_a__LIMK2_	1
observable_8559	nuc_gene_a__ZNF267_	1
observable_8560	nuc_gene_a__ZNF57_	1
observable_8561	nuc_gene_a__GABBR2_	1
observable_8562	nuc_gene_a__HSD11B2_	1
observable_8563	nuc_gene_a__ABCB11_	1
observable_8564	nuc_gene_a__FAM168A_	1
observable_8565	nuc_gene_a__SLC4A2_	1
observable_8566	nuc_gene_a__ENKD1_	1
observable_8567	nuc_gene_a__ZNF319_	1
observable_8568	nuc_gene_a__CDPF1_	1
observable_8569	nuc_gene_a__RBKS_	1
observable_8570	nuc_gene_a__GPATCH1_	1
observable_8571	nuc_gene_a__MRPL54_	1
observable_8572	nuc_gene_a__ALDH1A2_	1
observable_8573	nuc_gene_a__ZNF526_	1
observable_8574	nuc_gene_a__OSGIN1_	1
observable_8575	nuc_gene_a__SMKR1_	1
observable_8576	nuc_gene_a__NRAP_	1
observable_8577	nuc_gene_a__NTF4_	1
observable_8578	nuc_gene_a__MRPL48_	1
observable_8579	nuc_gene_a__MT1M_	1
observable_8580	nuc_gene_a__SYCE2_	1
observable_8581	nuc_gene_a__IL17RA_	1
observable_8582	nuc_gene_a__HARS2_	1
observable_8583	nuc_gene_a__SETX_	1
observable_8584	nuc_gene_a__ZNF528_	1
observable_8585	nuc_gene_a__EPAS1_	1
observable_8586	nuc_gene_a__GDE1_	1
observable_8587	nuc_gene_a__ZNF500_	1
observable_8588	nuc_gene_a__SMC4_	1
observable_8589	nuc_gene_a__NDFIP1_	1
observable_8590	nuc_gene_a__LAMB4_	1
observable_8591	nuc_gene_a__DNAJC17_	1
observable_8592	nuc_gene_a__THAP5_	1
observable_8593	nuc_gene_a__MRPL47_	1
observable_8594	nuc_gene_a__CCDC112_	1
observable_8595	nuc_gene_a__KCNH8_	1
observable_8596	nuc_gene_a__COX7A2_	1
observable_8597	nuc_gene_a__WNK1_	1
observable_8598	nuc_gene_a__TBC1D10A_	1
observable_8599	nuc_gene_a__STRADB_	1
observable_8600	nuc_gene_a__CAPN5_	1
observable_8601	nuc_gene_a__DLG4_	1
observable_8602	nuc_gene_a__DTWD2_	1
observable_8603	nuc_gene_a__THSD7A_	1
observable_8604	nuc_gene_a__UBXN7_	1
observable_8605	nuc_gene_a__CLEC18C_	1
observable_8606	nuc_gene_a__PRKD2_	1
observable_8607	nuc_gene_a__RBM17_	1
observable_8608	nuc_gene_a__ZNRF3_	1
observable_8609	nuc_gene_a__MOXD1_	1
observable_8610	nuc_gene_a__TUBA1A_	1
observable_8611	nuc_gene_a__PRRT2_	1
observable_8612	nuc_gene_a__LRRC4B_	1
observable_8613	nuc_gene_a__UFSP1_	1
observable_8614	nuc_gene_a__GRAPL_	1
observable_8615	nuc_gene_a__THAP4_	1
observable_8616	nuc_gene_a__DTX1_	1
observable_8617	nuc_gene_a__SCUBE3_	1
observable_8618	nuc_gene_a__EPOR_	1
observable_8619	nuc_gene_a__BRD9_	1
observable_8620	nuc_gene_a__GABARAPL1_	1
observable_8621	nuc_gene_a__ARFIP2_	1
observable_8622	nuc_gene_a__SEMA4D_	1
observable_8623	nuc_gene_a__IL18RAP_	1
observable_8624	nuc_gene_a__FAM237A_	1
observable_8625	nuc_gene_a__ZNF555_	1
observable_8626	nuc_gene_a__SNRPF_	1
observable_8627	nuc_gene_a__EFHD1_	1
observable_8628	nuc_gene_a__PANX1_	1
observable_8629	nuc_gene_a__FBLN7_	1
observable_8630	nuc_gene_a__ZBED5_	1
observable_8631	nuc_gene_a__TMEM9B_	1
observable_8632	nuc_gene_a__BRAP_	1
observable_8633	nuc_gene_a__JRKL_	1
observable_8634	nuc_gene_a__CIC_	1
observable_8635	nuc_gene_a__LDB3_	1
observable_8636	nuc_gene_a__POP5_	1
observable_8637	nuc_gene_a__FBXO39_	1
observable_8638	nuc_gene_a__TEKT1_	1
observable_8639	nuc_gene_a__ATXN7_	1
observable_8640	nuc_gene_a__TRAPPC6A_	1
observable_8641	nuc_gene_a__UBE2M_	1
observable_8642	nuc_gene_a__NUP153_	1
observable_8643	nuc_gene_a__GTPBP8_	1
observable_8644	nuc_gene_a__ASTL_	1
observable_8645	nuc_gene_a__CBX5_	1
observable_8646	nuc_gene_a__CCSER2_	1
observable_8647	nuc_gene_a__ASB1_	1
observable_8648	nuc_gene_a__PNO1_	1
observable_8649	nuc_gene_a__LBX1_	1
observable_8650	nuc_gene_a__PTGR1_	1
observable_8651	nuc_gene_a__UMOD_	1
observable_8652	nuc_gene_a__RUVBL2_	1
observable_8653	nuc_gene_a__DNAH17_	1
observable_8654	nuc_gene_a__STEAP3_	1
observable_8655	nuc_gene_a__SF1_	1
observable_8656	nuc_gene_a__POC1A_	1
observable_8657	nuc_gene_a__FBXO47_	1
observable_8658	nuc_gene_a__TFCP2_	1
observable_8659	nuc_gene_a__ANKRD1_	1
observable_8660	nuc_gene_a__HSF5_	1
observable_8661	nuc_gene_a__TGFA_	1
observable_8662	nuc_gene_a__ZNF180_	1
observable_8663	nuc_gene_a__IL33_	1
observable_8664	nuc_gene_a__TRA2B_	1
observable_8665	nuc_gene_a__CCDC59_	1
observable_8666	nuc_gene_a__RFTN2_	1
observable_8667	nuc_gene_a__ZNF438_	1
observable_8668	nuc_gene_a__CHKA_	1
observable_8669	nuc_gene_a__ANKRD39_	1
observable_8670	nuc_gene_a__POLE4_	1
observable_8671	nuc_gene_a__SPR_	1
observable_8672	nuc_gene_a__LRRC37A3_	1
observable_8673	nuc_gene_a__PRF1_	1
observable_8674	nuc_gene_a__SLC6A2_	1
observable_8675	nuc_gene_a__MRRF_	1
observable_8676	nuc_gene_a__MRPS25_	1
observable_8677	nuc_gene_a__CACNG5_	1
observable_8678	nuc_gene_a__COL4A3_	1
observable_8679	nuc_gene_a__PLGRKT_	1
observable_8680	nuc_gene_a__SLC5A2_	1
observable_8681	nuc_gene_a__GMIP_	1
observable_8682	nuc_gene_a__DCAF1_	1
observable_8683	nuc_gene_a__ZDHHC13_	1
observable_8684	nuc_gene_a__DPP8_	1
observable_8685	nuc_gene_a__HBA2_	1
observable_8686	nuc_gene_a__ZFP37_	1
observable_8687	nuc_gene_a__SCNN1A_	1
observable_8688	nuc_gene_a__ASPHD1_	1
observable_8689	nuc_gene_a__TFEB_	1
observable_8690	nuc_gene_a__NATD1_	1
observable_8691	nuc_gene_a__ANKRD44_	1
observable_8692	nuc_gene_a__MT1H_	1
observable_8693	nuc_gene_a__TMEM41B_	1
observable_8694	nuc_gene_a__CHMP5_	1
observable_8695	nuc_gene_a__RNF183_	1
observable_8696	nuc_gene_a__SPCS2_	1
observable_8697	nuc_gene_a__TUBA1C_	1
observable_8698	nuc_gene_a__CSRNP3_	1
observable_8699	nuc_gene_a__BCAM_	1
observable_8700	nuc_gene_a__TSC22D4_	1
observable_8701	nuc_gene_a__PHF24_	1
observable_8702	nuc_gene_a__PRKAR2A_	1
observable_8703	nuc_gene_a__ARMC2_	1
observable_8704	nuc_gene_a__ART5_	1
observable_8705	nuc_gene_a__CORO2A_	1
observable_8706	nuc_gene_a__HOXB13_	1
observable_8707	nuc_gene_a__CEP126_	1
observable_8708	nuc_gene_a__CASK_	1
observable_8709	nuc_gene_a__TTLL6_	1
observable_8710	nuc_gene_a__UNG_	1
observable_8711	nuc_gene_a__ATP6V1B1_	1
observable_8712	nuc_gene_a__CTU2_	1
observable_8713	nuc_gene_a__GIP_	1
observable_8714	nuc_gene_a__PRKCE_	1
observable_8715	nuc_gene_a__MILR1_	1
observable_8716	nuc_gene_a__PITPNM2_	1
observable_8717	nuc_gene_a__C1QL1_	1
observable_8718	nuc_gene_a__KCNIP2_	1
observable_8719	nuc_gene_a__CDH11_	1
observable_8720	nuc_gene_a__PHF6_	1
observable_8721	nuc_gene_a__KDM4C_	1
observable_8722	nuc_gene_a__GHRHR_	1
observable_8723	nuc_gene_a__CHP2_	1
observable_8724	nuc_gene_a__HNRNPM_	1
observable_8725	nuc_gene_a__ZMYND8_	1
observable_8726	nuc_gene_a__GPR34_	1
observable_8727	nuc_gene_a__ZNF48_	1
observable_8728	nuc_gene_a__KCNIP3_	1
observable_8729	nuc_gene_a__TMED1_	1
observable_8730	nuc_gene_a__CHPT1_	1
observable_8731	nuc_gene_a__FAM171A1_	1
observable_8732	nuc_gene_a__NLRC3_	1
observable_8733	nuc_gene_a__ZNF567_	1
observable_8734	nuc_gene_a__TMEM186_	1
observable_8735	nuc_gene_a__TPP1_	1
observable_8736	nuc_gene_a__GTSF1_	1
observable_8737	nuc_gene_a__XRN1_	1
observable_8738	nuc_gene_a__RPS6_	1
observable_8739	nuc_gene_a__ZC3H10_	1
observable_8740	nuc_gene_a__COX6A1_	1
observable_8741	nuc_gene_a__KNDC1_	1
observable_8742	nuc_gene_a__MGAM_	1
observable_8743	nuc_gene_a__GNAO1_	1
observable_8744	nuc_gene_a__ABHD14B_	1
observable_8745	nuc_gene_a__FARSA_	1
observable_8746	nuc_gene_a__SYNGR3_	1
observable_8747	nuc_gene_a__SLC22A16_	1
observable_8748	nuc_gene_a__MOSMO_	1
observable_8749	nuc_gene_a__GNG7_	1
observable_8750	nuc_gene_a__SHLD1_	1
observable_8751	nuc_gene_a__UBQLN1_	1
observable_8752	nuc_gene_a__VPS33A_	1
observable_8753	nuc_gene_a__PCLO_	1
observable_8754	nuc_gene_a__PCMT1_	1
observable_8755	nuc_gene_a__PRSS22_	1
observable_8756	nuc_gene_a__MAP3K10_	1
observable_8757	nuc_gene_a__TP53INP2_	1
observable_8758	nuc_gene_a__GATAD1_	1
observable_8759	nuc_gene_a__HIKESHI_	1
observable_8760	nuc_gene_a__RNF144B_	1
observable_8761	nuc_gene_a__ASIP_	1
observable_8762	nuc_gene_a__ERVW_1_	1
observable_8763	nuc_gene_a__BTBD18_	1
observable_8764	nuc_gene_a__RBM48_	1
observable_8765	nuc_gene_a__SLK_	1
observable_8766	nuc_gene_a__ATN1_	1
observable_8767	nuc_gene_a__UBALD1_	1
observable_8768	nuc_gene_a__TRIAP1_	1
observable_8769	nuc_gene_a__HBA1_	1
observable_8770	nuc_gene_a__APOBR_	1
observable_8771	nuc_gene_a__SCNN1G_	1
observable_8772	nuc_gene_a__PIGO_	1
observable_8773	nuc_gene_a__PMEL_	1
observable_8774	nuc_gene_a__ZPR1_	1
observable_8775	nuc_gene_a__DPEP3_	1
observable_8776	nuc_gene_a__CACNG3_	1
observable_8777	nuc_gene_a__FADD_	1
observable_8778	nuc_gene_a__RANGAP1_	1
observable_8779	nuc_gene_a__CUX2_	1
observable_8780	nuc_gene_a__VWA3A_	1
observable_8781	nuc_gene_a__CPT1C_	1
observable_8782	nuc_gene_a__CACNA2D2_	1
observable_8783	nuc_gene_a__VKORC1_	1
observable_8784	nuc_gene_a__MEF2C_	1
observable_8785	nuc_gene_a__WASHC3_	1
observable_8786	nuc_gene_a__TCF12_	1
observable_8787	nuc_gene_a__ARL6IP5_	1
observable_8788	nuc_gene_a__NANOG_	1
observable_8789	nuc_gene_a__B4GALNT3_	1
observable_8790	nuc_gene_a__NT5DC3_	1
observable_8791	nuc_gene_a__TMEM259_	1
observable_8792	nuc_gene_a__MYNN_	1
observable_8793	nuc_gene_a__ZCRB1_	1
observable_8794	nuc_gene_a__PPFIBP2_	1
observable_8795	nuc_gene_a__MIEF1_	1
observable_8796	nuc_gene_a__TAGLN3_	1
observable_8797	nuc_gene_a__ISOC2_	1
observable_8798	nuc_gene_a__GRM2_	1
observable_8799	nuc_gene_a__ACSM2B_	1
observable_8800	nuc_gene_a__PRPS1L1_	1
observable_8801	nuc_gene_a__RTEL1_	1
observable_8802	nuc_gene_a__RPL29_	1
observable_8803	nuc_gene_a__NOBOX_	1
observable_8804	nuc_gene_a__PRRT4_	1
observable_8805	nuc_gene_a__KIF7_	1
observable_8806	nuc_gene_a__NPAS1_	1
observable_8807	nuc_gene_a__POLR2C_	1
observable_8808	nuc_gene_a__SLC38A4_	1
observable_8809	nuc_gene_a__NOM1_	1
observable_8810	nuc_gene_a__TRMU_	1
observable_8811	nuc_gene_a__KLHDC10_	1
observable_8812	nuc_gene_a__SLC24A3_	1
observable_8813	nuc_gene_a__TFAP4_	1
observable_8814	nuc_gene_a__ARRDC4_	1
observable_8815	nuc_gene_a__ZNF561_	1
observable_8816	nuc_gene_a__UBE2N_	1
observable_8817	nuc_gene_a__GAN_	1
observable_8818	nuc_gene_a__DPPA3_	1
observable_8819	nuc_gene_a__C12orf60_	1
observable_8820	nuc_gene_a__GINS3_	1
observable_8821	nuc_gene_a__ZNF329_	1
observable_8822	nuc_gene_a__HEPH_	1
observable_8823	nuc_gene_a__NDUFAB1_	1
observable_8824	nuc_gene_a__ASPH_	1
observable_8825	nuc_gene_a__KIZ_	1
observable_8826	nuc_gene_a__ZSCAN18_	1
observable_8827	nuc_gene_a__ARPC3_	1
observable_8828	nuc_gene_a__AHI1_	1
observable_8829	nuc_gene_a__PHETA2_	1
observable_8830	nuc_gene_a__YEATS2_	1
observable_8831	nuc_gene_a__UTP14A_	1
observable_8832	nuc_gene_a__B3GNT9_	1
observable_8833	nuc_gene_a__NKIRAS1_	1
observable_8834	nuc_gene_a__KANK1_	1
observable_8835	nuc_gene_a__SLC26A3_	1
observable_8836	nuc_gene_a__GANAB_	1
observable_8837	nuc_gene_a__WASHC4_	1
observable_8838	nuc_gene_a__TMEM164_	1
observable_8839	nuc_gene_a__MINDY4_	1
observable_8840	nuc_gene_a__GABPB1_	1
observable_8841	nuc_gene_a__NXT2_	1
observable_8842	nuc_gene_a__PKIG_	1
observable_8843	nuc_gene_a__PGM3_	1
observable_8844	nuc_gene_a__DROSHA_	1
observable_8845	nuc_gene_a__GAL_	1
observable_8846	nuc_gene_a__ERN2_	1
observable_8847	nuc_gene_a__CYP2D6_	1
observable_8848	nuc_gene_a__HERC4_	1
observable_8849	nuc_gene_a__NLGN3_	1
observable_8850	nuc_gene_a__NTMT1_	1
observable_8851	nuc_gene_a__ADAMTS20_	1
observable_8852	nuc_gene_a__FAM199X_	1
observable_8853	nuc_gene_a__TALDO1_	1
observable_8854	nuc_gene_a__NUCB1_	1
observable_8855	nuc_gene_a__NAPB_	1
observable_8856	nuc_gene_a__CDH17_	1
observable_8857	nuc_gene_a__AIP_	1
observable_8858	nuc_gene_a__ZNF70_	1
observable_8859	nuc_gene_a__MKRN1_	1
observable_8860	nuc_gene_a__CCPG1_	1
observable_8861	nuc_gene_a__CES3_	1
observable_8862	nuc_gene_a__PFDN5_	1
observable_8863	nuc_gene_a__C1QTNF8_	1
observable_8864	nuc_gene_a__MYLK4_	1
observable_8865	nuc_gene_a__NUDT22_	1
observable_8866	nuc_gene_a__UBE2J1_	1
observable_8867	nuc_gene_a__METTL25_	1
observable_8868	nuc_gene_a__RNF185_	1
observable_8869	nuc_gene_a__RPL30_	1
observable_8870	nuc_gene_a__ARFGEF2_	1
observable_8871	nuc_gene_a__DNAL4_	1
observable_8872	nuc_gene_a__CPEB3_	1
observable_8873	nuc_gene_a__OSR2_	1
observable_8874	nuc_gene_a__SERAC1_	1
observable_8875	nuc_gene_a__CCDC134_	1
observable_8876	nuc_gene_a__ATG2A_	1
observable_8877	nuc_gene_a__KRR1_	1
observable_8878	nuc_gene_a__ACSM1_	1
observable_8879	nuc_gene_a__IDH3B_	1
observable_8880	nuc_gene_a__FLRT3_	1
observable_8881	nuc_gene_a__DYSF_	1
observable_8882	nuc_gene_a__PSMD2_	1
observable_8883	nuc_gene_a__FA2H_	1
observable_8884	nuc_gene_a__SH2B3_	1
observable_8885	nuc_gene_a__PIGB_	1
observable_8886	nuc_gene_a__USP54_	1
observable_8887	nuc_gene_a__LRRTM1_	1
observable_8888	nuc_gene_a__CTSC_	1
observable_8889	nuc_gene_a__IL13RA2_	1
observable_8890	nuc_gene_a__MAL_	1
observable_8891	nuc_gene_a__TULP3_	1
observable_8892	nuc_gene_a__RBM14_	1
observable_8893	nuc_gene_a__POLR2L_	1
observable_8894	nuc_gene_a__TNPO1_	1
observable_8895	nuc_gene_a__CDK2AP2_	1
observable_8896	nuc_gene_a__USP20_	1
observable_8897	nuc_gene_a__NDUFA13_	1
observable_8898	nuc_gene_a__GP2_	1
observable_8899	nuc_gene_a__PARVG_	1
observable_8900	nuc_gene_a__EP400_	1
observable_8901	nuc_gene_a__SPP2_	1
observable_8902	nuc_gene_a__MLXIPL_	1
observable_8903	nuc_gene_a__TMEM204_	1
observable_8904	nuc_gene_a__IKZF4_	1
observable_8905	nuc_gene_a__VWC2_	1
observable_8906	nuc_gene_a__SATB1_	1
observable_8907	nuc_gene_a__CDYL_	1
observable_8908	nuc_gene_a__MAB21L4_	1
observable_8909	nuc_gene_a__SNX20_	1
observable_8910	nuc_gene_a__PABPC1_	1
observable_8911	nuc_gene_a__HSD17B2_	1
observable_8912	nuc_gene_a__TUBA4A_	1
observable_8913	nuc_gene_a__TBC1D22B_	1
observable_8914	nuc_gene_a__NARS2_	1
observable_8915	nuc_gene_a__LDLR_	1
observable_8916	nuc_gene_a__DSN1_	1
observable_8917	nuc_gene_a__ERMN_	1
observable_8918	nuc_gene_a__BCO1_	1
observable_8919	nuc_gene_a__HECW1_	1
observable_8920	nuc_gene_a__STX7_	1
observable_8921	nuc_gene_a__SNX29_	1
observable_8922	nuc_gene_a__COMT_	1
observable_8923	nuc_gene_a__IPO8_	1
observable_8924	nuc_gene_a__ZSCAN16_	1
observable_8925	nuc_gene_a__AIMP2_	1
observable_8926	nuc_gene_a__HPR_	1
observable_8927	nuc_gene_a__PLIN5_	1
observable_8928	nuc_gene_a__MT1X_	1
observable_8929	nuc_gene_a__LONRF1_	1
observable_8930	nuc_gene_a__MXD1_	1
observable_8931	nuc_gene_a__HOXD1_	1
observable_8932	nuc_gene_a__ACAT2_	1
observable_8933	nuc_gene_a__ZNF43_	1
observable_8934	nuc_gene_a__ERI1_	1
observable_8935	nuc_gene_a__ZNF2_	1
observable_8936	nuc_gene_a__PIP5K1B_	1
observable_8937	nuc_gene_a__P4HA2_	1
observable_8938	nuc_gene_a__SIGLEC12_	1
observable_8939	nuc_gene_a__PLEKHM3_	1
observable_8940	nuc_gene_a__CDH5_	1
observable_8941	nuc_gene_a__GYG2_	1
observable_8942	nuc_gene_a__NFATC2IP_	1
observable_8943	nuc_gene_a__LRP11_	1
observable_8944	nuc_gene_a__FBXO30_	1
observable_8945	nuc_gene_a__TMEM87B_	1
observable_8946	nuc_gene_a__ELF4_	1
observable_8947	nuc_gene_a__ADI1_	1
observable_8948	nuc_gene_a__TAT_	1
observable_8949	nuc_gene_a__CYP3A4_	1
observable_8950	nuc_gene_a__ZNF133_	1
observable_8951	nuc_gene_a__CNTFR_	1
observable_8952	nuc_gene_a__USB1_	1
observable_8953	nuc_gene_a__AFF4_	1
observable_8954	nuc_gene_a__ZNF629_	1
observable_8955	nuc_gene_a__AGMO_	1
observable_8956	nuc_gene_a__PAQR4_	1
observable_8957	nuc_gene_a__MEF2A_	1
observable_8958	nuc_gene_a__DNAJB9_	1
observable_8959	nuc_gene_a__ADGRG5_	1
observable_8960	nuc_gene_a__TRIM73_	1
observable_8961	nuc_gene_a__RANBP3L_	1
observable_8962	nuc_gene_a__IGFALS_	1
observable_8963	nuc_gene_a__XDH_	1
observable_8964	nuc_gene_a__BLCAP_	1
observable_8965	nuc_gene_a__ZNF688_	1
observable_8966	nuc_gene_a__IDH3G_	1
observable_8967	nuc_gene_a__ELL2_	1
observable_8968	nuc_gene_a__FIGN_	1
observable_8969	nuc_gene_a__IRF3_	1
observable_8970	nuc_gene_a__TFCP2L1_	1
observable_8971	nuc_gene_a__CYB5R4_	1
observable_8972	nuc_gene_a__CLTCL1_	1
observable_8973	nuc_gene_a__SNRPB_	1
observable_8974	nuc_gene_a__SNPH_	1
observable_8975	nuc_gene_a__DDX43_	1
observable_8976	nuc_gene_a__IPO11_	1
observable_8977	nuc_gene_a__TMEM74B_	1
observable_8978	nuc_gene_a__PLEKHG2_	1
observable_8979	nuc_gene_a__CCAR2_	1
observable_8980	nuc_gene_a__ASS1_	1
observable_8981	nuc_gene_a__PRKAG2_	1
observable_8982	nuc_gene_a__SVIL_	1
observable_8983	nuc_gene_a__DPP4_	1
observable_8984	nuc_gene_a__SLC12A7_	1
observable_8985	nuc_gene_a__POLD3_	1
observable_8986	nuc_gene_a__SOD2_	1
observable_8987	nuc_gene_a__ZNF544_	1
observable_8988	nuc_gene_a__SEMA4B_	1
observable_8989	nuc_gene_a__ZGPAT_	1
observable_8990	nuc_gene_a__HPGDS_	1
observable_8991	nuc_gene_a__HDAC8_	1
observable_8992	nuc_gene_a__ATOH8_	1
observable_8993	nuc_gene_a__LAYN_	1
observable_8994	nuc_gene_a__SLC12A3_	1
observable_8995	nuc_gene_a__SVOPL_	1
observable_8996	nuc_gene_a__ZNF571_	1
observable_8997	nuc_gene_a__TRAM1_	1
observable_8998	nuc_gene_a__PRODH_	1
observable_8999	nuc_gene_a__MAT2A_	1
observable_9000	nuc_gene_a__AZGP1_	1
observable_9001	nuc_gene_a__DIMT1_	1
observable_9002	nuc_gene_a__LMAN1L_	1
observable_9003	nuc_gene_a__NPAT_	1
observable_9004	nuc_gene_a__STK11_	1
observable_9005	nuc_gene_a__USO1_	1
observable_9006	nuc_gene_a__SIRPA_	1
observable_9007	nuc_gene_a__SPOPL_	1
observable_9008	nuc_gene_a__NUGGC_	1
observable_9009	nuc_gene_a__MUC3A_	1
observable_9010	nuc_gene_a__DUSP18_	1
observable_9011	nuc_gene_a__CPPED1_	1
observable_9012	nuc_gene_a__PHC1_	1
observable_9013	nuc_gene_a__CPAMD8_	1
observable_9014	nuc_gene_a__JCHAIN_	1
observable_9015	nuc_gene_a__ERVMER34_1_	1
observable_9016	nuc_gene_a__SFTPD_	1
observable_9017	nuc_gene_a__TMEM213_	1
observable_9018	nuc_gene_a__NADSYN1_	1
observable_9019	nuc_gene_a__WIPF3_	1
observable_9020	nuc_gene_a__AQP1_	1
observable_9021	nuc_gene_a__STMP1_	1
observable_9022	nuc_gene_a__FAM111B_	1
observable_9023	nuc_gene_a__PSIP1_	1
observable_9024	nuc_gene_a__TIA1_	1
observable_9025	nuc_gene_a__RHBDD2_	1
observable_9026	nuc_gene_a__ZNF740_	1
observable_9027	nuc_gene_a__SRPK3_	1
observable_9028	nuc_gene_a__LARGE1_	1
observable_9029	nuc_gene_a__SUGCT_	1
observable_9030	nuc_gene_a__C9orf78_	1
observable_9031	nuc_gene_a__PUS7L_	1
observable_9032	nuc_gene_a__VIM_	1
observable_9033	nuc_gene_a__GRAMD1A_	1
observable_9034	nuc_gene_a__GRIA4_	1
observable_9035	nuc_gene_a__ABCG8_	1
observable_9036	nuc_gene_a__PIM3_	1
observable_9037	nuc_gene_a__HHLA2_	1
observable_9038	nuc_gene_a__MAP3K7_	1
observable_9039	nuc_gene_a__TESMIN_	1
observable_9040	nuc_gene_a__G3BP2_	1
observable_9041	nuc_gene_a__ABCG5_	1
observable_9042	nuc_gene_a__ZNF268_	1
observable_9043	nuc_gene_a__RHBDD3_	1
observable_9044	nuc_gene_a__CBARP_	1
observable_9045	nuc_gene_a__SLC38A9_	1
observable_9046	nuc_gene_a__ELK3_	1
observable_9047	nuc_gene_a__ERC2_	1
observable_9048	nuc_gene_a__CSNK1G1_	1
observable_9049	nuc_gene_a__CYP3A43_	1
observable_9050	nuc_gene_a__PHKA1_	1
observable_9051	nuc_gene_a__HTR3A_	1
observable_9052	nuc_gene_a__GGA2_	1
observable_9053	nuc_gene_a__LNP1_	1
observable_9054	nuc_gene_a__NIM1K_	1
observable_9055	nuc_gene_a__ACTA2_	1
observable_9056	nuc_gene_a__SPDEF_	1
observable_9057	nuc_gene_a__COL5A1_	1
observable_9058	nuc_gene_a__RLIM_	1
observable_9059	nuc_gene_a__PJA2_	1
observable_9060	nuc_gene_a__LYRM2_	1
observable_9061	nuc_gene_a__BST1_	1
observable_9062	nuc_gene_a__MAP3K2_	1
observable_9063	nuc_gene_a__PCBD1_	1
observable_9064	nuc_gene_a__YPEL3_	1
observable_9065	nuc_gene_a__SRD5A2_	1
observable_9066	nuc_gene_a__CPLX1_	1
observable_9067	nuc_gene_a__RBM42_	1
observable_9068	nuc_gene_a__TAF1D_	1
observable_9069	nuc_gene_a__MRPL33_	1
observable_9070	nuc_gene_a__TMED6_	1
observable_9071	nuc_gene_a__CYB5R3_	1
observable_9072	nuc_gene_a__HYLS1_	1
observable_9073	nuc_gene_a__PUS3_	1
observable_9074	nuc_gene_a__ING3_	1
observable_9075	nuc_gene_a__SGMS2_	1
observable_9076	nuc_gene_a__TEX264_	1
observable_9077	nuc_gene_a__CA5A_	1
observable_9078	nuc_gene_a__ZNF569_	1
observable_9079	nuc_gene_a__SGK3_	1
observable_9080	nuc_gene_a__ANAPC2_	1
observable_9081	nuc_gene_a__PKIB_	1
observable_9082	nuc_gene_a__POLE_	1
observable_9083	nuc_gene_a__SNCB_	1
observable_9084	nuc_gene_a__SLC25A51_	1
observable_9085	nuc_gene_a__ZFAND4_	1
observable_9086	nuc_gene_a__TXNDC11_	1
observable_9087	nuc_gene_a__ZNF446_	1
observable_9088	nuc_gene_a__YKT6_	1
observable_9089	nuc_gene_a__ATPAF2_	1
observable_9090	nuc_gene_a__GAD1_	1
observable_9091	nuc_gene_a__ELMO2_	1
observable_9092	nuc_gene_a__CEACAM6_	1
observable_9093	nuc_gene_a__ZNF212_	1
observable_9094	nuc_gene_a__BEND3_	1
observable_9095	nuc_gene_a__FAM3A_	1
observable_9096	nuc_gene_a__MKRN2_	1
observable_9097	nuc_gene_a__KDELR1_	1
observable_9098	nuc_gene_a__TMEM19_	1
observable_9099	nuc_gene_a__NR5A1_	1
observable_9100	nuc_gene_a__SPTSSB_	1
observable_9101	nuc_gene_a__HADH_	1
observable_9102	nuc_gene_a__PRTFDC1_	1
observable_9103	nuc_gene_a__ZNF570_	1
observable_9104	nuc_gene_a__LGR4_	1
observable_9105	nuc_gene_a__RAB24_	1
observable_9106	nuc_gene_a__AGR3_	1
observable_9107	nuc_gene_a__ATG101_	1
observable_9108	nuc_gene_a__PCMTD1_	1
observable_9109	nuc_gene_a__TGFBR2_	1
observable_9110	nuc_gene_a__MAU2_	1
observable_9111	nuc_gene_a__CACUL1_	1
observable_9112	nuc_gene_a__BTNL3_	1
observable_9113	nuc_gene_a__ACSM5_	1
observable_9114	nuc_gene_a__MGAT1_	1
observable_9115	nuc_gene_a__PPM1H_	1
observable_9116	nuc_gene_a__HTATSF1_	1
observable_9117	nuc_gene_a__CUL5_	1
observable_9118	nuc_gene_a__MYO15A_	1
observable_9119	nuc_gene_a__THAP12_	1
observable_9120	nuc_gene_a__PRKG2_	1
observable_9121	nuc_gene_a__TUT1_	1
observable_9122	nuc_gene_a__MICU3_	1
observable_9123	nuc_gene_a__XPO5_	1
observable_9124	nuc_gene_a__SHOC2_	1
observable_9125	nuc_gene_a__RAD23A_	1
observable_9126	nuc_gene_a__LRRC14_	1
observable_9127	nuc_gene_a__NCBP1_	1
observable_9128	nuc_gene_a__DPF2_	1
observable_9129	nuc_gene_a__NR1D1_	1
observable_9130	nuc_gene_a__ABCB8_	1
observable_9131	nuc_gene_a__SLCO1A2_	1
observable_9132	nuc_gene_a__SOHLH1_	1
observable_9133	nuc_gene_a__KYAT3_	1
observable_9134	nuc_gene_a__ARFRP1_	1
observable_9135	nuc_gene_a__PEX16_	1
observable_9136	nuc_gene_a__PAPSS2_	1
observable_9137	nuc_gene_a__ACTL6A_	1
observable_9138	nuc_gene_a__GJD3_	1
observable_9139	nuc_gene_a__TMEM130_	1
observable_9140	nuc_gene_a__ABAT_	1
observable_9141	nuc_gene_a__VANGL2_	1
observable_9142	nuc_gene_a__NYAP1_	1
observable_9143	nuc_gene_a__AGXT2_	1
observable_9144	nuc_gene_a__TNFRSF6B_	1
observable_9145	nuc_gene_a__PIH1D1_	1
observable_9146	nuc_gene_a__DEK_	1
observable_9147	nuc_gene_a__RAMP3_	1
observable_9148	nuc_gene_a__SLC2A10_	1
observable_9149	nuc_gene_a__SDHD_	1
observable_9150	nuc_gene_a__POU3F1_	1
observable_9151	nuc_gene_a__PLEKHF1_	1
observable_9152	nuc_gene_a__TMOD1_	1
observable_9153	nuc_gene_a__C7orf57_	1
observable_9154	nuc_gene_a__TRIM7_	1
observable_9155	nuc_gene_a__ALKBH4_	1
observable_9156	nuc_gene_a__FBXL5_	1
observable_9157	nuc_gene_a__ELOC_	1
observable_9158	nuc_gene_a__CDC42BPG_	1
observable_9159	nuc_gene_a__TRNP1_	1
observable_9160	nuc_gene_a__EIF3A_	1
observable_9161	nuc_gene_a__ACSM2A_	1
observable_9162	nuc_gene_a__CYP3A5_	1
observable_9163	nuc_gene_a__CCS_	1
observable_9164	nuc_gene_a__SLC16A9_	1
observable_9165	nuc_gene_a__PROC_	1
observable_9166	nuc_gene_a__NCOR2_	1
observable_9167	nuc_gene_a__SALL1_	1
observable_9168	nuc_gene_a__PHC3_	1
observable_9169	nuc_gene_a__ACSS1_	1
observable_9170	nuc_gene_a__DCTN5_	1
observable_9171	nuc_gene_a__GATB_	1
observable_9172	nuc_gene_a__FBXO24_	1
observable_9173	nuc_gene_a__ZNF518A_	1
observable_9174	nuc_gene_a__SLA_	1
observable_9175	nuc_gene_a__PCK1_	1
observable_9176	nuc_gene_a__ERI2_	1
observable_9177	nuc_gene_a__PLSCR2_	1
observable_9178	nuc_gene_a__BTNL8_	1
observable_9179	nuc_gene_a__TSTD2_	1
observable_9180	nuc_gene_a__AKR1D1_	1
observable_9181	nuc_gene_a__SFSWAP_	1
observable_9182	nuc_gene_a__CTDSP1_	1
observable_9183	nuc_gene_a__INSIG1_	1
observable_9184	nuc_gene_a__SEPHS1_	1
observable_9185	nuc_gene_a__PAM16_	1
observable_9186	nuc_gene_a__RFXANK_	1
observable_9187	nuc_gene_a__AAGAB_	1
observable_9188	nuc_gene_a__KIF5A_	1
observable_9189	nuc_gene_a__DBNDD2_	1
observable_9190	nuc_gene_a__MTDH_	1
observable_9191	nuc_gene_a__STIP1_	1
observable_9192	nuc_gene_a__IL37_	1
observable_9193	nuc_gene_a__HAS3_	1
observable_9194	nuc_gene_a__EEF1AKMT2_	1
observable_9195	nuc_gene_a__GPR55_	1
observable_9196	nuc_gene_a__EYA4_	1
observable_9197	nuc_gene_a__LRFN4_	1
observable_9198	nuc_gene_a__TOX3_	1
observable_9199	nuc_gene_a__SLC35F6_	1
observable_9200	nuc_gene_a__PARP11_	1
observable_9201	nuc_gene_a__OLAH_	1
observable_9202	nuc_gene_a__UPP2_	1
observable_9203	nuc_gene_a__MAGOHB_	1
observable_9204	nuc_gene_a__POLR2D_	1
observable_9205	nuc_gene_a__KMT5C_	1
observable_9206	nuc_gene_a__MEIG1_	1
observable_9207	nuc_gene_a__CALCR_	1
observable_9208	nuc_gene_a__PPP2R2B_	1
observable_9209	nuc_gene_a__PNLDC1_	1
observable_9210	nuc_gene_a__SULF2_	1
observable_9211	nuc_gene_a__PIM1_	1
observable_9212	nuc_gene_a__NR2F6_	1
observable_9213	nuc_gene_a__ITPRID1_	1
observable_9214	nuc_gene_a__TAOK2_	1
observable_9215	nuc_gene_a__ULK1_	1
observable_9216	nuc_gene_a__HLA_DRB5_	1
observable_9217	nuc_gene_a__SSRP1_	1
observable_9218	nuc_gene_a__RHOBTB1_	1
observable_9219	nuc_gene_a__EPHA4_	1
observable_9220	nuc_gene_a__SLC26A4_	1
observable_9221	nuc_gene_a__DDX3X_	1
observable_9222	nuc_gene_a__AGTPBP1_	1
observable_9223	nuc_gene_a__FBXL15_	1
observable_9224	nuc_gene_a__FGD2_	1
observable_9225	nuc_gene_a__SIK2_	1
observable_9226	nuc_gene_a__NSFL1C_	1
observable_9227	nuc_gene_a__USP51_	1
observable_9228	nuc_gene_a__COG5_	1
observable_9229	nuc_gene_a__PATL1_	1
observable_9230	nuc_gene_a__GLRX3_	1
observable_9231	nuc_gene_a__ZNF727_	1
observable_9232	nuc_gene_a__SIRPB2_	1
observable_9233	nuc_gene_a__GSE1_	1
observable_9234	nuc_gene_a__RRAGB_	1
observable_9235	nuc_gene_a__TBP_	1
observable_9236	nuc_gene_a__CLTA_	1
observable_9237	nuc_gene_a__CCDC146_	1
observable_9238	nuc_gene_a__SHKBP1_	1
observable_9239	nuc_gene_a__FHL5_	1
observable_9240	nuc_gene_a__MYLK2_	1
observable_9241	nuc_gene_a__APRT_	1
observable_9242	nuc_gene_a__NPFF_	1
observable_9243	nuc_gene_a__SPTLC3_	1
observable_9244	nuc_gene_a__MED27_	1
observable_9245	nuc_gene_a__ANKEF1_	1
observable_9246	nuc_gene_a__KIAA1958_	1
observable_9247	nuc_gene_a__PLOD3_	1
observable_9248	nuc_gene_a__RAP1GDS1_	1
observable_9249	nuc_gene_a__SAAL1_	1
observable_9250	nuc_gene_a__FAM114A2_	1
observable_9251	nuc_gene_a__NDRG2_	1
observable_9252	nuc_gene_a__ARMC8_	1
observable_9253	nuc_gene_a__AGPAT2_	1
observable_9254	nuc_gene_a__HEPACAM2_	1
observable_9255	nuc_gene_a__CEP290_	1
observable_9256	nuc_gene_a__MRM2_	1
observable_9257	nuc_gene_a__TOR2A_	1
observable_9258	nuc_gene_a__SGK1_	1
observable_9259	nuc_gene_a__SLC26A7_	1
observable_9260	nuc_gene_a__SEMA3E_	1
observable_9261	nuc_gene_a__MMAA_	1
observable_9262	nuc_gene_a__NRSN1_	1
observable_9263	nuc_gene_a__LDHC_	1
observable_9264	nuc_gene_a__MEIS3_	1
observable_9265	nuc_gene_a__CAV2_	1
observable_9266	nuc_gene_a__ASB5_	1
observable_9267	nuc_gene_a__ETV5_	1
observable_9268	nuc_gene_a__SNRNP48_	1
observable_9269	nuc_gene_a__LSMEM1_	1
observable_9270	nuc_gene_a__COA4_	1
observable_9271	nuc_gene_a__UBE2W_	1
observable_9272	nuc_gene_a__DCLRE1C_	1
observable_9273	nuc_gene_a__CHGB_	1
observable_9274	nuc_gene_a__LYAR_	1
observable_9275	nuc_gene_a__PON1_	1
observable_9276	nuc_gene_a__MLLT1_	1
observable_9277	nuc_gene_a__TPM2_	1
observable_9278	nuc_gene_a__MAPK9_	1
observable_9279	nuc_gene_a__DDX10_	1
observable_9280	nuc_gene_a__SYS1_	1
observable_9281	nuc_gene_a__NR2C2AP_	1
observable_9282	nuc_gene_a__TM6SF1_	1
observable_9283	nuc_gene_a__SLC2A14_	1
observable_9284	nuc_gene_a__POLR2J_	1
observable_9285	nuc_gene_a__LRRC19_	1
observable_9286	nuc_gene_a__TERF2IP_	1
observable_9287	nuc_gene_a__MYT1L_	1
observable_9288	nuc_gene_a__POLR3K_	1
observable_9289	nuc_gene_a__PRR35_	1
observable_9290	nuc_gene_a__SYPL1_	1
observable_9291	nuc_gene_a__ZNF646_	1
observable_9292	nuc_gene_a__TESC_	1
observable_9293	nuc_gene_a__PPP6R2_	1
observable_9294	nuc_gene_a__VPS51_	1
observable_9295	nuc_gene_a__MCRIP2_	1
observable_9296	nuc_gene_a__MUC12_	1
observable_9297	nuc_gene_a__SDK2_	1
observable_9298	nuc_gene_a__SLC35E3_	1
observable_9299	nuc_gene_a__UBN2_	1
observable_9300	nuc_gene_a__ALAS1_	1
observable_9301	nuc_gene_a__PVALEF_	1
observable_9302	nuc_gene_a__LYPD1_	1
observable_9303	nuc_gene_a__CDH3_	1
observable_9304	nuc_gene_a__RAD51_	1
observable_9305	nuc_gene_a__ITGB8_	1
observable_9306	nuc_gene_a__AAK1_	1
observable_9307	nuc_gene_a__CERCAM_	1
observable_9308	nuc_gene_a__STXBP6_	1
observable_9309	nuc_gene_a__POM121_	1
observable_9310	nuc_gene_a__TBC1D3C_	1
observable_9311	nuc_gene_a__SIX1_	1
observable_9312	nuc_gene_a__TBC1D3E_	1
observable_9313	nuc_gene_a__KIF5B_	1
observable_9314	nuc_gene_a__RELT_	1
observable_9315	nuc_gene_a__CSE1L_	1
observable_9316	nuc_gene_a__MFSD8_	1
observable_9317	nuc_gene_a__THOC6_	1
observable_9318	nuc_gene_a__IDH2_	1
observable_9319	nuc_gene_a__CDRT15L2_	1
observable_9320	nuc_gene_a__INVS_	1
observable_9321	nuc_gene_a__ZNF76_	1
observable_9322	nuc_gene_a__MYH14_	1
observable_9323	nuc_gene_a__C2CD4B_	1
observable_9324	nuc_gene_a__HSPA9_	1
observable_9325	nuc_gene_a__DISP2_	1
observable_9326	nuc_gene_a__SAR1A_	1
observable_9327	nuc_gene_a__CFDP1_	1
observable_9328	nuc_gene_a__GPD2_	1
observable_9329	nuc_gene_a__HHATL_	1
observable_9330	nuc_gene_a__DUT_	1
observable_9331	nuc_gene_a__CPSF7_	1
observable_9332	nuc_gene_a__NFS1_	1
observable_9333	nuc_gene_a__ARL6IP1_	1
observable_9334	nuc_gene_a__M6PR_	1
observable_9335	nuc_gene_a__CISD1_	1
observable_9336	nuc_gene_a__SUSD6_	1
observable_9337	nuc_gene_a__NONO_	1
observable_9338	nuc_gene_a__TRUB1_	1
observable_9339	nuc_gene_a__MT1F_	1
observable_9340	nuc_gene_a__SNRPA1_	1
observable_9341	nuc_gene_a__CHAC2_	1
observable_9342	nuc_gene_a__MTG1_	1
observable_9343	nuc_gene_a__SBF1_	1
observable_9344	nuc_gene_a__RHOD_	1
observable_9345	nuc_gene_a__COPRS_	1
observable_9346	nuc_gene_a__SPRN_	1
observable_9347	nuc_gene_a__CREB3L2_	1
observable_9348	nuc_gene_a__PRRG1_	1
observable_9349	nuc_gene_a__AMDHD2_	1
observable_9350	nuc_gene_a__TMEM132E_	1
observable_9351	nuc_gene_a__AKR7A2_	1
observable_9352	nuc_gene_a__TFPI2_	1
observable_9353	nuc_gene_a__MOSPD1_	1
observable_9354	nuc_gene_a__CD7_	1
observable_9355	nuc_gene_a__ZUP1_	1
observable_9356	nuc_gene_a__TMEM245_	1
observable_9357	nuc_gene_a__KLF8_	1
observable_9358	nuc_gene_a__TYW1B_	1
observable_9359	nuc_gene_a__ZNF346_	1
observable_9360	nuc_gene_a__AVPR2_	1
observable_9361	nuc_gene_a__ANTXR1_	1
observable_9362	nuc_gene_a__TRDMT1_	1
observable_9363	nuc_gene_a__FBXL4_	1
observable_9364	nuc_gene_a__TRIP10_	1
observable_9365	nuc_gene_a__HNMT_	1
observable_9366	nuc_gene_a__PON3_	1
observable_9367	nuc_gene_a__NLRC4_	1
observable_9368	nuc_gene_a__PLCB2_	1
observable_9369	nuc_gene_a__PCSK1_	1
observable_9370	nuc_gene_a__U2SURP_	1
observable_9371	nuc_gene_a__TUFM_	1
observable_9372	nuc_gene_a__NPTX2_	1
observable_9373	nuc_gene_a__ZFP30_	1
observable_9374	nuc_gene_a__EPHX2_	1
observable_9375	nuc_gene_a__CCDC22_	1
observable_9376	nuc_gene_a__TSC22D2_	1
observable_9377	nuc_gene_a__ZPBP_	1
observable_9378	nuc_gene_a__NDUFAF1_	1
observable_9379	nuc_gene_a__PRSS27_	1
observable_9380	nuc_gene_a__EPB41L4B_	1
observable_9381	nuc_gene_a__MEOX2_	1
observable_9382	nuc_gene_a__PAPOLA_	1
observable_9383	nuc_gene_a__ISG20_	1
observable_9384	nuc_gene_a__RADIL_	1
observable_9385	nuc_gene_a__STX1B_	1
observable_9386	nuc_gene_a__FSCN1_	1
observable_9387	nuc_gene_a__ZNF830_	1
observable_9388	nuc_gene_a__HS1BP3_	1
observable_9389	nuc_gene_a__MBLAC1_	1
observable_9390	nuc_gene_a__CSNK1E_	1
observable_9391	nuc_gene_a__SCAI_	1
observable_9392	nuc_gene_a__TRIP4_	1
observable_9393	nuc_gene_a__ICOS_	1
observable_9394	nuc_gene_a__NDUFB1_	1
observable_9395	nuc_gene_a__TBC1D3F_	1
observable_9396	nuc_gene_a__HIPK2_	1
observable_9397	nuc_gene_a__HCFC1_	1
observable_9398	nuc_gene_a__SLC51B_	1
observable_9399	nuc_gene_a__IGFBP3_	1
observable_9400	nuc_gene_a__BSPRY_	1
observable_9401	nuc_gene_a__ZBTB26_	1
observable_9402	nuc_gene_a__PAX8_	1
observable_9403	nuc_gene_a__BNIP2_	1
observable_9404	nuc_gene_a__PRICKLE3_	1
observable_9405	nuc_gene_a__PFN4_	1
observable_9406	nuc_gene_a__MBIP_	1
observable_9407	nuc_gene_a__FXYD6_	1
observable_9408	nuc_gene_a__ALG12_	1
observable_9409	nuc_gene_a__LIMK1_	1
observable_9410	nuc_gene_a__ADGRE2_	1
observable_9411	nuc_gene_a__CARD11_	1
observable_9412	nuc_gene_a__EXTL3_	1
observable_9413	nuc_gene_a__ARMCX3_	1
observable_9414	nuc_gene_a__CDK20_	1
observable_9415	nuc_gene_a__SCARF2_	1
observable_9416	nuc_gene_a__BCLAF1_	1
observable_9417	nuc_gene_a__ARL5A_	1
observable_9418	nuc_gene_a__SULT1C3_	1
observable_9419	nuc_gene_a__GLI3_	1
observable_9420	nuc_gene_a__MAK16_	1
observable_9421	nuc_gene_a__TCEAL4_	1
observable_9422	nuc_gene_a__ARHGEF35_	1
observable_9423	nuc_gene_a__GGCT_	1
observable_9424	nuc_gene_a__NPDC1_	1
observable_9425	nuc_gene_a__TMBIM6_	1
observable_9426	nuc_gene_a__ZNF182_	1
observable_9427	nuc_gene_a__CYP27A1_	1
observable_9428	nuc_gene_a__TSR2_	1
observable_9429	nuc_gene_a__COMP_	1
observable_9430	nuc_gene_a__TCEAL7_	1
observable_9431	nuc_gene_a__AURKA_	1
observable_9432	nuc_gene_a__ATP6V1C1_	1
observable_9433	nuc_gene_a__HNRNPH1_	1
observable_9434	nuc_gene_a__EPC2_	1
observable_9435	nuc_gene_a__TRAF3IP2_	1
observable_9436	nuc_gene_a__MICALL2_	1
observable_9437	nuc_gene_a__AP1S3_	1
observable_9438	nuc_gene_a__TMLHE_	1
observable_9439	nuc_gene_a__IST1_	1
observable_9440	nuc_gene_a__ZNF557_	1
observable_9441	nuc_gene_a__MEIS2_	1
observable_9442	nuc_gene_a__NFE2_	1
observable_9443	nuc_gene_a__ACMSD_	1
observable_9444	nuc_gene_a__SLC6A14_	1
observable_9445	nuc_gene_a__MGAT4C_	1
observable_9446	nuc_gene_a__ADAMTSL2_	1
observable_9447	nuc_gene_a__GNLY_	1
observable_9448	nuc_gene_a__TCEANC_	1
observable_9449	nuc_gene_a__CCNF_	1
observable_9450	nuc_gene_a__ZNF341_	1
observable_9451	nuc_gene_a__ZNF710_	1
observable_9452	nuc_gene_a__SLC16A2_	1
observable_9453	nuc_gene_a__TNFRSF12A_	1
observable_9454	nuc_gene_a__POLR1C_	1
observable_9455	nuc_gene_a__RBBP9_	1
observable_9456	nuc_gene_a__METTL9_	1
observable_9457	nuc_gene_a__OGFR_	1
observable_9458	nuc_gene_a__DEF6_	1
observable_9459	nuc_gene_a__LONRF3_	1
observable_9460	nuc_gene_a__CST5_	1
observable_9461	nuc_gene_a__CNPY3_	1
observable_9462	nuc_gene_a__PTPRZ1_	1
observable_9463	nuc_gene_a__SLC3A1_	1
observable_9464	nuc_gene_a__DLX4_	1
observable_9465	nuc_gene_a__HMG20A_	1
observable_9466	nuc_gene_a__NEURL3_	1
observable_9467	nuc_gene_a__MRPL53_	1
observable_9468	nuc_gene_a__SYTL3_	1
observable_9469	nuc_gene_a__FTO_	1
observable_9470	nuc_gene_a__GLDC_	1
observable_9471	nuc_gene_a__IK_	1
observable_9472	nuc_gene_a__CRELD2_	1
observable_9473	nuc_gene_a__TSPAN13_	1
observable_9474	nuc_gene_a__CPSF6_	1
observable_9475	nuc_gene_a__ZBTB5_	1
observable_9476	nuc_gene_a__ACVR1C_	1
observable_9477	nuc_gene_a__GINS2_	1
observable_9478	nuc_gene_a__EZR_	1
observable_9479	nuc_gene_a__CDYL2_	1
observable_9480	nuc_gene_a__CNOT4_	1
observable_9481	nuc_gene_a__TCAP_	1
observable_9482	nuc_gene_a__PNMT_	1
observable_9483	nuc_gene_a__ELOB_	1
observable_9484	nuc_gene_a__RMDN3_	1
observable_9485	nuc_gene_a__AKAP3_	1
observable_9486	nuc_gene_a__PGAP3_	1
observable_9487	nuc_gene_a__SLC9A2_	1
observable_9488	nuc_gene_a__NOB1_	1
observable_9489	nuc_gene_a__RIMKLB_	1
observable_9490	nuc_gene_a__GBGT1_	1
observable_9491	nuc_gene_a__KLHL40_	1
observable_9492	nuc_gene_a__COL26A1_	1
observable_9493	nuc_gene_a__VPS16_	1
observable_9494	nuc_gene_a__LRRC34_	1
observable_9495	nuc_gene_a__NME4_	1
observable_9496	nuc_gene_a__KLC1_	1
observable_9497	nuc_gene_a__TENT2_	1
observable_9498	nuc_gene_a__FAM219A_	1
observable_9499	nuc_gene_a__TMEM170A_	1
observable_9500	nuc_gene_a__POM121C_	1
observable_9501	nuc_gene_a__TMEM231_	1
observable_9502	nuc_gene_a__SPARCL1_	1
observable_9503	nuc_gene_a__IKZF3_	1
observable_9504	nuc_gene_a__COL4A6_	1
observable_9505	nuc_gene_a__ADAD2_	1
observable_9506	nuc_gene_a__TOP3B_	1
observable_9507	nuc_gene_a__PCED1A_	1
observable_9508	nuc_gene_a__AGXT_	1
observable_9509	nuc_gene_a__TH_	1
observable_9510	nuc_gene_a__PDLIM4_	1
observable_9511	nuc_gene_a__TBL2_	1
observable_9512	nuc_gene_a__ABHD2_	1
observable_9513	nuc_gene_a__BEX4_	1
observable_9514	nuc_gene_a__KCTD21_	1
observable_9515	nuc_gene_a__ZPBP2_	1
observable_9516	nuc_gene_a__HCN1_	1
observable_9517	nuc_gene_a__PRNP_	1
observable_9518	nuc_gene_a__LRRC3C_	1
observable_9519	nuc_gene_a__ZNF205_	1
observable_9520	nuc_gene_a__FAM47E_	1
observable_9521	nuc_gene_a__SMIM30_	1
observable_9522	nuc_gene_a__GSDMA_	1
observable_9523	nuc_gene_a__SEMA3B_	1
observable_9524	nuc_gene_a__RGMB_	1
observable_9525	nuc_gene_a__FEZF1_	1
observable_9526	nuc_gene_a__SYNGR1_	1
observable_9527	nuc_gene_a__IL1RL1_	1
observable_9528	nuc_gene_a__MAP3K11_	1
observable_9529	nuc_gene_a__TVP23A_	1
observable_9530	nuc_gene_a__OTOS_	1
observable_9531	nuc_gene_a__HSPB2_	1
observable_9532	nuc_gene_a__PIPOX_	1
observable_9533	nuc_gene_a__SLC22A4_	1
observable_9534	nuc_gene_a__PPIA_	1
observable_9535	nuc_gene_a__XAGE2_	1
observable_9536	nuc_gene_a__SERINC3_	1
observable_9537	nuc_gene_a__KDM8_	1
observable_9538	nuc_gene_a__CPNE9_	1
observable_9539	nuc_gene_a__BANF1_	1
observable_9540	nuc_gene_a__IL1RL2_	1
observable_9541	nuc_gene_a__SPPL2A_	1
observable_9542	nuc_gene_a__ZNF594_	1
observable_9543	nuc_gene_a__HSP90AB1_	1
observable_9544	nuc_gene_a__GAS2L2_	1
observable_9545	nuc_gene_a__FAM171B_	1
observable_9546	nuc_gene_a__PCNA_	1
observable_9547	nuc_gene_a__LIAS_	1
observable_9548	nuc_gene_a__SYTL5_	1
observable_9549	nuc_gene_a__DNAJC2_	1
observable_9550	nuc_gene_a__ARHGEF15_	1
observable_9551	nuc_gene_a__GDF5_	1
observable_9552	nuc_gene_a__EFHC2_	1
observable_9553	nuc_gene_a__LSM8_	1
observable_9554	nuc_gene_a__LSM6_	1
observable_9555	nuc_gene_a__TBX4_	1
observable_9556	nuc_gene_a__PLK1_	1
observable_9557	nuc_gene_a__GABRA5_	1
observable_9558	nuc_gene_a__PSMC2_	1
observable_9559	nuc_gene_a__PARM1_	1
observable_9560	nuc_gene_a__LBP_	1
observable_9561	nuc_gene_a__FLG_	1
observable_9562	nuc_gene_a__FLG2_	1
observable_9563	nuc_gene_a__HILPDA_	1
observable_9564	nuc_gene_a__SPRED1_	1
observable_9565	nuc_gene_a__CDCA7_	1
observable_9566	nuc_gene_a__SIL1_	1
observable_9567	nuc_gene_a__SERHL2_	1
observable_9568	nuc_gene_a__XYLT2_	1
observable_9569	nuc_gene_a__STK35_	1
observable_9570	nuc_gene_a__KCNJ2_	1
observable_9571	nuc_gene_a__SEMA3D_	1
observable_9572	nuc_gene_a__SIRPB1_	1
observable_9573	nuc_gene_a__MFNG_	1
observable_9574	nuc_gene_a__NIFK_	1
observable_9575	nuc_gene_a__SLFN13_	1
observable_9576	nuc_gene_a__MAOB_	1
observable_9577	nuc_gene_a__NFAM1_	1
observable_9578	nuc_gene_a__EMB_	1
observable_9579	nuc_gene_a__UVSSA_	1
observable_9580	nuc_gene_a__ACP2_	1
observable_9581	nuc_gene_a__PPP1R16B_	1
observable_9582	nuc_gene_a__PRPS2_	1
observable_9583	nuc_gene_a__GGTLC1_	1
observable_9584	nuc_gene_a__TRIB3_	1
observable_9585	nuc_gene_a__BUD23_	1
observable_9586	nuc_gene_a__REST_	1
observable_9587	nuc_gene_a__PUDP_	1
observable_9588	nuc_gene_a__NGLY1_	1
observable_9589	nuc_gene_a__ARHGEF40_	1
observable_9590	nuc_gene_a__SCNN1D_	1
observable_9591	nuc_gene_a__SH3BGRL_	1
observable_9592	nuc_gene_a__MAD2L1_	1
observable_9593	nuc_gene_a__BAZ2B_	1
observable_9594	nuc_gene_a__RAB9B_	1
observable_9595	nuc_gene_a__IQUB_	1
observable_9596	nuc_gene_a__YTHDC2_	1
observable_9597	nuc_gene_a__UCKL1_	1
observable_9598	nuc_gene_a__TEAD2_	1
observable_9599	nuc_gene_a__LLGL1_	1
observable_9600	nuc_gene_a__CSK_	1
observable_9601	nuc_gene_a__ADSL_	1
observable_9602	nuc_gene_a__GBE1_	1
observable_9603	nuc_gene_a__ZP4_	1
observable_9604	nuc_gene_a__TCF7L2_	1
observable_9605	nuc_gene_a__TRAP1_	1
observable_9606	nuc_gene_a__FOXN3_	1
observable_9607	nuc_gene_a__ANLN_	1
observable_9608	nuc_gene_a__TMEM218_	1
observable_9609	nuc_gene_a__TMEM88_	1
observable_9610	nuc_gene_a__P4HTM_	1
observable_9611	nuc_gene_a__MEIOC_	1
observable_9612	nuc_gene_a__CLEC16A_	1
observable_9613	nuc_gene_a__OXSM_	1
observable_9614	nuc_gene_a__SH3D21_	1
observable_9615	nuc_gene_a__HSPA12B_	1
observable_9616	nuc_gene_a__VENTX_	1
observable_9617	nuc_gene_a__EPB41L5_	1
observable_9618	nuc_gene_a__TTI2_	1
observable_9619	nuc_gene_a__DIXDC1_	1
observable_9620	nuc_gene_a__RPH3A_	1
observable_9621	nuc_gene_a__VPS26A_	1
observable_9622	nuc_gene_a__GDI1_	1
observable_9623	nuc_gene_a__KREMEN2_	1
observable_9624	nuc_gene_a__L3MBTL2_	1
observable_9625	nuc_gene_a__ARHGEF28_	1
observable_9626	nuc_gene_a__GYG1_	1
observable_9627	nuc_gene_a__SIRT3_	1
observable_9628	nuc_gene_a__GEN1_	1
observable_9629	nuc_gene_a__ZNF689_	1
observable_9630	nuc_gene_a__RSU1_	1
observable_9631	nuc_gene_a__ABHD12_	1
observable_9632	nuc_gene_a__NUDT16L1_	1
observable_9633	nuc_gene_a__GRAMD4_	1
observable_9634	nuc_gene_a__ZRSR2_	1
observable_9635	nuc_gene_a__MAP3K1_	1
observable_9636	nuc_gene_a__RGS10_	1
observable_9637	nuc_gene_a__B3GNT3_	1
observable_9638	nuc_gene_a__TXNL4B_	1
observable_9639	nuc_gene_a__CENPO_	1
observable_9640	nuc_gene_a__MYOZ3_	1
observable_9641	nuc_gene_a__ARMCX1_	1
observable_9642	nuc_gene_a__MACROD1_	1
observable_9643	nuc_gene_a__GRB10_	1
observable_9644	nuc_gene_a__RASSF2_	1
observable_9645	nuc_gene_a__DNPH1_	1
observable_9646	nuc_gene_a__ARID1A_	1
observable_9647	nuc_gene_a__NADK2_	1
observable_9648	nuc_gene_a__CD37_	1
observable_9649	nuc_gene_a__TMEM242_	1
observable_9650	nuc_gene_a__SHBG_	1
observable_9651	nuc_gene_a__HDHD5_	1
observable_9652	nuc_gene_a__ZFAND2B_	1
observable_9653	nuc_gene_a__SMARCA2_	1
observable_9654	nuc_gene_a__DPM1_	1
observable_9655	nuc_gene_a__CCDC42_	1
observable_9656	nuc_gene_a__MPZ_	1
observable_9657	nuc_gene_a__ACP5_	1
observable_9658	nuc_gene_a__TCEAL1_	1
observable_9659	nuc_gene_a__GPAT4_	1
observable_9660	nuc_gene_a__CELA2B_	1
observable_9661	nuc_gene_a__TMEM220_	1
observable_9662	nuc_gene_a__GAS2_	1
observable_9663	nuc_gene_a__XRCC3_	1
observable_9664	nuc_gene_a__DDI2_	1
observable_9665	nuc_gene_a__SFXN1_	1
observable_9666	nuc_gene_a__RSC1A1_	1
observable_9667	nuc_gene_a__MCM7_	1
observable_9668	nuc_gene_a__ASPA_	1
observable_9669	nuc_gene_a__PHYHIP_	1
observable_9670	nuc_gene_a__LUZP1_	1
observable_9671	nuc_gene_a__CCR7_	1
observable_9672	nuc_gene_a__LTO1_	1
observable_9673	nuc_gene_a__GLYR1_	1
observable_9674	nuc_gene_a__PET100_	1
observable_9675	nuc_gene_a__SELENON_	1
observable_9676	nuc_gene_a__JAZF1_	1
observable_9677	nuc_gene_a__LIPA_	1
observable_9678	nuc_gene_a__FZD6_	1
observable_9679	nuc_gene_a__UBA7_	1
observable_9680	nuc_gene_a__SELENOF_	1
observable_9681	nuc_gene_a__GPC2_	1
observable_9682	nuc_gene_a__RIC8A_	1
observable_9683	nuc_gene_a__BOLA2_	1
observable_9684	nuc_gene_a__ENDOV_	1
observable_9685	nuc_gene_a__ZNF219_	1
observable_9686	nuc_gene_a__MAP2K5_	1
observable_9687	nuc_gene_a__CHMP2A_	1
observable_9688	nuc_gene_a__KCNJ16_	1
observable_9689	nuc_gene_a__THAP8_	1
observable_9690	nuc_gene_a__MYADML2_	1
observable_9691	nuc_gene_a__NOLC1_	1
observable_9692	nuc_gene_a__PAXIP1_	1
observable_9693	nuc_gene_a__ZNF480_	1
observable_9694	nuc_gene_a__ZNF490_	1
observable_9695	nuc_gene_a__SPTLC1_	1
observable_9696	nuc_gene_a__ADCY1_	1
observable_9697	nuc_gene_a__ZNF195_	1
observable_9698	nuc_gene_a__SZT2_	1
observable_9699	nuc_gene_a__CCP110_	1
observable_9700	nuc_gene_a__CCDC124_	1
observable_9701	nuc_gene_a__ADD2_	1
observable_9702	nuc_gene_a__TRAPPC5_	1
observable_9703	nuc_gene_a__FBXL16_	1
observable_9704	nuc_gene_a__USP42_	1
observable_9705	nuc_gene_a__CDC26_	1
observable_9706	nuc_gene_a__DPYSL4_	1
observable_9707	nuc_gene_a__NBPF10_	1
observable_9708	nuc_gene_a__ZC3HAV1_	1
observable_9709	nuc_gene_a__RAB26_	1
observable_9710	nuc_gene_a__ESYT3_	1
observable_9711	nuc_gene_a__CHST4_	1
observable_9712	nuc_gene_a__TSG101_	1
observable_9713	nuc_gene_a__FBXO38_	1
observable_9714	nuc_gene_a__MT1A_	1
observable_9715	nuc_gene_a__SPATA2L_	1
observable_9716	nuc_gene_a__PYDC1_	1
observable_9717	nuc_gene_a__MOSPD3_	1
observable_9718	nuc_gene_a__ARHGAP44_	1
observable_9719	nuc_gene_a__PKN1_	1
observable_9720	nuc_gene_a__MMP25_	1
observable_9721	nuc_gene_a__MC1R_	1
observable_9722	nuc_gene_a__MNT_	1
observable_9723	nuc_gene_a__AGRN_	1
observable_9724	nuc_gene_a__MISP3_	1
observable_9725	nuc_gene_a__CAD_	1
observable_9726	nuc_gene_a__PSEN1_	1
observable_9727	nuc_gene_a__TMEM101_	1
observable_9728	nuc_gene_a__C8orf58_	1
observable_9729	nuc_gene_a__C17orf107_	1
observable_9730	nuc_gene_a__SLC9A5_	1
observable_9731	nuc_gene_a__NPIPB13_	1
observable_9732	nuc_gene_a__FAM86B1_	1
observable_9733	nuc_gene_a__PECR_	1
observable_9734	nuc_gene_a__KLC4_	1
observable_9735	nuc_gene_a__SLC7A6OS_	1
observable_9736	nuc_gene_a__DDX49_	1
observable_9737	nuc_gene_a__MT1G_	1
observable_9738	nuc_gene_a__IGFBP2_	1
observable_9739	nuc_gene_a__VAV2_	1
observable_9740	nuc_gene_a__GFOD2_	1
observable_9741	nuc_gene_a__TEX101_	1
observable_9742	nuc_gene_a__ZDHHC2_	1
observable_9743	nuc_gene_a__GAS7_	1
observable_9744	nuc_gene_a__PRR5L_	1
observable_9745	nuc_gene_a__CPNE4_	1
observable_9746	nuc_gene_a__GALC_	1
observable_9747	nuc_gene_a__TM4SF5_	1
observable_9748	nuc_gene_a__DBI_	1
observable_9749	nuc_gene_a__SHC2_	1
observable_9750	nuc_gene_a__FOXJ1_	1
observable_9751	nuc_gene_a__TEDC2_	1
observable_9752	nuc_gene_a__LIMD1_	1
observable_9753	nuc_gene_a__IGFBP7_	1
observable_9754	nuc_gene_a__TMEM253_	1
observable_9755	nuc_gene_a__XRCC6_	1
observable_9756	nuc_gene_a__KRT17_	1
observable_9757	nuc_gene_a__NUP205_	1
observable_9758	nuc_gene_a__LHCGR_	1
observable_9759	nuc_gene_a__KRT222_	1
observable_9760	nuc_gene_a__FLNA_	1
observable_9761	nuc_gene_a__STMN4_	1
observable_9762	nuc_gene_a__CDT1_	1
observable_9763	nuc_gene_a__EIF2S1_	1
observable_9764	nuc_gene_a__MRPL32_	1
observable_9765	nuc_gene_a__AK1_	1
observable_9766	nuc_gene_a__ESRP2_	1
observable_9767	nuc_gene_a__NME6_	1
observable_9768	nuc_gene_a__STK16_	1
observable_9769	nuc_gene_a__SPTLC2_	1
observable_9770	nuc_gene_a__C6orf89_	1
observable_9771	nuc_gene_a__ASB11_	1
observable_9772	nuc_gene_a__HIVEP3_	1
observable_9773	nuc_gene_a__PDIA4_	1
observable_9774	nuc_gene_a__SLITRK4_	1
observable_9775	nuc_gene_a__GUCA2B_	1
observable_9776	nuc_gene_a__NRP1_	1
observable_9777	nuc_gene_a__RNF212B_	1
observable_9778	nuc_gene_a__ATP6V0C_	1
observable_9779	nuc_gene_a__BMP6_	1
observable_9780	nuc_gene_a__SLC1A1_	1
observable_9781	nuc_gene_a__DCAF12_	1
observable_9782	nuc_gene_a__DBNDD1_	1
observable_9783	nuc_gene_a__ZNF7_	1
observable_9784	nuc_gene_a__INTS12_	1
observable_9785	nuc_gene_a__PLEKHA1_	1
observable_9786	nuc_gene_a__GLUL_	1
observable_9787	nuc_gene_a__ASGR1_	1
observable_9788	nuc_gene_a__PTPRA_	1
observable_9789	nuc_gene_a__SEMA3A_	1
observable_9790	nuc_gene_a__SGF29_	1
observable_9791	nuc_gene_a__TEDDM1_	1
observable_9792	nuc_gene_a__KLC2_	1
observable_9793	nuc_gene_a__MRFAP1_	1
observable_9794	nuc_gene_a__FAM24B_	1
observable_9795	nuc_gene_a__NUDT7_	1
observable_9796	nuc_gene_a__TMEM44_	1
observable_9797	nuc_gene_a__ENPP7_	1
observable_9798	nuc_gene_a__UBALD2_	1
observable_9799	nuc_gene_a__SUCNR1_	1
observable_9800	nuc_gene_a__CWF19L1_	1
observable_9801	nuc_gene_a__VOPP1_	1
observable_9802	nuc_gene_a__RGSL1_	1
observable_9803	nuc_gene_a__TLE3_	1
observable_9804	nuc_gene_a__TYMP_	1
observable_9805	nuc_gene_a__RND3_	1
observable_9806	nuc_gene_a__AVPI1_	1
observable_9807	nuc_gene_a__RC3H2_	1
observable_9808	nuc_gene_a__IGF2BP3_	1
observable_9809	nuc_gene_a__TRIM63_	1
observable_9810	nuc_gene_a__CSNK1D_	1
observable_9811	nuc_gene_a__ZNF593_	1
observable_9812	nuc_gene_a__ZNF37A_	1
observable_9813	nuc_gene_a__CDH1_	1
observable_9814	nuc_gene_a__GFI1B_	1
observable_9815	nuc_gene_a__YAE1_	1
observable_9816	nuc_gene_a__IL13RA1_	1
observable_9817	nuc_gene_a__VRK3_	1
observable_9818	nuc_gene_a__SNX5_	1
observable_9819	nuc_gene_a__ZFP1_	1
observable_9820	nuc_gene_a__CWF19L2_	1
observable_9821	nuc_gene_a__VIPAS39_	1
observable_9822	nuc_gene_a__EPHA10_	1
observable_9823	nuc_gene_a__NSMCE4A_	1
observable_9824	nuc_gene_a__TBX6_	1
observable_9825	nuc_gene_a__C1orf122_	1
observable_9826	nuc_gene_a__IFT52_	1
observable_9827	nuc_gene_a__LPO_	1
observable_9828	nuc_gene_a__TRA2A_	1
observable_9829	nuc_gene_a__SRCAP_	1
observable_9830	nuc_gene_a__GAL3ST1_	1
observable_9831	nuc_gene_a__BMP4_	1
observable_9832	nuc_gene_a__CD33_	1
observable_9833	nuc_gene_a__AASDH_	1
observable_9834	nuc_gene_a__SULF1_	1
observable_9835	nuc_gene_a__AATK_	1
observable_9836	nuc_gene_a__UBN1_	1
observable_9837	nuc_gene_a__BTBD8_	1
observable_9838	nuc_gene_a__ANXA8L1_	1
observable_9839	nuc_gene_a__MAP3K4_	1
observable_9840	nuc_gene_a__ACOX2_	1
observable_9841	nuc_gene_a__MT2A_	1
observable_9842	nuc_gene_a__PARP6_	1
observable_9843	nuc_gene_a__CHTOP_	1
observable_9844	nuc_gene_a__EFCAB6_	1
observable_9845	nuc_gene_a__PODXL_	1
observable_9846	nuc_gene_a__CPZ_	1
observable_9847	nuc_gene_a__RAB19_	1
observable_9848	nuc_gene_a__SYT6_	1
observable_9849	nuc_gene_a__SERGEF_	1
observable_9850	nuc_gene_a__TXNDC5_	1
observable_9851	nuc_gene_a__TMC7_	1
observable_9852	nuc_gene_a__SAMHD1_	1
observable_9853	nuc_gene_a__PPIL1_	1
observable_9854	nuc_gene_a__GEMIN8_	1
observable_9855	nuc_gene_a__P3H2_	1
observable_9856	nuc_gene_a__GFAP_	1
observable_9857	nuc_gene_a__FAM13C_	1
observable_9858	nuc_gene_a__HERPUD2_	1
observable_9859	nuc_gene_a__SASH1_	1
observable_9860	nuc_gene_a__CRAMP1_	1
observable_9861	nuc_gene_a__PUM3_	1
observable_9862	nuc_gene_a__UFL1_	1
observable_9863	nuc_gene_a__WASL_	1
observable_9864	nuc_gene_a__NRSN2_	1
observable_9865	nuc_gene_a__SNX3_	1
observable_9866	nuc_gene_a__FRMD6_	1
observable_9867	nuc_gene_a__EHD4_	1
observable_9868	nuc_gene_a__DNASE1L1_	1
observable_9869	nuc_gene_a__MED1_	1
observable_9870	nuc_gene_a__E2F5_	1
observable_9871	nuc_gene_a__ITIH1_	1
observable_9872	nuc_gene_a__WFIKKN2_	1
observable_9873	nuc_gene_a__SEMA4C_	1
observable_9874	nuc_gene_a__DBF4_	1
observable_9875	nuc_gene_a__ARMH3_	1
observable_9876	nuc_gene_a__NAA60_	1
observable_9877	nuc_gene_a__JADE1_	1
observable_9878	nuc_gene_a__PORCN_	1
observable_9879	nuc_gene_a__CASP2_	1
observable_9880	nuc_gene_a__CYP19A1_	1
observable_9881	nuc_gene_a__DEAF1_	1
observable_9882	nuc_gene_a__RGS22_	1
observable_9883	nuc_gene_a__AREL1_	1
observable_9884	nuc_gene_a__EVPL_	1
observable_9885	nuc_gene_a__TMUB1_	1
observable_9886	nuc_gene_a__KRTCAP3_	1
observable_9887	nuc_gene_a__VAMP2_	1
observable_9888	nuc_gene_a__DUSP2_	1
observable_9889	nuc_gene_a__JPT2_	1
observable_9890	nuc_gene_a__RPIA_	1
observable_9891	nuc_gene_a__HSPE1_	1
observable_9892	nuc_gene_a__RUFY3_	1
observable_9893	nuc_gene_a__KLHL24_	1
observable_9894	nuc_gene_a__WNK4_	1
observable_9895	nuc_gene_a__IREB2_	1
observable_9896	nuc_gene_a__ADCK1_	1
observable_9897	nuc_gene_a__ALAD_	1
observable_9898	nuc_gene_a__PFKM_	1
observable_9899	nuc_gene_a__NUDT1_	1
observable_9900	nuc_gene_a__DGUOK_	1
observable_9901	nuc_gene_a__ZFYVE27_	1
observable_9902	nuc_gene_a__STK17B_	1
observable_9903	nuc_gene_a__MRTFB_	1
observable_9904	nuc_gene_a__SCLT1_	1
observable_9905	nuc_gene_a__SMO_	1
observable_9906	nuc_gene_a__CCR1_	1
observable_9907	nuc_gene_a__FAM161A_	1
observable_9908	nuc_gene_a__NPY_	1
observable_9909	nuc_gene_a__SNCG_	1
observable_9910	nuc_gene_a__TRPC4AP_	1
observable_9911	nuc_gene_a__WDR72_	1
observable_9912	nuc_gene_a__GPRIN3_	1
observable_9913	nuc_gene_a__CFAP20_	1
observable_9914	nuc_gene_a__FCN1_	1
observable_9915	nuc_gene_a__TRAF3_	1
observable_9916	nuc_gene_a__ZNF510_	1
observable_9917	nuc_gene_a__AHSP_	1
observable_9918	nuc_gene_a__TSPAN6_	1
observable_9919	nuc_gene_a__AKAP9_	1
observable_9920	nuc_gene_a__RAB37_	1
observable_9921	nuc_gene_a__COIL_	1
observable_9922	nuc_gene_a__PACSIN2_	1
observable_9923	nuc_gene_a__LEF1_	1
observable_9924	nuc_gene_a__EPS15L1_	1
observable_9925	nuc_gene_a__ZMAT1_	1
observable_9926	nuc_gene_a__ALDH1A3_	1
observable_9927	nuc_gene_a__NBPF4_	1
observable_9928	nuc_gene_a__MRPL28_	1
observable_9929	nuc_gene_a__MYH7B_	1
observable_9930	nuc_gene_a__GCNT3_	1
observable_9931	nuc_gene_a__BARD1_	1
observable_9932	nuc_gene_a__INTS4_	1
observable_9933	nuc_gene_a__MORC4_	1
observable_9934	nuc_gene_a__TNIP1_	1
observable_9935	nuc_gene_a__EXOSC2_	1
observable_9936	nuc_gene_a__TMX4_	1
observable_9937	nuc_gene_a__AP1S1_	1
observable_9938	nuc_gene_a__ENPP3_	1
observable_9939	nuc_gene_a__WDR24_	1
observable_9940	nuc_gene_a__ETNK2_	1
observable_9941	nuc_gene_a__PTRHD1_	1
observable_9942	nuc_gene_a__HSD17B6_	1
observable_9943	nuc_gene_a__GNGT1_	1
observable_9944	nuc_gene_a__MME_	1
observable_9945	nuc_gene_a__PPP1R37_	1
observable_9946	nuc_gene_a__DPH7_	1
observable_9947	nuc_gene_a__VAMP8_	1
observable_9948	nuc_gene_a__SKI_	1
observable_9949	nuc_gene_a__NME3_	1
observable_9950	nuc_gene_a__PDAP1_	1
observable_9951	nuc_gene_a__CDKAL1_	1
observable_9952	nuc_gene_a__HMGN5_	1
observable_9953	nuc_gene_a__ZNF880_	1
observable_9954	nuc_gene_a__CWH43_	1
observable_9955	nuc_gene_a__CENPA_	1
observable_9956	nuc_gene_a__REN_	1
observable_9957	nuc_gene_a__MCEE_	1
observable_9958	nuc_gene_a__CD2_	1
observable_9959	nuc_gene_a__ZNF81_	1
observable_9960	nuc_gene_a__SNX8_	1
observable_9961	nuc_gene_a__NECAB2_	1
observable_9962	nuc_gene_a__ASB8_	1
observable_9963	nuc_gene_a__KCNA2_	1
observable_9964	nuc_gene_a__NECTIN2_	1
observable_9965	nuc_gene_a__CD276_	1
observable_9966	nuc_gene_a__HEYL_	1
observable_9967	nuc_gene_a__NMNAT3_	1
observable_9968	nuc_gene_a__SH2D1B_	1
observable_9969	nuc_gene_a__AGGF1_	1
observable_9970	nuc_gene_a__ZNF891_	1
observable_9971	nuc_gene_a__FRRS1_	1
observable_9972	nuc_gene_a__TMEM82_	1
observable_9973	nuc_gene_a__RRBP1_	1
observable_9974	nuc_gene_a__RALGPS2_	1
observable_9975	nuc_gene_a__LGMN_	1
observable_9976	nuc_gene_a__CDIPT_	1
observable_9977	nuc_gene_a__PI3_	1
observable_9978	nuc_gene_a__DOCK11_	1
observable_9979	nuc_gene_a__ADNP_	1
observable_9980	nuc_gene_a__MCM3_	1
observable_9981	nuc_gene_a__SGSH_	1
observable_9982	nuc_gene_a__SH3GL1_	1
observable_9983	nuc_gene_a__SLC2A8_	1
observable_9984	nuc_gene_a__UBR5_	1
observable_9985	nuc_gene_a__CABLES2_	1
observable_9986	nuc_gene_a__RPL3_	1
observable_9987	nuc_gene_a__ZNF613_	1
observable_9988	nuc_gene_a__MIS18BP1_	1
observable_9989	nuc_gene_a__FANCL_	1
observable_9990	nuc_gene_a__MAVS_	1
observable_9991	nuc_gene_a__TNS4_	1
observable_9992	nuc_gene_a__ID1_	1
observable_9993	nuc_gene_a__BEST2_	1
observable_9994	nuc_gene_a__PKMYT1_	1
observable_9995	nuc_gene_a__NTRK3_	1
observable_9996	nuc_gene_a__NCOA5_	1
observable_9997	nuc_gene_a__RNF43_	1
observable_9998	nuc_gene_a__NOX4_	1
observable_9999	nuc_gene_a__NR2C1_	1
observable_10000	nuc_gene_a__RFC2_	1
observable_10001	nuc_gene_a__TEFM_	1
observable_10002	nuc_gene_a__TMEM59L_	1
observable_10003	nuc_gene_a__SNRPD3_	1
observable_10004	nuc_gene_a__MTERF3_	1
observable_10005	nuc_gene_a__ZDHHC9_	1
observable_10006	nuc_gene_a__TTC32_	1
observable_10007	nuc_gene_a__RIOX2_	1
observable_10008	nuc_gene_a__CNTN2_	1
observable_10009	nuc_gene_a__SLITRK2_	1
observable_10010	nuc_gene_a__SPINK8_	1
observable_10011	nuc_gene_a__SEL1L_	1
observable_10012	nuc_gene_a__QKI_	1
observable_10013	nuc_gene_a__C8A_	1
observable_10014	nuc_gene_a__ANKIB1_	1
observable_10015	nuc_gene_a__TSPO_	1
observable_10016	nuc_gene_a__FAIM_	1
observable_10017	nuc_gene_a__GPD1_	1
observable_10018	nuc_gene_a__DDX25_	1
observable_10019	nuc_gene_a__PPP1R17_	1
observable_10020	nuc_gene_a__TMEM87A_	1
observable_10021	nuc_gene_a__MCAT_	1
observable_10022	nuc_gene_a__ITGA3_	1
observable_10023	nuc_gene_a__NFE2L3_	1
observable_10024	nuc_gene_a__INO80E_	1
observable_10025	nuc_gene_a__AGTR1_	1
observable_10026	nuc_gene_a__ANXA1_	1
observable_10027	nuc_gene_a__RILPL1_	1
observable_10028	nuc_gene_a__ZDHHC16_	1
observable_10029	nuc_gene_a__ESAM_	1
observable_10030	nuc_gene_a__NUP43_	1
observable_10031	nuc_gene_a__SLC9A1_	1
observable_10032	nuc_gene_a__SEM1_	1
observable_10033	nuc_gene_a__HS3ST5_	1
observable_10034	nuc_gene_a__PTGDS_	1
observable_10035	nuc_gene_a__CRYM_	1
observable_10036	nuc_gene_a__OSBP_	1
observable_10037	nuc_gene_a__ACVRL1_	1
observable_10038	nuc_gene_a__TFDP2_	1
observable_10039	nuc_gene_a__RTN4IP1_	1
observable_10040	nuc_gene_a__ACTC1_	1
observable_10041	nuc_gene_a__ZSCAN12_	1
observable_10042	nuc_gene_a__SLC25A4_	1
observable_10043	nuc_gene_a__SELPLG_	1
observable_10044	nuc_gene_a__MED16_	1
observable_10045	nuc_gene_a__IGSF1_	1
observable_10046	nuc_gene_a__ARHGDIA_	1
observable_10047	nuc_gene_a__MRPS35_	1
observable_10048	nuc_gene_a__SOX9_	1
observable_10049	nuc_gene_a__PTPN7_	1
observable_10050	nuc_gene_a__ANAPC1_	1
observable_10051	nuc_gene_a__PLAC8_	1
observable_10052	nuc_gene_a__LIX1L_	1
observable_10053	nuc_gene_a__CHTF18_	1
observable_10054	nuc_gene_a__HES4_	1
observable_10055	nuc_gene_a__APOH_	1
observable_10056	nuc_gene_a__COA5_	1
observable_10057	nuc_gene_a__P3H3_	1
observable_10058	nuc_gene_a__NEK4_	1
observable_10059	nuc_gene_a__ZHX1_	1
observable_10060	nuc_gene_a__ZNF513_	1
observable_10061	nuc_gene_a__CDKN2C_	1
observable_10062	nuc_gene_a__TIFA_	1
observable_10063	nuc_gene_a__ZFAND2A_	1
observable_10064	nuc_gene_a__C2orf15_	1
observable_10065	nuc_gene_a__LTK_	1
observable_10066	nuc_gene_a__NT5M_	1
observable_10067	nuc_gene_a__POLR3GL_	1
observable_10068	nuc_gene_a__EIF3G_	1
observable_10069	nuc_gene_a__ANKRD34A_	1
observable_10070	nuc_gene_a__TDP1_	1
observable_10071	nuc_gene_a__CREG1_	1
observable_10072	nuc_gene_a__YTHDF2_	1
observable_10073	nuc_gene_a__EXOC3L4_	1
observable_10074	nuc_gene_a__ABI3_	1
observable_10075	nuc_gene_a__P4HA1_	1
observable_10076	nuc_gene_a__CDCA4_	1
observable_10077	nuc_gene_a__FBXO8_	1
observable_10078	nuc_gene_a__ATP1B1_	1
observable_10079	nuc_gene_a__JPT1_	1
observable_10080	nuc_gene_a__SMC5_	1
observable_10081	nuc_gene_a__FAM221A_	1
observable_10082	nuc_gene_a__CYP4A22_	1
observable_10083	nuc_gene_a__CEMIP_	1
observable_10084	nuc_gene_a__VEZT_	1
observable_10085	nuc_gene_a__TSPYL2_	1
observable_10086	nuc_gene_a__KIF22_	1
observable_10087	nuc_gene_a__LRRC8C_	1
observable_10088	nuc_gene_a__SMG6_	1
observable_10089	nuc_gene_a__VTCN1_	1
observable_10090	nuc_gene_a__NKAP_	1
observable_10091	nuc_gene_a__CSN1S1_	1
observable_10092	nuc_gene_a__ST6GALNAC5_	1
observable_10093	nuc_gene_a__LAMC3_	1
observable_10094	nuc_gene_a__SLFN5_	1
observable_10095	nuc_gene_a__METTL2B_	1
observable_10096	nuc_gene_a__SOS2_	1
observable_10097	nuc_gene_a__SUPT5H_	1
observable_10098	nuc_gene_a__DZIP3_	1
observable_10099	nuc_gene_a__EFCAB10_	1
observable_10100	nuc_gene_a__ARIH1_	1
observable_10101	nuc_gene_a__BHLHA15_	1
observable_10102	nuc_gene_a__CTSF_	1
observable_10103	nuc_gene_a__UPRT_	1
observable_10104	nuc_gene_a__LMTK2_	1
observable_10105	nuc_gene_a__ZZEF1_	1
observable_10106	nuc_gene_a__FBXO25_	1
observable_10107	nuc_gene_a__MROH7_	1
observable_10108	nuc_gene_a__TMEM243_	1
observable_10109	nuc_gene_a__DCTD_	1
observable_10110	nuc_gene_a__SLC35D2_	1
observable_10111	nuc_gene_a__FAM167B_	1
observable_10112	nuc_gene_a__SP2_	1
observable_10113	nuc_gene_a__WDR90_	1
observable_10114	nuc_gene_a__HOXB8_	1
observable_10115	nuc_gene_a__PHF14_	1
observable_10116	nuc_gene_a__TSFM_	1
observable_10117	nuc_gene_a__ZNF638_	1
observable_10118	nuc_gene_a__SH3GL2_	1
observable_10119	nuc_gene_a__FBXO2_	1
observable_10120	nuc_gene_a__CD74_	1
observable_10121	nuc_gene_a__ARL4A_	1
observable_10122	nuc_gene_a__SRPRA_	1
observable_10123	nuc_gene_a__GABRD_	1
observable_10124	nuc_gene_a__SLC44A2_	1
observable_10125	nuc_gene_a__CCT6B_	1
observable_10126	nuc_gene_a__METRN_	1
observable_10127	nuc_gene_a__MST1R_	1
observable_10128	nuc_gene_a__KIAA0408_	1
observable_10129	nuc_gene_a__TAL1_	1
observable_10130	nuc_gene_a__PPM1A_	1
observable_10131	nuc_gene_a__KLHL2_	1
observable_10132	nuc_gene_a__SMIM22_	1
observable_10133	nuc_gene_a__ZNF250_	1
observable_10134	nuc_gene_a__MFAP4_	1
observable_10135	nuc_gene_a__ALKBH3_	1
observable_10136	nuc_gene_a__SDR16C5_	1
observable_10137	nuc_gene_a__COQ7_	1
observable_10138	nuc_gene_a__SMURF1_	1
observable_10139	nuc_gene_a__HAP1_	1
observable_10140	nuc_gene_a__ABRAXAS1_	1
observable_10141	nuc_gene_a__CXCL16_	1
observable_10142	nuc_gene_a__ESR1_	1
observable_10143	nuc_gene_a__MED11_	1
observable_10144	nuc_gene_a__NOP58_	1
observable_10145	nuc_gene_a__PSMD7_	1
observable_10146	nuc_gene_a__REPIN1_	1
observable_10147	nuc_gene_a__RORC_	1
observable_10148	nuc_gene_a__DKK2_	1
observable_10149	nuc_gene_a__NUDT21_	1
observable_10150	nuc_gene_a__GPATCH2L_	1
observable_10151	nuc_gene_a__KCNK13_	1
observable_10152	nuc_gene_a__BAIAP2L1_	1
observable_10153	nuc_gene_a__PRKAA2_	1
observable_10154	nuc_gene_a__COX10_	1
observable_10155	nuc_gene_a__NIP7_	1
observable_10156	nuc_gene_a__MASP2_	1
observable_10157	nuc_gene_a__UBA52_	1
observable_10158	nuc_gene_a__SAMD4A_	1
observable_10159	nuc_gene_a__RMND5B_	1
observable_10160	nuc_gene_a__TMEM198_	1
observable_10161	nuc_gene_a__POMT1_	1
observable_10162	nuc_gene_a__CHPF_	1
observable_10163	nuc_gene_a__NEDD4_	1
observable_10164	nuc_gene_a__PRG4_	1
observable_10165	nuc_gene_a__RPS3_	1
observable_10166	nuc_gene_a__C19orf12_	1
observable_10167	nuc_gene_a__SERPINA3_	1
observable_10168	nuc_gene_a__ABI1_	1
observable_10169	nuc_gene_a__TSN_	1
observable_10170	nuc_gene_a__TMEM175_	1
observable_10171	nuc_gene_a__RBBP6_	1
observable_10172	nuc_gene_a__NEMP2_	1
observable_10173	nuc_gene_a__RBM10_	1
observable_10174	nuc_gene_a__OR1F1_	1
observable_10175	nuc_gene_a__C2orf68_	1
observable_10176	nuc_gene_a__FBXW2_	1
observable_10177	nuc_gene_a__BAG3_	1
observable_10178	nuc_gene_a__GNG2_	1
observable_10179	nuc_gene_a__NOS2_	1
observable_10180	nuc_gene_a__ZMYND12_	1
observable_10181	nuc_gene_a__SHROOM1_	1
observable_10182	nuc_gene_a__DET1_	1
observable_10183	nuc_gene_a__TRPC3_	1
observable_10184	nuc_gene_a__OBP2A_	1
observable_10185	nuc_gene_a__COQ8B_	1
observable_10186	nuc_gene_a__FCRL1_	1
observable_10187	nuc_gene_a__DCAF5_	1
observable_10188	nuc_gene_a__ALG9_	1
observable_10189	nuc_gene_a__METTL14_	1
observable_10190	nuc_gene_a__RPS7_	1
observable_10191	nuc_gene_a__TLR3_	1
observable_10192	nuc_gene_a__ABCA6_	1
observable_10193	nuc_gene_a__SLC16A14_	1
observable_10194	nuc_gene_a__ZNF615_	1
observable_10195	nuc_gene_a__RNF13_	1
observable_10196	nuc_gene_a__TP53BP2_	1
observable_10197	nuc_gene_a__NEIL1_	1
observable_10198	nuc_gene_a__PMS2_	1
observable_10199	nuc_gene_a__WDFY1_	1
observable_10200	nuc_gene_a__TBC1D3D_	1
observable_10201	nuc_gene_a__CNTNAP3B_	1
observable_10202	nuc_gene_a__CCNI_	1
observable_10203	nuc_gene_a__RHBDL2_	1
observable_10204	nuc_gene_a__MYO6_	1
observable_10205	nuc_gene_a__LRRC57_	1
observable_10206	nuc_gene_a__KLF11_	1
observable_10207	nuc_gene_a__STX19_	1
observable_10208	nuc_gene_a__TET2_	1
observable_10209	nuc_gene_a__PAGE4_	1
observable_10210	nuc_gene_a__MAOA_	1
observable_10211	nuc_gene_a__PTPN20_	1
observable_10212	nuc_gene_a__DCAF8L2_	1
observable_10213	nuc_gene_a__ATP6V1C2_	1
observable_10214	nuc_gene_a__RERE_	1
observable_10215	nuc_gene_a__SETD3_	1
observable_10216	nuc_gene_a__SFI1_	1
observable_10217	nuc_gene_a__ABHD11_	1
observable_10218	nuc_gene_a__TAGLN_	1
observable_10219	nuc_gene_a__KCNJ9_	1
observable_10220	nuc_gene_a__SGO2_	1
observable_10221	nuc_gene_a__CAV1_	1
observable_10222	nuc_gene_a__ELAVL2_	1
observable_10223	nuc_gene_a__MRPS24_	1
observable_10224	nuc_gene_a__KATNBL1_	1
observable_10225	nuc_gene_a__PDZD11_	1
observable_10226	nuc_gene_a__ARHGAP5_	1
observable_10227	nuc_gene_a__MYO1D_	1
observable_10228	nuc_gene_a__STAMBPL1_	1
observable_10229	nuc_gene_a__NUBPL_	1
observable_10230	nuc_gene_a__FSD1L_	1
observable_10231	nuc_gene_a__DDX18_	1
observable_10232	nuc_gene_a__ARF5_	1
observable_10233	nuc_gene_a__MAPK6_	1
observable_10234	nuc_gene_a__TMUB2_	1
observable_10235	nuc_gene_a__AAMDC_	1
observable_10236	nuc_gene_a__TRMT61A_	1
observable_10237	nuc_gene_a__TTC16_	1
observable_10238	nuc_gene_a__SLC16A12_	1
observable_10239	nuc_gene_a__TMEM177_	1
observable_10240	nuc_gene_a__ANKRD9_	1
observable_10241	nuc_gene_a__HAO2_	1
observable_10242	nuc_gene_a__OFD1_	1
observable_10243	nuc_gene_a__EMC6_	1
observable_10244	nuc_gene_a__PDLIM7_	1
observable_10245	nuc_gene_a__CNOT1_	1
observable_10246	nuc_gene_a__LRFN5_	1
observable_10247	nuc_gene_a__BOLA1_	1
observable_10248	nuc_gene_a__PCSK1N_	1
observable_10249	nuc_gene_a__MROH9_	1
observable_10250	nuc_gene_a__UBAP2_	1
observable_10251	nuc_gene_a__CEP41_	1
observable_10252	nuc_gene_a__CKB_	1
observable_10253	nuc_gene_a__MAMLD1_	1
observable_10254	nuc_gene_a__MAB21L3_	1
observable_10255	nuc_gene_a__LCLAT1_	1
observable_10256	nuc_gene_a__SNX1_	1
observable_10257	nuc_gene_a__FOLR2_	1
observable_10258	nuc_gene_a__CARD8_	1
observable_10259	nuc_gene_a__NGDN_	1
observable_10260	nuc_gene_a__CCNT2_	1
observable_10261	nuc_gene_a__ZKSCAN8_	1
observable_10262	nuc_gene_a__DHTKD1_	1
observable_10263	nuc_gene_a__TIPIN_	1
observable_10264	nuc_gene_a__RSBN1L_	1
observable_10265	nuc_gene_a__CARNMT1_	1
observable_10266	nuc_gene_a__KCNH1_	1
observable_10267	nuc_gene_a__HBEGF_	1
observable_10268	nuc_gene_a__RBBP7_	1
observable_10269	nuc_gene_a__LSM5_	1
observable_10270	nuc_gene_a__PPP2R3C_	1
observable_10271	nuc_gene_a__PRELID1_	1
observable_10272	nuc_gene_a__EIF4ENIF1_	1
observable_10273	nuc_gene_a__BAIAP2_	1
observable_10274	nuc_gene_a__SLC26A9_	1
observable_10275	nuc_gene_a__ERG28_	1
observable_10276	nuc_gene_a__JDP2_	1
observable_10277	nuc_gene_a__PTGER3_	1
observable_10278	nuc_gene_a__THEM4_	1
observable_10279	nuc_gene_a__PXK_	1
observable_10280	nuc_gene_a__MAG_	1
observable_10281	nuc_gene_a__PISD_	1
observable_10282	nuc_gene_a__SERTAD3_	1
observable_10283	nuc_gene_a__SAR1B_	1
observable_10284	nuc_gene_a__PPFIBP1_	1
observable_10285	nuc_gene_a__CCDC17_	1
observable_10286	nuc_gene_a__GADL1_	1
observable_10287	nuc_gene_a__DRD1_	1
observable_10288	nuc_gene_a__IRX4_	1
observable_10289	nuc_gene_a__CGNL1_	1
observable_10290	nuc_gene_a__IKBKG_	1
observable_10291	nuc_gene_a__SDF2_	1
observable_10292	nuc_gene_a__COLEC11_	1
observable_10293	nuc_gene_a__TXNDC16_	1
observable_10294	nuc_gene_a__MGRN1_	1
observable_10295	nuc_gene_a__C1QTNF2_	1
observable_10296	nuc_gene_a__ZNF624_	1
observable_10297	nuc_gene_a__EVI2A_	1
observable_10298	nuc_gene_a__SLAMF7_	1
observable_10299	nuc_gene_a__TBC1D3_	1
observable_10300	nuc_gene_a__PTK2B_	1
observable_10301	nuc_gene_a__FLT3LG_	1
observable_10302	nuc_gene_a__RFWD3_	1
observable_10303	nuc_gene_a__FLRT2_	1
observable_10304	nuc_gene_a__GLP2R_	1
observable_10305	nuc_gene_a__BCL6B_	1
observable_10306	nuc_gene_a__HACD3_	1
observable_10307	nuc_gene_a__REEP6_	1
observable_10308	nuc_gene_a__ZNF770_	1
observable_10309	nuc_gene_a__LGALS9B_	1
observable_10310	nuc_gene_a__SETD6_	1
observable_10311	nuc_gene_a__TTLL7_	1
observable_10312	nuc_gene_a__GNPDA1_	1
observable_10313	nuc_gene_a__DVL3_	1
observable_10314	nuc_gene_a__PLPPR3_	1
observable_10315	nuc_gene_a__TRAPPC2L_	1
observable_10316	nuc_gene_a__HDAC9_	1
observable_10317	nuc_gene_a__SOX5_	1
observable_10318	nuc_gene_a__APC_	1
observable_10319	nuc_gene_a__TRIM55_	1
observable_10320	nuc_gene_a__RPA3_	1
observable_10321	nuc_gene_a__G6PD_	1
observable_10322	nuc_gene_a__CYBB_	1
observable_10323	nuc_gene_a__PLXNA2_	1
observable_10324	nuc_gene_a__CPA6_	1
observable_10325	nuc_gene_a__GOLGA8A_	1
observable_10326	nuc_gene_a__PIEZO1_	1
observable_10327	nuc_gene_a__FABP4_	1
observable_10328	nuc_gene_a__ZDHHC15_	1
observable_10329	nuc_gene_a__KLHL25_	1
observable_10330	nuc_gene_a__STT3B_	1
observable_10331	nuc_gene_a__CA10_	1
observable_10332	nuc_gene_a__PLLP_	1
observable_10333	nuc_gene_a__EFL1_	1
observable_10334	nuc_gene_a__ZNF41_	1
observable_10335	nuc_gene_a__GBP5_	1
observable_10336	nuc_gene_a__SYP_	1
observable_10337	nuc_gene_a__FBH1_	1
observable_10338	nuc_gene_a__AEBP1_	1
observable_10339	nuc_gene_a__DDAH1_	1
observable_10340	nuc_gene_a__ATE1_	1
observable_10341	nuc_gene_a__ZNF273_	1
observable_10342	nuc_gene_a__SIAH1_	1
observable_10343	nuc_gene_a__BUB1_	1
observable_10344	nuc_gene_a__MRPS34_	1
observable_10345	nuc_gene_a__RBSN_	1
observable_10346	nuc_gene_a__CLDN6_	1
observable_10347	nuc_gene_a__SRPK2_	1
observable_10348	nuc_gene_a__SPARC_	1
observable_10349	nuc_gene_a__ELFN1_	1
observable_10350	nuc_gene_a__PLA2G4F_	1
observable_10351	nuc_gene_a__SHCBP1_	1
observable_10352	nuc_gene_a__CCDC141_	1
observable_10353	nuc_gene_a__BCAP31_	1
observable_10354	nuc_gene_a__TRPV3_	1
observable_10355	nuc_gene_a__PEPD_	1
observable_10356	nuc_gene_a__ADORA1_	1
observable_10357	nuc_gene_a__SHTN1_	1
observable_10358	nuc_gene_a__NES_	1
observable_10359	nuc_gene_a__FAM53B_	1
observable_10360	nuc_gene_a__C1orf162_	1
observable_10361	nuc_gene_a__CYP1A1_	1
observable_10362	nuc_gene_a__SHISA4_	1
observable_10363	nuc_gene_a__SRI_	1
observable_10364	nuc_gene_a__ZNF616_	1
observable_10365	nuc_gene_a__SMC2_	1
observable_10366	nuc_gene_a__ZBTB1_	1
observable_10367	nuc_gene_a__MRPL43_	1
observable_10368	nuc_gene_a__MFSD1_	1
observable_10369	nuc_gene_a__DMPK_	1
observable_10370	nuc_gene_a__WDR75_	1
observable_10371	nuc_gene_a__VSIG4_	1
observable_10372	nuc_gene_a__IKBKB_	1
observable_10373	nuc_gene_a__CRCP_	1
observable_10374	nuc_gene_a__NCDN_	1
observable_10375	nuc_gene_a__TMEM273_	1
observable_10376	nuc_gene_a__ZBTB25_	1
observable_10377	nuc_gene_a__FOXK1_	1
observable_10378	nuc_gene_a__PEMT_	1
observable_10379	nuc_gene_a__SMIM15_	1
observable_10380	nuc_gene_a__ERP44_	1
observable_10381	nuc_gene_a__SYAP1_	1
observable_10382	nuc_gene_a__TDRD1_	1
observable_10383	nuc_gene_a__TMCO1_	1
observable_10384	nuc_gene_a__EXOSC3_	1
observable_10385	nuc_gene_a__RFNG_	1
observable_10386	nuc_gene_a__SNX4_	1
observable_10387	nuc_gene_a__PYCR3_	1
observable_10388	nuc_gene_a__SRBD1_	1
observable_10389	nuc_gene_a__ZMPSTE24_	1
observable_10390	nuc_gene_a__NUP98_	1
observable_10391	nuc_gene_a__SCO1_	1
observable_10392	nuc_gene_a__LMOD1_	1
observable_10393	nuc_gene_a__TMEM38B_	1
observable_10394	nuc_gene_a__KCNJ10_	1
observable_10395	nuc_gene_a__GFRA1_	1
observable_10396	nuc_gene_a__DPY30_	1
observable_10397	nuc_gene_a__PLAUR_	1
observable_10398	nuc_gene_a__ZFP3_	1
observable_10399	nuc_gene_a__RAMP2_	1
observable_10400	nuc_gene_a__KAZALD1_	1
observable_10401	nuc_gene_a__TRIM14_	1
observable_10402	nuc_gene_a__P2RY14_	1
observable_10403	nuc_gene_a__ELOF1_	1
observable_10404	nuc_gene_a__NUDT8_	1
observable_10405	nuc_gene_a__NANS_	1
observable_10406	nuc_gene_a__PIGF_	1
observable_10407	nuc_gene_a__CRIPT_	1
observable_10408	nuc_gene_a__ORM1_	1
observable_10409	nuc_gene_a__COL9A2_	1
observable_10410	nuc_gene_a__CAVIN4_	1
observable_10411	nuc_gene_a__IL11RA_	1
observable_10412	nuc_gene_a__ZSCAN21_	1
observable_10413	nuc_gene_a__NFU1_	1
observable_10414	nuc_gene_a__DOCK3_	1
observable_10415	nuc_gene_a__RASSF4_	1
observable_10416	nuc_gene_a__BRF1_	1
observable_10417	nuc_gene_a__TP53I3_	1
observable_10418	nuc_gene_a__GBP6_	1
observable_10419	nuc_gene_a__TOMM40_	1
observable_10420	nuc_gene_a__RNF181_	1
observable_10421	nuc_gene_a__ARHGAP4_	1
observable_10422	nuc_gene_a__ZNF233_	1
observable_10423	nuc_gene_a__BTBD6_	1
observable_10424	nuc_gene_a__PTGER1_	1
observable_10425	nuc_gene_a__IRGM_	1
observable_10426	nuc_gene_a__ENTPD1_	1
observable_10427	nuc_gene_a__S100Z_	1
observable_10428	nuc_gene_a__MTERF4_	1
observable_10429	nuc_gene_a__DEPP1_	1
observable_10430	nuc_gene_a__C5orf34_	1
observable_10431	nuc_gene_a__ABCD1_	1
observable_10432	nuc_gene_a__COPS9_	1
observable_10433	nuc_gene_a__ATG4D_	1
observable_10434	nuc_gene_a__RAP1GAP2_	1
observable_10435	nuc_gene_a__USP8_	1
observable_10436	nuc_gene_a__NMRK1_	1
observable_10437	nuc_gene_a__CAMKK2_	1
observable_10438	nuc_gene_a__ZNF235_	1
observable_10439	nuc_gene_a__AKR1E2_	1
observable_10440	nuc_gene_a__AFAP1L1_	1
observable_10441	nuc_gene_a__SEC16B_	1
observable_10442	nuc_gene_a__TEX9_	1
observable_10443	nuc_gene_a__SSC4D_	1
observable_10444	nuc_gene_a__MNS1_	1
observable_10445	nuc_gene_a__CENPH_	1
observable_10446	nuc_gene_a__PARP9_	1
observable_10447	nuc_gene_a__TMEM200B_	1
observable_10448	nuc_gene_a__MINDY3_	1
observable_10449	nuc_gene_a__SYT5_	1
observable_10450	nuc_gene_a__SNAP91_	1
observable_10451	nuc_gene_a__CYREN_	1
observable_10452	nuc_gene_a__SYNPO_	1
observable_10453	nuc_gene_a__TRNAU1AP_	1
observable_10454	nuc_gene_a__ZBED3_	1
observable_10455	nuc_gene_a__FBXL20_	1
observable_10456	nuc_gene_a__DEDD2_	1
observable_10457	nuc_gene_a__PLIN1_	1
observable_10458	nuc_gene_a__TBX21_	1
observable_10459	nuc_gene_a__FAM131B_	1
observable_10460	nuc_gene_a__ATP6V1H_	1
observable_10461	nuc_gene_a__RPE_	1
observable_10462	nuc_gene_a__NAGS_	1
observable_10463	nuc_gene_a__NOS1AP_	1
observable_10464	nuc_gene_a__MACC1_	1
observable_10465	nuc_gene_a__SNRPG_	1
observable_10466	nuc_gene_a__PIK3R6_	1
observable_10467	nuc_gene_a__REG4_	1
observable_10468	nuc_gene_a__MTERF1_	1
observable_10469	nuc_gene_a__SLC25A23_	1
observable_10470	nuc_gene_a__PPDPFL_	1
observable_10471	nuc_gene_a__ULBP2_	1
observable_10472	nuc_gene_a__GNAT2_	1
observable_10473	nuc_gene_a__SH3BGRL2_	1
observable_10474	nuc_gene_a__BTRC_	1
observable_10475	nuc_gene_a__LIFR_	1
observable_10476	nuc_gene_a__LAMTOR5_	1
observable_10477	nuc_gene_a__PPP2R2A_	1
observable_10478	nuc_gene_a__APPBP2_	1
observable_10479	nuc_gene_a__ADIRF_	1
observable_10480	nuc_gene_a__INTS14_	1
observable_10481	nuc_gene_a__TYSND1_	1
observable_10482	nuc_gene_a__ATF3_	1
observable_10483	nuc_gene_a__ARHGEF5_	1
observable_10484	nuc_gene_a__HKDC1_	1
observable_10485	nuc_gene_a__IL22RA1_	1
observable_10486	nuc_gene_a__MOB4_	1
observable_10487	nuc_gene_a__ZNF287_	1
observable_10488	nuc_gene_a__PITHD1_	1
observable_10489	nuc_gene_a__SLC6A17_	1
observable_10490	nuc_gene_a__SF3B6_	1
observable_10491	nuc_gene_a__TSPAN33_	1
observable_10492	nuc_gene_a__LYG2_	1
observable_10493	nuc_gene_a__SFT2D2_	1
observable_10494	nuc_gene_a__SV2B_	1
observable_10495	nuc_gene_a__ZNF16_	1
observable_10496	nuc_gene_a__NMD3_	1
observable_10497	nuc_gene_a__KANK3_	1
observable_10498	nuc_gene_a__RAMAC_	1
observable_10499	nuc_gene_a__MPP3_	1
observable_10500	nuc_gene_a__M1AP_	1
observable_10501	nuc_gene_a__ADPGK_	1
observable_10502	nuc_gene_a__BLVRA_	1
observable_10503	nuc_gene_a__MED17_	1
observable_10504	nuc_gene_a__LY9_	1
observable_10505	nuc_gene_a__TRO_	1
observable_10506	nuc_gene_a__RNF112_	1
observable_10507	nuc_gene_a__MRC1_	1
observable_10508	nuc_gene_a__UBE2H_	1
observable_10509	nuc_gene_a__CLN3_	1
observable_10510	nuc_gene_a__MAPK10_	1
observable_10511	nuc_gene_a__KCNN3_	1
observable_10512	nuc_gene_a__EBP_	1
observable_10513	nuc_gene_a__CASQ2_	1
observable_10514	nuc_gene_a__CALCOCO1_	1
observable_10515	nuc_gene_a__SLC47A2_	1
observable_10516	nuc_gene_a__MEOX1_	1
observable_10517	nuc_gene_a__NSMAF_	1
observable_10518	nuc_gene_a__SERPINC1_	1
observable_10519	nuc_gene_a__CDR2L_	1
observable_10520	nuc_gene_a__HBS1L_	1
observable_10521	nuc_gene_a__PCP4L1_	1
observable_10522	nuc_gene_a__TSPAN15_	1
observable_10523	nuc_gene_a__APOO_	1
observable_10524	nuc_gene_a__FN3KRP_	1
observable_10525	nuc_gene_a__PEX10_	1
observable_10526	nuc_gene_a__ZNF485_	1
observable_10527	nuc_gene_a__GPRC5A_	1
observable_10528	nuc_gene_a__FASLG_	1
observable_10529	nuc_gene_a__ZMAT4_	1
observable_10530	nuc_gene_a__FN3K_	1
observable_10531	nuc_gene_a__C8B_	1
observable_10532	nuc_gene_a__ATP1A3_	1
observable_10533	nuc_gene_a__TNFRSF9_	1
observable_10534	nuc_gene_a__HIVEP2_	1
observable_10535	nuc_gene_a__SSR4_	1
observable_10536	nuc_gene_a__RPS28_	1
observable_10537	nuc_gene_a__FPR1_	1
observable_10538	nuc_gene_a__RMND1_	1
observable_10539	nuc_gene_a__SCAF11_	1
observable_10540	nuc_gene_a__KDM6B_	1
observable_10541	nuc_gene_a__SLCO5A1_	1
observable_10542	nuc_gene_a__NMT2_	1
observable_10543	nuc_gene_a__UPF1_	1
observable_10544	nuc_gene_a__EXOC4_	1
observable_10545	nuc_gene_a__SIRT5_	1
observable_10546	nuc_gene_a__RAD21_	1
observable_10547	nuc_gene_a__SF3B2_	1
observable_10548	nuc_gene_a__RASGEF1A_	1
observable_10549	nuc_gene_a__GSTM1_	1
observable_10550	nuc_gene_a__MYCBPAP_	1
observable_10551	nuc_gene_a__MORF4L1_	1
observable_10552	nuc_gene_a__ICAM5_	1
observable_10553	nuc_gene_a__SLC45A1_	1
observable_10554	nuc_gene_a__HABP4_	1
observable_10555	nuc_gene_a__NDUFA9_	1
observable_10556	nuc_gene_a__EDN2_	1
observable_10557	nuc_gene_a__ELK1_	1
observable_10558	nuc_gene_a__RPL27_	1
observable_10559	nuc_gene_a__ITGAV_	1
observable_10560	nuc_gene_a__TMEM14A_	1
observable_10561	nuc_gene_a__DPM2_	1
observable_10562	nuc_gene_a__CEACAM5_	1
observable_10563	nuc_gene_a__MRPL11_	1
observable_10564	nuc_gene_a__ATP6V0A4_	1
observable_10565	nuc_gene_a__SRPX_	1
observable_10566	nuc_gene_a__APH1A_	1
observable_10567	nuc_gene_a__GPR141_	1
observable_10568	nuc_gene_a__PLPBP_	1
observable_10569	nuc_gene_a__NME1_	1
observable_10570	nuc_gene_a__FAM151A_	1
observable_10571	nuc_gene_a__WDR5_	1
observable_10572	nuc_gene_a__MPPED2_	1
observable_10573	nuc_gene_a__SELL_	1
observable_10574	nuc_gene_a__NUMB_	1
observable_10575	nuc_gene_a__NRGN_	1
observable_10576	nuc_gene_a__ATAD2B_	1
observable_10577	nuc_gene_a__RMI1_	1
observable_10578	nuc_gene_a__MRPL44_	1
observable_10579	nuc_gene_a__ATP2A2_	1
observable_10580	nuc_gene_a__GPBP1_	1
observable_10581	nuc_gene_a__LGALSL_	1
observable_10582	nuc_gene_a__ATP6V1B2_	1
observable_10583	nuc_gene_a__LGI2_	1
observable_10584	nuc_gene_a__SCCPDH_	1
observable_10585	nuc_gene_a__ALKBH8_	1
observable_10586	nuc_gene_a__PTGES2_	1
observable_10587	nuc_gene_a__RPL19_	1
observable_10588	nuc_gene_a__RHOG_	1
observable_10589	nuc_gene_a__MRPS9_	1
observable_10590	nuc_gene_a__SOCS3_	1
observable_10591	nuc_gene_a__C17orf58_	1
observable_10592	nuc_gene_a__B3GALNT1_	1
observable_10593	nuc_gene_a__DUOX1_	1
observable_10594	nuc_gene_a__PGGHG_	1
observable_10595	nuc_gene_a__WDR17_	1
observable_10596	nuc_gene_a__ST8SIA2_	1
observable_10597	nuc_gene_a__ERCC6L2_	1
observable_10598	nuc_gene_a__SYBU_	1
observable_10599	nuc_gene_a__PPP2R5D_	1
observable_10600	nuc_gene_a__HYAL2_	1
observable_10601	nuc_gene_a__SMG1_	1
observable_10602	nuc_gene_a__DBN1_	1
observable_10603	nuc_gene_a__CNKSR1_	1
observable_10604	nuc_gene_a__LRRC31_	1
observable_10605	nuc_gene_a__PAPLN_	1
observable_10606	nuc_gene_a__TCF3_	1
observable_10607	nuc_gene_a__SLAMF1_	1
observable_10608	nuc_gene_a__TRABD2B_	1
observable_10609	nuc_gene_a__SEC22A_	1
observable_10610	nuc_gene_a__PAK6_	1
observable_10611	nuc_gene_a__PLIN2_	1
observable_10612	nuc_gene_a__IFI44_	1
observable_10613	nuc_gene_a__PLS3_	1
observable_10614	nuc_gene_a__BTN3A3_	1
observable_10615	nuc_gene_a__ZNHIT6_	1
observable_10616	nuc_gene_a__TMEM63C_	1
observable_10617	nuc_gene_a__TCEA1_	1
observable_10618	nuc_gene_a__VPS35_	1
observable_10619	nuc_gene_a__ZSCAN5A_	1
observable_10620	nuc_gene_a__GID4_	1
observable_10621	nuc_gene_a__ALPL_	1
observable_10622	nuc_gene_a__CSAD_	1
observable_10623	nuc_gene_a__RIF1_	1
observable_10624	nuc_gene_a__FAM163A_	1
observable_10625	nuc_gene_a__SDHA_	1
observable_10626	nuc_gene_a__HPRT1_	1
observable_10627	nuc_gene_a__POLG2_	1
observable_10628	nuc_gene_a__CMTR1_	1
observable_10629	nuc_gene_a__DIPK1A_	1
observable_10630	nuc_gene_a__MOB1A_	1
observable_10631	nuc_gene_a__RDH14_	1
observable_10632	nuc_gene_a__NCAPG2_	1
observable_10633	nuc_gene_a__ILDR2_	1
observable_10634	nuc_gene_a__MED21_	1
observable_10635	nuc_gene_a__ETAA1_	1
observable_10636	nuc_gene_a__CRISPLD1_	1
observable_10637	nuc_gene_a__ZNF26_	1
observable_10638	nuc_gene_a__ZNF134_	1
observable_10639	nuc_gene_a__GDAP2_	1
observable_10640	nuc_gene_a__CPNE2_	1
observable_10641	nuc_gene_a__TENT5C_	1
observable_10642	nuc_gene_a__MTF1_	1
observable_10643	nuc_gene_a__SDR42E1_	1
observable_10644	nuc_gene_a__SPAAR_	1
observable_10645	nuc_gene_a__AJAP1_	1
observable_10646	nuc_gene_a__RB1CC1_	1
observable_10647	nuc_gene_a__MAP7D2_	1
observable_10648	nuc_gene_a__LITAF_	1
observable_10649	nuc_gene_a__MKLN1_	1
observable_10650	nuc_gene_a__SPATA6L_	1
observable_10651	nuc_gene_a__PKIA_	1
observable_10652	nuc_gene_a__CASKIN2_	1
observable_10653	nuc_gene_a__PDGFRL_	1
observable_10654	nuc_gene_a__AOC1_	1
observable_10655	nuc_gene_a__CA2_	1
observable_10656	nuc_gene_a__SEC24B_	1
observable_10657	nuc_gene_a__FCGR2B_	1
observable_10658	nuc_gene_a__WDHD1_	1
observable_10659	nuc_gene_a__GPN1_	1
observable_10660	nuc_gene_a__PTGFRN_	1
observable_10661	nuc_gene_a__C1orf52_	1
observable_10662	nuc_gene_a__COPS5_	1
observable_10663	nuc_gene_a__TBL1X_	1
observable_10664	nuc_gene_a__SLC25A3_	1
observable_10665	nuc_gene_a__OSTC_	1
observable_10666	nuc_gene_a__STX17_	1
observable_10667	nuc_gene_a__CD22_	1
observable_10668	nuc_gene_a__SLC25A20_	1
observable_10669	nuc_gene_a__GFI1_	1
observable_10670	nuc_gene_a__WBP1_	1
observable_10671	nuc_gene_a__IL7_	1
observable_10672	nuc_gene_a__COG7_	1
observable_10673	nuc_gene_a__LRRC58_	1
observable_10674	nuc_gene_a__MRPS2_	1
observable_10675	nuc_gene_a__CPOX_	1
observable_10676	nuc_gene_a__PTCH2_	1
observable_10677	nuc_gene_a__CCL22_	1
observable_10678	nuc_gene_a__ZDHHC12_	1
observable_10679	nuc_gene_a__CEACAM7_	1
observable_10680	nuc_gene_a__ITGB1BP2_	1
observable_10681	nuc_gene_a__GSTCD_	1
observable_10682	nuc_gene_a__BRINP1_	1
observable_10683	nuc_gene_a__RAPGEF6_	1
observable_10684	nuc_gene_a__CLIP2_	1
observable_10685	nuc_gene_a__HELZ_	1
observable_10686	nuc_gene_a__PHC2_	1
observable_10687	nuc_gene_a__MYL6B_	1
observable_10688	nuc_gene_a__CHST12_	1
observable_10689	nuc_gene_a__BEST4_	1
observable_10690	nuc_gene_a__RPS15A_	1
observable_10691	nuc_gene_a__SLC22A5_	1
observable_10692	nuc_gene_a__KLRG2_	1
observable_10693	nuc_gene_a__SNRNP70_	1
observable_10694	nuc_gene_a__UGT2B17_	1
observable_10695	nuc_gene_a__SNX14_	1
observable_10696	nuc_gene_a__MRPL12_	1
observable_10697	nuc_gene_a__SMG8_	1
observable_10698	nuc_gene_a__CENPU_	1
observable_10699	nuc_gene_a__TMEM143_	1
observable_10700	nuc_gene_a__AOAH_	1
observable_10701	nuc_gene_a__KCNH6_	1
observable_10702	nuc_gene_a__MTUS1_	1
observable_10703	nuc_gene_a__TMTC1_	1
observable_10704	nuc_gene_a__HAUS4_	1
observable_10705	nuc_gene_a__DHRS13_	1
observable_10706	nuc_gene_a__ITSN2_	1
observable_10707	nuc_gene_a__SMAD5_	1
observable_10708	nuc_gene_a__SH2D3A_	1
observable_10709	nuc_gene_a__VWDE_	1
observable_10710	nuc_gene_a__BTBD10_	1
observable_10711	nuc_gene_a__WDR1_	1
observable_10712	nuc_gene_a__UNC119_	1
observable_10713	nuc_gene_a__TMEM119_	1
observable_10714	nuc_gene_a__CPQ_	1
observable_10715	nuc_gene_a__GLG1_	1
observable_10716	nuc_gene_a__MORN3_	1
observable_10717	nuc_gene_a__KIF18B_	1
observable_10718	nuc_gene_a__TRIM17_	1
observable_10719	nuc_gene_a__C19orf44_	1
observable_10720	nuc_gene_a__KISS1_	1
observable_10721	nuc_gene_a__LSM12_	1
observable_10722	nuc_gene_a__KITLG_	1
observable_10723	nuc_gene_a__LDLRAD1_	1
observable_10724	nuc_gene_a__ST6GALNAC4_	1
observable_10725	nuc_gene_a__DUOXA1_	1
observable_10726	nuc_gene_a__FTSJ3_	1
observable_10727	nuc_gene_a__SRSF7_	1
observable_10728	nuc_gene_a__NIPSNAP2_	1
observable_10729	nuc_gene_a__ZNF45_	1
observable_10730	nuc_gene_a__FCRL6_	1
observable_10731	nuc_gene_a__KANSL2_	1
observable_10732	nuc_gene_a__CDK10_	1
observable_10733	nuc_gene_a__DNAJA1_	1
observable_10734	nuc_gene_a__OLFM3_	1
observable_10735	nuc_gene_a__SH3KBP1_	1
observable_10736	nuc_gene_a__EXTL1_	1
observable_10737	nuc_gene_a__AQP8_	1
observable_10738	nuc_gene_a__CRACR2A_	1
observable_10739	nuc_gene_a__DEFA3_	1
observable_10740	nuc_gene_a__PDP2_	1
observable_10741	nuc_gene_a__DUOXA2_	1
observable_10742	nuc_gene_a__MAP4K2_	1
observable_10743	nuc_gene_a__FCER1G_	1
observable_10744	nuc_gene_a__CRHR2_	1
observable_10745	nuc_gene_a__LRRC8B_	1
observable_10746	nuc_gene_a__YRDC_	1
observable_10747	nuc_gene_a__SNX31_	1
observable_10748	nuc_gene_a__CFHR4_	1
observable_10749	nuc_gene_a__DENND4C_	1
observable_10750	nuc_gene_a__S100A1_	1
observable_10751	nuc_gene_a__FKBP10_	1
observable_10752	nuc_gene_a__RBM4B_	1
observable_10753	nuc_gene_a__AGPS_	1
observable_10754	nuc_gene_a__LRRC71_	1
observable_10755	nuc_gene_a__EXOC2_	1
observable_10756	nuc_gene_a__FUT8_	1
observable_10757	nuc_gene_a__GRIA3_	1
observable_10758	nuc_gene_a__CYP4F3_	1
observable_10759	nuc_gene_a__CPED1_	1
observable_10760	nuc_gene_a__RAB33A_	1
observable_10761	nuc_gene_a__ZNF347_	1
observable_10762	nuc_gene_a__PDCL3_	1
observable_10763	nuc_gene_a__CCNDBP1_	1
observable_10764	nuc_gene_a__CD244_	1
observable_10765	nuc_gene_a__LDHB_	1
observable_10766	nuc_gene_a__ZNF211_	1
observable_10767	nuc_gene_a__PTN_	1
observable_10768	nuc_gene_a__PGC_	1
observable_10769	nuc_gene_a__ARPP19_	1
observable_10770	nuc_gene_a__CFHR2_	1
observable_10771	nuc_gene_a__GOLGA1_	1
observable_10772	nuc_gene_a__TMEM168_	1
observable_10773	nuc_gene_a__CEP57_	1
observable_10774	nuc_gene_a__MORF4L2_	1
observable_10775	nuc_gene_a__PHGR1_	1
observable_10776	nuc_gene_a__CCNG1_	1
observable_10777	nuc_gene_a__KDM7A_	1
observable_10778	nuc_gene_a__SPRTN_	1
observable_10779	nuc_gene_a__NARF_	1
observable_10780	nuc_gene_a__FST_	1
observable_10781	nuc_gene_a__EOGT_	1
observable_10782	nuc_gene_a__GABARAP_	1
observable_10783	nuc_gene_a__AP3S1_	1
observable_10784	nuc_gene_a__PPARD_	1
observable_10785	nuc_gene_a__HIP1R_	1
observable_10786	nuc_gene_a__PPIC_	1
observable_10787	nuc_gene_a__EIF2AK4_	1
observable_10788	nuc_gene_a__MCOLN1_	1
observable_10789	nuc_gene_a__ADAMTSL4_	1
observable_10790	nuc_gene_a__NCAPH_	1
observable_10791	nuc_gene_a__SLC30A7_	1
observable_10792	nuc_gene_a__ATP5F1B_	1
observable_10793	nuc_gene_a__CAPRIN1_	1
observable_10794	nuc_gene_a__APPL1_	1
observable_10795	nuc_gene_a__STOML1_	1
observable_10796	nuc_gene_a__SPAG5_	1
observable_10797	nuc_gene_a__HMGCS2_	1
observable_10798	nuc_gene_a__ASAH1_	1
observable_10799	nuc_gene_a__RYK_	1
observable_10800	nuc_gene_a__SLC30A10_	1
observable_10801	nuc_gene_a__BEST3_	1
observable_10802	nuc_gene_a__CIB2_	1
observable_10803	nuc_gene_a__GALNT14_	1
observable_10804	nuc_gene_a__SLC29A2_	1
observable_10805	nuc_gene_a__MRPS11_	1
observable_10806	nuc_gene_a__TMSB10_	1
observable_10807	nuc_gene_a__DCBLD2_	1
observable_10808	nuc_gene_a__DENND1B_	1
observable_10809	nuc_gene_a__TIAM2_	1
observable_10810	nuc_gene_a__TMEM45B_	1
observable_10811	nuc_gene_a__ZNF697_	1
observable_10812	nuc_gene_a__BAHD1_	1
observable_10813	nuc_gene_a__HAVCR1_	1
observable_10814	nuc_gene_a__SPRY4_	1
observable_10815	nuc_gene_a__RPL32_	1
observable_10816	nuc_gene_a__AGBL5_	1
observable_10817	nuc_gene_a__OST4_	1
observable_10818	nuc_gene_a__MPDU1_	1
observable_10819	nuc_gene_a__ID2_	1
observable_10820	nuc_gene_a__CFHR1_	1
observable_10821	nuc_gene_a__CRTAP_	1
observable_10822	nuc_gene_a__AP3S2_	1
observable_10823	nuc_gene_a__CRISPLD2_	1
observable_10824	nuc_gene_a__CDK16_	1
observable_10825	nuc_gene_a__PARS2_	1
observable_10826	nuc_gene_a__AMIGO1_	1
observable_10827	nuc_gene_a__ENTPD4_	1
observable_10828	nuc_gene_a__SIKE1_	1
observable_10829	nuc_gene_a__SLX1A_	1
observable_10830	nuc_gene_a__AIDA_	1
observable_10831	nuc_gene_a__AGTR2_	1
observable_10832	nuc_gene_a__ZBTB37_	1
observable_10833	nuc_gene_a__TPRG1L_	1
observable_10834	nuc_gene_a__HACE1_	1
observable_10835	nuc_gene_a__TIMP4_	1
observable_10836	nuc_gene_a__CDV3_	1
observable_10837	nuc_gene_a__BBS9_	1
observable_10838	nuc_gene_a__MRPL19_	1
observable_10839	nuc_gene_a__CD247_	1
observable_10840	nuc_gene_a__GPT_	1
observable_10841	nuc_gene_a__MYCN_	1
observable_10842	nuc_gene_a__ARRB2_	1
observable_10843	nuc_gene_a__MPDZ_	1
observable_10844	nuc_gene_a__PENK_	1
observable_10845	nuc_gene_a__CDC40_	1
observable_10846	nuc_gene_a__APOA2_	1
observable_10847	nuc_gene_a__TAF11_	1
observable_10848	nuc_gene_a__COMMD5_	1
observable_10849	nuc_gene_a__MRE11_	1
observable_10850	nuc_gene_a__TDRD10_	1
observable_10851	nuc_gene_a__ZNF281_	1
observable_10852	nuc_gene_a__DNAJA4_	1
observable_10853	nuc_gene_a__ZSCAN9_	1
observable_10854	nuc_gene_a__RNF115_	1
observable_10855	nuc_gene_a__CD63_	1
observable_10856	nuc_gene_a__POLD4_	1
observable_10857	nuc_gene_a__PUSL1_	1
observable_10858	nuc_gene_a__ARMCX2_	1
observable_10859	nuc_gene_a__AGPAT4_	1
observable_10860	nuc_gene_a__VIRMA_	1
observable_10861	nuc_gene_a__ALOX12_	1
observable_10862	nuc_gene_a__TCF24_	1
observable_10863	nuc_gene_a__NR5A2_	1
observable_10864	nuc_gene_a__ZBTB10_	1
observable_10865	nuc_gene_a__G6PC3_	1
observable_10866	nuc_gene_a__SLC26A8_	1
observable_10867	nuc_gene_a__CDAN1_	1
observable_10868	nuc_gene_a__UBB_	1
observable_10869	nuc_gene_a__PASK_	1
observable_10870	nuc_gene_a__ADAP1_	1
observable_10871	nuc_gene_a__ACSL1_	1
observable_10872	nuc_gene_a__PNISR_	1
observable_10873	nuc_gene_a__ITFG2_	1
observable_10874	nuc_gene_a__NPM2_	1
observable_10875	nuc_gene_a__GFPT2_	1
observable_10876	nuc_gene_a__GLI4_	1
observable_10877	nuc_gene_a__SLC28A2_	1
observable_10878	nuc_gene_a__CCNYL1_	1
observable_10879	nuc_gene_a__CHMP7_	1
observable_10880	nuc_gene_a__SKA2_	1
observable_10881	nuc_gene_a__NMI_	1
observable_10882	nuc_gene_a__TTC12_	1
observable_10883	nuc_gene_a__NFIB_	1
observable_10884	nuc_gene_a__EZH2_	1
observable_10885	nuc_gene_a__GAL3ST3_	1
observable_10886	nuc_gene_a__TUBGCP5_	1
observable_10887	nuc_gene_a__ST3GAL6_	1
observable_10888	nuc_gene_a__PRKACB_	1
observable_10889	nuc_gene_a__COPS8_	1
observable_10890	nuc_gene_a__PAQR5_	1
observable_10891	nuc_gene_a__MRPS27_	1
observable_10892	nuc_gene_a__ZNF317_	1
observable_10893	nuc_gene_a__DQX1_	1
observable_10894	nuc_gene_a__SDHC_	1
observable_10895	nuc_gene_a__TMEM184A_	1
observable_10896	nuc_gene_a__ABCC9_	1
observable_10897	nuc_gene_a__LRIF1_	1
observable_10898	nuc_gene_a__RBM47_	1
observable_10899	nuc_gene_a__AKR7A3_	1
observable_10900	nuc_gene_a__CD1A_	1
observable_10901	nuc_gene_a__GSAP_	1
observable_10902	nuc_gene_a__HERC3_	1
observable_10903	nuc_gene_a__ANGPTL3_	1
observable_10904	nuc_gene_a__CKMT2_	1
observable_10905	nuc_gene_a__CXCL1_	1
observable_10906	nuc_gene_a__EIF4E2_	1
observable_10907	nuc_gene_a__VWA1_	1
observable_10908	nuc_gene_a__MSRB3_	1
observable_10909	nuc_gene_a__ATP2A3_	1
observable_10910	nuc_gene_a__SPRED2_	1
observable_10911	nuc_gene_a__KCND3_	1
observable_10912	nuc_gene_a__ALPK1_	1
observable_10913	nuc_gene_a__NUDT4_	1
observable_10914	nuc_gene_a__FMO3_	1
observable_10915	nuc_gene_a__FAH_	1
observable_10916	nuc_gene_a__MROH1_	1
observable_10917	nuc_gene_a__NOS3_	1
observable_10918	nuc_gene_a__POLR1A_	1
observable_10919	nuc_gene_a__GIMAP4_	1
observable_10920	nuc_gene_a__PSMD3_	1
observable_10921	nuc_gene_a__SERPINB6_	1
observable_10922	nuc_gene_a__PRKRIP1_	1
observable_10923	nuc_gene_a__ARL17B_	1
observable_10924	nuc_gene_a__RND2_	1
observable_10925	nuc_gene_a__PLAG1_	1
observable_10926	nuc_gene_a__MRPS23_	1
observable_10927	nuc_gene_a__PDE6G_	1
observable_10928	nuc_gene_a__CC2D2A_	1
observable_10929	nuc_gene_a__GBP7_	1
observable_10930	nuc_gene_a__RRM2_	1
observable_10931	nuc_gene_a__LRRCC1_	1
observable_10932	nuc_gene_a__SNUPN_	1
observable_10933	nuc_gene_a__TAOK1_	1
observable_10934	nuc_gene_a__ZNF232_	1
observable_10935	nuc_gene_a__IGSF3_	1
observable_10936	nuc_gene_a__NAA38_	1
observable_10937	nuc_gene_a__ZNF683_	1
observable_10938	nuc_gene_a__MPHOSPH10_	1
observable_10939	nuc_gene_a__PLBD1_	1
observable_10940	nuc_gene_a__FLNB_	1
observable_10941	nuc_gene_a__RMND5A_	1
observable_10942	nuc_gene_a__SCAMP2_	1
observable_10943	nuc_gene_a__ADGRG2_	1
observable_10944	nuc_gene_a__ASAP1_	1
observable_10945	nuc_gene_a__SPAST_	1
observable_10946	nuc_gene_a__TBC1D19_	1
observable_10947	nuc_gene_a__TEX14_	1
observable_10948	nuc_gene_a__SIX2_	1
observable_10949	nuc_gene_a__ZNF331_	1
observable_10950	nuc_gene_a__COPZ1_	1
observable_10951	nuc_gene_a__TMEM37_	1
observable_10952	nuc_gene_a__SNCAIP_	1
observable_10953	nuc_gene_a__VBP1_	1
observable_10954	nuc_gene_a__ANXA13_	1
observable_10955	nuc_gene_a__IP6K2_	1
observable_10956	nuc_gene_a__LY96_	1
observable_10957	nuc_gene_a__PLRG1_	1
observable_10958	nuc_gene_a__CXorf38_	1
observable_10959	nuc_gene_a__DHRS7B_	1
observable_10960	nuc_gene_a__LAMB1_	1
observable_10961	nuc_gene_a__PYY_	1
observable_10962	nuc_gene_a__PRKD3_	1
observable_10963	nuc_gene_a__STARD4_	1
observable_10964	nuc_gene_a__NSUN7_	1
observable_10965	nuc_gene_a__NCOR1_	1
observable_10966	nuc_gene_a__TTC39A_	1
observable_10967	nuc_gene_a__CDH12_	1
observable_10968	nuc_gene_a__SENP5_	1
observable_10969	nuc_gene_a__FGA_	1
observable_10970	nuc_gene_a__ERP29_	1
observable_10971	nuc_gene_a__BGN_	1
observable_10972	nuc_gene_a__MACO1_	1
observable_10973	nuc_gene_a__CSNK1G2_	1
observable_10974	nuc_gene_a__ALG14_	1
observable_10975	nuc_gene_a__TTC31_	1
observable_10976	nuc_gene_a__SNAP23_	1
observable_10977	nuc_gene_a__PGPEP1L_	1
observable_10978	nuc_gene_a__TOP2A_	1
observable_10979	nuc_gene_a__TYW5_	1
observable_10980	nuc_gene_a__ITGA5_	1
observable_10981	nuc_gene_a__TMEM18_	1
observable_10982	nuc_gene_a__SH3BP5_	1
observable_10983	nuc_gene_a__HOMER2_	1
observable_10984	nuc_gene_a__ENPP2_	1
observable_10985	nuc_gene_a__USP9X_	1
observable_10986	nuc_gene_a__GRK6_	1
observable_10987	nuc_gene_a__CDC27_	1
observable_10988	nuc_gene_a__ISLR2_	1
observable_10989	nuc_gene_a__DNAJB2_	1
observable_10990	nuc_gene_a__EIF2S3_	1
observable_10991	nuc_gene_a__ADAMTS17_	1
observable_10992	nuc_gene_a__TAF9B_	1
observable_10993	nuc_gene_a__TBX5_	1
observable_10994	nuc_gene_a__NR2F2_	1
observable_10995	nuc_gene_a__PAIP2_	1
observable_10996	nuc_gene_a__DAPK1_	1
observable_10997	nuc_gene_a__SUMO1_	1
observable_10998	nuc_gene_a__RGS1_	1
observable_10999	nuc_gene_a__ATAD2_	1
observable_11000	nuc_gene_a__ISOC1_	1
observable_11001	nuc_gene_a__EFNA1_	1
observable_11002	nuc_gene_a__TMEM92_	1
observable_11003	nuc_gene_a__LAS1L_	1
observable_11004	nuc_gene_a__DENND2D_	1
observable_11005	nuc_gene_a__PPY_	1
observable_11006	nuc_gene_a__PWP1_	1
observable_11007	nuc_gene_a__PTPRK_	1
observable_11008	nuc_gene_a__SH2D4A_	1
observable_11009	nuc_gene_a__TNFAIP8L2_	1
observable_11010	nuc_gene_a__UBFD1_	1
observable_11011	nuc_gene_a__IFT20_	1
observable_11012	nuc_gene_a__SLC35D1_	1
observable_11013	nuc_gene_a__KLHL15_	1
observable_11014	nuc_gene_a__FSD2_	1
observable_11015	nuc_gene_a__NPHS2_	1
observable_11016	nuc_gene_a__TMEM11_	1
observable_11017	nuc_gene_a__CD48_	1
observable_11018	nuc_gene_a__GJB3_	1
observable_11019	nuc_gene_a__CD1B_	1
observable_11020	nuc_gene_a__EEF2K_	1
observable_11021	nuc_gene_a__SECISBP2_	1
observable_11022	nuc_gene_a__ANKFY1_	1
observable_11023	nuc_gene_a__RASAL2_	1
observable_11024	nuc_gene_a__INPP5E_	1
observable_11025	nuc_gene_a__UGP2_	1
observable_11026	nuc_gene_a__GPA33_	1
observable_11027	nuc_gene_a__LCN6_	1
observable_11028	nuc_gene_a__TTC22_	1
observable_11029	nuc_gene_a__DIRAS3_	1
observable_11030	nuc_gene_a__ZNF711_	1
observable_11031	nuc_gene_a__RANBP10_	1
observable_11032	nuc_gene_a__C1orf198_	1
observable_11033	nuc_gene_a__CNOT9_	1
observable_11034	nuc_gene_a__F5_	1
observable_11035	nuc_gene_a__ORC6_	1
observable_11036	nuc_gene_a__FAAH2_	1
observable_11037	nuc_gene_a__SREBF1_	1
observable_11038	nuc_gene_a__VPS39_	1
observable_11039	nuc_gene_a__SUSD1_	1
observable_11040	nuc_gene_a__CHN1_	1
observable_11041	nuc_gene_a__BCAR1_	1
observable_11042	nuc_gene_a__PPP1R16A_	1
observable_11043	nuc_gene_a__CAP2_	1
observable_11044	nuc_gene_a__ATP5PD_	1
observable_11045	nuc_gene_a__RETREG2_	1
observable_11046	nuc_gene_a__ZNF322_	1
observable_11047	nuc_gene_a__FCHO1_	1
observable_11048	nuc_gene_a__SH2B1_	1
observable_11049	nuc_gene_a__TTC23_	1
observable_11050	nuc_gene_a__ZNF841_	1
observable_11051	nuc_gene_a__CNKSR3_	1
observable_11052	nuc_gene_a__ATP6AP2_	1
observable_11053	nuc_gene_a__ZNF382_	1
observable_11054	nuc_gene_a__FANCG_	1
observable_11055	nuc_gene_a__ANKS3_	1
observable_11056	nuc_gene_a__ERLIN2_	1
observable_11057	nuc_gene_a__KANSL1_	1
observable_11058	nuc_gene_a__TMEM214_	1
observable_11059	nuc_gene_a__ITGA7_	1
observable_11060	nuc_gene_a__DHPS_	1
observable_11061	nuc_gene_a__ATRAID_	1
observable_11062	nuc_gene_a__RAB11B_	1
observable_11063	nuc_gene_a__FAM222B_	1
observable_11064	nuc_gene_a__NUBP2_	1
observable_11065	nuc_gene_a__MADCAM1_	1
observable_11066	nuc_gene_a__MAPK14_	1
observable_11067	nuc_gene_a__PRSS21_	1
observable_11068	nuc_gene_a__ZER1_	1
observable_11069	nuc_gene_a__SLC25A10_	1
observable_11070	nuc_gene_a__GTPBP2_	1
observable_11071	nuc_gene_a__NR1I3_	1
observable_11072	nuc_gene_a__EPCAM_	1
observable_11073	nuc_gene_a__TAX1BP3_	1
observable_11074	nuc_gene_a__F13A1_	1
observable_11075	nuc_gene_a__GCNT1_	1
observable_11076	nuc_gene_a__CD79B_	1
observable_11077	nuc_gene_a__MAP1S_	1
observable_11078	nuc_gene_a__GMDS_	1
observable_11079	nuc_gene_a__ITFG1_	1
observable_11080	nuc_gene_a__DHX57_	1
observable_11081	nuc_gene_a__PUF60_	1
observable_11082	nuc_gene_a__ZNF611_	1
observable_11083	nuc_gene_a__LRRC45_	1
observable_11084	nuc_gene_a__DSE_	1
observable_11085	nuc_gene_a__FLYWCH2_	1
observable_11086	nuc_gene_a__COX7A2L_	1
observable_11087	nuc_gene_a__ZNF431_	1
observable_11088	nuc_gene_a__SPIN1_	1
observable_11089	nuc_gene_a__CD2BP2_	1
observable_11090	nuc_gene_a__HNRNPA1_	1
observable_11091	nuc_gene_a__TMEM9_	1
observable_11092	nuc_gene_a__TVP23B_	1
observable_11093	nuc_gene_a__CYFIP2_	1
observable_11094	nuc_gene_a__RBM12B_	1
observable_11095	nuc_gene_a__OR14I1_	1
observable_11096	nuc_gene_a__KTN1_	1
observable_11097	nuc_gene_a__TMEM71_	1
observable_11098	nuc_gene_a__CRLF3_	1
observable_11099	nuc_gene_a__PPP5C_	1
observable_11100	nuc_gene_a__TACO1_	1
observable_11101	nuc_gene_a__ERICH5_	1
observable_11102	nuc_gene_a__NT5C1A_	1
observable_11103	nuc_gene_a__PDE6H_	1
observable_11104	nuc_gene_a__CACNG4_	1
observable_11105	nuc_gene_a__C1orf53_	1
observable_11106	nuc_gene_a__DPP7_	1
observable_11107	nuc_gene_a__DUSP26_	1
observable_11108	nuc_gene_a__METTL2A_	1
observable_11109	nuc_gene_a__CYP2J2_	1
observable_11110	nuc_gene_a__ZNF525_	1
observable_11111	nuc_gene_a__CBX1_	1
observable_11112	nuc_gene_a__ITGAM_	1
observable_11113	nuc_gene_a__SHARPIN_	1
observable_11114	nuc_gene_a__CDK12_	1
observable_11115	nuc_gene_a__BAALC_	1
observable_11116	nuc_gene_a__SLC5A9_	1
observable_11117	nuc_gene_a__RHBDL1_	1
observable_11118	nuc_gene_a__SMIM7_	1
observable_11119	nuc_gene_a__REX1BD_	1
observable_11120	nuc_gene_a__FFAR1_	1
observable_11121	nuc_gene_a__ZNF358_	1
observable_11122	nuc_gene_a__ZNF404_	1
observable_11123	nuc_gene_a__JKAMP_	1
observable_11124	nuc_gene_a__MCEMP1_	1
observable_11125	nuc_gene_a__ETV4_	1
observable_11126	nuc_gene_a__MAF1_	1
observable_11127	nuc_gene_a__EIF4G1_	1
observable_11128	nuc_gene_a__PHLPP2_	1
observable_11129	nuc_gene_a__MAPKAP1_	1
observable_11130	nuc_gene_a__CAMK2B_	1
observable_11131	nuc_gene_a__COX6A2_	1
observable_11132	nuc_gene_a__UBXN6_	1
observable_11133	nuc_gene_a__CTNND2_	1
observable_11134	nuc_gene_a__ZNF132_	1
observable_11135	nuc_gene_a__SERPINA1_	1
observable_11136	nuc_gene_a__ZNF766_	1
observable_11137	nuc_gene_a__SPAG1_	1
observable_11138	nuc_gene_a__WFDC1_	1
observable_11139	nuc_gene_a__ZNF224_	1
observable_11140	nuc_gene_a__RHPN1_	1
observable_11141	nuc_gene_a__QPRT_	1
observable_11142	nuc_gene_a__LSM4_	1
observable_11143	nuc_gene_a__PGPEP1_	1
observable_11144	nuc_gene_a__SAMD12_	1
observable_11145	nuc_gene_a__CLCNKB_	1
observable_11146	nuc_gene_a__PMPCB_	1
observable_11147	nuc_gene_a__PYCR1_	1
observable_11148	nuc_gene_a__CFAP126_	1
observable_11149	nuc_gene_a__UTS2R_	1
observable_11150	nuc_gene_a__KIAA1191_	1
observable_11151	nuc_gene_a__DCDC2B_	1
observable_11152	nuc_gene_a__AMPD2_	1
observable_11153	nuc_gene_a__MCCC2_	1
observable_11154	nuc_gene_a__MRS2_	1
observable_11155	nuc_gene_a__ZNF286A_	1
observable_11156	nuc_gene_a__GLE1_	1
observable_11157	nuc_gene_a__CAPZA2_	1
observable_11158	nuc_gene_a__PEX3_	1
observable_11159	nuc_gene_a__ZFAND6_	1
observable_11160	nuc_gene_a__MCCC1_	1
observable_11161	nuc_gene_a__TCF25_	1
observable_11162	nuc_gene_a__TRIM28_	1
observable_11163	nuc_gene_a__MAN1A1_	1
observable_11164	nuc_gene_a__COL14A1_	1
observable_11165	nuc_gene_a__USP32_	1
observable_11166	nuc_gene_a__SBSPON_	1
observable_11167	nuc_gene_a__DNAJC16_	1
observable_11168	nuc_gene_a__CYB5B_	1
observable_11169	nuc_gene_a__CD58_	1
observable_11170	nuc_gene_a__TMOD3_	1
observable_11171	nuc_gene_a__SUB1_	1
observable_11172	nuc_gene_a__NUP62_	1
observable_11173	nuc_gene_a__LY6E_	1
observable_11174	nuc_gene_a__NGRN_	1
observable_11175	nuc_gene_a__NOL3_	1
observable_11176	nuc_gene_a__BRIP1_	1
observable_11177	nuc_gene_a__EMC7_	1
observable_11178	nuc_gene_a__CFHR3_	1
observable_11179	nuc_gene_a__ELOA_	1
observable_11180	nuc_gene_a__COX5A_	1
observable_11181	nuc_gene_a__CNR1_	1
observable_11182	nuc_gene_a__LCA5_	1
observable_11183	nuc_gene_a__OTUD7B_	1
observable_11184	nuc_gene_a__IGDCC4_	1
observable_11185	nuc_gene_a__SERINC1_	1
observable_11186	nuc_gene_a__AQP10_	1
observable_11187	nuc_gene_a__DNM1L_	1
observable_11188	nuc_gene_a__DDX39A_	1
observable_11189	nuc_gene_a__MGAT5B_	1
observable_11190	nuc_gene_a__FCGR3B_	1
observable_11191	nuc_gene_a__CDCA7L_	1
observable_11192	nuc_gene_a__KLHL32_	1
observable_11193	nuc_gene_a__ZNF460_	1
observable_11194	nuc_gene_a__LTF_	1
observable_11195	nuc_gene_a__CYP11B1_	1
observable_11196	nuc_gene_a__NSMF_	1
observable_11197	nuc_gene_a__MCTP2_	1
observable_11198	nuc_gene_a__NEK2_	1
observable_11199	nuc_gene_a__RHBDF1_	1
observable_11200	nuc_gene_a__ZNF670_	1
observable_11201	nuc_gene_a__IFT57_	1
observable_11202	nuc_gene_a__APBB3_	1
observable_11203	nuc_gene_a__QTRT1_	1
observable_11204	nuc_gene_a__CCDC88A_	1
observable_11205	nuc_gene_a__FCRL5_	1
observable_11206	nuc_gene_a__LCN12_	1
observable_11207	nuc_gene_a__OTULINL_	1
observable_11208	nuc_gene_a__CHN2_	1
observable_11209	nuc_gene_a__SRA1_	1
observable_11210	nuc_gene_a__RPL18_	1
observable_11211	nuc_gene_a__ADPRM_	1
observable_11212	nuc_gene_a__IL21R_	1
observable_11213	nuc_gene_a__MRPS17_	1
observable_11214	nuc_gene_a__DIS3L_	1
observable_11215	nuc_gene_a__PDK4_	1
observable_11216	nuc_gene_a__PIMREG_	1
observable_11217	nuc_gene_a__TENT4A_	1
observable_11218	nuc_gene_a__PRICKLE1_	1
observable_11219	nuc_gene_a__NDUFS8_	1
observable_11220	nuc_gene_a__PCYOX1L_	1
observable_11221	nuc_gene_a__FLYWCH1_	1
observable_11222	nuc_gene_a__RAC3_	1
observable_11223	nuc_gene_a__ZBTB39_	1
observable_11224	nuc_gene_a__RPL41_	1
observable_11225	nuc_gene_a__UNK_	1
observable_11226	nuc_gene_a__ASB15_	1
observable_11227	nuc_gene_a__IGF2BP1_	1
observable_11228	nuc_gene_a__THOP1_	1
observable_11229	nuc_gene_a__EYA1_	1
observable_11230	nuc_gene_a__CDHR3_	1
observable_11231	nuc_gene_a__CYP4A11_	1
observable_11232	nuc_gene_a__WDR41_	1
observable_11233	nuc_gene_a__DCTN2_	1
observable_11234	nuc_gene_a__JOSD2_	1
observable_11235	nuc_gene_a__PDZK1IP1_	1
observable_11236	nuc_gene_a__DOK2_	1
observable_11237	nuc_gene_a__MAPK7_	1
observable_11238	nuc_gene_a__PDE8A_	1
observable_11239	nuc_gene_a__DNASE2_	1
observable_11240	nuc_gene_a__MED30_	1
observable_11241	nuc_gene_a__ZNF181_	1
observable_11242	nuc_gene_a__C2CD2L_	1
observable_11243	nuc_gene_a__RALGDS_	1
observable_11244	nuc_gene_a__DDX55_	1
observable_11245	nuc_gene_a__CELF6_	1
observable_11246	nuc_gene_a__HACL1_	1
observable_11247	nuc_gene_a__AK2_	1
observable_11248	nuc_gene_a__ZBTB43_	1
observable_11249	nuc_gene_a__CABP1_	1
observable_11250	nuc_gene_a__RIMKLA_	1
observable_11251	nuc_gene_a__TMEFF2_	1
observable_11252	nuc_gene_a__NSMCE2_	1
observable_11253	nuc_gene_a__WDR45B_	1
observable_11254	nuc_gene_a__RGS13_	1
observable_11255	nuc_gene_a__CKAP2L_	1
observable_11256	nuc_gene_a__SPATA46_	1
observable_11257	nuc_gene_a__FZD5_	1
observable_11258	nuc_gene_a__DEGS1_	1
observable_11259	nuc_gene_a__SYT12_	1
observable_11260	nuc_gene_a__DRAXIN_	1
observable_11261	nuc_gene_a__RNASET2_	1
observable_11262	nuc_gene_a__ACADS_	1
observable_11263	nuc_gene_a__IL4R_	1
observable_11264	nuc_gene_a__PSMB2_	1
observable_11265	nuc_gene_a__LRRC59_	1
observable_11266	nuc_gene_a__TMEM107_	1
observable_11267	nuc_gene_a__CYC1_	1
observable_11268	nuc_gene_a__MYO1F_	1
observable_11269	nuc_gene_a__ARAP3_	1
observable_11270	nuc_gene_a__SCNM1_	1
observable_11271	nuc_gene_a__TMEM35B_	1
observable_11272	nuc_gene_a__EXD3_	1
observable_11273	nuc_gene_a__GPATCH2_	1
observable_11274	nuc_gene_a__NMT1_	1
observable_11275	nuc_gene_a__FAM72B_	1
observable_11276	nuc_gene_a__UXS1_	1
observable_11277	nuc_gene_a__DPAGT1_	1
observable_11278	nuc_gene_a__PLEKHJ1_	1
observable_11279	nuc_gene_a__CENPV_	1
observable_11280	nuc_gene_a__EBF2_	1
observable_11281	nuc_gene_a__ADCY9_	1
observable_11282	nuc_gene_a__TPRN_	1
observable_11283	nuc_gene_a__PRKAB2_	1
observable_11284	nuc_gene_a__PRPF38B_	1
observable_11285	nuc_gene_a__INTS13_	1
observable_11286	nuc_gene_a__CNTN6_	1
observable_11287	nuc_gene_a__MAP2K6_	1
observable_11288	nuc_gene_a__NDUFA5_	1
observable_11289	nuc_gene_a__RPL38_	1
observable_11290	nuc_gene_a__CAMK4_	1
observable_11291	nuc_gene_a__ACTR3C_	1
observable_11292	nuc_gene_a__SIN3A_	1
observable_11293	nuc_gene_a__MRPL27_	1
observable_11294	nuc_gene_a__GPATCH8_	1
observable_11295	nuc_gene_a__OTULIN_	1
observable_11296	nuc_gene_a__DDX47_	1
observable_11297	nuc_gene_a__CYB561A3_	1
observable_11298	nuc_gene_a__NUF2_	1
observable_11299	nuc_gene_a__SCRN2_	1
observable_11300	nuc_gene_a__ABHD8_	1
observable_11301	nuc_gene_a__GMPR2_	1
observable_11302	nuc_gene_a__DUSP23_	1
observable_11303	nuc_gene_a__GNA13_	1
observable_11304	nuc_gene_a__DTX3_	1
observable_11305	nuc_gene_a__KDF1_	1
observable_11306	nuc_gene_a__ZNF790_	1
observable_11307	nuc_gene_a__IL18_	1
observable_11308	nuc_gene_a__WASHC5_	1
observable_11309	nuc_gene_a__RARB_	1
observable_11310	nuc_gene_a__C11orf24_	1
observable_11311	nuc_gene_a__HLA_B_	1
observable_11312	nuc_gene_a__MNAT1_	1
observable_11313	nuc_gene_a__DDO_	1
observable_11314	nuc_gene_a__SPTBN1_	1
observable_11315	nuc_gene_a__NR1D2_	1
observable_11316	nuc_gene_a__STX11_	1
observable_11317	nuc_gene_a__ACKR2_	1
observable_11318	nuc_gene_a__GAPVD1_	1
observable_11319	nuc_gene_a__RNF121_	1
observable_11320	nuc_gene_a__ACTR10_	1
observable_11321	nuc_gene_a__ABCC10_	1
observable_11322	nuc_gene_a__PER1_	1
observable_11323	nuc_gene_a__GTF3C1_	1
observable_11324	nuc_gene_a__ZDHHC21_	1
observable_11325	nuc_gene_a__SLC6A9_	1
observable_11326	nuc_gene_a__TBC1D10C_	1
observable_11327	nuc_gene_a__DLK2_	1
observable_11328	nuc_gene_a__SFXN5_	1
observable_11329	nuc_gene_a__PPP1R14C_	1
observable_11330	nuc_gene_a__IRX6_	1
observable_11331	nuc_gene_a__BNIPL_	1
observable_11332	nuc_gene_a__FRMD3_	1
observable_11333	nuc_gene_a__PNRC2_	1
observable_11334	nuc_gene_a__YIPF3_	1
observable_11335	nuc_gene_a__NSUN4_	1
observable_11336	nuc_gene_a__TAF5L_	1
observable_11337	nuc_gene_a__DECR1_	1
observable_11338	nuc_gene_a__SLC41A3_	1
observable_11339	nuc_gene_a__SERPINB1_	1
observable_11340	nuc_gene_a__PLPP2_	1
observable_11341	nuc_gene_a__PCNX2_	1
observable_11342	nuc_gene_a__RPGRIP1L_	1
observable_11343	nuc_gene_a__CUL7_	1
observable_11344	nuc_gene_a__CEP78_	1
observable_11345	nuc_gene_a__DYNC1I1_	1
observable_11346	nuc_gene_a__DCTN3_	1
observable_11347	nuc_gene_a__RPS5_	1
observable_11348	nuc_gene_a__RPRD2_	1
observable_11349	nuc_gene_a__NAT10_	1
observable_11350	nuc_gene_a__VIL1_	1
observable_11351	nuc_gene_a__GPHN_	1
observable_11352	nuc_gene_a__TTC14_	1
observable_11353	nuc_gene_a__RNF167_	1
observable_11354	nuc_gene_a__SLC7A2_	1
observable_11355	nuc_gene_a__PDE6D_	1
observable_11356	nuc_gene_a__PFN1_	1
observable_11357	nuc_gene_a__MATR3_	1
observable_11358	nuc_gene_a__ZCCHC7_	1
observable_11359	nuc_gene_a__DENND4B_	1
observable_11360	nuc_gene_a__PLA2G4C_	1
observable_11361	nuc_gene_a__TBC1D7_	1
observable_11362	nuc_gene_a__CCDC82_	1
observable_11363	nuc_gene_a__RPL31_	1
observable_11364	nuc_gene_a__ALDH6A1_	1
observable_11365	nuc_gene_a__PCBP2_	1
observable_11366	nuc_gene_a__ADGRG3_	1
observable_11367	nuc_gene_a__SEMA6D_	1
observable_11368	nuc_gene_a__RGS9_	1
observable_11369	nuc_gene_a__RNASE1_	1
observable_11370	nuc_gene_a__CEBPZ_	1
observable_11371	nuc_gene_a__FLAD1_	1
observable_11372	nuc_gene_a__MRPL46_	1
observable_11373	nuc_gene_a__RPL23_	1
observable_11374	nuc_gene_a__MPZL2_	1
observable_11375	nuc_gene_a__GKAP1_	1
observable_11376	nuc_gene_a__DOHH_	1
observable_11377	nuc_gene_a__RIT1_	1
observable_11378	nuc_gene_a__FAR2_	1
observable_11379	nuc_gene_a__CTU1_	1
observable_11380	nuc_gene_a__POLE2_	1
observable_11381	nuc_gene_a__SEC31A_	1
observable_11382	nuc_gene_a__NFKBIA_	1
observable_11383	nuc_gene_a__P2RX3_	1
observable_11384	nuc_gene_a__E2F6_	1
observable_11385	nuc_gene_a__NSRP1_	1
observable_11386	nuc_gene_a__LRP10_	1
observable_11387	nuc_gene_a__ZFAND5_	1
observable_11388	nuc_gene_a__CDC7_	1
observable_11389	nuc_gene_a__CDHR2_	1
observable_11390	nuc_gene_a__ASAP2_	1
observable_11391	nuc_gene_a__NUSAP1_	1
observable_11392	nuc_gene_a__CKS1B_	1
observable_11393	nuc_gene_a__TMEM79_	1
observable_11394	nuc_gene_a__ANKRD34B_	1
observable_11395	nuc_gene_a__METTL5_	1
observable_11396	nuc_gene_a__CDK5RAP3_	1
observable_11397	nuc_gene_a__SMAP2_	1
observable_11398	nuc_gene_a__OCLN_	1
observable_11399	nuc_gene_a__SRSF5_	1
observable_11400	nuc_gene_a__SORBS1_	1
observable_11401	nuc_gene_a__KRT8_	1
observable_11402	nuc_gene_a__CD151_	1
observable_11403	nuc_gene_a__PHF12_	1
observable_11404	nuc_gene_a__AIMP1_	1
observable_11405	nuc_gene_a__LARP1_	1
observable_11406	nuc_gene_a__POR_	1
observable_11407	nuc_gene_a__FNDC3B_	1
observable_11408	nuc_gene_a__KRT18_	1
observable_11409	nuc_gene_a__BABAM1_	1
observable_11410	nuc_gene_a__NCSTN_	1
observable_11411	nuc_gene_a__ORC2_	1
observable_11412	nuc_gene_a__MLST8_	1
observable_11413	nuc_gene_a__ITPRIPL1_	1
observable_11414	nuc_gene_a__RIMS3_	1
observable_11415	nuc_gene_a__MFSD12_	1
observable_11416	nuc_gene_a__CLHC1_	1
observable_11417	nuc_gene_a__METAP2_	1
observable_11418	nuc_gene_a__UFC1_	1
observable_11419	nuc_gene_a__BCL10_	1
observable_11420	nuc_gene_a__HEATR6_	1
observable_11421	nuc_gene_a__SLC25A36_	1
observable_11422	nuc_gene_a__FLT4_	1
observable_11423	nuc_gene_a__AIM2_	1
observable_11424	nuc_gene_a__DTYMK_	1
observable_11425	nuc_gene_a__APBB1_	1
observable_11426	nuc_gene_a__RSL1D1_	1
observable_11427	nuc_gene_a__ATP10D_	1
observable_11428	nuc_gene_a__NLE1_	1
observable_11429	nuc_gene_a__LMBRD2_	1
observable_11430	nuc_gene_a__WDTC1_	1
observable_11431	nuc_gene_a__C5orf46_	1
observable_11432	nuc_gene_a__VSIR_	1
observable_11433	nuc_gene_a__ACO1_	1
observable_11434	nuc_gene_a__CCDC77_	1
observable_11435	nuc_gene_a__TSPAN5_	1
observable_11436	nuc_gene_a__FMNL2_	1
observable_11437	nuc_gene_a__RFX8_	1
observable_11438	nuc_gene_a__SLCO1C1_	1
observable_11439	nuc_gene_a__PPM1K_	1
observable_11440	nuc_gene_a__HAGH_	1
observable_11441	nuc_gene_a__SFXN2_	1
observable_11442	nuc_gene_a__BTC_	1
observable_11443	nuc_gene_a__SOD3_	1
observable_11444	nuc_gene_a__HS3ST1_	1
observable_11445	nuc_gene_a__ASPM_	1
observable_11446	nuc_gene_a__CD8B_	1
observable_11447	nuc_gene_a__RABIF_	1
observable_11448	nuc_gene_a__BOLA3_	1
observable_11449	nuc_gene_a__ARFGAP2_	1
observable_11450	nuc_gene_a__ZBTB18_	1
observable_11451	nuc_gene_a__HLA_A_	1
observable_11452	nuc_gene_a__SYDE2_	1
observable_11453	nuc_gene_a__SLC27A4_	1
observable_11454	nuc_gene_a__TMEM163_	1
observable_11455	nuc_gene_a__MRPL20_	1
observable_11456	nuc_gene_a__ICA1_	1
observable_11457	nuc_gene_a__FZR1_	1
observable_11458	nuc_gene_a__MYBBP1A_	1
observable_11459	nuc_gene_a__PSMD5_	1
observable_11460	nuc_gene_a__PRDX1_	1
observable_11461	nuc_gene_a__DAB2_	1
observable_11462	nuc_gene_a__MBTD1_	1
observable_11463	nuc_gene_a__GJB5_	1
observable_11464	nuc_gene_a__SCLY_	1
observable_11465	nuc_gene_a__IMMP1L_	1
observable_11466	nuc_gene_a__MRPS14_	1
observable_11467	nuc_gene_a__RBM6_	1
observable_11468	nuc_gene_a__RXFP1_	1
observable_11469	nuc_gene_a__CS_	1
observable_11470	nuc_gene_a__GSPT1_	1
observable_11471	nuc_gene_a__YIPF5_	1
observable_11472	nuc_gene_a__UTP25_	1
observable_11473	nuc_gene_a__SNX32_	1
observable_11474	nuc_gene_a__HAAO_	1
observable_11475	nuc_gene_a__ZNF274_	1
observable_11476	nuc_gene_a__SEC14L5_	1
observable_11477	nuc_gene_a__NQO2_	1
observable_11478	nuc_gene_a__RBM23_	1
observable_11479	nuc_gene_a__ENPP6_	1
observable_11480	nuc_gene_a__SNTG2_	1
observable_11481	nuc_gene_a__FAIM2_	1
observable_11482	nuc_gene_a__PRKCI_	1
observable_11483	nuc_gene_a__ST3GAL2_	1
observable_11484	nuc_gene_a__PRDM8_	1
observable_11485	nuc_gene_a__ASTN1_	1
observable_11486	nuc_gene_a__COMMD8_	1
observable_11487	nuc_gene_a__ZNF620_	1
observable_11488	nuc_gene_a__MTMR12_	1
observable_11489	nuc_gene_a__AURKB_	1
observable_11490	nuc_gene_a__SPTB_	1
observable_11491	nuc_gene_a__CIAO3_	1
observable_11492	nuc_gene_a__RAD1_	1
observable_11493	nuc_gene_a__SLBP_	1
observable_11494	nuc_gene_a__JAML_	1
observable_11495	nuc_gene_a__PPP1CB_	1
observable_11496	nuc_gene_a__PPIE_	1
observable_11497	nuc_gene_a__HDAC2_	1
observable_11498	nuc_gene_a__THRA_	1
observable_11499	nuc_gene_a__ACSL5_	1
observable_11500	nuc_gene_a__RPS6KL1_	1
observable_11501	nuc_gene_a__TMEM200A_	1
observable_11502	nuc_gene_a__USP10_	1
observable_11503	nuc_gene_a__JMJD6_	1
observable_11504	nuc_gene_a__ZW10_	1
observable_11505	nuc_gene_a__VWA5B2_	1
observable_11506	nuc_gene_a__TNFRSF21_	1
observable_11507	nuc_gene_a__ABCB9_	1
observable_11508	nuc_gene_a__MRPL58_	1
observable_11509	nuc_gene_a__SFXN3_	1
observable_11510	nuc_gene_a__SLC22A8_	1
observable_11511	nuc_gene_a__PRPF39_	1
observable_11512	nuc_gene_a__DTX2_	1
observable_11513	nuc_gene_a__RNF8_	1
observable_11514	nuc_gene_a__ATAD5_	1
observable_11515	nuc_gene_a__IRAK3_	1
observable_11516	nuc_gene_a__VPS25_	1
observable_11517	nuc_gene_a__SFXN4_	1
observable_11518	nuc_gene_a__OXLD1_	1
observable_11519	nuc_gene_a__NDUFB5_	1
observable_11520	nuc_gene_a__TMEM229B_	1
observable_11521	nuc_gene_a__SRSF11_	1
observable_11522	nuc_gene_a__ASB13_	1
observable_11523	nuc_gene_a__FCHO2_	1
observable_11524	nuc_gene_a__ARMH4_	1
observable_11525	nuc_gene_a__LARP1B_	1
observable_11526	nuc_gene_a__TXNDC12_	1
observable_11527	nuc_gene_a__ANKRA2_	1
observable_11528	nuc_gene_a__AHSA1_	1
observable_11529	nuc_gene_a__ZNF124_	1
observable_11530	nuc_gene_a__UMPS_	1
observable_11531	nuc_gene_a__EIF4A1_	1
observable_11532	nuc_gene_a__ZWINT_	1
observable_11533	nuc_gene_a__CD9_	1
observable_11534	nuc_gene_a__TMEM222_	1
observable_11535	nuc_gene_a__SEPSECS_	1
observable_11536	nuc_gene_a__NRG2_	1
observable_11537	nuc_gene_a__IGSF11_	1
observable_11538	nuc_gene_a__SRPK1_	1
observable_11539	nuc_gene_a__CMAS_	1
observable_11540	nuc_gene_a__MAP3K21_	1
observable_11541	nuc_gene_a__ADPRH_	1
observable_11542	nuc_gene_a__PTER_	1
observable_11543	nuc_gene_a__FES_	1
observable_11544	nuc_gene_a__MTFR2_	1
observable_11545	nuc_gene_a__TSPAN17_	1
observable_11546	nuc_gene_a__PLD3_	1
observable_11547	nuc_gene_a__GOT1_	1
observable_11548	nuc_gene_a__SND1_	1
observable_11549	nuc_gene_a__PPP4R3A_	1
observable_11550	nuc_gene_a__CRY1_	1
observable_11551	nuc_gene_a__SUZ12_	1
observable_11552	nuc_gene_a__RAB13_	1
observable_11553	nuc_gene_a__MORN4_	1
observable_11554	nuc_gene_a__RXYLT1_	1
observable_11555	nuc_gene_a__IDI2_	1
observable_11556	nuc_gene_a__SLC20A2_	1
observable_11557	nuc_gene_a__MRPL18_	1
observable_11558	nuc_gene_a__FAM229B_	1
observable_11559	nuc_gene_a__VPS72_	1
observable_11560	nuc_gene_a__ZBTB42_	1
observable_11561	nuc_gene_a__TUBD1_	1
observable_11562	nuc_gene_a__ZNF699_	1
observable_11563	nuc_gene_a__SERPINA11_	1
observable_11564	nuc_gene_a__SYT11_	1
observable_11565	nuc_gene_a__BAG5_	1
observable_11566	nuc_gene_a__INPP4A_	1
observable_11567	nuc_gene_a__LRRC75A_	1
observable_11568	nuc_gene_a__MINDY2_	1
observable_11569	nuc_gene_a__WDR25_	1
observable_11570	nuc_gene_a__SYNE4_	1
observable_11571	nuc_gene_a__ABCC6_	1
observable_11572	nuc_gene_a__CTH_	1
observable_11573	nuc_gene_a__TMEM120A_	1
observable_11574	nuc_gene_a__LPL_	1
observable_11575	nuc_gene_a__ATP5MC3_	1
observable_11576	nuc_gene_a__ORMDL3_	1
observable_11577	nuc_gene_a__CCDC32_	1
observable_11578	nuc_gene_a__MED20_	1
observable_11579	nuc_gene_a__ZNF383_	1
observable_11580	nuc_gene_a__SEC31B_	1
observable_11581	nuc_gene_a__NUFIP2_	1
observable_11582	nuc_gene_a__TMED3_	1
observable_11583	nuc_gene_a__KHDC4_	1
observable_11584	nuc_gene_a__EXOC3L2_	1
observable_11585	nuc_gene_a__AVEN_	1
observable_11586	nuc_gene_a__KBTBD2_	1
observable_11587	nuc_gene_a__ZNF260_	1
observable_11588	nuc_gene_a__CDA_	1
observable_11589	nuc_gene_a__SMIM19_	1
observable_11590	nuc_gene_a__MED13_	1
observable_11591	nuc_gene_a__DGKZ_	1
observable_11592	nuc_gene_a__CDK5RAP2_	1
observable_11593	nuc_gene_a__HAL_	1
observable_11594	nuc_gene_a__SLC38A8_	1
observable_11595	nuc_gene_a__FOLR3_	1
observable_11596	nuc_gene_a__PTMA_	1
observable_11597	nuc_gene_a__BCAN_	1
observable_11598	nuc_gene_a__ADGRE5_	1
observable_11599	nuc_gene_a__OTUD3_	1
observable_11600	nuc_gene_a__TRAF1_	1
observable_11601	nuc_gene_a__WRN_	1
observable_11602	nuc_gene_a__ZNF200_	1
observable_11603	nuc_gene_a__DDX50_	1
observable_11604	nuc_gene_a__C1D_	1
observable_11605	nuc_gene_a__BLMH_	1
observable_11606	nuc_gene_a__TRMT9B_	1
observable_11607	nuc_gene_a__CNTRL_	1
observable_11608	nuc_gene_a__BPNT1_	1
observable_11609	nuc_gene_a__DRC1_	1
observable_11610	nuc_gene_a__EFHC1_	1
observable_11611	nuc_gene_a__ZFR_	1
observable_11612	nuc_gene_a__TNFRSF1A_	1
observable_11613	nuc_gene_a__ADAMTS14_	1
observable_11614	nuc_gene_a__ST8SIA4_	1
observable_11615	nuc_gene_a__EIF3H_	1
observable_11616	nuc_gene_a__RPL7L1_	1
observable_11617	nuc_gene_a__BSG_	1
observable_11618	nuc_gene_a__PRUNE1_	1
observable_11619	nuc_gene_a__SMURF2_	1
observable_11620	nuc_gene_a__TNIK_	1
observable_11621	nuc_gene_a__ZMIZ2_	1
observable_11622	nuc_gene_a__SNRPE_	1
observable_11623	nuc_gene_a__ACOX3_	1
observable_11624	nuc_gene_a__TNFRSF11B_	1
observable_11625	nuc_gene_a__POLH_	1
observable_11626	nuc_gene_a__INPPL1_	1
observable_11627	nuc_gene_a__ATP5MC2_	1
observable_11628	nuc_gene_a__DIS3L2_	1
observable_11629	nuc_gene_a__TOX_	1
observable_11630	nuc_gene_a__EPHA2_	1
observable_11631	nuc_gene_a__DRD5_	1
observable_11632	nuc_gene_a__TEKT4_	1
observable_11633	nuc_gene_a__GIPC1_	1
observable_11634	nuc_gene_a__AARSD1_	1
observable_11635	nuc_gene_a__ISY1_	1
observable_11636	nuc_gene_a__LRRC4_	1
observable_11637	nuc_gene_a__PLN_	1
observable_11638	nuc_gene_a__ZNF320_	1
observable_11639	nuc_gene_a__RNF40_	1
observable_11640	nuc_gene_a__NHEJ1_	1
observable_11641	nuc_gene_a__DHX15_	1
observable_11642	nuc_gene_a__PIK3R5_	1
observable_11643	nuc_gene_a__C2orf72_	1
observable_11644	nuc_gene_a__SOBP_	1
observable_11645	nuc_gene_a__VASH2_	1
observable_11646	nuc_gene_a__JAK2_	1
observable_11647	nuc_gene_a__HES6_	1
observable_11648	nuc_gene_a__CLDN12_	1
observable_11649	nuc_gene_a__LYPLAL1_	1
observable_11650	nuc_gene_a__TMF1_	1
observable_11651	nuc_gene_a__PRKCQ_	1
observable_11652	nuc_gene_a__MRPL30_	1
observable_11653	nuc_gene_a__RBAK_	1
observable_11654	nuc_gene_a__TNRC6C_	1
observable_11655	nuc_gene_a__NFRKB_	1
observable_11656	nuc_gene_a__EIF4E3_	1
observable_11657	nuc_gene_a__PPIF_	1
observable_11658	nuc_gene_a__CDK3_	1
observable_11659	nuc_gene_a__CRYBA2_	1
observable_11660	nuc_gene_a__NR4A1_	1
observable_11661	nuc_gene_a__DPEP1_	1
observable_11662	nuc_gene_a__RTKN2_	1
observable_11663	nuc_gene_a__FUBP3_	1
observable_11664	nuc_gene_a__AP2A2_	1
observable_11665	nuc_gene_a__HPN_	1
observable_11666	nuc_gene_a__CEP63_	1
observable_11667	nuc_gene_a__LAPTM4A_	1
observable_11668	nuc_gene_a__FAM13A_	1
observable_11669	nuc_gene_a__C16orf89_	1
observable_11670	nuc_gene_a__LIPT1_	1
observable_11671	nuc_gene_a__DENND2A_	1
observable_11672	nuc_gene_a__ARPC5L_	1
observable_11673	nuc_gene_a__HMBOX1_	1
observable_11674	nuc_gene_a__TOR4A_	1
observable_11675	nuc_gene_a__MYORG_	1
observable_11676	nuc_gene_a__VSTM2B_	1
observable_11677	nuc_gene_a__TTF1_	1
observable_11678	nuc_gene_a__LAMTOR1_	1
observable_11679	nuc_gene_a__BCL7B_	1
observable_11680	nuc_gene_a__TTC9C_	1
observable_11681	nuc_gene_a__KLK15_	1
observable_11682	nuc_gene_a__CTNNAL1_	1
observable_11683	nuc_gene_a__CLTC_	1
observable_11684	nuc_gene_a__NCAN_	1
observable_11685	nuc_gene_a__TP73_	1
observable_11686	nuc_gene_a__RSRC1_	1
observable_11687	nuc_gene_a__MIEN1_	1
observable_11688	nuc_gene_a__KCNH2_	1
observable_11689	nuc_gene_a__FAM135A_	1
observable_11690	nuc_gene_a__ARL4D_	1
observable_11691	nuc_gene_a__FRS2_	1
observable_11692	nuc_gene_a__MMD_	1
observable_11693	nuc_gene_a__RSRP1_	1
observable_11694	nuc_gene_a__VASP_	1
observable_11695	nuc_gene_a__ETFDH_	1
observable_11696	nuc_gene_a__GNPTG_	1
observable_11697	nuc_gene_a__FGL1_	1
observable_11698	nuc_gene_a__SRP68_	1
observable_11699	nuc_gene_a__ANGEL2_	1
observable_11700	nuc_gene_a__PPID_	1
observable_11701	nuc_gene_a__PLPPR4_	1
observable_11702	nuc_gene_a__GNRH1_	1
observable_11703	nuc_gene_a__BCL7C_	1
observable_11704	nuc_gene_a__DNAAF3_	1
observable_11705	nuc_gene_a__TMEM25_	1
observable_11706	nuc_gene_a__AXIN2_	1
observable_11707	nuc_gene_a__SIPA1L1_	1
observable_11708	nuc_gene_a__DDX60_	1
observable_11709	nuc_gene_a__GGCX_	1
observable_11710	nuc_gene_a__ULBP1_	1
observable_11711	nuc_gene_a__NCBP3_	1
observable_11712	nuc_gene_a__MAP2K7_	1
observable_11713	nuc_gene_a__CENPQ_	1
observable_11714	nuc_gene_a__PPT1_	1
observable_11715	nuc_gene_a__PROS1_	1
observable_11716	nuc_gene_a__TDP2_	1
observable_11717	nuc_gene_a__USP43_	1
observable_11718	nuc_gene_a__VDAC3_	1
observable_11719	nuc_gene_a__LAMP3_	1
observable_11720	nuc_gene_a__SMPDL3B_	1
observable_11721	nuc_gene_a__DCLK2_	1
observable_11722	nuc_gene_a__ELOVL5_	1
observable_11723	nuc_gene_a__YIPF7_	1
observable_11724	nuc_gene_a__ARHGAP12_	1
observable_11725	nuc_gene_a__WWP2_	1
observable_11726	nuc_gene_a__COX6C_	1
observable_11727	nuc_gene_a__CDC6_	1
observable_11728	nuc_gene_a__KYAT1_	1
observable_11729	nuc_gene_a__PRAC2_	1
observable_11730	nuc_gene_a__PRAC1_	1
observable_11731	nuc_gene_a__SPOCD1_	1
observable_11732	nuc_gene_a__GATA3_	1
observable_11733	nuc_gene_a__ERBIN_	1
observable_11734	nuc_gene_a__KLHDC9_	1
observable_11735	nuc_gene_a__LPCAT2_	1
observable_11736	nuc_gene_a__NFE2L1_	1
observable_11737	nuc_gene_a__SAMD8_	1
observable_11738	nuc_gene_a__ACAD10_	1
observable_11739	nuc_gene_a__MAP3K5_	1
observable_11740	nuc_gene_a__COQ6_	1
observable_11741	nuc_gene_a__TBC1D14_	1
observable_11742	nuc_gene_a__MRPS15_	1
observable_11743	nuc_gene_a__PSMB10_	1
observable_11744	nuc_gene_a__C5orf24_	1
observable_11745	nuc_gene_a__MAN2C1_	1
observable_11746	nuc_gene_a__DCUN1D3_	1
observable_11747	nuc_gene_a__MAP2K4_	1
observable_11748	nuc_gene_a__ATP1B2_	1
observable_11749	nuc_gene_a__GUF1_	1
observable_11750	nuc_gene_a__HADHA_	1
observable_11751	nuc_gene_a__SP6_	1
observable_11752	nuc_gene_a__PARP10_	1
observable_11753	nuc_gene_a__RPUSD1_	1
observable_11754	nuc_gene_a__AREG_	1
observable_11755	nuc_gene_a__SUPV3L1_	1
observable_11756	nuc_gene_a__KCTD10_	1
observable_11757	nuc_gene_a__TTC7B_	1
observable_11758	nuc_gene_a__SENP3_	1
observable_11759	nuc_gene_a__ARMC5_	1
observable_11760	nuc_gene_a__SEMA5A_	1
observable_11761	nuc_gene_a__MRM3_	1
observable_11762	nuc_gene_a__PSCA_	1
observable_11763	nuc_gene_a__CALY_	1
observable_11764	nuc_gene_a__EFS_	1
observable_11765	nuc_gene_a__XRCC4_	1
observable_11766	nuc_gene_a__CFAP43_	1
observable_11767	nuc_gene_a__RAB11FIP1_	1
observable_11768	nuc_gene_a__ADAM9_	1
observable_11769	nuc_gene_a__STK32C_	1
observable_11770	nuc_gene_a__DENND5B_	1
observable_11771	nuc_gene_a__MICAL2_	1
observable_11772	nuc_gene_a__DCTN4_	1
observable_11773	nuc_gene_a__PPP2CB_	1
observable_11774	nuc_gene_a__TRIP11_	1
observable_11775	nuc_gene_a__ISCU_	1
observable_11776	nuc_gene_a__TAX1BP1_	1
observable_11777	nuc_gene_a__TLN2_	1
observable_11778	nuc_gene_a__SLC18A2_	1
observable_11779	nuc_gene_a__PDLIM1_	1
observable_11780	nuc_gene_a__STRN3_	1
observable_11781	nuc_gene_a__CD163L1_	1
observable_11782	nuc_gene_a__STYX_	1
observable_11783	nuc_gene_a__COL11A1_	1
observable_11784	nuc_gene_a__DCXR_	1
observable_11785	nuc_gene_a__ICA1L_	1
observable_11786	nuc_gene_a__FBXO21_	1
observable_11787	nuc_gene_a__CHST15_	1
observable_11788	nuc_gene_a__FOCAD_	1
observable_11789	nuc_gene_a__ERO1A_	1
observable_11790	nuc_gene_a__FAM222A_	1
observable_11791	nuc_gene_a__VSTM4_	1
observable_11792	nuc_gene_a__UBE3C_	1
observable_11793	nuc_gene_a__PIAS1_	1
observable_11794	nuc_gene_a__CLCN6_	1
observable_11795	nuc_gene_a__POMC_	1
observable_11796	nuc_gene_a__MFAP1_	1
observable_11797	nuc_gene_a__AP4S1_	1
observable_11798	nuc_gene_a__ORC3_	1
observable_11799	nuc_gene_a__EFEMP2_	1
observable_11800	nuc_gene_a__ATP5MC1_	1
observable_11801	nuc_gene_a__TNFAIP2_	1
observable_11802	nuc_gene_a__NMNAT2_	1
observable_11803	nuc_gene_a__TMOD2_	1
observable_11804	nuc_gene_a__SEC61G_	1
observable_11805	nuc_gene_a__LRRC8A_	1
observable_11806	nuc_gene_a__TCTN3_	1
observable_11807	nuc_gene_a__PFDN2_	1
observable_11808	nuc_gene_a__TBKBP1_	1
observable_11809	nuc_gene_a__KCNK1_	1
observable_11810	nuc_gene_a__SLC18B1_	1
observable_11811	nuc_gene_a__GIMAP1_	1
observable_11812	nuc_gene_a__HTR1D_	1
observable_11813	nuc_gene_a__NNMT_	1
observable_11814	nuc_gene_a__ENTPD7_	1
observable_11815	nuc_gene_a__AFTPH_	1
observable_11816	nuc_gene_a__ROR2_	1
observable_11817	nuc_gene_a__SGTA_	1
observable_11818	nuc_gene_a__ANKDD1A_	1
observable_11819	nuc_gene_a__NPR2_	1
observable_11820	nuc_gene_a__TDRD5_	1
observable_11821	nuc_gene_a__MYO1G_	1
observable_11822	nuc_gene_a__COCH_	1
observable_11823	nuc_gene_a__FARS2_	1
observable_11824	nuc_gene_a__WDR76_	1
observable_11825	nuc_gene_a__ZMIZ1_	1
observable_11826	nuc_gene_a__TMEM139_	1
observable_11827	nuc_gene_a__CALM3_	1
observable_11828	nuc_gene_a__CLU_	1
observable_11829	nuc_gene_a__SERPINH1_	1
observable_11830	nuc_gene_a__SLC25A35_	1
observable_11831	nuc_gene_a__TGFB3_	1
observable_11832	nuc_gene_a__GBA2_	1
observable_11833	nuc_gene_a__SMCO4_	1
observable_11834	nuc_gene_a__RANGRF_	1
observable_11835	nuc_gene_a__PSMB6_	1
observable_11836	nuc_gene_a__MAPK13_	1
observable_11837	nuc_gene_a__TMEM258_	1
observable_11838	nuc_gene_a__TXNDC17_	1
observable_11839	nuc_gene_a__MPP7_	1
observable_11840	nuc_gene_a__NT5E_	1
observable_11841	nuc_gene_a__SIAE_	1
observable_11842	nuc_gene_a__LIN9_	1
observable_11843	nuc_gene_a__CNOT8_	1
observable_11844	nuc_gene_a__MLLT11_	1
observable_11845	nuc_gene_a__PSMA3_	1
observable_11846	nuc_gene_a__CCT4_	1
observable_11847	nuc_gene_a__DFFB_	1
observable_11848	nuc_gene_a__GALT_	1
observable_11849	nuc_gene_a__TMED2_	1
observable_11850	nuc_gene_a__TXNDC15_	1
observable_11851	nuc_gene_a__ASCC1_	1
observable_11852	nuc_gene_a__VWA5B1_	1
observable_11853	nuc_gene_a__PTPN13_	1
observable_11854	nuc_gene_a__UTP6_	1
observable_11855	nuc_gene_a__NCLN_	1
observable_11856	nuc_gene_a__MAGOH_	1
observable_11857	nuc_gene_a__TPI1_	1
observable_11858	nuc_gene_a__GJB4_	1
observable_11859	nuc_gene_a__NUDCD1_	1
observable_11860	nuc_gene_a__STPG3_	1
observable_11861	nuc_gene_a__ANAPC16_	1
observable_11862	nuc_gene_a__DNAJB14_	1
observable_11863	nuc_gene_a__RGP1_	1
observable_11864	nuc_gene_a__MTFMT_	1
observable_11865	nuc_gene_a__SLC25A11_	1
observable_11866	nuc_gene_a__DLG1_	1
observable_11867	nuc_gene_a__FAM184B_	1
observable_11868	nuc_gene_a__WIPF1_	1
observable_11869	nuc_gene_a__C3_	1
observable_11870	nuc_gene_a__POU2F1_	1
observable_11871	nuc_gene_a__SNAPC3_	1
observable_11872	nuc_gene_a__HVCN1_	1
observable_11873	nuc_gene_a__ELMOD2_	1
observable_11874	nuc_gene_a__HGSNAT_	1
observable_11875	nuc_gene_a__BICRAL_	1
observable_11876	nuc_gene_a__DNAJC8_	1
observable_11877	nuc_gene_a__MFGE8_	1
observable_11878	nuc_gene_a__S100A10_	1
observable_11879	nuc_gene_a__POP7_	1
observable_11880	nuc_gene_a__VPS37A_	1
observable_11881	nuc_gene_a__TM4SF18_	1
observable_11882	nuc_gene_a__KLHDC8B_	1
observable_11883	nuc_gene_a__NFYA_	1
observable_11884	nuc_gene_a__TACC3_	1
observable_11885	nuc_gene_a__NIN_	1
observable_11886	nuc_gene_a__ARHGAP9_	1
observable_11887	nuc_gene_a__RAI14_	1
observable_11888	nuc_gene_a__CROT_	1
observable_11889	nuc_gene_a__TMEM129_	1
observable_11890	nuc_gene_a__UTP11_	1
observable_11891	nuc_gene_a__KCTD8_	1
observable_11892	nuc_gene_a__IL20RA_	1
observable_11893	nuc_gene_a__ATP6V1A_	1
observable_11894	nuc_gene_a__KAT6A_	1
observable_11895	nuc_gene_a__EHD2_	1
observable_11896	nuc_gene_a__RNF111_	1
observable_11897	nuc_gene_a__FASN_	1
observable_11898	nuc_gene_a__NRTN_	1
observable_11899	nuc_gene_a__LSMEM2_	1
observable_11900	nuc_gene_a__SHD_	1
observable_11901	nuc_gene_a__SPESP1_	1
observable_11902	nuc_gene_a__IP6K1_	1
observable_11903	nuc_gene_a__RPL23A_	1
observable_11904	nuc_gene_a__PAM_	1
observable_11905	nuc_gene_a__ZNF577_	1
observable_11906	nuc_gene_a__EIF1_	1
observable_11907	nuc_gene_a__ARF4_	1
observable_11908	nuc_gene_a__IL32_	1
observable_11909	nuc_gene_a__TMEM106C_	1
observable_11910	nuc_gene_a__TNS3_	1
observable_11911	nuc_gene_a__SNX27_	1
observable_11912	nuc_gene_a__SEC63_	1
observable_11913	nuc_gene_a__DNM1_	1
observable_11914	nuc_gene_a__HEATR3_	1
observable_11915	nuc_gene_a__MAFK_	1
observable_11916	nuc_gene_a__MAP3K12_	1
observable_11917	nuc_gene_a__MANBA_	1
observable_11918	nuc_gene_a__PEX19_	1
observable_11919	nuc_gene_a__MSI2_	1
observable_11920	nuc_gene_a__MDGA1_	1
observable_11921	nuc_gene_a__IFRD2_	1
observable_11922	nuc_gene_a__ETV6_	1
observable_11923	nuc_gene_a__XRCC1_	1
observable_11924	nuc_gene_a__SYNE3_	1
observable_11925	nuc_gene_a__STOM_	1
observable_11926	nuc_gene_a__PDGFC_	1
observable_11927	nuc_gene_a__SBK3_	1
observable_11928	nuc_gene_a__CDK19_	1
observable_11929	nuc_gene_a__PUS7_	1
observable_11930	nuc_gene_a__PDCD1LG2_	1
observable_11931	nuc_gene_a__MYO5C_	1
observable_11932	nuc_gene_a__GRIN2C_	1
observable_11933	nuc_gene_a__NEDD9_	1
observable_11934	nuc_gene_a__GPAA1_	1
observable_11935	nuc_gene_a__TMED4_	1
observable_11936	nuc_gene_a__ADAMTS2_	1
observable_11937	nuc_gene_a__TMEM260_	1
observable_11938	nuc_gene_a__STRIP2_	1
observable_11939	nuc_gene_a__C9orf72_	1
observable_11940	nuc_gene_a__KIF25_	1
observable_11941	nuc_gene_a__SYT16_	1
observable_11942	nuc_gene_a__PCGF3_	1
observable_11943	nuc_gene_a__SMUG1_	1
observable_11944	nuc_gene_a__PGF_	1
observable_11945	nuc_gene_a__LYN_	1
observable_11946	nuc_gene_a__TMEM165_	1
observable_11947	nuc_gene_a__UACA_	1
observable_11948	nuc_gene_a__ADAM19_	1
observable_11949	nuc_gene_a__SMAD6_	1
observable_11950	nuc_gene_a__ACBD4_	1
observable_11951	nuc_gene_a__PARP16_	1
observable_11952	nuc_gene_a__RAB30_	1
observable_11953	nuc_gene_a__ARF3_	1
observable_11954	nuc_gene_a__ECHDC1_	1
observable_11955	nuc_gene_a__SLC34A2_	1
observable_11956	nuc_gene_a__GSDMD_	1
observable_11957	nuc_gene_a__POT1_	1
observable_11958	nuc_gene_a__NCKAP5L_	1
observable_11959	nuc_gene_a__UBE2I_	1
observable_11960	nuc_gene_a__SETD7_	1
observable_11961	nuc_gene_a__FGFBP1_	1
observable_11962	nuc_gene_a__AFG1L_	1
observable_11963	nuc_gene_a__PMPCA_	1
observable_11964	nuc_gene_a__HADHB_	1
observable_11965	nuc_gene_a__INHBA_	1
observable_11966	nuc_gene_a__AKAP10_	1
observable_11967	nuc_gene_a__HIRIP3_	1
observable_11968	nuc_gene_a__TEC_	1
observable_11969	nuc_gene_a__STX2_	1
observable_11970	nuc_gene_a__ELP4_	1
observable_11971	nuc_gene_a__SLC35A1_	1
observable_11972	nuc_gene_a__MMRN1_	1
observable_11973	nuc_gene_a__PRPSAP1_	1
observable_11974	nuc_gene_a__TPPP3_	1
observable_11975	nuc_gene_a__TUBE1_	1
observable_11976	nuc_gene_a__LUC7L2_	1
observable_11977	nuc_gene_a__ARHGEF1_	1
observable_11978	nuc_gene_a__BIRC2_	1
observable_11979	nuc_gene_a__SPOUT1_	1
observable_11980	nuc_gene_a__TRAPPC9_	1
observable_11981	nuc_gene_a__NAGPA_	1
observable_11982	nuc_gene_a__RNF144A_	1
observable_11983	nuc_gene_a__CA3_	1
observable_11984	nuc_gene_a__GNAI3_	1
observable_11985	nuc_gene_a__HLA_C_	1
observable_11986	nuc_gene_a__GSTA4_	1
observable_11987	nuc_gene_a__ZNF19_	1
observable_11988	nuc_gene_a__PXDNL_	1
observable_11989	nuc_gene_a__HEXA_	1
observable_11990	nuc_gene_a__MLH1_	1
observable_11991	nuc_gene_a__KAT5_	1
observable_11992	nuc_gene_a__DAGLB_	1
observable_11993	nuc_gene_a__GIPR_	1
observable_11994	nuc_gene_a__ZNF777_	1
observable_11995	nuc_gene_a__RECQL5_	1
observable_11996	nuc_gene_a__MON1A_	1
observable_11997	nuc_gene_a__ME1_	1
observable_11998	nuc_gene_a__PIK3C2B_	1
observable_11999	nuc_gene_a__CRACR2B_	1
observable_12000	nuc_gene_a__SLC25A13_	1
observable_12001	nuc_gene_a__ADAMTS15_	1
observable_12002	nuc_gene_a__ZDHHC18_	1
observable_12003	nuc_gene_a__CES4A_	1
observable_12004	nuc_gene_a__SDE2_	1
observable_12005	nuc_gene_a__INTS9_	1
observable_12006	nuc_gene_a__RAB25_	1
observable_12007	nuc_gene_a__KLK11_	1
observable_12008	nuc_gene_a__AKR1B10_	1
observable_12009	nuc_gene_a__HCFC1R1_	1
observable_12010	nuc_gene_a__TUBGCP4_	1
observable_12011	nuc_gene_a__PEBP4_	1
observable_12012	nuc_gene_a__RGS16_	1
observable_12013	nuc_gene_a__PNMA2_	1
observable_12014	nuc_gene_a__FKBP5_	1
observable_12015	nuc_gene_a__RAD17_	1
observable_12016	nuc_gene_a__NDUFB2_	1
observable_12017	nuc_gene_a__NME2_	1
observable_12018	nuc_gene_a__ARFIP1_	1
observable_12019	nuc_gene_a__ATP8B4_	1
observable_12020	nuc_gene_a__TICAM2_	1
observable_12021	nuc_gene_a__STK25_	1
observable_12022	nuc_gene_a__KIAA1549_	1
observable_12023	nuc_gene_a__FGFR3_	1
observable_12024	nuc_gene_a__TCTN1_	1
observable_12025	nuc_gene_a__ZC3HC1_	1
observable_12026	nuc_gene_a__C2orf49_	1
observable_12027	nuc_gene_a__USP47_	1
observable_12028	nuc_gene_a__PPP3CC_	1
observable_12029	nuc_gene_a__SLC8A2_	1
observable_12030	nuc_gene_a__PGM2_	1
observable_12031	nuc_gene_a__ATF1_	1
observable_12032	nuc_gene_a__MMP17_	1
observable_12033	nuc_gene_a__RNF175_	1
observable_12034	nuc_gene_a__LAP3_	1
observable_12035	nuc_gene_a__NOP53_	1
observable_12036	nuc_gene_a__PAFAH1B2_	1
observable_12037	nuc_gene_a__GNG8_	1
observable_12038	nuc_gene_a__MRI1_	1
observable_12039	nuc_gene_a__ODAM_	1
observable_12040	nuc_gene_a__FUS_	1
observable_12041	nuc_gene_a__MYH7_	1
observable_12042	nuc_gene_a__PPP1R21_	1
observable_12043	nuc_gene_a__PLXNB1_	1
observable_12044	nuc_gene_a__TP53BP1_	1
observable_12045	nuc_gene_a__HERC6_	1
observable_12046	nuc_gene_a__PELI1_	1
observable_12047	nuc_gene_a__RHOBTB3_	1
observable_12048	nuc_gene_a__SDCBP_	1
observable_12049	nuc_gene_a__SLC8A3_	1
observable_12050	nuc_gene_a__GLRX_	1
observable_12051	nuc_gene_a__SEC11A_	1
observable_12052	nuc_gene_a__ZNF330_	1
observable_12053	nuc_gene_a__SYT1_	1
observable_12054	nuc_gene_a__CIZ1_	1
observable_12055	nuc_gene_a__SLC27A6_	1
observable_12056	nuc_gene_a__RNF170_	1
observable_12057	nuc_gene_a__SUMF1_	1
observable_12058	nuc_gene_a__PKD2_	1
observable_12059	nuc_gene_a__UCP1_	1
observable_12060	nuc_gene_a__EPN1_	1
observable_12061	nuc_gene_a__GOLGA8B_	1
observable_12062	nuc_gene_a__SBNO1_	1
observable_12063	nuc_gene_a__WASHC2A_	1
observable_12064	nuc_gene_a__MVP_	1
observable_12065	nuc_gene_a__CTDSPL_	1
observable_12066	nuc_gene_a__G3BP1_	1
observable_12067	nuc_gene_a__LPAR1_	1
observable_12068	nuc_gene_a__IRF2_	1
observable_12069	nuc_gene_a__ZNF410_	1
observable_12070	nuc_gene_a__KEAP1_	1
observable_12071	nuc_gene_a__C4orf33_	1
observable_12072	nuc_gene_a__SLC35G1_	1
observable_12073	nuc_gene_a__TM7SF3_	1
observable_12074	nuc_gene_a__HACD1_	1
observable_12075	nuc_gene_a__ECHDC3_	1
observable_12076	nuc_gene_a__SLC25A22_	1
observable_12077	nuc_gene_a__SUGP2_	1
observable_12078	nuc_gene_a__CORO1A_	1
observable_12079	nuc_gene_a__ULK3_	1
observable_12080	nuc_gene_a__LARP4B_	1
observable_12081	nuc_gene_a__EMCN_	1
observable_12082	nuc_gene_a__CEP83_	1
observable_12083	nuc_gene_a__GFM2_	1
observable_12084	nuc_gene_a__KCNJ11_	1
observable_12085	nuc_gene_a__ABCC3_	1
observable_12086	nuc_gene_a__JAG2_	1
observable_12087	nuc_gene_a__UHRF1_	1
observable_12088	nuc_gene_a__LOXL2_	1
observable_12089	nuc_gene_a__RBM4_	1
observable_12090	nuc_gene_a__TMEM38A_	1
observable_12091	nuc_gene_a__WFS1_	1
observable_12092	nuc_gene_a__SMIM5_	1
observable_12093	nuc_gene_a__ITPKA_	1
observable_12094	nuc_gene_a__RTN1_	1
observable_12095	nuc_gene_a__PAQR3_	1
observable_12096	nuc_gene_a__BBOX1_	1
observable_12097	nuc_gene_a__ANKRD13A_	1
observable_12098	nuc_gene_a__SNX2_	1
observable_12099	nuc_gene_a__FNIP2_	1
observable_12100	nuc_gene_a__ZNF354C_	1
observable_12101	nuc_gene_a__THYN1_	1
observable_12102	nuc_gene_a__FER_	1
observable_12103	nuc_gene_a__FBF1_	1
observable_12104	nuc_gene_a__PHLDB2_	1
observable_12105	nuc_gene_a__SGCE_	1
observable_12106	nuc_gene_a__EML2_	1
observable_12107	nuc_gene_a__MRPS7_	1
observable_12108	nuc_gene_a__MPI_	1
observable_12109	nuc_gene_a__TMC5_	1
observable_12110	nuc_gene_a__SEMA3G_	1
observable_12111	nuc_gene_a__EVC2_	1
observable_12112	nuc_gene_a__SERPING1_	1
observable_12113	nuc_gene_a__CTNS_	1
observable_12114	nuc_gene_a__EGFL7_	1
observable_12115	nuc_gene_a__CHMP1A_	1
observable_12116	nuc_gene_a__DDX54_	1
observable_12117	nuc_gene_a__PARP3_	1
observable_12118	nuc_gene_a__MIF4GD_	1
observable_12119	nuc_gene_a__VPS4A_	1
observable_12120	nuc_gene_a__TBC1D17_	1
observable_12121	nuc_gene_a__GABRA1_	1
observable_12122	nuc_gene_a__CFAP73_	1
observable_12123	nuc_gene_a__BMPR1B_	1
observable_12124	nuc_gene_a__ANP32A_	1
observable_12125	nuc_gene_a__SMAGP_	1
observable_12126	nuc_gene_a__CPE_	1
observable_12127	nuc_gene_a__SRFBP1_	1
observable_12128	nuc_gene_a__RHNO1_	1
observable_12129	nuc_gene_a__EPB41_	1
observable_12130	nuc_gene_a__ZNF879_	1
observable_12131	nuc_gene_a__AVL9_	1
observable_12132	nuc_gene_a__TMEM43_	1
observable_12133	nuc_gene_a__SPATA18_	1
observable_12134	nuc_gene_a__PCM1_	1
observable_12135	nuc_gene_a__FBXL18_	1
observable_12136	nuc_gene_a__PPP2R5E_	1
observable_12137	nuc_gene_a__TNRC6A_	1
observable_12138	nuc_gene_a__POLR3G_	1
observable_12139	nuc_gene_a__SMAD1_	1
observable_12140	nuc_gene_a__BZW2_	1
observable_12141	nuc_gene_a__PDPN_	1
observable_12142	nuc_gene_a__VRK1_	1
observable_12143	nuc_gene_a__MYCBP_	1
observable_12144	nuc_gene_a__ART1_	1
observable_12145	nuc_gene_a__TJP2_	1
observable_12146	nuc_gene_a__ECE2_	1
observable_12147	nuc_gene_a__PLXNA4_	1
observable_12148	nuc_gene_a__LCMT1_	1
observable_12149	nuc_gene_a__DISP3_	1
observable_12150	nuc_gene_a__ATP13A1_	1
observable_12151	nuc_gene_a__HSP90B1_	1
observable_12152	nuc_gene_a__IL18BP_	1
observable_12153	nuc_gene_a__NRDE2_	1
observable_12154	nuc_gene_a__SLC25A38_	1
observable_12155	nuc_gene_a__PARP12_	1
observable_12156	nuc_gene_a__CCDC9B_	1
observable_12157	nuc_gene_a__TEKT2_	1
observable_12158	nuc_gene_a__LETM1_	1
observable_12159	nuc_gene_a__TMEM179B_	1
observable_12160	nuc_gene_a__PIGH_	1
observable_12161	nuc_gene_a__GEM_	1
observable_12162	nuc_gene_a__EFNA3_	1
observable_12163	nuc_gene_a__PEAK1_	1
observable_12164	nuc_gene_a__WTIP_	1
observable_12165	nuc_gene_a__CHSY1_	1
observable_12166	nuc_gene_a__NTN5_	1
observable_12167	nuc_gene_a__CBR4_	1
observable_12168	nuc_gene_a__ANKMY2_	1
observable_12169	nuc_gene_a__SHISA5_	1
observable_12170	nuc_gene_a__DRC7_	1
observable_12171	nuc_gene_a__TCP11L1_	1
observable_12172	nuc_gene_a__ZNF385A_	1
observable_12173	nuc_gene_a__TSACC_	1
observable_12174	nuc_gene_a__LMOD3_	1
observable_12175	nuc_gene_a__FAM227B_	1
observable_12176	nuc_gene_a__PRDX6_	1
observable_12177	nuc_gene_a__CCNG2_	1
observable_12178	nuc_gene_a__SAA2_	1
observable_12179	nuc_gene_a__TOP1MT_	1
observable_12180	nuc_gene_a__EXOG_	1
observable_12181	nuc_gene_a__GCDH_	1
observable_12182	nuc_gene_a__USP38_	1
observable_12183	nuc_gene_a__RAPSN_	1
observable_12184	nuc_gene_a__KRTCAP2_	1
observable_12185	nuc_gene_a__LUC7L_	1
observable_12186	nuc_gene_a__FAM110B_	1
observable_12187	nuc_gene_a__TYW3_	1
observable_12188	nuc_gene_a__KIF1A_	1
observable_12189	nuc_gene_a__UBAP1_	1
observable_12190	nuc_gene_a__GAR1_	1
observable_12191	nuc_gene_a__LETMD1_	1
observable_12192	nuc_gene_a__ACSL6_	1
observable_12193	nuc_gene_a__DAPK3_	1
observable_12194	nuc_gene_a__CD53_	1
observable_12195	nuc_gene_a__KLF3_	1
observable_12196	nuc_gene_a__RBL2_	1
observable_12197	nuc_gene_a__LRRK2_	1
observable_12198	nuc_gene_a__ZFAT_	1
observable_12199	nuc_gene_a__ADD3_	1
observable_12200	nuc_gene_a__PPP1R12C_	1
observable_12201	nuc_gene_a__ERAP2_	1
observable_12202	nuc_gene_a__SDAD1_	1
observable_12203	nuc_gene_a__PRCP_	1
observable_12204	nuc_gene_a__MYOZ2_	1
observable_12205	nuc_gene_a__CDH18_	1
observable_12206	nuc_gene_a__TLE4_	1
observable_12207	nuc_gene_a__SPG21_	1
observable_12208	nuc_gene_a__MAST2_	1
observable_12209	nuc_gene_a__ANKRD16_	1
observable_12210	nuc_gene_a__SIGMAR1_	1
observable_12211	nuc_gene_a__C1orf210_	1
observable_12212	nuc_gene_a__DELE1_	1
observable_12213	nuc_gene_a__DES_	1
observable_12214	nuc_gene_a__ZNF470_	1
observable_12215	nuc_gene_a__ACLY_	1
observable_12216	nuc_gene_a__AKTIP_	1
observable_12217	nuc_gene_a__KLHL36_	1
observable_12218	nuc_gene_a__AKAP8_	1
observable_12219	nuc_gene_a__PACS2_	1
observable_12220	nuc_gene_a__RNFT1_	1
observable_12221	nuc_gene_a__NBN_	1
observable_12222	nuc_gene_a__IGFBP4_	1
observable_12223	nuc_gene_a__GALK2_	1
observable_12224	nuc_gene_a__JAKMIP2_	1
observable_12225	nuc_gene_a__SMU1_	1
observable_12226	nuc_gene_a__ZMYND15_	1
observable_12227	nuc_gene_a__SEC24C_	1
observable_12228	nuc_gene_a__ZHX2_	1
observable_12229	nuc_gene_a__IFNLR1_	1
observable_12230	nuc_gene_a__PPP1R26_	1
observable_12231	nuc_gene_a__XKR9_	1
observable_12232	nuc_gene_a__LCN8_	1
observable_12233	nuc_gene_a__METTL3_	1
observable_12234	nuc_gene_a__HNRNPDL_	1
observable_12235	nuc_gene_a__EIF1AD_	1
observable_12236	nuc_gene_a__CLPX_	1
observable_12237	nuc_gene_a__OSMR_	1
observable_12238	nuc_gene_a__TRIM44_	1
observable_12239	nuc_gene_a__CR2_	1
observable_12240	nuc_gene_a__GGN_	1
observable_12241	nuc_gene_a__DDHD2_	1
observable_12242	nuc_gene_a__PSAP_	1
observable_12243	nuc_gene_a__PRDX2_	1
observable_12244	nuc_gene_a__SGCD_	1
observable_12245	nuc_gene_a__CAND2_	1
observable_12246	nuc_gene_a__ELL_	1
observable_12247	nuc_gene_a__ATPAF1_	1
observable_12248	nuc_gene_a__METTL17_	1
observable_12249	nuc_gene_a__TNNI3_	1
observable_12250	nuc_gene_a__C2CD4D_	1
observable_12251	nuc_gene_a__PAG1_	1
observable_12252	nuc_gene_a__LOXL4_	1
observable_12253	nuc_gene_a__ALDH1A1_	1
observable_12254	nuc_gene_a__SRM_	1
observable_12255	nuc_gene_a__ZNF816_	1
observable_12256	nuc_gene_a__XAF1_	1
observable_12257	nuc_gene_a__ATG16L2_	1
observable_12258	nuc_gene_a__DDX41_	1
observable_12259	nuc_gene_a__PEX14_	1
observable_12260	nuc_gene_a__SCAPER_	1
observable_12261	nuc_gene_a__LRRC20_	1
observable_12262	nuc_gene_a__SCARA3_	1
observable_12263	nuc_gene_a__UBTD1_	1
observable_12264	nuc_gene_a__PLEKHG3_	1
observable_12265	nuc_gene_a__CHRAC1_	1
observable_12266	nuc_gene_a__TRAM2_	1
observable_12267	nuc_gene_a__AP1G1_	1
observable_12268	nuc_gene_a__PPP1R15A_	1
observable_12269	nuc_gene_a__FAM50B_	1
observable_12270	nuc_gene_a__CACNG6_	1
observable_12271	nuc_gene_a__GPR160_	1
observable_12272	nuc_gene_a__UBXN2B_	1
observable_12273	nuc_gene_a__HAPLN3_	1
observable_12274	nuc_gene_a__ZFP28_	1
observable_12275	nuc_gene_a__OSBPL7_	1
observable_12276	nuc_gene_a__WDR93_	1
observable_12277	nuc_gene_a__GEMIN2_	1
observable_12278	nuc_gene_a__PARK7_	1
observable_12279	nuc_gene_a__ARPIN_	1
observable_12280	nuc_gene_a__GNG5_	1
observable_12281	nuc_gene_a__SLC17A4_	1
observable_12282	nuc_gene_a__ARHGAP21_	1
observable_12283	nuc_gene_a__KDM3B_	1
observable_12284	nuc_gene_a__DPP9_	1
observable_12285	nuc_gene_a__PCSK9_	1
observable_12286	nuc_gene_a__HSD3B7_	1
observable_12287	nuc_gene_a__HLA_F_	1
observable_12288	nuc_gene_a__PIWIL2_	1
observable_12289	nuc_gene_a__RPL26_	1
observable_12290	nuc_gene_a__LPP_	1
observable_12291	nuc_gene_a__ALDH9A1_	1
observable_12292	nuc_gene_a__SLC17A5_	1
observable_12293	nuc_gene_a__DDX11_	1
observable_12294	nuc_gene_a__SCARA5_	1
observable_12295	nuc_gene_a__SNRNP40_	1
observable_12296	nuc_gene_a__SLC46A1_	1
observable_12297	nuc_gene_a__TRAPPC3_	1
observable_12298	nuc_gene_a__UBE2O_	1
observable_12299	nuc_gene_a__SNRPN_	1
observable_12300	nuc_gene_a__PTGR2_	1
observable_12301	nuc_gene_a__MRAS_	1
observable_12302	nuc_gene_a__VAV3_	1
observable_12303	nuc_gene_a__AP1M1_	1
observable_12304	nuc_gene_a__ALS2_	1
observable_12305	nuc_gene_a__PLG_	1
observable_12306	nuc_gene_a__CIDEC_	1
observable_12307	nuc_gene_a__RAB44_	1
observable_12308	nuc_gene_a__AP3B1_	1
observable_12309	nuc_gene_a__AKIRIN2_	1
observable_12310	nuc_gene_a__CPNE3_	1
observable_12311	nuc_gene_a__ZNF687_	1
observable_12312	nuc_gene_a__NOXA1_	1
observable_12313	nuc_gene_a__HAUS5_	1
observable_12314	nuc_gene_a__TPRG1_	1
observable_12315	nuc_gene_a__EMSY_	1
observable_12316	nuc_gene_a__IFNGR1_	1
observable_12317	nuc_gene_a__TDRD9_	1
observable_12318	nuc_gene_a__ERC1_	1
observable_12319	nuc_gene_a__GAK_	1
observable_12320	nuc_gene_a__FBXO10_	1
observable_12321	nuc_gene_a__GSKIP_	1
observable_12322	nuc_gene_a__NOTCH2_	1
observable_12323	nuc_gene_a__AP2A1_	1
observable_12324	nuc_gene_a__HMGCLL1_	1
observable_12325	nuc_gene_a__ANKRD45_	1
observable_12326	nuc_gene_a__COQ10A_	1
observable_12327	nuc_gene_a__ENTPD8_	1
observable_12328	nuc_gene_a__ANGPTL4_	1
observable_12329	nuc_gene_a__SF3B3_	1
observable_12330	nuc_gene_a__CACYBP_	1
observable_12331	nuc_gene_a__ALKBH2_	1
observable_12332	nuc_gene_a__MYBL1_	1
observable_12333	nuc_gene_a__SMIM29_	1
observable_12334	nuc_gene_a__ATRIP_	1
observable_12335	nuc_gene_a__CARD9_	1
observable_12336	nuc_gene_a__CAMSAP2_	1
observable_12337	nuc_gene_a__API5_	1
observable_12338	nuc_gene_a__GFRA2_	1
observable_12339	nuc_gene_a__MTHFSD_	1
observable_12340	nuc_gene_a__SRP9_	1
observable_12341	nuc_gene_a__GPR3_	1
observable_12342	nuc_gene_a__ACSF2_	1
observable_12343	nuc_gene_a__RSPO2_	1
observable_12344	nuc_gene_a__RRP15_	1
observable_12345	nuc_gene_a__CARF_	1
observable_12346	nuc_gene_a__TYK2_	1
observable_12347	nuc_gene_a__ALDH7A1_	1
observable_12348	nuc_gene_a__CHAD_	1
observable_12349	nuc_gene_a__SRP54_	1
observable_12350	nuc_gene_a__MUL1_	1
observable_12351	nuc_gene_a__AQP7_	1
observable_12352	nuc_gene_a__GPC1_	1
observable_12353	nuc_gene_a__COX20_	1
observable_12354	nuc_gene_a__OR6B3_	1
observable_12355	nuc_gene_a__PRMT7_	1
observable_12356	nuc_gene_a__HMCES_	1
observable_12357	nuc_gene_a__STXBP4_	1
observable_12358	nuc_gene_a__ANO5_	1
observable_12359	nuc_gene_a__SCN1B_	1
observable_12360	nuc_gene_a__NOL9_	1
observable_12361	nuc_gene_a__FCN2_	1
observable_12362	nuc_gene_a__PSMC6_	1
observable_12363	nuc_gene_a__CCAR1_	1
observable_12364	nuc_gene_a__MTFR1_	1
observable_12365	nuc_gene_a__LDAH_	1
observable_12366	nuc_gene_a__THG1L_	1
observable_12367	nuc_gene_a__FBXO36_	1
observable_12368	nuc_gene_a__FAAP20_	1
observable_12369	nuc_gene_a__QTRT2_	1
observable_12370	nuc_gene_a__ANKDD1B_	1
observable_12371	nuc_gene_a__ANTXR2_	1
observable_12372	nuc_gene_a__BDKRB2_	1
observable_12373	nuc_gene_a__FUZ_	1
observable_12374	nuc_gene_a__TONSL_	1
observable_12375	nuc_gene_a__MTPAP_	1
observable_12376	nuc_gene_a__FKTN_	1
observable_12377	nuc_gene_a__BTN3A2_	1
observable_12378	nuc_gene_a__GRB14_	1
observable_12379	nuc_gene_a__RASA2_	1
observable_12380	nuc_gene_a__ZNF658_	1
observable_12381	nuc_gene_a__PPP1R14A_	1
observable_12382	nuc_gene_a__STK3_	1
observable_12383	nuc_gene_a__FRS3_	1
observable_12384	nuc_gene_a__BDH2_	1
observable_12385	nuc_gene_a__MCM6_	1
observable_12386	nuc_gene_a__RACGAP1_	1
observable_12387	nuc_gene_a__PKM_	1
observable_12388	nuc_gene_a__MAP6_	1
observable_12389	nuc_gene_a__CLINT1_	1
observable_12390	nuc_gene_a__ST6GALNAC6_	1
observable_12391	nuc_gene_a__ACBD5_	1
observable_12392	nuc_gene_a__DDX5_	1
observable_12393	nuc_gene_a__TNFRSF25_	1
observable_12394	nuc_gene_a__PLEKHA4_	1
observable_12395	nuc_gene_a__EIF2B5_	1
observable_12396	nuc_gene_a__BBS7_	1
observable_12397	nuc_gene_a__THOC3_	1
observable_12398	nuc_gene_a__TRIQK_	1
observable_12399	nuc_gene_a__ATG5_	1
observable_12400	nuc_gene_a__GLT8D2_	1
observable_12401	nuc_gene_a__ACVR2A_	1
observable_12402	nuc_gene_a__CNGA1_	1
observable_12403	nuc_gene_a__ANKRD66_	1
observable_12404	nuc_gene_a__SDHB_	1
observable_12405	nuc_gene_a__HECA_	1
observable_12406	nuc_gene_a__WDR37_	1
observable_12407	nuc_gene_a__NUCB2_	1
observable_12408	nuc_gene_a__ALKBH6_	1
observable_12409	nuc_gene_a__SIDT1_	1
observable_12410	nuc_gene_a__SCYL2_	1
observable_12411	nuc_gene_a__KIFC3_	1
observable_12412	nuc_gene_a__FOXP4_	1
observable_12413	nuc_gene_a__HNRNPF_	1
observable_12414	nuc_gene_a__MYH6_	1
observable_12415	nuc_gene_a__UTP18_	1
observable_12416	nuc_gene_a__WDR19_	1
observable_12417	nuc_gene_a__LRRC8E_	1
observable_12418	nuc_gene_a__RNF220_	1
observable_12419	nuc_gene_a__CTSH_	1
observable_12420	nuc_gene_a__RARRES1_	1
observable_12421	nuc_gene_a__RBP2_	1
observable_12422	nuc_gene_a__ST6GALNAC2_	1
observable_12423	nuc_gene_a__ECPAS_	1
observable_12424	nuc_gene_a__SLC38A2_	1
observable_12425	nuc_gene_a__RSAD1_	1
observable_12426	nuc_gene_a__MAP3K13_	1
observable_12427	nuc_gene_a__PARVA_	1
observable_12428	nuc_gene_a__TMEM268_	1
observable_12429	nuc_gene_a__ZNF706_	1
observable_12430	nuc_gene_a__RTP2_	1
observable_12431	nuc_gene_a__MOB3B_	1
observable_12432	nuc_gene_a__VAT1_	1
observable_12433	nuc_gene_a__RNF182_	1
observable_12434	nuc_gene_a__MSANTD3_	1
observable_12435	nuc_gene_a__TMEM45A_	1
observable_12436	nuc_gene_a__NDUFC1_	1
observable_12437	nuc_gene_a__ANKRD40_	1
observable_12438	nuc_gene_a__ZNF391_	1
observable_12439	nuc_gene_a__ARPC2_	1
observable_12440	nuc_gene_a__NT5DC1_	1
observable_12441	nuc_gene_a__NRN1_	1
observable_12442	nuc_gene_a__PKNOX2_	1
observable_12443	nuc_gene_a__CENPX_	1
observable_12444	nuc_gene_a__ARMC1_	1
observable_12445	nuc_gene_a__IPO9_	1
observable_12446	nuc_gene_a__RALGPS1_	1
observable_12447	nuc_gene_a__CLK3_	1
observable_12448	nuc_gene_a__SLC20A1_	1
observable_12449	nuc_gene_a__BCKDK_	1
observable_12450	nuc_gene_a__VDAC2_	1
observable_12451	nuc_gene_a__HDHD3_	1
observable_12452	nuc_gene_a__PLPP7_	1
observable_12453	nuc_gene_a__TNPO2_	1
observable_12454	nuc_gene_a__ZNF514_	1
observable_12455	nuc_gene_a__PPIP5K2_	1
observable_12456	nuc_gene_a__UGDH_	1
observable_12457	nuc_gene_a__ANXA9_	1
observable_12458	nuc_gene_a__GATAD2A_	1
observable_12459	nuc_gene_a__FANCA_	1
observable_12460	nuc_gene_a__ZNF618_	1
observable_12461	nuc_gene_a__NDNF_	1
observable_12462	nuc_gene_a__TMEM51_	1
observable_12463	nuc_gene_a__PITPNM1_	1
observable_12464	nuc_gene_a__PLCD4_	1
observable_12465	nuc_gene_a__LAMTOR2_	1
observable_12466	nuc_gene_a__ASH2L_	1
observable_12467	nuc_gene_a__ITPKB_	1
observable_12468	nuc_gene_a__SLU7_	1
observable_12469	nuc_gene_a__ALS2CL_	1
observable_12470	nuc_gene_a__CDS1_	1
observable_12471	nuc_gene_a__ZNF696_	1
observable_12472	nuc_gene_a__SCN3B_	1
observable_12473	nuc_gene_a__REG3G_	1
observable_12474	nuc_gene_a__NLRP12_	1
observable_12475	nuc_gene_a__USP3_	1
observable_12476	nuc_gene_a__TTLL5_	1
observable_12477	nuc_gene_a__SFTPA2_	1
observable_12478	nuc_gene_a__TYROBP_	1
observable_12479	nuc_gene_a__CAMTA2_	1
observable_12480	nuc_gene_a__EXO1_	1
observable_12481	nuc_gene_a__CDC42EP4_	1
observable_12482	nuc_gene_a__AIFM2_	1
observable_12483	nuc_gene_a__CSF1R_	1
observable_12484	nuc_gene_a__NTPCR_	1
observable_12485	nuc_gene_a__ADGRF4_	1
observable_12486	nuc_gene_a__ZNF362_	1
observable_12487	nuc_gene_a__IP6K3_	1
observable_12488	nuc_gene_a__PACSIN3_	1
observable_12489	nuc_gene_a__FBLN5_	1
observable_12490	nuc_gene_a__CRABP2_	1
observable_12491	nuc_gene_a__NAP1L1_	1
observable_12492	nuc_gene_a__NPTN_	1
observable_12493	nuc_gene_a__MAPK1IP1L_	1
observable_12494	nuc_gene_a__FBXO34_	1
observable_12495	nuc_gene_a__NDUFS5_	1
observable_12496	nuc_gene_a__ATXN2L_	1
observable_12497	nuc_gene_a__BMF_	1
observable_12498	nuc_gene_a__FOSL1_	1
observable_12499	nuc_gene_a__CLMP_	1
observable_12500	nuc_gene_a__ADAM23_	1
observable_12501	nuc_gene_a__MARK3_	1
observable_12502	nuc_gene_a__ZFP2_	1
observable_12503	nuc_gene_a__FRA10AC1_	1
observable_12504	nuc_gene_a__KCTD20_	1
observable_12505	nuc_gene_a__ARHGAP10_	1
observable_12506	nuc_gene_a__TJP3_	1
observable_12507	nuc_gene_a__ZKSCAN4_	1
observable_12508	nuc_gene_a__FAM53C_	1
observable_12509	nuc_gene_a__TNC_	1
observable_12510	nuc_gene_a__ANPEP_	1
observable_12511	nuc_gene_a__GLRB_	1
observable_12512	nuc_gene_a__STX4_	1
observable_12513	nuc_gene_a__OPLAH_	1
observable_12514	nuc_gene_a__DMGDH_	1
observable_12515	nuc_gene_a__EIF5A_	1
observable_12516	nuc_gene_a__SAP30L_	1
observable_12517	nuc_gene_a__ZNF276_	1
observable_12518	nuc_gene_a__CCDC74A_	1
observable_12519	nuc_gene_a__TENT5A_	1
observable_12520	nuc_gene_a__GNE_	1
observable_12521	nuc_gene_a__SIRT1_	1
observable_12522	nuc_gene_a__KIF2C_	1
observable_12523	nuc_gene_a__PAQR8_	1
observable_12524	nuc_gene_a__SERPINA5_	1
observable_12525	nuc_gene_a__NACA_	1
observable_12526	nuc_gene_a__SET_	1
observable_12527	nuc_gene_a__GABRA2_	1
observable_12528	nuc_gene_a__PCSK7_	1
observable_12529	nuc_gene_a__RAB15_	1
observable_12530	nuc_gene_a__FAM149B1_	1
observable_12531	nuc_gene_a__RECQL4_	1
observable_12532	nuc_gene_a__ME3_	1
observable_12533	nuc_gene_a__EXD2_	1
observable_12534	nuc_gene_a__NR4A2_	1
observable_12535	nuc_gene_a__STAR_	1
observable_12536	nuc_gene_a__CIAPIN1_	1
observable_12537	nuc_gene_a__CYTH1_	1
observable_12538	nuc_gene_a__ANKRD40CL_	1
observable_12539	nuc_gene_a__SLTM_	1
observable_12540	nuc_gene_a__HSDL1_	1
observable_12541	nuc_gene_a__DCUN1D4_	1
observable_12542	nuc_gene_a__PRXL2A_	1
observable_12543	nuc_gene_a__CCDC74B_	1
observable_12544	nuc_gene_a__C10orf143_	1
observable_12545	nuc_gene_a__FXYD3_	1
observable_12546	nuc_gene_a__TXK_	1
observable_12547	nuc_gene_a__PHF20L1_	1
observable_12548	nuc_gene_a__CEP57L1_	1
observable_12549	nuc_gene_a__PPL_	1
observable_12550	nuc_gene_a__HEATR1_	1
observable_12551	nuc_gene_a__CYP17A1_	1
observable_12552	nuc_gene_a__DOCK2_	1
observable_12553	nuc_gene_a__RCN3_	1
observable_12554	nuc_gene_a__ALDH2_	1
observable_12555	nuc_gene_a__FERMT2_	1
observable_12556	nuc_gene_a__INAVA_	1
observable_12557	nuc_gene_a__EHF_	1
observable_12558	nuc_gene_a__RBP4_	1
observable_12559	nuc_gene_a__RPAP1_	1
observable_12560	nuc_gene_a__GEMIN7_	1
observable_12561	nuc_gene_a__DDX19A_	1
observable_12562	nuc_gene_a__ZNF468_	1
observable_12563	nuc_gene_a__JPH4_	1
observable_12564	nuc_gene_a__ADK_	1
observable_12565	nuc_gene_a__GDPGP1_	1
observable_12566	nuc_gene_a__RASSF3_	1
observable_12567	nuc_gene_a__KCNT1_	1
observable_12568	nuc_gene_a__CALR_	1
observable_12569	nuc_gene_a__KCNJ8_	1
observable_12570	nuc_gene_a__FPR3_	1
observable_12571	nuc_gene_a__LPAR2_	1
observable_12572	nuc_gene_a__VDAC1_	1
observable_12573	nuc_gene_a__HAUS2_	1
observable_12574	nuc_gene_a__PHACTR2_	1
observable_12575	nuc_gene_a__PDE3A_	1
observable_12576	nuc_gene_a__CSRP3_	1
observable_12577	nuc_gene_a__S1PR3_	1
observable_12578	nuc_gene_a__CIB1_	1
observable_12579	nuc_gene_a__INSYN1_	1
observable_12580	nuc_gene_a__EXOC5_	1
observable_12581	nuc_gene_a__GOLPH3_	1
observable_12582	nuc_gene_a__LRRC1_	1
observable_12583	nuc_gene_a__ART3_	1
observable_12584	nuc_gene_a__ATF7IP2_	1
observable_12585	nuc_gene_a__ZNF30_	1
observable_12586	nuc_gene_a__PITRM1_	1
observable_12587	nuc_gene_a__KCNK10_	1
observable_12588	nuc_gene_a__GNPDA2_	1
observable_12589	nuc_gene_a__SPON2_	1
observable_12590	nuc_gene_a__PTBP3_	1
observable_12591	nuc_gene_a__SMOC2_	1
observable_12592	nuc_gene_a__SPDL1_	1
observable_12593	nuc_gene_a__EXOC3L1_	1
observable_12594	nuc_gene_a__PLA2G7_	1
observable_12595	nuc_gene_a__MLH3_	1
observable_12596	nuc_gene_a__PIP5K1A_	1
observable_12597	nuc_gene_a__MIPOL1_	1
observable_12598	nuc_gene_a__PRR14_	1
observable_12599	nuc_gene_a__PPP3CB_	1
observable_12600	nuc_gene_a__RFX3_	1
observable_12601	nuc_gene_a__VANGL1_	1
observable_12602	nuc_gene_a__ZNF793_	1
observable_12603	nuc_gene_a__NFIL3_	1
observable_12604	nuc_gene_a__GSG1L_	1
observable_12605	nuc_gene_a__GMNN_	1
observable_12606	nuc_gene_a__OSBPL8_	1
observable_12607	nuc_gene_a__TMPRSS4_	1
observable_12608	nuc_gene_a__PPA2_	1
observable_12609	nuc_gene_a__AUH_	1
observable_12610	nuc_gene_a__DCBLD1_	1
observable_12611	nuc_gene_a__SCFD1_	1
observable_12612	nuc_gene_a__UBE3A_	1
observable_12613	nuc_gene_a__ARRDC1_	1
observable_12614	nuc_gene_a__MTF2_	1
observable_12615	nuc_gene_a__ALDH1B1_	1
observable_12616	nuc_gene_a__HERPUD1_	1
observable_12617	nuc_gene_a__ATG9A_	1
observable_12618	nuc_gene_a__HOPX_	1
observable_12619	nuc_gene_a__SPPL2B_	1
observable_12620	nuc_gene_a__EVC_	1
observable_12621	nuc_gene_a__ATP2C1_	1
observable_12622	nuc_gene_a__MFAP3L_	1
observable_12623	nuc_gene_a__CCDC9_	1
observable_12624	nuc_gene_a__WAPL_	1
observable_12625	nuc_gene_a__PRMT9_	1
observable_12626	nuc_gene_a__IFI27L1_	1
observable_12627	nuc_gene_a__ARHGAP15_	1
observable_12628	nuc_gene_a__RNASE4_	1
observable_12629	nuc_gene_a__TAF1B_	1
observable_12630	nuc_gene_a__BEND7_	1
observable_12631	nuc_gene_a__INO80_	1
observable_12632	nuc_gene_a__CENPC_	1
observable_12633	nuc_gene_a__CAVIN2_	1
observable_12634	nuc_gene_a__CIPC_	1
observable_12635	nuc_gene_a__FAM241B_	1
observable_12636	nuc_gene_a__BTD_	1
observable_12637	nuc_gene_a__ARHGEF2_	1
observable_12638	nuc_gene_a__UBXN4_	1
observable_12639	nuc_gene_a__TECPR2_	1
observable_12640	nuc_gene_a__DNM2_	1
observable_12641	nuc_gene_a__LRRC28_	1
observable_12642	nuc_gene_a__ANKRD6_	1
observable_12643	nuc_gene_a__SEL1L3_	1
observable_12644	nuc_gene_a__USP24_	1
observable_12645	nuc_gene_a__VCP_	1
observable_12646	nuc_gene_a__KLHDC1_	1
observable_12647	nuc_gene_a__DDX19B_	1
observable_12648	nuc_gene_a__SVBP_	1
observable_12649	nuc_gene_a__PC_	1
observable_12650	nuc_gene_a__STAT3_	1
observable_12651	nuc_gene_a__RCCD1_	1
observable_12652	nuc_gene_a__TMEM201_	1
observable_12653	nuc_gene_a__EML5_	1
observable_12654	nuc_gene_a__RRAGC_	1
observable_12655	nuc_gene_a__DMBX1_	1
observable_12656	nuc_gene_a__TIMM44_	1
observable_12657	nuc_gene_a__TRIM69_	1
observable_12658	nuc_gene_a__WARS2_	1
observable_12659	nuc_gene_a__MFAP5_	1
observable_12660	nuc_gene_a__SLC25A42_	1
observable_12661	nuc_gene_a__YAP1_	1
observable_12662	nuc_gene_a__CLN6_	1
observable_12663	nuc_gene_a__PLK5_	1
observable_12664	nuc_gene_a__C14orf93_	1
observable_12665	nuc_gene_a__NUDT2_	1
observable_12666	nuc_gene_a__KIF14_	1
observable_12667	nuc_gene_a__SLC47A1_	1
observable_12668	nuc_gene_a__ZNF581_	1
observable_12669	nuc_gene_a__ZC3H12A_	1
observable_12670	nuc_gene_a__CENPE_	1
observable_12671	nuc_gene_a__USP35_	1
observable_12672	nuc_gene_a__L1TD1_	1
observable_12673	nuc_gene_a__RCN2_	1
observable_12674	nuc_gene_a__SARM1_	1
observable_12675	nuc_gene_a__LHX8_	1
observable_12676	nuc_gene_a__HSPBP1_	1
observable_12677	nuc_gene_a__DCK_	1
observable_12678	nuc_gene_a__GTF2I_	1
observable_12679	nuc_gene_a__MLN_	1
observable_12680	nuc_gene_a__SSU72_	1
observable_12681	nuc_gene_a__TK1_	1
observable_12682	nuc_gene_a__UROS_	1
observable_12683	nuc_gene_a__RPL22_	1
observable_12684	nuc_gene_a__TEX10_	1
observable_12685	nuc_gene_a__CEP44_	1
observable_12686	nuc_gene_a__KRI1_	1
observable_12687	nuc_gene_a__CDH16_	1
observable_12688	nuc_gene_a__ALOX15B_	1
observable_12689	nuc_gene_a__SMAP1_	1
observable_12690	nuc_gene_a__AGTRAP_	1
observable_12691	nuc_gene_a__TTC8_	1
observable_12692	nuc_gene_a__GRK2_	1
observable_12693	nuc_gene_a__AURKAIP1_	1
observable_12694	nuc_gene_a__NOD2_	1
observable_12695	nuc_gene_a__PLIN3_	1
observable_12696	nuc_gene_a__PPP1R8_	1
observable_12697	nuc_gene_a__UNC45A_	1
observable_12698	nuc_gene_a__PTDSS2_	1
observable_12699	nuc_gene_a__ZNF175_	1
observable_12700	nuc_gene_a__SPATS2_	1
observable_12701	nuc_gene_a__PDPR_	1
observable_12702	nuc_gene_a__GRN_	1
observable_12703	nuc_gene_a__ZRANB2_	1
observable_12704	nuc_gene_a__RNF126_	1
observable_12705	nuc_gene_a__BSCL2_	1
observable_12706	nuc_gene_a__CAVIN1_	1
observable_12707	nuc_gene_a__LHX4_	1
observable_12708	nuc_gene_a__APTX_	1
observable_12709	nuc_gene_a__TBC1D2B_	1
observable_12710	nuc_gene_a__GALNS_	1
observable_12711	nuc_gene_a__COA1_	1
observable_12712	nuc_gene_a__PGS1_	1
observable_12713	nuc_gene_a__FGFR4_	1
observable_12714	nuc_gene_a__SPATA6_	1
observable_12715	nuc_gene_a__GALNT12_	1
observable_12716	nuc_gene_a__RAB40C_	1
observable_12717	nuc_gene_a__RWDD3_	1
observable_12718	nuc_gene_a__ENGASE_	1
observable_12719	nuc_gene_a__AQP3_	1
observable_12720	nuc_gene_a__LONP1_	1
observable_12721	nuc_gene_a__JTB_	1
observable_12722	nuc_gene_a__MYO9A_	1
observable_12723	nuc_gene_a__PRR7_	1
observable_12724	nuc_gene_a__FEM1C_	1
observable_12725	nuc_gene_a__RBM8A_	1
observable_12726	nuc_gene_a__GNG3_	1
observable_12727	nuc_gene_a__ENTPD5_	1
observable_12728	nuc_gene_a__AGMAT_	1
observable_12729	nuc_gene_a__PLAA_	1
observable_12730	nuc_gene_a__LEO1_	1
observable_12731	nuc_gene_a__ERI3_	1
observable_12732	nuc_gene_a__RANBP17_	1
observable_12733	nuc_gene_a__ABCA2_	1
observable_12734	nuc_gene_a__ULK2_	1
observable_12735	nuc_gene_a__IQCE_	1
observable_12736	nuc_gene_a__MYSM1_	1
observable_12737	nuc_gene_a__ANXA7_	1
observable_12738	nuc_gene_a__SYT2_	1
observable_12739	nuc_gene_a__ZNF302_	1
observable_12740	nuc_gene_a__ZBTB8B_	1
observable_12741	nuc_gene_a__S100A2_	1
observable_12742	nuc_gene_a__PTPRB_	1
observable_12743	nuc_gene_a__UCHL1_	1
observable_12744	nuc_gene_a__CCK_	1
observable_12745	nuc_gene_a__TMEM267_	1
observable_12746	nuc_gene_a__HIP1_	1
observable_12747	nuc_gene_a__NAA35_	1
observable_12748	nuc_gene_a__RPS24_	1
observable_12749	nuc_gene_a__ABHD17A_	1
observable_12750	nuc_gene_a__RBM20_	1
observable_12751	nuc_gene_a__CYTH3_	1
observable_12752	nuc_gene_a__FBXW5_	1
observable_12753	nuc_gene_a__CAMKV_	1
observable_12754	nuc_gene_a__ENAH_	1
observable_12755	nuc_gene_a__GSDME_	1
observable_12756	nuc_gene_a__KLHL8_	1
observable_12757	nuc_gene_a__DHX29_	1
observable_12758	nuc_gene_a__RAD52_	1
observable_12759	nuc_gene_a__CALCOCO2_	1
observable_12760	nuc_gene_a__FAM72A_	1
observable_12761	nuc_gene_a__UQCRC1_	1
observable_12762	nuc_gene_a__TTF2_	1
observable_12763	nuc_gene_a__CFAP69_	1
observable_12764	nuc_gene_a__RASSF6_	1
observable_12765	nuc_gene_a__VAC14_	1
observable_12766	nuc_gene_a__TMEM128_	1
observable_12767	nuc_gene_a__NCK1_	1
observable_12768	nuc_gene_a__COL17A1_	1
observable_12769	nuc_gene_a__ZC3H14_	1
observable_12770	nuc_gene_a__ZNF316_	1
observable_12771	nuc_gene_a__RASA1_	1
observable_12772	nuc_gene_a__PHYHD1_	1
observable_12773	nuc_gene_a__RASGEF1B_	1
observable_12774	nuc_gene_a__UMAD1_	1
observable_12775	nuc_gene_a__SERPINE1_	1
observable_12776	nuc_gene_a__CALM1_	1
observable_12777	nuc_gene_a__FAM185A_	1
observable_12778	nuc_gene_a__SYNDIG1L_	1
observable_12779	nuc_gene_a__ZNF131_	1
observable_12780	nuc_gene_a__STK17A_	1
observable_12781	nuc_gene_a__PLSCR4_	1
observable_12782	nuc_gene_a__BRCA1_	1
observable_12783	nuc_gene_a__POLRMT_	1
observable_12784	nuc_gene_a__WWTR1_	1
observable_12785	nuc_gene_a__CCNH_	1
observable_12786	nuc_gene_a__DHFR2_	1
observable_12787	nuc_gene_a__ZNF665_	1
observable_12788	nuc_gene_a__HIPK1_	1
observable_12789	nuc_gene_a__DYNLL2_	1
observable_12790	nuc_gene_a__UQCRC2_	1
observable_12791	nuc_gene_a__IGSF21_	1
observable_12792	nuc_gene_a__DUS3L_	1
observable_12793	nuc_gene_a__RASSF5_	1
observable_12794	nuc_gene_a__STRBP_	1
observable_12795	nuc_gene_a__FLNC_	1
observable_12796	nuc_gene_a__ILK_	1
observable_12797	nuc_gene_a__MRPL37_	1
observable_12798	nuc_gene_a__SLC6A6_	1
observable_12799	nuc_gene_a__MZF1_	1
observable_12800	nuc_gene_a__ZNF83_	1
observable_12801	nuc_gene_a__IL10RA_	1
observable_12802	nuc_gene_a__CORIN_	1
observable_12803	nuc_gene_a__LRRC27_	1
observable_12804	nuc_gene_a__LRRC2_	1
observable_12805	nuc_gene_a__SLC15A3_	1
observable_12806	nuc_gene_a__HDLBP_	1
observable_12807	nuc_gene_a__CAMK1G_	1
observable_12808	nuc_gene_a__AKR1C2_	1
observable_12809	nuc_gene_a__FAM72C_	1
observable_12810	nuc_gene_a__TBXAS1_	1
observable_12811	nuc_gene_a__PWWP2B_	1
observable_12812	nuc_gene_a__HECTD1_	1
observable_12813	nuc_gene_a__TLE2_	1
observable_12814	nuc_gene_a__SLC44A1_	1
observable_12815	nuc_gene_a__MYL7_	1
observable_12816	nuc_gene_a__AGO1_	1
observable_12817	nuc_gene_a__CNBP_	1
observable_12818	nuc_gene_a__CD81_	1
observable_12819	nuc_gene_a__BPGM_	1
observable_12820	nuc_gene_a__EXOSC9_	1
observable_12821	nuc_gene_a__TLE6_	1
observable_12822	nuc_gene_a__NAE1_	1
observable_12823	nuc_gene_a__GFRA3_	1
observable_12824	nuc_gene_a__ELAVL1_	1
observable_12825	nuc_gene_a__MOGAT3_	1
observable_12826	nuc_gene_a__RHBDD1_	1
observable_12827	nuc_gene_a__NCOA4_	1
observable_12828	nuc_gene_a__IQCK_	1
observable_12829	nuc_gene_a__ACAD8_	1
observable_12830	nuc_gene_a__SYK_	1
observable_12831	nuc_gene_a__TMEM232_	1
observable_12832	nuc_gene_a__THUMPD3_	1
observable_12833	nuc_gene_a__TMEM17_	1
observable_12834	nuc_gene_a__ZNF764_	1
observable_12835	nuc_gene_a__ABCG2_	1
observable_12836	nuc_gene_a__ACADVL_	1
observable_12837	nuc_gene_a__N4BP3_	1
observable_12838	nuc_gene_a__CAPN14_	1
observable_12839	nuc_gene_a__STAT6_	1
observable_12840	nuc_gene_a__TIRAP_	1
observable_12841	nuc_gene_a__KCNMB1_	1
observable_12842	nuc_gene_a__EHD3_	1
observable_12843	nuc_gene_a__COQ4_	1
observable_12844	nuc_gene_a__CSNK2A2_	1
observable_12845	nuc_gene_a__HTRA1_	1
observable_12846	nuc_gene_a__BUD13_	1
observable_12847	nuc_gene_a__ACTB_	1
observable_12848	nuc_gene_a__PHYKPL_	1
observable_12849	nuc_gene_a__TESK1_	1
observable_12850	nuc_gene_a__FAM3D_	1
observable_12851	nuc_gene_a__STAC2_	1
observable_12852	nuc_gene_a__WNT2_	1
observable_12853	nuc_gene_a__ZDHHC6_	1
observable_12854	nuc_gene_a__ROCK2_	1
observable_12855	nuc_gene_a__RUSC2_	1
observable_12856	nuc_gene_a__PLCD3_	1
observable_12857	nuc_gene_a__PDHX_	1
observable_12858	nuc_gene_a__GPT2_	1
observable_12859	nuc_gene_a__PBX3_	1
observable_12860	nuc_gene_a__MPHOSPH6_	1
observable_12861	nuc_gene_a__SKAP2_	1
observable_12862	nuc_gene_a__FKBP8_	1
observable_12863	nuc_gene_a__CDK11B_	1
observable_12864	nuc_gene_a__CRTAC1_	1
observable_12865	nuc_gene_a__OLFM1_	1
observable_12866	nuc_gene_a__TANGO6_	1
observable_12867	nuc_gene_a__TMEM134_	1
observable_12868	nuc_gene_a__ANXA2_	1
observable_12869	nuc_gene_a__ZNF573_	1
observable_12870	nuc_gene_a__TGFBR1_	1
observable_12871	nuc_gene_a__IL34_	1
observable_12872	nuc_gene_a__CNOT2_	1
observable_12873	nuc_gene_a__SLC4A4_	1
observable_12874	nuc_gene_a__CFTR_	1
observable_12875	nuc_gene_a__CCDC171_	1
observable_12876	nuc_gene_a__CORO2B_	1
observable_12877	nuc_gene_a__TOMM20_	1
observable_12878	nuc_gene_a__NAB2_	1
observable_12879	nuc_gene_a__UNC119B_	1
observable_12880	nuc_gene_a__CADPS_	1
observable_12881	nuc_gene_a__SNRNP35_	1
observable_12882	nuc_gene_a__IL15RA_	1
observable_12883	nuc_gene_a__RHOH_	1
observable_12884	nuc_gene_a__GOLGA7B_	1
observable_12885	nuc_gene_a__GPD1L_	1
observable_12886	nuc_gene_a__ADAMTS7_	1
observable_12887	nuc_gene_a__DEPDC1_	1
observable_12888	nuc_gene_a__PLEKHG4_	1
observable_12889	nuc_gene_a__SCAMP1_	1
observable_12890	nuc_gene_a__FNDC7_	1
observable_12891	nuc_gene_a__S100A11_	1
observable_12892	nuc_gene_a__CEMIP2_	1
observable_12893	nuc_gene_a__USP31_	1
observable_12894	nuc_gene_a__LZTS2_	1
observable_12895	nuc_gene_a__CD2AP_	1
observable_12896	nuc_gene_a__UBQLN4_	1
observable_12897	nuc_gene_a__CCDC50_	1
observable_12898	nuc_gene_a__KNOP1_	1
observable_12899	nuc_gene_a__NRBF2_	1
observable_12900	nuc_gene_a__RBPJ_	1
observable_12901	nuc_gene_a__SLC26A11_	1
observable_12902	nuc_gene_a__ULK4_	1
observable_12903	nuc_gene_a__LDHD_	1
observable_12904	nuc_gene_a__ZG16_	1
observable_12905	nuc_gene_a__FOXL1_	1
observable_12906	nuc_gene_a__CSF3_	1
observable_12907	nuc_gene_a__MLIP_	1
observable_12908	nuc_gene_a__RAD54L_	1
observable_12909	nuc_gene_a__IDUA_	1
observable_12910	nuc_gene_a__MARCKSL1_	1
observable_12911	nuc_gene_a__MGARP_	1
observable_12912	nuc_gene_a__DAZAP1_	1
observable_12913	nuc_gene_a__MTREX_	1
observable_12914	nuc_gene_a__MEAF6_	1
observable_12915	nuc_gene_a__SLC25A25_	1
observable_12916	nuc_gene_a__SUCLG2_	1
observable_12917	nuc_gene_a__TCEANC2_	1
observable_12918	nuc_gene_a__MYADM_	1
observable_12919	nuc_gene_a__FEZF2_	1
observable_12920	nuc_gene_a__GPN2_	1
observable_12921	nuc_gene_a__UQCR11_	1
observable_12922	nuc_gene_a__HERC5_	1
observable_12923	nuc_gene_a__RPS8_	1
observable_12924	nuc_gene_a__FAXDC2_	1
observable_12925	nuc_gene_a__CHST8_	1
observable_12926	nuc_gene_a__BTN2A2_	1
observable_12927	nuc_gene_a__SLC26A1_	1
observable_12928	nuc_gene_a__TTC9B_	1
observable_12929	nuc_gene_a__UGT2B15_	1
observable_12930	nuc_gene_a__CETP_	1
observable_12931	nuc_gene_a__ZNF568_	1
observable_12932	nuc_gene_a__COQ3_	1
observable_12933	nuc_gene_a__SETD2_	1
observable_12934	nuc_gene_a__CDC23_	1
observable_12935	nuc_gene_a__CADPS2_	1
observable_12936	nuc_gene_a__TUT7_	1
observable_12937	nuc_gene_a__ARAP1_	1
observable_12938	nuc_gene_a__TMEM59_	1
observable_12939	nuc_gene_a__PLPP1_	1
observable_12940	nuc_gene_a__CPNE7_	1
observable_12941	nuc_gene_a__PPIL6_	1
observable_12942	nuc_gene_a__RABEPK_	1
observable_12943	nuc_gene_a__WWC2_	1
observable_12944	nuc_gene_a__THADA_	1
observable_12945	nuc_gene_a__ETV3L_	1
observable_12946	nuc_gene_a__PARD6A_	1
observable_12947	nuc_gene_a__TFB1M_	1
observable_12948	nuc_gene_a__NSUN5_	1
observable_12949	nuc_gene_a__UAP1L1_	1
observable_12950	nuc_gene_a__EPS8L1_	1
observable_12951	nuc_gene_a__CNIH3_	1
observable_12952	nuc_gene_a__MON2_	1
observable_12953	nuc_gene_a__ZBTB8OS_	1
observable_12954	nuc_gene_a__TMEM209_	1
observable_12955	nuc_gene_a__GOT2_	1
observable_12956	nuc_gene_a__RNGTT_	1
observable_12957	nuc_gene_a__CEP89_	1
observable_12958	nuc_gene_a__RRP36_	1
observable_12959	nuc_gene_a__RNF14_	1
observable_12960	nuc_gene_a__RPL10A_	1
observable_12961	nuc_gene_a__EXOC7_	1
observable_12962	nuc_gene_a__PHLDB3_	1
observable_12963	nuc_gene_a__RNF25_	1
observable_12964	nuc_gene_a__PTGER4_	1
observable_12965	nuc_gene_a__PON2_	1
observable_12966	nuc_gene_a__NEK6_	1
observable_12967	nuc_gene_a__RHOQ_	1
observable_12968	nuc_gene_a__ARRB1_	1
observable_12969	nuc_gene_a__ZMYM4_	1
observable_12970	nuc_gene_a__OLFML3_	1
observable_12971	nuc_gene_a__FAM3C_	1
observable_12972	nuc_gene_a__CLOCK_	1
observable_12973	nuc_gene_a__DAAM2_	1
observable_12974	nuc_gene_a__FNBP1L_	1
observable_12975	nuc_gene_a__FBXO11_	1
observable_12976	nuc_gene_a__NFIC_	1
observable_12977	nuc_gene_a__ZNF425_	1
observable_12978	nuc_gene_a__UCP2_	1
observable_12979	nuc_gene_a__CARHSP1_	1
observable_12980	nuc_gene_a__SLC39A3_	1
observable_12981	nuc_gene_a__SLC1A3_	1
observable_12982	nuc_gene_a__CNIH4_	1
observable_12983	nuc_gene_a__GSTA3_	1
observable_12984	nuc_gene_a__PSMB4_	1
observable_12985	nuc_gene_a__CCDC61_	1
observable_12986	nuc_gene_a__ZDHHC7_	1
observable_12987	nuc_gene_a__PPCS_	1
observable_12988	nuc_gene_a__TTC1_	1
observable_12989	nuc_gene_a__MMACHC_	1
observable_12990	nuc_gene_a__KPNB1_	1
observable_12991	nuc_gene_a__NUDT12_	1
observable_12992	nuc_gene_a__SIGLEC11_	1
observable_12993	nuc_gene_a__SLC30A9_	1
observable_12994	nuc_gene_a__TRIM65_	1
observable_12995	nuc_gene_a__NME5_	1
observable_12996	nuc_gene_a__CCDC43_	1
observable_12997	nuc_gene_a__KLHL5_	1
observable_12998	nuc_gene_a__NT5C3B_	1
observable_12999	nuc_gene_a__VPS41_	1
observable_13000	nuc_gene_a__CAPNS1_	1
observable_13001	nuc_gene_a__CCDC69_	1
observable_13002	nuc_gene_a__PPP4C_	1
observable_13003	nuc_gene_a__LIN7B_	1
observable_13004	nuc_gene_a__NVL_	1
observable_13005	nuc_gene_a__RPS14_	1
observable_13006	nuc_gene_a__MOCS1_	1
observable_13007	nuc_gene_a__EIF2B4_	1
observable_13008	nuc_gene_a__ZNF333_	1
observable_13009	nuc_gene_a__PAICS_	1
observable_13010	nuc_gene_a__KHDC1_	1
observable_13011	nuc_gene_a__PSMA5_	1
observable_13012	nuc_gene_a__PI4K2B_	1
observable_13013	nuc_gene_a__FABP1_	1
observable_13014	nuc_gene_a__SH3TC2_	1
observable_13015	nuc_gene_a__SMPD3_	1
observable_13016	nuc_gene_a__TRIM38_	1
observable_13017	nuc_gene_a__RPL5_	1
observable_13018	nuc_gene_a__GYS1_	1
observable_13019	nuc_gene_a__HTR1E_	1
observable_13020	nuc_gene_a__CXXC5_	1
observable_13021	nuc_gene_a__PRSS36_	1
observable_13022	nuc_gene_a__GNPTAB_	1
observable_13023	nuc_gene_a__MRTO4_	1
observable_13024	nuc_gene_a__NPNT_	1
observable_13025	nuc_gene_a__PCBP4_	1
observable_13026	nuc_gene_a__ANKH_	1
observable_13027	nuc_gene_a__STAT5A_	1
observable_13028	nuc_gene_a__RASSF8_	1
observable_13029	nuc_gene_a__CFI_	1
observable_13030	nuc_gene_a__BCL2L12_	1
observable_13031	nuc_gene_a__IRF8_	1
observable_13032	nuc_gene_a__MSMO1_	1
observable_13033	nuc_gene_a__DERA_	1
observable_13034	nuc_gene_a__MTHFD2L_	1
observable_13035	nuc_gene_a__ZSWIM7_	1
observable_13036	nuc_gene_a__COL16A1_	1
observable_13037	nuc_gene_a__STX18_	1
observable_13038	nuc_gene_a__CCT5_	1
observable_13039	nuc_gene_a__CDCA8_	1
observable_13040	nuc_gene_a__CLGN_	1
observable_13041	nuc_gene_a__EBF1_	1
observable_13042	nuc_gene_a__RAET1G_	1
observable_13043	nuc_gene_a__RFPL4B_	1
observable_13044	nuc_gene_a__NSG1_	1
observable_13045	nuc_gene_a__RANBP9_	1
observable_13046	nuc_gene_a__TRMT10A_	1
observable_13047	nuc_gene_a__APLP1_	1
observable_13048	nuc_gene_a__HP_	1
observable_13049	nuc_gene_a__PARD3_	1
observable_13050	nuc_gene_a__GPAT3_	1
observable_13051	nuc_gene_a__HNRNPA2B1_	1
observable_13052	nuc_gene_a__CRELD1_	1
observable_13053	nuc_gene_a__TAPT1_	1
observable_13054	nuc_gene_a__TRMT1_	1
observable_13055	nuc_gene_a__PAN2_	1
observable_13056	nuc_gene_a__GLCCI1_	1
observable_13057	nuc_gene_a__ABHD14A_	1
observable_13058	nuc_gene_a__ITGAL_	1
observable_13059	nuc_gene_a__AP2S1_	1
observable_13060	nuc_gene_a__SLC35E1_	1
observable_13061	nuc_gene_a__ZNF467_	1
observable_13062	nuc_gene_a__MIA_	1
observable_13063	nuc_gene_a__TPSB2_	1
observable_13064	nuc_gene_a__NHLH2_	1
observable_13065	nuc_gene_a__ZNF420_	1
observable_13066	nuc_gene_a__SH3BP2_	1
observable_13067	nuc_gene_a__PRSS33_	1
observable_13068	nuc_gene_a__UBE2T_	1
observable_13069	nuc_gene_a__B4GALNT1_	1
observable_13070	nuc_gene_a__EIF2A_	1
observable_13071	nuc_gene_a__SIGLEC8_	1
observable_13072	nuc_gene_a__ZNF614_	1
observable_13073	nuc_gene_a__WIPI2_	1
observable_13074	nuc_gene_a__PODXL2_	1
observable_13075	nuc_gene_a__DHX32_	1
observable_13076	nuc_gene_a__ZNF324_	1
observable_13077	nuc_gene_a__FUT2_	1
observable_13078	nuc_gene_a__FLOT2_	1
observable_13079	nuc_gene_a__CCNC_	1
observable_13080	nuc_gene_a__SRGAP2_	1
observable_13081	nuc_gene_a__PPP3CA_	1
observable_13082	nuc_gene_a__RSBN1_	1
observable_13083	nuc_gene_a__GABRG1_	1
observable_13084	nuc_gene_a__ITLN2_	1
observable_13085	nuc_gene_a__SH3BGRL3_	1
observable_13086	nuc_gene_a__CENPF_	1
observable_13087	nuc_gene_a__KANK2_	1
observable_13088	nuc_gene_a__FBLN2_	1
observable_13089	nuc_gene_a__KATNB1_	1
observable_13090	nuc_gene_a__SYF2_	1
observable_13091	nuc_gene_a__TRDN_	1
observable_13092	nuc_gene_a__MRPS21_	1
observable_13093	nuc_gene_a__C1orf50_	1
observable_13094	nuc_gene_a__TMED5_	1
observable_13095	nuc_gene_a__TBC1D10B_	1
observable_13096	nuc_gene_a__NSL1_	1
observable_13097	nuc_gene_a__ATXN1L_	1
observable_13098	nuc_gene_a__KLC3_	1
observable_13099	nuc_gene_a__PGBD2_	1
observable_13100	nuc_gene_a__KCTD5_	1
observable_13101	nuc_gene_a__DRC3_	1
observable_13102	nuc_gene_a__FOLH1_	1
observable_13103	nuc_gene_a__KCNA4_	1
observable_13104	nuc_gene_a__RPA2_	1
observable_13105	nuc_gene_a__ZSCAN31_	1
observable_13106	nuc_gene_a__FAM171A2_	1
observable_13107	nuc_gene_a__NPM1_	1
observable_13108	nuc_gene_a__TNFSF12_	1
observable_13109	nuc_gene_a__PEX1_	1
observable_13110	nuc_gene_a__PDSS2_	1
observable_13111	nuc_gene_a__DTL_	1
observable_13112	nuc_gene_a__MCM9_	1
observable_13113	nuc_gene_a__LASP1_	1
observable_13114	nuc_gene_a__REXO5_	1
observable_13115	nuc_gene_a__ZNF789_	1
observable_13116	nuc_gene_a__B4GALT4_	1
observable_13117	nuc_gene_a__DDX6_	1
observable_13118	nuc_gene_a__CEP162_	1
observable_13119	nuc_gene_a__ENPP4_	1
observable_13120	nuc_gene_a__MEFV_	1
observable_13121	nuc_gene_a__PPP2R1A_	1
observable_13122	nuc_gene_a__GUCY1A1_	1
observable_13123	nuc_gene_a__PGLS_	1
observable_13124	nuc_gene_a__ANXA11_	1
observable_13125	nuc_gene_a__PAMR1_	1
observable_13126	nuc_gene_a__NBEAL2_	1
observable_13127	nuc_gene_a__TFB2M_	1
observable_13128	nuc_gene_a__FAM72D_	1
observable_13129	nuc_gene_a__ZNF3_	1
observable_13130	nuc_gene_a__ATP6V0D1_	1
observable_13131	nuc_gene_a__B3GAT3_	1
observable_13132	nuc_gene_a__CREB3L3_	1
observable_13133	nuc_gene_a__CDKN1C_	1
observable_13134	nuc_gene_a__ATAD3A_	1
observable_13135	nuc_gene_a__ALDH18A1_	1
observable_13136	nuc_gene_a__CAPS_	1
observable_13137	nuc_gene_a__SNCA_	1
observable_13138	nuc_gene_a__NNT_	1
observable_13139	nuc_gene_a__ALDH3A1_	1
observable_13140	nuc_gene_a__INTS1_	1
observable_13141	nuc_gene_a__KRT19_	1
observable_13142	nuc_gene_a__BASP1_	1
observable_13143	nuc_gene_a__ADAM17_	1
observable_13144	nuc_gene_a__PDCD4_	1
observable_13145	nuc_gene_a__TSEN54_	1
observable_13146	nuc_gene_a__PHGDH_	1
observable_13147	nuc_gene_a__ZNF366_	1
observable_13148	nuc_gene_a__ADGRE3_	1
observable_13149	nuc_gene_a__TRAPPC11_	1
observable_13150	nuc_gene_a__SAMD4B_	1
observable_13151	nuc_gene_a__MPC2_	1
observable_13152	nuc_gene_a__GOLT1A_	1
observable_13153	nuc_gene_a__C1GALT1_	1
observable_13154	nuc_gene_a__FMNL1_	1
observable_13155	nuc_gene_a__ENOPH1_	1
observable_13156	nuc_gene_a__WIF1_	1
observable_13157	nuc_gene_a__TOB1_	1
observable_13158	nuc_gene_a__UNC50_	1
observable_13159	nuc_gene_a__PPAT_	1
observable_13160	nuc_gene_a__NPRL3_	1
observable_13161	nuc_gene_a__MSL1_	1
observable_13162	nuc_gene_a__RPL13A_	1
observable_13163	nuc_gene_a__POLK_	1
observable_13164	nuc_gene_a__RASA4B_	1
observable_13165	nuc_gene_a__SSBP3_	1
observable_13166	nuc_gene_a__SPNS2_	1
observable_13167	nuc_gene_a__EHMT2_	1
observable_13168	nuc_gene_a__BMI1_	1
observable_13169	nuc_gene_a__MYL5_	1
observable_13170	nuc_gene_a__TFEC_	1
observable_13171	nuc_gene_a__GABRB2_	1
observable_13172	nuc_gene_a__MMP23B_	1
observable_13173	nuc_gene_a__HOOK2_	1
observable_13174	nuc_gene_a__RPS27_	1
observable_13175	nuc_gene_a__GIPC2_	1
observable_13176	nuc_gene_a__FANCE_	1
observable_13177	nuc_gene_a__NUDT9_	1
observable_13178	nuc_gene_a__TES_	1
observable_13179	nuc_gene_a__BEND5_	1
observable_13180	nuc_gene_a__CREBRF_	1
observable_13181	nuc_gene_a__DPM3_	1
observable_13182	nuc_gene_a__PPA1_	1
observable_13183	nuc_gene_a__WDR59_	1
observable_13184	nuc_gene_a__NUCKS1_	1
observable_13185	nuc_gene_a__SDC3_	1
observable_13186	nuc_gene_a__SLC49A3_	1
observable_13187	nuc_gene_a__CREB5_	1
observable_13188	nuc_gene_a__BBIP1_	1
observable_13189	nuc_gene_a__NPIPA2_	1
observable_13190	nuc_gene_a__IRF1_	1
observable_13191	nuc_gene_a__LANCL2_	1
observable_13192	nuc_gene_a__ZNF680_	1
observable_13193	nuc_gene_a__CROCC_	1
observable_13194	nuc_gene_a__ORAI2_	1
observable_13195	nuc_gene_a__DR1_	1
observable_13196	nuc_gene_a__IFT172_	1
observable_13197	nuc_gene_a__WASF1_	1
observable_13198	nuc_gene_a__HLA_DRB1_	1
observable_13199	nuc_gene_a__NDST1_	1
observable_13200	nuc_gene_a__DDX20_	1
observable_13201	nuc_gene_a__VGLL2_	1
observable_13202	nuc_gene_a__PFKP_	1
observable_13203	nuc_gene_a__BAMBI_	1
observable_13204	nuc_gene_a__ZNF25_	1
observable_13205	nuc_gene_a__RABEP1_	1
observable_13206	nuc_gene_a__GUSB_	1
observable_13207	nuc_gene_a__OPALIN_	1
observable_13208	nuc_gene_a__PPP6R1_	1
observable_13209	nuc_gene_a__TRAF7_	1
observable_13210	nuc_gene_a__SRR_	1
observable_13211	nuc_gene_a__TNFAIP8L1_	1
observable_13212	nuc_gene_a__RAP1B_	1
observable_13213	nuc_gene_a__COG1_	1
observable_13214	nuc_gene_a__RNF166_	1
observable_13215	nuc_gene_a__EVA1B_	1
observable_13216	nuc_gene_a__NEBL_	1
observable_13217	nuc_gene_a__PDE1C_	1
observable_13218	nuc_gene_a__TSR1_	1
observable_13219	nuc_gene_a__ACVR1_	1
observable_13220	nuc_gene_a__TAPBPL_	1
observable_13221	nuc_gene_a__SIGLEC10_	1
observable_13222	nuc_gene_a__TP53I13_	1
observable_13223	nuc_gene_a__E4F1_	1
observable_13224	nuc_gene_a__PAOX_	1
observable_13225	nuc_gene_a__CDK11A_	1
observable_13226	nuc_gene_a__EEF2KMT_	1
observable_13227	nuc_gene_a__METTL18_	1
observable_13228	nuc_gene_a__SUOX_	1
observable_13229	nuc_gene_a__SLC37A3_	1
observable_13230	nuc_gene_a__SPATA17_	1
observable_13231	nuc_gene_a__USP36_	1
observable_13232	nuc_gene_a__FCGRT_	1
observable_13233	nuc_gene_a__BAK1_	1
observable_13234	nuc_gene_a__SGMS1_	1
observable_13235	nuc_gene_a__LMO3_	1
observable_13236	nuc_gene_a__OCIAD1_	1
observable_13237	nuc_gene_a__C19orf25_	1
observable_13238	nuc_gene_a__DNAJC1_	1
observable_13239	nuc_gene_a__HMGA1_	1
observable_13240	nuc_gene_a__RCAN3_	1
observable_13241	nuc_gene_a__TOE1_	1
observable_13242	nuc_gene_a__TLR6_	1
observable_13243	nuc_gene_a__UBE2D2_	1
observable_13244	nuc_gene_a__ZNF518B_	1
observable_13245	nuc_gene_a__HPS1_	1
observable_13246	nuc_gene_a__FKRP_	1
observable_13247	nuc_gene_a__DDIT4L_	1
observable_13248	nuc_gene_a__BCS1L_	1
observable_13249	nuc_gene_a__SLC38A10_	1
observable_13250	nuc_gene_a__LPCAT3_	1
observable_13251	nuc_gene_a__PLVAP_	1
observable_13252	nuc_gene_a__GPM6A_	1
observable_13253	nuc_gene_a__RAD51C_	1
observable_13254	nuc_gene_a__CLSPN_	1
observable_13255	nuc_gene_a__NOSIP_	1
observable_13256	nuc_gene_a__SLC16A3_	1
observable_13257	nuc_gene_a__CFAP206_	1
observable_13258	nuc_gene_a__PLEKHA5_	1
observable_13259	nuc_gene_a__SOX13_	1
observable_13260	nuc_gene_a__XPO1_	1
observable_13261	nuc_gene_a__NFKB1_	1
observable_13262	nuc_gene_a__TSTD1_	1
observable_13263	nuc_gene_a__KIF17_	1
observable_13264	nuc_gene_a__STYK1_	1
observable_13265	nuc_gene_a__VAV1_	1
observable_13266	nuc_gene_a__CEP350_	1
observable_13267	nuc_gene_a__ASL_	1
observable_13268	nuc_gene_a__PRIMPOL_	1
observable_13269	nuc_gene_a__STPG1_	1
observable_13270	nuc_gene_a__LGALS9_	1
observable_13271	nuc_gene_a__PPP6R3_	1
observable_13272	nuc_gene_a__EHBP1_	1
observable_13273	nuc_gene_a__MED8_	1
observable_13274	nuc_gene_a__TBC1D32_	1
observable_13275	nuc_gene_a__COA7_	1
observable_13276	nuc_gene_a__BAIAP3_	1
observable_13277	nuc_gene_a__CLASRP_	1
observable_13278	nuc_gene_a__PGAM5_	1
observable_13279	nuc_gene_a__CNN3_	1
observable_13280	nuc_gene_a__NOP14_	1
observable_13281	nuc_gene_a__CTNNA1_	1
observable_13282	nuc_gene_a__RRAS_	1
observable_13283	nuc_gene_a__KLHL7_	1
observable_13284	nuc_gene_a__MT3_	1
observable_13285	nuc_gene_a__GRM3_	1
observable_13286	nuc_gene_a__ZNF419_	1
observable_13287	nuc_gene_a__NBPF12_	1
observable_13288	nuc_gene_a__METTL26_	1
observable_13289	nuc_gene_a__CNN1_	1
observable_13290	nuc_gene_a__EXTL2_	1
observable_13291	nuc_gene_a__YBX3_	1
observable_13292	nuc_gene_a__SFTPA1_	1
observable_13293	nuc_gene_a__MOB3A_	1
observable_13294	nuc_gene_a__ORC5_	1
observable_13295	nuc_gene_a__FUT6_	1
observable_13296	nuc_gene_a__MAEA_	1
observable_13297	nuc_gene_a__ANGPTL5_	1
observable_13298	nuc_gene_a__TSR3_	1
observable_13299	nuc_gene_a__RRAD_	1
observable_13300	nuc_gene_a__CDH10_	1
observable_13301	nuc_gene_a__NT5C2_	1
observable_13302	nuc_gene_a__B4GALT7_	1
observable_13303	nuc_gene_a__SLC39A5_	1
observable_13304	nuc_gene_a__TPMT_	1
observable_13305	nuc_gene_a__PTPRU_	1
observable_13306	nuc_gene_a__SULT1A4_	1
observable_13307	nuc_gene_a__PGAP2_	1
observable_13308	nuc_gene_a__SLF1_	1
observable_13309	nuc_gene_a__TPM4_	1
observable_13310	nuc_gene_a__E2F4_	1
observable_13311	nuc_gene_a__GOPC_	1
observable_13312	nuc_gene_a__FGF18_	1
observable_13313	nuc_gene_a__FAU_	1
observable_13314	nuc_gene_a__NELFA_	1
observable_13315	nuc_gene_a__BCL2L14_	1
observable_13316	nuc_gene_a__ATP6V0B_	1
observable_13317	nuc_gene_a__MYEOV_	1
observable_13318	nuc_gene_a__TIPRL_	1
observable_13319	nuc_gene_a__NPR3_	1
observable_13320	nuc_gene_a__ACD_	1
observable_13321	nuc_gene_a__FASTKD3_	1
observable_13322	nuc_gene_a__FAM114A1_	1
observable_13323	nuc_gene_a__PMVK_	1
observable_13324	nuc_gene_a__TCHP_	1
observable_13325	nuc_gene_a__UCK2_	1
observable_13326	nuc_gene_a__SULT1A1_	1
observable_13327	nuc_gene_a__NAAA_	1
observable_13328	nuc_gene_a__EVI5L_	1
observable_13329	nuc_gene_a__SPAG9_	1
observable_13330	nuc_gene_a__MICU1_	1
observable_13331	nuc_gene_a__ATAD3B_	1
observable_13332	nuc_gene_a__EGLN2_	1
observable_13333	nuc_gene_a__CALHM2_	1
observable_13334	nuc_gene_a__SLC38A7_	1
observable_13335	nuc_gene_a__MAP7_	1
observable_13336	nuc_gene_a__ZNF471_	1
observable_13337	nuc_gene_a__ACOT7_	1
observable_13338	nuc_gene_a__DMWD_	1
observable_13339	nuc_gene_a__NAT14_	1
observable_13340	nuc_gene_a__SF3B4_	1
observable_13341	nuc_gene_a__ZNF761_	1
observable_13342	nuc_gene_a__INPP5F_	1
observable_13343	nuc_gene_a__ECI1_	1
observable_13344	nuc_gene_a__NRCAM_	1
observable_13345	nuc_gene_a__GDPD5_	1
observable_13346	nuc_gene_a__DNAJC21_	1
observable_13347	nuc_gene_a__CAPN9_	1
observable_13348	nuc_gene_a__ZNF771_	1
observable_13349	nuc_gene_a__RASAL1_	1
observable_13350	nuc_gene_a__CFAP300_	1
observable_13351	nuc_gene_a__JMY_	1
observable_13352	nuc_gene_a__ZNRF2_	1
observable_13353	nuc_gene_a__RAB18_	1
observable_13354	nuc_gene_a__NIT1_	1
observable_13355	nuc_gene_a__STXBP5_	1
observable_13356	nuc_gene_a__BIRC3_	1
observable_13357	nuc_gene_a__RASGEF1C_	1
observable_13358	nuc_gene_a__GABRR1_	1
observable_13359	nuc_gene_a__GTF2H5_	1
observable_13360	nuc_gene_a__ADCK2_	1
observable_13361	nuc_gene_a__TRPM4_	1
observable_13362	nuc_gene_a__SENP1_	1
observable_13363	nuc_gene_a__CD320_	1
observable_13364	nuc_gene_a__OSBPL6_	1
observable_13365	nuc_gene_a__TRIM4_	1
observable_13366	nuc_gene_a__ZNF324B_	1
observable_13367	nuc_gene_a__NFAT5_	1
observable_13368	nuc_gene_a__AMBRA1_	1
observable_13369	nuc_gene_a__RAB23_	1
observable_13370	nuc_gene_a__ABCA8_	1
observable_13371	nuc_gene_a__GPAM_	1
observable_13372	nuc_gene_a__CYP4B1_	1
observable_13373	nuc_gene_a__UBR2_	1
observable_13374	nuc_gene_a__ZFYVE16_	1
observable_13375	nuc_gene_a__ACKR3_	1
observable_13376	nuc_gene_a__P4HA3_	1
observable_13377	nuc_gene_a__AMFR_	1
observable_13378	nuc_gene_a__AP3M1_	1
observable_13379	nuc_gene_a__SLC35C1_	1
observable_13380	nuc_gene_a__ISL1_	1
observable_13381	nuc_gene_a__ZNF554_	1
observable_13382	nuc_gene_a__TCEA3_	1
observable_13383	nuc_gene_a__KIAA0319_	1
observable_13384	nuc_gene_a__GSN_	1
observable_13385	nuc_gene_a__METTL22_	1
observable_13386	nuc_gene_a__LPCAT1_	1
observable_13387	nuc_gene_a__CNOT6_	1
observable_13388	nuc_gene_a__CCNL2_	1
observable_13389	nuc_gene_a__FABP6_	1
observable_13390	nuc_gene_a__ECSIT_	1
observable_13391	nuc_gene_a__PPP2CA_	1
observable_13392	nuc_gene_a__ANAPC15_	1
observable_13393	nuc_gene_a__TMEM100_	1
observable_13394	nuc_gene_a__COBLL1_	1
observable_13395	nuc_gene_a__FBXW9_	1
observable_13396	nuc_gene_a__DMTF1_	1
observable_13397	nuc_gene_a__P4HB_	1
observable_13398	nuc_gene_a__ATP2C2_	1
observable_13399	nuc_gene_a__OTX1_	1
observable_13400	nuc_gene_a__HSPA4_	1
observable_13401	nuc_gene_a__HMG20B_	1
observable_13402	nuc_gene_a__SENP6_	1
observable_13403	nuc_gene_a__BICDL2_	1
observable_13404	nuc_gene_a__EME1_	1
observable_13405	nuc_gene_a__RAB14_	1
observable_13406	nuc_gene_a__BORCS8_	1
observable_13407	nuc_gene_a__CDC5L_	1
observable_13408	nuc_gene_a__STARD10_	1
observable_13409	nuc_gene_a__USP39_	1
observable_13410	nuc_gene_a__PACSIN1_	1
observable_13411	nuc_gene_a__SLC38A1_	1
observable_13412	nuc_gene_a__B3GNT2_	1
observable_13413	nuc_gene_a__RASIP1_	1
observable_13414	nuc_gene_a__PHIP_	1
observable_13415	nuc_gene_a__MAN2A1_	1
observable_13416	nuc_gene_a__SEMA3C_	1
observable_13417	nuc_gene_a__BAG2_	1
observable_13418	nuc_gene_a__SMG9_	1
observable_13419	nuc_gene_a__KRT7_	1
observable_13420	nuc_gene_a__PPM1B_	1
observable_13421	nuc_gene_a__PHF10_	1
observable_13422	nuc_gene_a__CDC37_	1
observable_13423	nuc_gene_a__SLC30A5_	1
observable_13424	nuc_gene_a__AARS2_	1
observable_13425	nuc_gene_a__PIAS4_	1
observable_13426	nuc_gene_a__RFFL_	1
observable_13427	nuc_gene_a__ZBTB7A_	1
observable_13428	nuc_gene_a__KCNK6_	1
observable_13429	nuc_gene_a__SKP1_	1
observable_13430	nuc_gene_a__IRAK4_	1
observable_13431	nuc_gene_a__MLX_	1
observable_13432	nuc_gene_a__DNAJC14_	1
observable_13433	nuc_gene_a__KCNJ12_	1
observable_13434	nuc_gene_a__R3HDM4_	1
observable_13435	nuc_gene_a__LOXL3_	1
observable_13436	nuc_gene_a__LCP2_	1
observable_13437	nuc_gene_a__PDXDC1_	1
observable_13438	nuc_gene_a__KLHDC3_	1
observable_13439	nuc_gene_a__POPDC3_	1
observable_13440	nuc_gene_a__CAPN13_	1
observable_13441	nuc_gene_a__DOK1_	1
observable_13442	nuc_gene_a__KLHL41_	1
observable_13443	nuc_gene_a__PAK4_	1
observable_13444	nuc_gene_a__MSH3_	1
observable_13445	nuc_gene_a__RPL6_	1
observable_13446	nuc_gene_a__LRRFIP2_	1
observable_13447	nuc_gene_a__COMMD3_	1
observable_13448	nuc_gene_a__AXIN1_	1
observable_13449	nuc_gene_a__ZNF765_	1
observable_13450	nuc_gene_a__LYRM1_	1
observable_13451	nuc_gene_a__ZNF345_	1
observable_13452	nuc_gene_a__BZW1_	1
observable_13453	nuc_gene_a__SNTB2_	1
observable_13454	nuc_gene_a__LYG1_	1
observable_13455	nuc_gene_a__CMC2_	1
observable_13456	nuc_gene_a__C1S_	1
observable_13457	nuc_gene_a__FUCA2_	1
observable_13458	nuc_gene_a__CDH8_	1
observable_13459	nuc_gene_a__FCHSD1_	1
observable_13460	nuc_gene_a__TSPAN14_	1
observable_13461	nuc_gene_a__TMEM219_	1
observable_13462	nuc_gene_a__MAN2B1_	1
observable_13463	nuc_gene_a__FAM153A_	1
observable_13464	nuc_gene_a__PLA2G12B_	1
observable_13465	nuc_gene_a__GALNT10_	1
observable_13466	nuc_gene_a__L3MBTL3_	1
observable_13467	nuc_gene_a__UQCC2_	1
observable_13468	nuc_gene_a__SSBP4_	1
observable_13469	nuc_gene_a__ATG10_	1
observable_13470	nuc_gene_a__ZNF821_	1
observable_13471	nuc_gene_a__DDB1_	1
observable_13472	nuc_gene_a__PSD2_	1
observable_13473	nuc_gene_a__UBE2F_	1
observable_13474	nuc_gene_a__ITGB4_	1
observable_13475	nuc_gene_a__ZNF843_	1
observable_13476	nuc_gene_a__OSR1_	1
observable_13477	nuc_gene_a__FAM120B_	1
observable_13478	nuc_gene_a__LYPD6_	1
observable_13479	nuc_gene_a__RHOT2_	1
observable_13480	nuc_gene_a__TSSC4_	1
observable_13481	nuc_gene_a__GIT2_	1
observable_13482	nuc_gene_a__TKFC_	1
observable_13483	nuc_gene_a__ITGAX_	1
observable_13484	nuc_gene_a__ANKRD27_	1
observable_13485	nuc_gene_a__CSTF3_	1
observable_13486	nuc_gene_a__HMGCR_	1
observable_13487	nuc_gene_a__RBM5_	1
observable_13488	nuc_gene_a__NUP88_	1
observable_13489	nuc_gene_a__MRPL23_	1
observable_13490	nuc_gene_a__SBK2_	1
observable_13491	nuc_gene_a__DOCK7_	1
observable_13492	nuc_gene_a__CNTNAP4_	1
observable_13493	nuc_gene_a__ARCN1_	1
observable_13494	nuc_gene_a__DHODH_	1
observable_13495	nuc_gene_a__POMGNT2_	1
observable_13496	nuc_gene_a__GBF1_	1
observable_13497	nuc_gene_a__FRMD8_	1
observable_13498	nuc_gene_a__ARHGAP45_	1
observable_13499	nuc_gene_a__CBFB_	1
observable_13500	nuc_gene_a__NME9_	1
observable_13501	nuc_gene_a__ZDHHC5_	1
observable_13502	nuc_gene_a__MSH2_	1
observable_13503	nuc_gene_a__SYT3_	1
observable_13504	nuc_gene_a__PHKG2_	1
observable_13505	nuc_gene_a__FSTL3_	1
observable_13506	nuc_gene_a__KIF1C_	1
observable_13507	nuc_gene_a__WDPCP_	1
observable_13508	nuc_gene_a__STX10_	1
observable_13509	nuc_gene_a__FYN_	1
observable_13510	nuc_gene_a__CYB5R2_	1
observable_13511	nuc_gene_a__VCL_	1
observable_13512	nuc_gene_a__CAVIN3_	1
observable_13513	nuc_gene_a__CALM2_	1
observable_13514	nuc_gene_a__ANK2_	1
observable_13515	nuc_gene_a__FGGY_	1
observable_13516	nuc_gene_a__AKAP8L_	1
observable_13517	nuc_gene_a__PYROXD2_	1
observable_13518	nuc_gene_a__C6orf62_	1
observable_13519	nuc_gene_a__GPR137_	1
observable_13520	nuc_gene_a__ZC3H15_	1
observable_13521	nuc_gene_a__ALDH3A2_	1
observable_13522	nuc_gene_a__CAMK2N1_	1
observable_13523	nuc_gene_a__EXO5_	1
observable_13524	nuc_gene_a__ROBO4_	1
observable_13525	nuc_gene_a__VSNL1_	1
observable_13526	nuc_gene_a__PALMD_	1
observable_13527	nuc_gene_a__CERS6_	1
observable_13528	nuc_gene_a__A2M_	1
observable_13529	nuc_gene_a__NAA40_	1
observable_13530	nuc_gene_a__THNSL2_	1
observable_13531	nuc_gene_a__GMEB1_	1
observable_13532	nuc_gene_a__ASPSCR1_	1
observable_13533	nuc_gene_a__IPCEF1_	1
observable_13534	nuc_gene_a__ENPEP_	1
observable_13535	nuc_gene_a__RAB3B_	1
observable_13536	nuc_gene_a__GPR162_	1
observable_13537	nuc_gene_a__WNT2B_	1
observable_13538	nuc_gene_a__GMCL1_	1
observable_13539	nuc_gene_a__PLEKHH3_	1
observable_13540	nuc_gene_a__XPO6_	1
observable_13541	nuc_gene_a__PRDM1_	1
observable_13542	nuc_gene_a__CNNM3_	1
observable_13543	nuc_gene_a__ZNF174_	1
observable_13544	nuc_gene_a__ARID2_	1
observable_13545	nuc_gene_a__TRADD_	1
observable_13546	nuc_gene_a__CSRNP2_	1
observable_13547	nuc_gene_a__INCA1_	1
observable_13548	nuc_gene_a__TNNT1_	1
observable_13549	nuc_gene_a__MMP19_	1
observable_13550	nuc_gene_a__SLC2A9_	1
observable_13551	nuc_gene_a__ITIH4_	1
observable_13552	nuc_gene_a__SLC4A10_	1
observable_13553	nuc_gene_a__CDHR5_	1
observable_13554	nuc_gene_a__STRAP_	1
observable_13555	nuc_gene_a__GMPR_	1
observable_13556	nuc_gene_a__HSBP1_	1
observable_13557	nuc_gene_a__PAF1_	1
observable_13558	nuc_gene_a__RFC1_	1
observable_13559	nuc_gene_a__NPY1R_	1
observable_13560	nuc_gene_a__XRCC5_	1
observable_13561	nuc_gene_a__PA2G4_	1
observable_13562	nuc_gene_a__OSBPL11_	1
observable_13563	nuc_gene_a__EDRF1_	1
observable_13564	nuc_gene_a__DPH3_	1
observable_13565	nuc_gene_a__TMEM135_	1
observable_13566	nuc_gene_a__POLR2E_	1
observable_13567	nuc_gene_a__BTNL9_	1
observable_13568	nuc_gene_a__WDR43_	1
observable_13569	nuc_gene_a__METTL15_	1
observable_13570	nuc_gene_a__INTS11_	1
observable_13571	nuc_gene_a__CCDC121_	1
observable_13572	nuc_gene_a__LHFPL2_	1
observable_13573	nuc_gene_a__NOC3L_	1
observable_13574	nuc_gene_a__GRK4_	1
observable_13575	nuc_gene_a__NUDCD2_	1
observable_13576	nuc_gene_a__MYOZ1_	1
observable_13577	nuc_gene_a__LIMA1_	1
observable_13578	nuc_gene_a__NLRC5_	1
observable_13579	nuc_gene_a__OXNAD1_	1
observable_13580	nuc_gene_a__SULT1C2_	1
observable_13581	nuc_gene_a__STX3_	1
observable_13582	nuc_gene_a__FBXL8_	1
observable_13583	nuc_gene_a__ZFYVE9_	1
observable_13584	nuc_gene_a__ZNRF1_	1
observable_13585	nuc_gene_a__SMC3_	1
observable_13586	nuc_gene_a__POLR2G_	1
observable_13587	nuc_gene_a__EEF1A1_	1
observable_13588	nuc_gene_a__MCMBP_	1
observable_13589	nuc_gene_a__LEMD2_	1
observable_13590	nuc_gene_a__TBCK_	1
observable_13591	nuc_gene_a__SENP2_	1
observable_13592	nuc_gene_a__SLC25A28_	1
observable_13593	nuc_gene_a__NUP155_	1
observable_13594	nuc_gene_a__CAT_	1
observable_13595	nuc_gene_a__NPY5R_	1
observable_13596	nuc_gene_a__LIPH_	1
observable_13597	nuc_gene_a__RIOK1_	1
observable_13598	nuc_gene_a__ITGB1_	1
observable_13599	nuc_gene_a__RIPK1_	1
observable_13600	nuc_gene_a__APOD_	1
observable_13601	nuc_gene_a__NMU_	1
observable_13602	nuc_gene_a__BRIX1_	1
observable_13603	nuc_gene_a__DUSP3_	1
observable_13604	nuc_gene_a__COPS7A_	1
observable_13605	nuc_gene_a__UIMC1_	1
observable_13606	nuc_gene_a__SLC25A16_	1
observable_13607	nuc_gene_a__TOPBP1_	1
observable_13608	nuc_gene_a__CERS4_	1
observable_13609	nuc_gene_a__SGIP1_	1
observable_13610	nuc_gene_a__UBA6_	1
observable_13611	nuc_gene_a__ITGAE_	1
observable_13612	nuc_gene_a__PBLD_	1
observable_13613	nuc_gene_a__THBS4_	1
observable_13614	nuc_gene_a__BHLHE41_	1
observable_13615	nuc_gene_a__TMEM63B_	1
observable_13616	nuc_gene_a__FBXO4_	1
observable_13617	nuc_gene_a__UNC5A_	1
observable_13618	nuc_gene_a__HNRNPA3_	1
observable_13619	nuc_gene_a__TNFRSF1B_	1
observable_13620	nuc_gene_a__KPNA5_	1
observable_13621	nuc_gene_a__RAB5C_	1
observable_13622	nuc_gene_a__HOMER1_	1
observable_13623	nuc_gene_a__BMS1_	1
observable_13624	nuc_gene_a__EMP3_	1
observable_13625	nuc_gene_a__KLHL12_	1
observable_13626	nuc_gene_a__ZNF565_	1
observable_13627	nuc_gene_a__VPS35L_	1
observable_13628	nuc_gene_a__FOXK2_	1
observable_13629	nuc_gene_a__IL15_	1
observable_13630	nuc_gene_a__LARS2_	1
observable_13631	nuc_gene_a__MSTO1_	1
observable_13632	nuc_gene_a__ST6GALNAC1_	1
observable_13633	nuc_gene_a__PRPF18_	1
observable_13634	nuc_gene_a__SPSB4_	1
observable_13635	nuc_gene_a__CPSF3_	1
observable_13636	nuc_gene_a__ACOX1_	1
observable_13637	nuc_gene_a__SLC13A5_	1
observable_13638	nuc_gene_a__NOMO1_	1
observable_13639	nuc_gene_a__CFAP97_	1
observable_13640	nuc_gene_a__CCDC102A_	1
observable_13641	nuc_gene_a__RPL34_	1
observable_13642	nuc_gene_a__MAP2K3_	1
observable_13643	nuc_gene_a__PALLD_	1
observable_13644	nuc_gene_a__AP3D1_	1
observable_13645	nuc_gene_a__SLC2A5_	1
observable_13646	nuc_gene_a__OGFOD3_	1
observable_13647	nuc_gene_a__HHIP_	1
observable_13648	nuc_gene_a__ITGA2B_	1
observable_13649	nuc_gene_a__SPINT2_	1
observable_13650	nuc_gene_a__CC2D1B_	1
observable_13651	nuc_gene_a__ZNF146_	1
observable_13652	nuc_gene_a__ZNF652_	1
observable_13653	nuc_gene_a__ZNF17_	1
observable_13654	nuc_gene_a__HK3_	1
observable_13655	nuc_gene_a__SPAG7_	1
observable_13656	nuc_gene_a__ACY1_	1
observable_13657	nuc_gene_a__PALM_	1
observable_13658	nuc_gene_a__HMGXB3_	1
observable_13659	nuc_gene_a__KLHDC8A_	1
observable_13660	nuc_gene_a__RASL10B_	1
observable_13661	nuc_gene_a__DAW1_	1
observable_13662	nuc_gene_a__CHD4_	1
observable_13663	nuc_gene_a__RPL26L1_	1
observable_13664	nuc_gene_a__HEXD_	1
observable_13665	nuc_gene_a__SIGLEC7_	1
observable_13666	nuc_gene_a__PDLIM5_	1
observable_13667	nuc_gene_a__SLC29A1_	1
observable_13668	nuc_gene_a__RTBDN_	1
observable_13669	nuc_gene_a__ZNF585B_	1
observable_13670	nuc_gene_a__CTBP2_	1
observable_13671	nuc_gene_a__DHX34_	1
observable_13672	nuc_gene_a__IL6ST_	1
observable_13673	nuc_gene_a__FAM8A1_	1
observable_13674	nuc_gene_a__GOLGA4_	1
observable_13675	nuc_gene_a__UCHL5_	1
observable_13676	nuc_gene_a__ALDOC_	1
observable_13677	nuc_gene_a__UGT2B4_	1
observable_13678	nuc_gene_a__LTBR_	1
observable_13679	nuc_gene_a__PDIK1L_	1
observable_13680	nuc_gene_a__RAB40B_	1
observable_13681	nuc_gene_a__LRRN2_	1
observable_13682	nuc_gene_a__SH3PXD2B_	1
observable_13683	nuc_gene_a__MVD_	1
observable_13684	nuc_gene_a__HTRA3_	1
observable_13685	nuc_gene_a__DRGX_	1
observable_13686	nuc_gene_a__SLC2A13_	1
observable_13687	nuc_gene_a__CYBC1_	1
observable_13688	nuc_gene_a__DNAJB12_	1
observable_13689	nuc_gene_a__CPLX2_	1
observable_13690	nuc_gene_a__CARMIL1_	1
observable_13691	nuc_gene_a__CLCC1_	1
observable_13692	nuc_gene_a__LARP7_	1
observable_13693	nuc_gene_a__ITGA8_	1
observable_13694	nuc_gene_a__PLA2G15_	1
observable_13695	nuc_gene_a__MRPL14_	1
observable_13696	nuc_gene_a__CBLB_	1
observable_13697	nuc_gene_a__C17orf75_	1
observable_13698	nuc_gene_a__HNRNPH3_	1
observable_13699	nuc_gene_a__USP15_	1
observable_13700	nuc_gene_a__IGSF8_	1
observable_13701	nuc_gene_a__NUBP1_	1
observable_13702	nuc_gene_a__PNKP_	1
observable_13703	nuc_gene_a__TPSAB1_	1
observable_13704	nuc_gene_a__LIN54_	1
observable_13705	nuc_gene_a__MAP1LC3B_	1
observable_13706	nuc_gene_a__OGDHL_	1
observable_13707	nuc_gene_a__NR3C1_	1
observable_13708	nuc_gene_a__DYNLL1_	1
observable_13709	nuc_gene_a__SPSB2_	1
observable_13710	nuc_gene_a__C7_	1
observable_13711	nuc_gene_a__AADAT_	1
observable_13712	nuc_gene_a__SRSF9_	1
observable_13713	nuc_gene_a__VIPR1_	1
observable_13714	nuc_gene_a__MYF6_	1
observable_13715	nuc_gene_a__ZCCHC10_	1
observable_13716	nuc_gene_a__ZNF605_	1
observable_13717	nuc_gene_a__KRT86_	1
observable_13718	nuc_gene_a__METAP1_	1
observable_13719	nuc_gene_a__ERCC2_	1
observable_13720	nuc_gene_a__INPP5A_	1
observable_13721	nuc_gene_a__TOM1L2_	1
observable_13722	nuc_gene_a__SLC16A7_	1
observable_13723	nuc_gene_a__GRAMD2B_	1
observable_13724	nuc_gene_a__TSPAN31_	1
observable_13725	nuc_gene_a__COQ9_	1
observable_13726	nuc_gene_a__CYP4F2_	1
observable_13727	nuc_gene_a__ANKRD26_	1
observable_13728	nuc_gene_a__EMP1_	1
observable_13729	nuc_gene_a__SNN_	1
observable_13730	nuc_gene_a__FFAR3_	1
observable_13731	nuc_gene_a__COP1_	1
observable_13732	nuc_gene_a__CUTC_	1
observable_13733	nuc_gene_a__DUS1L_	1
observable_13734	nuc_gene_a__CCNI2_	1
observable_13735	nuc_gene_a__ZNF559_	1
observable_13736	nuc_gene_a__CCDC91_	1
observable_13737	nuc_gene_a__RUNDC3A_	1
observable_13738	nuc_gene_a__CACNA1D_	1
observable_13739	nuc_gene_a__TUBG1_	1
observable_13740	nuc_gene_a__RGS11_	1
observable_13741	nuc_gene_a__PLK2_	1
observable_13742	nuc_gene_a__NUP133_	1
observable_13743	nuc_gene_a__SAMD14_	1
observable_13744	nuc_gene_a__ALDH16A1_	1
observable_13745	nuc_gene_a__ZNF888_	1
observable_13746	nuc_gene_a__ETF1_	1
observable_13747	nuc_gene_a__MYL6_	1
observable_13748	nuc_gene_a__C1QTNF1_	1
observable_13749	nuc_gene_a__ZNF454_	1
observable_13750	nuc_gene_a__EIF2B1_	1
observable_13751	nuc_gene_a__KCTD15_	1
observable_13752	nuc_gene_a__PIGR_	1
observable_13753	nuc_gene_a__ZNF285_	1
observable_13754	nuc_gene_a__LPAR3_	1
observable_13755	nuc_gene_a__WIPF2_	1
observable_13756	nuc_gene_a__PACRGL_	1
observable_13757	nuc_gene_a__FKBP4_	1
observable_13758	nuc_gene_a__SAE1_	1
observable_13759	nuc_gene_a__OXCT1_	1
observable_13760	nuc_gene_a__GLT1D1_	1
observable_13761	nuc_gene_a__SREK1_	1
observable_13762	nuc_gene_a__DVL2_	1
observable_13763	nuc_gene_a__CTCF_	1
observable_13764	nuc_gene_a__GPSM2_	1
observable_13765	nuc_gene_a__FSD1_	1
observable_13766	nuc_gene_a__PCCB_	1
observable_13767	nuc_gene_a__USHBP1_	1
observable_13768	nuc_gene_a__CEPT1_	1
observable_13769	nuc_gene_a__PECAM1_	1
observable_13770	nuc_gene_a__PRELP_	1
observable_13771	nuc_gene_a__CFD_	1
observable_13772	nuc_gene_a__MOBP_	1
observable_13773	nuc_gene_a__TIMM50_	1
observable_13774	nuc_gene_a__CTNND1_	1
observable_13775	nuc_gene_a__NUP93_	1
observable_13776	nuc_gene_a__ANXA5_	1
observable_13777	nuc_gene_a__CEP85_	1
observable_13778	nuc_gene_a__PPP2R3A_	1
observable_13779	nuc_gene_a__HSD17B11_	1
observable_13780	nuc_gene_a__CNEP1R1_	1
observable_13781	nuc_gene_a__DMAP1_	1
observable_13782	nuc_gene_a__WDR18_	1
observable_13783	nuc_gene_a__DYNC1LI1_	1
observable_13784	nuc_gene_a__DGKQ_	1
observable_13785	nuc_gene_a__NSMCE1_	1
observable_13786	nuc_gene_a__WASHC2C_	1
observable_13787	nuc_gene_a__SMARCE1_	1
observable_13788	nuc_gene_a__TOR1AIP2_	1
observable_13789	nuc_gene_a__SNRK_	1
observable_13790	nuc_gene_a__CDR2_	1
observable_13791	nuc_gene_a__CCR3_	1
observable_13792	nuc_gene_a__S100A4_	1
observable_13793	nuc_gene_a__ZNF226_	1
observable_13794	nuc_gene_a__GREM2_	1
observable_13795	nuc_gene_a__LMLN_	1
observable_13796	nuc_gene_a__REPS1_	1
observable_13797	nuc_gene_a__STAT5B_	1
observable_13798	nuc_gene_a__FMO5_	1
observable_13799	nuc_gene_a__RPUSD3_	1
observable_13800	nuc_gene_a__KATNA1_	1
observable_13801	nuc_gene_a__EXOC1_	1
observable_13802	nuc_gene_a__PTPRE_	1
observable_13803	nuc_gene_a__MTHFD1L_	1
observable_13804	nuc_gene_a__RARA_	1
observable_13805	nuc_gene_a__SLC39A12_	1
observable_13806	nuc_gene_a__TBC1D9_	1
observable_13807	nuc_gene_a__ATP11B_	1
observable_13808	nuc_gene_a__HIF1AN_	1
observable_13809	nuc_gene_a__PI16_	1
observable_13810	nuc_gene_a__DGKE_	1
observable_13811	nuc_gene_a__SSX2IP_	1
observable_13812	nuc_gene_a__STX8_	1
observable_13813	nuc_gene_a__CCDC13_	1
observable_13814	nuc_gene_a__TUBGCP2_	1
observable_13815	nuc_gene_a__PAPSS1_	1
observable_13816	nuc_gene_a__PEX5_	1
observable_13817	nuc_gene_a__SLFN11_	1
observable_13818	nuc_gene_a__RASSF1_	1
observable_13819	nuc_gene_a__GP9_	1
observable_13820	nuc_gene_a__ANKS1A_	1
observable_13821	nuc_gene_a__ARHGAP22_	1
observable_13822	nuc_gene_a__ATL3_	1
observable_13823	nuc_gene_a__COPE_	1
observable_13824	nuc_gene_a__RUFY2_	1
observable_13825	nuc_gene_a__RDX_	1
observable_13826	nuc_gene_a__CYP4F12_	1
observable_13827	nuc_gene_a__DHX30_	1
observable_13828	nuc_gene_a__ZNF511_	1
observable_13829	nuc_gene_a__MKX_	1
observable_13830	nuc_gene_a__IER2_	1
observable_13831	nuc_gene_a__QRFPR_	1
observable_13832	nuc_gene_a__TMEM91_	1
observable_13833	nuc_gene_a__CORO1C_	1
observable_13834	nuc_gene_a__NDRG4_	1
observable_13835	nuc_gene_a__AP1AR_	1
observable_13836	nuc_gene_a__YME1L1_	1
observable_13837	nuc_gene_a__ALG1_	1
observable_13838	nuc_gene_a__SMIM8_	1
observable_13839	nuc_gene_a__C16orf54_	1
observable_13840	nuc_gene_a__MYBPC2_	1
observable_13841	nuc_gene_a__MASTL_	1
observable_13842	nuc_gene_a__ELN_	1
observable_13843	nuc_gene_a__ENO4_	1
observable_13844	nuc_gene_a__DYDC2_	1
observable_13845	nuc_gene_a__SLC43A3_	1
observable_13846	nuc_gene_a__ADGRG6_	1
observable_13847	nuc_gene_a__TMCC1_	1
observable_13848	nuc_gene_a__CD3G_	1
observable_13849	nuc_gene_a__UPF2_	1
observable_13850	nuc_gene_a__HOGA1_	1
observable_13851	nuc_gene_a__SCGN_	1
observable_13852	nuc_gene_a__PRMT1_	1
observable_13853	nuc_gene_a__LARP4_	1
observable_13854	nuc_gene_a__C6orf136_	1
observable_13855	nuc_gene_a__SCNN1B_	1
observable_13856	nuc_gene_a__TGFB1_	1
observable_13857	nuc_gene_a__KHDRBS2_	1
observable_13858	nuc_gene_a__CCDC51_	1
observable_13859	nuc_gene_a__HRC_	1
observable_13860	nuc_gene_a__PDS5A_	1
observable_13861	nuc_gene_a__CAP1_	1
observable_13862	nuc_gene_a__ZNF649_	1
observable_13863	nuc_gene_a__CLPB_	1
observable_13864	nuc_gene_a__SEC23IP_	1
observable_13865	nuc_gene_a__RPAIN_	1
observable_13866	nuc_gene_a__RCC1L_	1
observable_13867	nuc_gene_a__ANKRD24_	1
observable_13868	nuc_gene_a__RNF41_	1
observable_13869	nuc_gene_a__HGD_	1
observable_13870	nuc_gene_a__GNA12_	1
observable_13871	nuc_gene_a__BIN1_	1
observable_13872	nuc_gene_a__USP53_	1
observable_13873	nuc_gene_a__SCPEP1_	1
observable_13874	nuc_gene_a__SLC29A4_	1
observable_13875	nuc_gene_a__IFT140_	1
observable_13876	nuc_gene_a__CORO1B_	1
observable_13877	nuc_gene_a__MELTF_	1
observable_13878	nuc_gene_a__PAFAH2_	1
observable_13879	nuc_gene_a__SLC13A1_	1
observable_13880	nuc_gene_a__PTGES3_	1
observable_13881	nuc_gene_a__AMZ2_	1
observable_13882	nuc_gene_a__HDGFL2_	1
observable_13883	nuc_gene_a__MRAP2_	1
observable_13884	nuc_gene_a__ZNF641_	1
observable_13885	nuc_gene_a__SLC9B2_	1
observable_13886	nuc_gene_a__GET4_	1
observable_13887	nuc_gene_a__TSPAN18_	1
observable_13888	nuc_gene_a__BACH2_	1
observable_13889	nuc_gene_a__SIGLEC9_	1
observable_13890	nuc_gene_a__AMZ1_	1
observable_13891	nuc_gene_a__PLIN4_	1
observable_13892	nuc_gene_a__GIMAP8_	1
observable_13893	nuc_gene_a__ASRGL1_	1
observable_13894	nuc_gene_a__NABP2_	1
observable_13895	nuc_gene_a__ZNF709_	1
observable_13896	nuc_gene_a__SMARCD2_	1
observable_13897	nuc_gene_a__ZNF497_	1
observable_13898	nuc_gene_a__HK1_	1
observable_13899	nuc_gene_a__IGFLR1_	1
observable_13900	nuc_gene_a__JHY_	1
observable_13901	nuc_gene_a__SMARCAD1_	1
observable_13902	nuc_gene_a__PDGFD_	1
observable_13903	nuc_gene_a__BRPF3_	1
observable_13904	nuc_gene_a__HYAL4_	1
observable_13905	nuc_gene_a__ZNF227_	1
observable_13906	nuc_gene_a__NOSTRIN_	1
observable_13907	nuc_gene_a__FIS1_	1
observable_13908	nuc_gene_a__CNTN1_	1
observable_13909	nuc_gene_a__TELO2_	1
observable_13910	nuc_gene_a__TSEN34_	1
observable_13911	nuc_gene_a__PPM1G_	1
observable_13912	nuc_gene_a__TP53I11_	1
observable_13913	nuc_gene_a__CDK18_	1
observable_13914	nuc_gene_a__SCIN_	1
observable_13915	nuc_gene_a__NETO2_	1
observable_13916	nuc_gene_a__GIMAP7_	1
observable_13917	nuc_gene_a__SGCA_	1
observable_13918	nuc_gene_a__STEAP1_	1
observable_13919	nuc_gene_a__N4BP1_	1
observable_13920	nuc_gene_a__F11R_	1
observable_13921	nuc_gene_a__CUL2_	1
observable_13922	nuc_gene_a__ADGRF5_	1
observable_13923	nuc_gene_a__SLC39A11_	1
observable_13924	nuc_gene_a__PIP5K1C_	1
observable_13925	nuc_gene_a__VPS9D1_	1
observable_13926	nuc_gene_a__ANAPC4_	1
observable_13927	nuc_gene_a__MBOAT1_	1
observable_13928	nuc_gene_a__TRMT1L_	1
observable_13929	nuc_gene_a__NUPR1_	1
observable_13930	nuc_gene_a__ADAM11_	1
observable_13931	nuc_gene_a__SP110_	1
observable_13932	nuc_gene_a__DHCR7_	1
observable_13933	nuc_gene_a__RNF123_	1
observable_13934	nuc_gene_a__CALU_	1
observable_13935	nuc_gene_a__HSF4_	1
observable_13936	nuc_gene_a__ECHS1_	1
observable_13937	nuc_gene_a__BCKDHA_	1
observable_13938	nuc_gene_a__TRAF5_	1
observable_13939	nuc_gene_a__ING5_	1
observable_13940	nuc_gene_a__KLK12_	1
observable_13941	nuc_gene_a__PCGF6_	1
observable_13942	nuc_gene_a__PLK3_	1
observable_13943	nuc_gene_a__PLXDC2_	1
observable_13944	nuc_gene_a__CEP112_	1
observable_13945	nuc_gene_a__SLC7A6_	1
observable_13946	nuc_gene_a__SPN_	1
observable_13947	nuc_gene_a__TIGD7_	1
observable_13948	nuc_gene_a__GSTM2_	1
observable_13949	nuc_gene_a__AKR1C1_	1
observable_13950	nuc_gene_a__HOXB6_	1
observable_13951	nuc_gene_a__EEF2_	1
observable_13952	nuc_gene_a__MLKL_	1
observable_13953	nuc_gene_a__DFFA_	1
observable_13954	nuc_gene_a__DOC2B_	1
observable_13955	nuc_gene_a__IMPDH1_	1
observable_13956	nuc_gene_a__VPS8_	1
observable_13957	nuc_gene_a__JSRP1_	1
observable_13958	nuc_gene_a__DNAAF1_	1
observable_13959	nuc_gene_a__STN1_	1
observable_13960	nuc_gene_a__LAD1_	1
observable_13961	nuc_gene_a__USP22_	1
observable_13962	nuc_gene_a__CNNM2_	1
observable_13963	nuc_gene_a__ZNF667_	1
observable_13964	nuc_gene_a__ZNF655_	1
observable_13965	nuc_gene_a__TBC1D12_	1
observable_13966	nuc_gene_a__RASGRP2_	1
observable_13967	nuc_gene_a__FAM200A_	1
observable_13968	nuc_gene_a__PRRG2_	1
observable_13969	nuc_gene_a__THY1_	1
observable_13970	nuc_gene_a__RCOR3_	1
observable_13971	nuc_gene_a__COPS6_	1
observable_13972	nuc_gene_a__CLK1_	1
observable_13973	nuc_gene_a__SLC45A3_	1
observable_13974	nuc_gene_a__KLF7_	1
observable_13975	nuc_gene_a__SCRN1_	1
observable_13976	nuc_gene_a__CXCR2_	1
observable_13977	nuc_gene_a__KDM2A_	1
observable_13978	nuc_gene_a__TSEN15_	1
observable_13979	nuc_gene_a__ACAA1_	1
observable_13980	nuc_gene_a__SPATA20_	1
observable_13981	nuc_gene_a__RNF2_	1
observable_13982	nuc_gene_a__RARG_	1
observable_13983	nuc_gene_a__FSTL1_	1
observable_13984	nuc_gene_a__NOD1_	1
observable_13985	nuc_gene_a__PROM1_	1
observable_13986	nuc_gene_a__CLEC4D_	1
observable_13987	nuc_gene_a__CLNS1A_	1
observable_13988	nuc_gene_a__RPN1_	1
observable_13989	nuc_gene_a__ADIPOR1_	1
observable_13990	nuc_gene_a__MAFG_	1
observable_13991	nuc_gene_a__RFX4_	1
observable_13992	nuc_gene_a__HIBADH_	1
observable_13993	nuc_gene_a__NR1H2_	1
observable_13994	nuc_gene_a__KANSL3_	1
observable_13995	nuc_gene_a__PDGFA_	1
observable_13996	nuc_gene_a__ZNF117_	1
observable_13997	nuc_gene_a__NKIRAS2_	1
observable_13998	nuc_gene_a__GMPPB_	1
observable_13999	nuc_gene_a__ZNF429_	1
observable_14000	nuc_gene_a__TMEM235_	1
observable_14001	nuc_gene_a__MFSD2A_	1
observable_14002	nuc_gene_a__CIAO1_	1
observable_14003	nuc_gene_a__RPL28_	1
observable_14004	nuc_gene_a__PTGIR_	1
observable_14005	nuc_gene_a__TMEM144_	1
observable_14006	nuc_gene_a__ZNF491_	1
observable_14007	nuc_gene_a__LNPK_	1
observable_14008	nuc_gene_a__MGST2_	1
observable_14009	nuc_gene_a__ACE_	1
observable_14010	nuc_gene_a__NAPSA_	1
observable_14011	nuc_gene_a__MMS19_	1
observable_14012	nuc_gene_a__MINDY1_	1
observable_14013	nuc_gene_a__IGF2BP2_	1
observable_14014	nuc_gene_a__CYP2A7_	1
observable_14015	nuc_gene_a__FAM131C_	1
observable_14016	nuc_gene_a__ZNF512_	1
observable_14017	nuc_gene_a__TMEM238_	1
observable_14018	nuc_gene_a__ADM5_	1
observable_14019	nuc_gene_a__CCM2_	1
observable_14020	nuc_gene_a__MAP3K8_	1
observable_14021	nuc_gene_a__PAK1_	1
observable_14022	nuc_gene_a__HOXA3_	1
observable_14023	nuc_gene_a__MALSU1_	1
observable_14024	nuc_gene_a__TUFT1_	1
observable_14025	nuc_gene_a__ACHE_	1
observable_14026	nuc_gene_a__IDE_	1
observable_14027	nuc_gene_a__MYO9B_	1
observable_14028	nuc_gene_a__SLC35F2_	1
observable_14029	nuc_gene_a__GSTM4_	1
observable_14030	nuc_gene_a__APBB2_	1
observable_14031	nuc_gene_a__TSKU_	1
observable_14032	nuc_gene_a__ADCY3_	1
observable_14033	nuc_gene_a__ST6GAL1_	1
observable_14034	nuc_gene_a__APOC2_	1
observable_14035	nuc_gene_a__TPK1_	1
observable_14036	nuc_gene_a__ERLIN1_	1
observable_14037	nuc_gene_a__P2RY12_	1
observable_14038	nuc_gene_a__ZNHIT1_	1
observable_14039	nuc_gene_a__PTPN5_	1
observable_14040	nuc_gene_a__MCRIP1_	1
observable_14041	nuc_gene_a__CCDC191_	1
observable_14042	nuc_gene_a__OS9_	1
observable_14043	nuc_gene_a__FAM111A_	1
observable_14044	nuc_gene_a__DEDD_	1
observable_14045	nuc_gene_a__MUSTN1_	1
observable_14046	nuc_gene_a__TMEM39A_	1
observable_14047	nuc_gene_a__NDEL1_	1
observable_14048	nuc_gene_a__PIH1D2_	1
observable_14049	nuc_gene_a__MAP1LC3C_	1
observable_14050	nuc_gene_a__ZNF672_	1
observable_14051	nuc_gene_a__DDX21_	1
observable_14052	nuc_gene_a__GUCY1B1_	1
observable_14053	nuc_gene_a__TRIM5_	1
observable_14054	nuc_gene_a__OAT_	1
observable_14055	nuc_gene_a__EPB41L2_	1
observable_14056	nuc_gene_a__TMEM176B_	1
observable_14057	nuc_gene_a__ACTR1A_	1
observable_14058	nuc_gene_a__PMP22_	1
observable_14059	nuc_gene_a__LIG1_	1
observable_14060	nuc_gene_a__NUDT13_	1
observable_14061	nuc_gene_a__TAF1C_	1
observable_14062	nuc_gene_a__MITF_	1
observable_14063	nuc_gene_a__TMEM131L_	1
observable_14064	nuc_gene_a__NCOA7_	1
observable_14065	nuc_gene_a__LGALS3BP_	1
observable_14066	nuc_gene_a__ZNF155_	1
observable_14067	nuc_gene_a__GDI2_	1
observable_14068	nuc_gene_a__FXYD7_	1
observable_14069	nuc_gene_a__LMBR1_	1
observable_14070	nuc_gene_a__KPTN_	1
observable_14071	nuc_gene_a__PLEKHA6_	1
observable_14072	nuc_gene_a__NMRK2_	1
observable_14073	nuc_gene_a__EPS8_	1
observable_14074	nuc_gene_a__PLCD1_	1
observable_14075	nuc_gene_a__ZNF566_	1
observable_14076	nuc_gene_a__MZT2B_	1
observable_14077	nuc_gene_a__TJAP1_	1
observable_14078	nuc_gene_a__RPL37A_	1
observable_14079	nuc_gene_a__KAT2B_	1
observable_14080	nuc_gene_a__CYP1B1_	1
observable_14081	nuc_gene_a__ACTRT3_	1
observable_14082	nuc_gene_a__ZFP36L2_	1
observable_14083	nuc_gene_a__IRF5_	1
observable_14084	nuc_gene_a__PCGF1_	1
observable_14085	nuc_gene_a__ITIH3_	1
observable_14086	nuc_gene_a__TRMT61B_	1
observable_14087	nuc_gene_a__RAB35_	1
observable_14088	nuc_gene_a__USH1C_	1
observable_14089	nuc_gene_a__LPAR5_	1
observable_14090	nuc_gene_a__RFX5_	1
observable_14091	nuc_gene_a__ZNF84_	1
observable_14092	nuc_gene_a__TRIM22_	1
observable_14093	nuc_gene_a__OTUB1_	1
observable_14094	nuc_gene_a__GPS1_	1
observable_14095	nuc_gene_a__PFKFB4_	1
observable_14096	nuc_gene_a__STK38L_	1
observable_14097	nuc_gene_a__KCNJ5_	1
observable_14098	nuc_gene_a__AMOTL1_	1
observable_14099	nuc_gene_a__MSLN_	1
observable_14100	nuc_gene_a__SLC35B1_	1
observable_14101	nuc_gene_a__MCAM_	1
observable_14102	nuc_gene_a__DNAJB6_	1
observable_14103	nuc_gene_a__ERCC1_	1
observable_14104	nuc_gene_a__REV1_	1
observable_14105	nuc_gene_a__MTO1_	1
observable_14106	nuc_gene_a__RPSA_	1
observable_14107	nuc_gene_a__LIMD2_	1
observable_14108	nuc_gene_a__CD163_	1
observable_14109	nuc_gene_a__ARMC7_	1
observable_14110	nuc_gene_a__RUNDC1_	1
observable_14111	nuc_gene_a__CEP164_	1
observable_14112	nuc_gene_a__METTL24_	1
observable_14113	nuc_gene_a__CLDN18_	1
observable_14114	nuc_gene_a__PI4KB_	1
observable_14115	nuc_gene_a__B4GALNT2_	1
observable_14116	nuc_gene_a__TMEM176A_	1
observable_14117	nuc_gene_a__THBS2_	1
observable_14118	nuc_gene_a__VPS54_	1
observable_14119	nuc_gene_a__PLOD2_	1
observable_14120	nuc_gene_a__ATP5MF_	1
observable_14121	nuc_gene_a__UBR3_	1
observable_14122	nuc_gene_a__LMF1_	1
observable_14123	nuc_gene_a__PREP_	1
observable_14124	nuc_gene_a__NCAPD3_	1
observable_14125	nuc_gene_a__WDR91_	1
observable_14126	nuc_gene_a__KCNK17_	1
observable_14127	nuc_gene_a__ANAPC11_	1
observable_14128	nuc_gene_a__MGST1_	1
observable_14129	nuc_gene_a__LTBP4_	1
observable_14130	nuc_gene_a__PRSS8_	1
observable_14131	nuc_gene_a__FILIP1_	1
observable_14132	nuc_gene_a__SSTR5_	1
observable_14133	nuc_gene_a__TRIM50_	1
observable_14134	nuc_gene_a__LRRC32_	1
observable_14135	nuc_gene_a__PEX6_	1
observable_14136	nuc_gene_a__ZMYND11_	1
observable_14137	nuc_gene_a__NT5C_	1
observable_14138	nuc_gene_a__WDR74_	1
observable_14139	nuc_gene_a__PPAN_	1
observable_14140	nuc_gene_a__SERPINB9_	1
observable_14141	nuc_gene_a__ZNF527_	1
observable_14142	nuc_gene_a__VPS26B_	1
observable_14143	nuc_gene_a__ZNF787_	1
observable_14144	nuc_gene_a__RCOR2_	1
observable_14145	nuc_gene_a__B4GALNT4_	1
observable_14146	nuc_gene_a__STK38_	1
observable_14147	nuc_gene_a__PDCD10_	1
observable_14148	nuc_gene_a__CLIP4_	1
observable_14149	nuc_gene_a__CASP5_	1
observable_14150	nuc_gene_a__GPR108_	1
observable_14151	nuc_gene_a__SLC12A4_	1
observable_14152	nuc_gene_a__DNAJB11_	1
observable_14153	nuc_gene_a__ZNF583_	1
observable_14154	nuc_gene_a__MYO18A_	1
observable_14155	nuc_gene_a__RAD18_	1
observable_14156	nuc_gene_a__ADIPOQ_	1
observable_14157	nuc_gene_a__KCNN4_	1
observable_14158	nuc_gene_a__EXT2_	1
observable_14159	nuc_gene_a__VTN_	1
observable_14160	nuc_gene_a__NCEH1_	1
observable_14161	nuc_gene_a__GALNT18_	1
observable_14162	nuc_gene_a__CLPTM1_	1
observable_14163	nuc_gene_a__PIGS_	1
observable_14164	nuc_gene_a__ZNF444_	1
observable_14165	nuc_gene_a__SP140_	1
observable_14166	nuc_gene_a__HMOX2_	1
observable_14167	nuc_gene_a__CKM_	1
observable_14168	nuc_gene_a__DHX58_	1
observable_14169	nuc_gene_a__PDIA2_	1
observable_14170	nuc_gene_a__PGLYRP2_	1
observable_14171	nuc_gene_a__ZKSCAN2_	1
observable_14172	nuc_gene_a__DCAF6_	1
observable_14173	nuc_gene_a__C2CD5_	1
observable_14174	nuc_gene_a__ABCC5_	1
observable_14175	nuc_gene_a__MMADHC_	1
observable_14176	nuc_gene_a__TBC1D24_	1
observable_14177	nuc_gene_a__ARRDC2_	1
observable_14178	nuc_gene_a__DKK3_	1
observable_14179	nuc_gene_a__PAQR7_	1
observable_14180	nuc_gene_a__DCP1A_	1
observable_14181	nuc_gene_a__MAPKAPK2_	1
observable_14182	nuc_gene_a__RMDN2_	1
observable_14183	nuc_gene_a__SLC35G2_	1
observable_14184	nuc_gene_a__CLEC7A_	1
observable_14185	nuc_gene_a__RNF103_	1
observable_14186	nuc_gene_a__TAF6L_	1
observable_14187	nuc_gene_a__TGFB1I1_	1
observable_14188	nuc_gene_a__ARHGEF16_	1
observable_14189	nuc_gene_a__MICAL1_	1
observable_14190	nuc_gene_a__FBXO3_	1
observable_14191	nuc_gene_a__HDAC1_	1
observable_14192	nuc_gene_a__STAT2_	1
observable_14193	nuc_gene_a__EIF4A2_	1
observable_14194	nuc_gene_a__SPSB3_	1
observable_14195	nuc_gene_a__ZDHHC14_	1
observable_14196	nuc_gene_a__LTV1_	1
observable_14197	nuc_gene_a__FARP2_	1
observable_14198	nuc_gene_a__MTCH1_	1
observable_14199	nuc_gene_a__BCO2_	1
observable_14200	nuc_gene_a__EMG1_	1
observable_14201	nuc_gene_a__UAP1_	1
observable_14202	nuc_gene_a__ADCY6_	1
observable_14203	nuc_gene_a__SSB_	1
observable_14204	nuc_gene_a__JMJD8_	1
observable_14205	nuc_gene_a__TCF19_	1
observable_14206	nuc_gene_a__COPS3_	1
observable_14207	nuc_gene_a__GORASP1_	1
observable_14208	nuc_gene_a__ARMH1_	1
observable_14209	nuc_gene_a__B3GNT5_	1
observable_14210	nuc_gene_a__ESPL1_	1
observable_14211	nuc_gene_a__STARD7_	1
observable_14212	nuc_gene_a__STUB1_	1
observable_14213	nuc_gene_a__MYL4_	1
observable_14214	nuc_gene_a__REL_	1
observable_14215	nuc_gene_a__RITA1_	1
observable_14216	nuc_gene_a__POLD1_	1
observable_14217	nuc_gene_a__POLDIP2_	1
observable_14218	nuc_gene_a__ATP2B4_	1
observable_14219	nuc_gene_a__ACAP2_	1
observable_14220	nuc_gene_a__GOLPH3L_	1
observable_14221	nuc_gene_a__SMYD4_	1
observable_14222	nuc_gene_a__SLFNL1_	1
observable_14223	nuc_gene_a__PICALM_	1
observable_14224	nuc_gene_a__RFX2_	1
observable_14225	nuc_gene_a__ATP2B1_	1
observable_14226	nuc_gene_a__IFT122_	1
observable_14227	nuc_gene_a__PTK7_	1
observable_14228	nuc_gene_a__CAPZB_	1
observable_14229	nuc_gene_a__EIF2AK2_	1
observable_14230	nuc_gene_a__SLC17A7_	1
observable_14231	nuc_gene_a__KCNAB3_	1
observable_14232	nuc_gene_a__LGALS12_	1
observable_14233	nuc_gene_a__DPY19L2_	1
observable_14234	nuc_gene_a__CCDC170_	1
observable_14235	nuc_gene_a__CMTR2_	1
observable_14236	nuc_gene_a__ZBTB16_	1
observable_14237	nuc_gene_a__QRSL1_	1
observable_14238	nuc_gene_a__SUCLG1_	1
observable_14239	nuc_gene_a__TNFAIP1_	1
observable_14240	nuc_gene_a__TOMM70_	1
observable_14241	nuc_gene_a__CD36_	1
observable_14242	nuc_gene_a__LMCD1_	1
observable_14243	nuc_gene_a__SESTD1_	1
observable_14244	nuc_gene_a__ACAT1_	1
observable_14245	nuc_gene_a__TOR3A_	1
observable_14246	nuc_gene_a__ANAPC7_	1
observable_14247	nuc_gene_a__CEP68_	1
observable_14248	nuc_gene_a__SUGP1_	1
observable_14249	nuc_gene_a__UNC93B1_	1
observable_14250	nuc_gene_a__TARBP1_	1
observable_14251	nuc_gene_a__CPM_	1
observable_14252	nuc_gene_a__CACNA2D1_	1
observable_14253	nuc_gene_a__SNX9_	1
observable_14254	nuc_gene_a__OVGP1_	1
observable_14255	nuc_gene_a__SEC22B_	1
observable_14256	nuc_gene_a__ZNF398_	1
observable_14257	nuc_gene_a__BRINP2_	1
observable_14258	nuc_gene_a__TOP2B_	1
observable_14259	nuc_gene_a__SUPT6H_	1
observable_14260	nuc_gene_a__SSH3_	1
observable_14261	nuc_gene_a__GPR155_	1
observable_14262	nuc_gene_a__HIGD1B_	1
observable_14263	nuc_gene_a__STAP2_	1
observable_14264	nuc_gene_a__ARPC4_	1
observable_14265	nuc_gene_a__SPG7_	1
observable_14266	nuc_gene_a__CTSW_	1
observable_14267	nuc_gene_a__RAB17_	1
observable_14268	nuc_gene_a__LTA4H_	1
observable_14269	nuc_gene_a__DLD_	1
observable_14270	nuc_gene_a__ELMOD1_	1
observable_14271	nuc_gene_a__YJEFN3_	1
observable_14272	nuc_gene_a__WTAP_	1
observable_14273	nuc_gene_a__TADA3_	1
observable_14274	nuc_gene_a__EDN1_	1
observable_14275	nuc_gene_a__EPHB3_	1
observable_14276	nuc_gene_a__TTC13_	1
observable_14277	nuc_gene_a__TNFAIP3_	1
observable_14278	nuc_gene_a__PSMD6_	1
observable_14279	nuc_gene_a__PLAGL1_	1
observable_14280	nuc_gene_a__NBPF3_	1
observable_14281	nuc_gene_a__EIF4B_	1
observable_14282	nuc_gene_a__EMC8_	1
observable_14283	nuc_gene_a__SIRT6_	1
observable_14284	nuc_gene_a__URB2_	1
observable_14285	nuc_gene_a__ISG15_	1
observable_14286	nuc_gene_a__GGPS1_	1
observable_14287	nuc_gene_a__MYL3_	1
observable_14288	nuc_gene_a__GPRC5B_	1
observable_14289	nuc_gene_a__UPP1_	1
observable_14290	nuc_gene_a__GAMT_	1
observable_14291	nuc_gene_a__HMBS_	1
observable_14292	nuc_gene_a__SV2A_	1
observable_14293	nuc_gene_a__ITGB7_	1
observable_14294	nuc_gene_a__ETFBKMT_	1
observable_14295	nuc_gene_a__PNPT1_	1
observable_14296	nuc_gene_a__PLA2G4A_	1
observable_14297	nuc_gene_a__ISYNA1_	1
observable_14298	nuc_gene_a__SPPL3_	1
observable_14299	nuc_gene_a__RALA_	1
observable_14300	nuc_gene_a__ABCD2_	1
observable_14301	nuc_gene_a__ATP6V0E2_	1
observable_14302	nuc_gene_a__TMEM263_	1
observable_14303	nuc_gene_a__PRPSAP2_	1
observable_14304	nuc_gene_a__VIPR2_	1
observable_14305	nuc_gene_a__MPV17_	1
observable_14306	nuc_gene_a__EEA1_	1
observable_14307	nuc_gene_a__TGFBR3_	1
observable_14308	nuc_gene_a__RIPOR1_	1
observable_14309	nuc_gene_a__LRRC46_	1
observable_14310	nuc_gene_a__USP30_	1
observable_14311	nuc_gene_a__ARHGDIG_	1
observable_14312	nuc_gene_a__SMCO1_	1
observable_14313	nuc_gene_a__ACSF3_	1
observable_14314	nuc_gene_a__PIGZ_	1
observable_14315	nuc_gene_a__XIRP1_	1
observable_14316	nuc_gene_a__CSRNP1_	1
observable_14317	nuc_gene_a__IKBKE_	1
observable_14318	nuc_gene_a__TSEN2_	1
observable_14319	nuc_gene_a__GSTM3_	1
observable_14320	nuc_gene_a__CLEC18A_	1
observable_14321	nuc_gene_a__PMM2_	1
observable_14322	nuc_gene_a__FBXL2_	1
observable_14323	nuc_gene_a__TFR2_	1
observable_14324	nuc_gene_a__ADAT1_	1
observable_14325	nuc_gene_a__ITGB1BP1_	1
observable_14326	nuc_gene_a__NFASC_	1
observable_14327	nuc_gene_a__CAPN15_	1
observable_14328	nuc_gene_a__UBE3B_	1
observable_14329	nuc_gene_a__SLC5A7_	1
observable_14330	nuc_gene_a__AZI2_	1
observable_14331	nuc_gene_a__SAFB_	1
observable_14332	nuc_gene_a__KDELR2_	1
observable_14333	nuc_gene_a__KCNC2_	1
observable_14334	nuc_gene_a__COX17_	1
observable_14335	nuc_gene_a__ECEL1_	1
observable_14336	nuc_gene_a__ATG13_	1
observable_14337	nuc_gene_a__COX14_	1
observable_14338	nuc_gene_a__SLC27A1_	1
observable_14339	nuc_gene_a__SFMBT1_	1
observable_14340	nuc_gene_a__STRN_	1
observable_14341	nuc_gene_a__FBLIM1_	1
observable_14342	nuc_gene_a__ETFB_	1
observable_14343	nuc_gene_a__GLS_	1
observable_14344	nuc_gene_a__FAM133B_	1
observable_14345	nuc_gene_a__HLX_	1
observable_14346	nuc_gene_a__MYH10_	1
observable_14347	nuc_gene_a__ZNF684_	1
observable_14348	nuc_gene_a__BBS2_	1
observable_14349	nuc_gene_a__GTF2IRD2B_	1
observable_14350	nuc_gene_a__MTMR14_	1
observable_14351	nuc_gene_a__RELA_	1
observable_14352	nuc_gene_a__ARL6IP4_	1
observable_14353	nuc_gene_a__AHCTF1_	1
observable_14354	nuc_gene_a__RETREG3_	1
observable_14355	nuc_gene_a__SERPINI1_	1
observable_14356	nuc_gene_a__MYOG_	1
observable_14357	nuc_gene_a__OGFOD1_	1
observable_14358	nuc_gene_a__NCOA1_	1
observable_14359	nuc_gene_a__TERF2_	1
observable_14360	nuc_gene_a__FXYD2_	1
observable_14361	nuc_gene_a__CACNA2D3_	1
observable_14362	nuc_gene_a__DRAM2_	1
observable_14363	nuc_gene_a__CLCN1_	1
observable_14364	nuc_gene_a__ZNF10_	1
observable_14365	nuc_gene_a__SP4_	1
observable_14366	nuc_gene_a__BBS5_	1
observable_14367	nuc_gene_a__IFFO2_	1
observable_14368	nuc_gene_a__SIRT4_	1
observable_14369	nuc_gene_a__WSB2_	1
observable_14370	nuc_gene_a__EEF1G_	1
observable_14371	nuc_gene_a__GTPBP10_	1
observable_14372	nuc_gene_a__FAM76A_	1
observable_14373	nuc_gene_a__HARBI1_	1
observable_14374	nuc_gene_a__GREB1_	1
observable_14375	nuc_gene_a__SENP7_	1
observable_14376	nuc_gene_a__ILF3_	1
observable_14377	nuc_gene_a__MPHOSPH9_	1
observable_14378	nuc_gene_a__GNB4_	1
observable_14379	nuc_gene_a__ETHE1_	1
observable_14380	nuc_gene_a__FCHSD2_	1
observable_14381	nuc_gene_a__COLGALT1_	1
observable_14382	nuc_gene_a__ACSM3_	1
observable_14383	nuc_gene_a__RRP9_	1
observable_14384	nuc_gene_a__HEATR5B_	1
observable_14385	nuc_gene_a__HRH1_	1
observable_14386	nuc_gene_a__SEC14L1_	1
observable_14387	nuc_gene_a__ZNF662_	1
observable_14388	nuc_gene_a__COL1A2_	1
observable_14389	nuc_gene_a__TBRG1_	1
observable_14390	nuc_gene_a__NLK_	1
observable_14391	nuc_gene_a__PPP1R12A_	1
observable_14392	nuc_gene_a__CHST1_	1
observable_14393	nuc_gene_a__KXD1_	1
observable_14394	nuc_gene_a__PCED1B_	1
observable_14395	nuc_gene_a__RAI1_	1
observable_14396	nuc_gene_a__ZNF350_	1
observable_14397	nuc_gene_a__ELMO3_	1
observable_14398	nuc_gene_a__FASTK_	1
observable_14399	nuc_gene_a__CRYZ_	1
observable_14400	nuc_gene_a__GALNT6_	1
observable_14401	nuc_gene_a__LAT_	1
observable_14402	nuc_gene_a__PLEKHB2_	1
observable_14403	nuc_gene_a__PTH1R_	1
observable_14404	nuc_gene_a__ICMT_	1
observable_14405	nuc_gene_a__C3AR1_	1
observable_14406	nuc_gene_a__THUMPD1_	1
observable_14407	nuc_gene_a__STT3A_	1
observable_14408	nuc_gene_a__MECR_	1
observable_14409	nuc_gene_a__MMP15_	1
observable_14410	nuc_gene_a__PHF7_	1
observable_14411	nuc_gene_a__CSF3R_	1
observable_14412	nuc_gene_a__SLC25A39_	1
observable_14413	nuc_gene_a__NFE2L2_	1
observable_14414	nuc_gene_a__NUB1_	1
observable_14415	nuc_gene_a__COLQ_	1
observable_14416	nuc_gene_a__PRDM10_	1
observable_14417	nuc_gene_a__METTL27_	1
observable_14418	nuc_gene_a__DCAKD_	1
observable_14419	nuc_gene_a__GTF2E1_	1
observable_14420	nuc_gene_a__P2RY6_	1
observable_14421	nuc_gene_a__ZXDC_	1
observable_14422	nuc_gene_a__NDC1_	1
observable_14423	nuc_gene_a__RPLP2_	1
observable_14424	nuc_gene_a__PFAS_	1
observable_14425	nuc_gene_a__SNX13_	1
observable_14426	nuc_gene_a__NOP2_	1
observable_14427	nuc_gene_a__ODF2L_	1
observable_14428	nuc_gene_a__PHF21A_	1
observable_14429	nuc_gene_a__AMIGO2_	1
observable_14430	nuc_gene_a__EIF3C_	1
observable_14431	nuc_gene_a__GNAI1_	1
observable_14432	nuc_gene_a__FAM90A1_	1
observable_14433	nuc_gene_a__ZBTB20_	1
observable_14434	nuc_gene_a__TWF1_	1
observable_14435	nuc_gene_a__VSTM5_	1
observable_14436	nuc_gene_a__NXPE4_	1
observable_14437	nuc_gene_a__SLC41A2_	1
observable_14438	nuc_gene_a__SLN_	1
observable_14439	nuc_gene_a__DGAT2_	1
observable_14440	nuc_gene_a__SULT1A2_	1
observable_14441	nuc_gene_a__ZNF664_	1
observable_14442	nuc_gene_a__WNT11_	1
observable_14443	nuc_gene_a__CPVL_	1
observable_14444	nuc_gene_a__TSPAN32_	1
observable_14445	nuc_gene_a__TSPAN8_	1
observable_14446	nuc_gene_a__ZNF786_	1
observable_14447	nuc_gene_a__POMZP3_	1
observable_14448	nuc_gene_a__ELF5_	1
observable_14449	nuc_gene_a__C11orf21_	1
observable_14450	nuc_gene_a__FHOD1_	1
observable_14451	nuc_gene_a__BRMS1_	1
observable_14452	nuc_gene_a__HNRNPU_	1
observable_14453	nuc_gene_a__SLC35F5_	1
observable_14454	nuc_gene_a__DDX56_	1
observable_14455	nuc_gene_a__PTGFR_	1
observable_14456	nuc_gene_a__GGA3_	1
observable_14457	nuc_gene_a__NDUFS3_	1
observable_14458	nuc_gene_a__ZC3H18_	1
observable_14459	nuc_gene_a__ENSA_	1
observable_14460	nuc_gene_a__TRIM54_	1
observable_14461	nuc_gene_a__GOLIM4_	1
observable_14462	nuc_gene_a__NPIPA1_	1
observable_14463	nuc_gene_a__AHCYL2_	1
observable_14464	nuc_gene_a__RTN3_	1
observable_14465	nuc_gene_a__CMTM3_	1
observable_14466	nuc_gene_a__RAPGEF3_	1
observable_14467	nuc_gene_a__ATP1A1_	1
observable_14468	nuc_gene_a__SPTBN2_	1
observable_14469	nuc_gene_a__CDH15_	1
observable_14470	nuc_gene_a__KIAA0513_	1
observable_14471	nuc_gene_a__LBR_	1
observable_14472	nuc_gene_a__GMPPA_	1
observable_14473	nuc_gene_a__AMHR2_	1
observable_14474	nuc_gene_a__GPATCH3_	1
observable_14475	nuc_gene_a__SLC26A6_	1
observable_14476	nuc_gene_a__SPIRE2_	1
observable_14477	nuc_gene_a__NBR1_	1
observable_14478	nuc_gene_a__FMO2_	1
observable_14479	nuc_gene_a__SEMA4F_	1
observable_14480	nuc_gene_a__CDON_	1
observable_14481	nuc_gene_a__LONP2_	1
observable_14482	nuc_gene_a__TANC1_	1
observable_14483	nuc_gene_a__CEP19_	1
observable_14484	nuc_gene_a__NOL11_	1
observable_14485	nuc_gene_a__NTSR2_	1
observable_14486	nuc_gene_a__ANAPC5_	1
observable_14487	nuc_gene_a__NIF3L1_	1
observable_14488	nuc_gene_a__PLD1_	1
observable_14489	nuc_gene_a__FOXP2_	1
observable_14490	nuc_gene_a__LUM_	1
observable_14491	nuc_gene_a__EPS8L2_	1
observable_14492	nuc_gene_a__OSBPL10_	1
observable_14493	nuc_gene_a__CLEC5A_	1
observable_14494	nuc_gene_a__ABCA3_	1
observable_14495	nuc_gene_a__SRL_	1
observable_14496	nuc_gene_a__CHDH_	1
observable_14497	nuc_gene_a__SMARCA4_	1
observable_14498	nuc_gene_a__CYBA_	1
observable_14499	nuc_gene_a__ARPC1A_	1
observable_14500	nuc_gene_a__CCR9_	1
observable_14501	nuc_gene_a__MLF2_	1
observable_14502	nuc_gene_a__IRX5_	1
observable_14503	nuc_gene_a__EEPD1_	1
observable_14504	nuc_gene_a__SFRP4_	1
observable_14505	nuc_gene_a__INSC_	1
observable_14506	nuc_gene_a__JUP_	1
observable_14507	nuc_gene_a__LRRN4CL_	1
observable_14508	nuc_gene_a__ZNF575_	1
observable_14509	nuc_gene_a__ACAD9_	1
observable_14510	nuc_gene_a__SLC36A4_	1
observable_14511	nuc_gene_a__CCT6A_	1
observable_14512	nuc_gene_a__RAB4B_	1
observable_14513	nuc_gene_a__SART3_	1
observable_14514	nuc_gene_a__SLC35A5_	1
observable_14515	nuc_gene_a__MS4A6A_	1
observable_14516	nuc_gene_a__FOXL2NB_	1
observable_14517	nuc_gene_a__PTHLH_	1
observable_14518	nuc_gene_a__GRM5_	1
observable_14519	nuc_gene_a__DRAM1_	1
observable_14520	nuc_gene_a__LRP8_	1
observable_14521	nuc_gene_a__RASA4_	1
observable_14522	nuc_gene_a__DENR_	1
observable_14523	nuc_gene_a__FOXJ2_	1
observable_14524	nuc_gene_a__MEN1_	1
observable_14525	nuc_gene_a__BCAT2_	1
observable_14526	nuc_gene_a__TYW1_	1
observable_14527	nuc_gene_a__KLHL20_	1
observable_14528	nuc_gene_a__TMEM116_	1
observable_14529	nuc_gene_a__ZNF585A_	1
observable_14530	nuc_gene_a__IFI30_	1
observable_14531	nuc_gene_a__APEH_	1
observable_14532	nuc_gene_a__ZNF701_	1
observable_14533	nuc_gene_a__CTSD_	1
observable_14534	nuc_gene_a__SNAPC2_	1
observable_14535	nuc_gene_a__CDK17_	1
observable_14536	nuc_gene_a__CYLD_	1
observable_14537	nuc_gene_a__PRMT3_	1
observable_14538	nuc_gene_a__TMEM94_	1
observable_14539	nuc_gene_a__MLPH_	1
observable_14540	nuc_gene_a__ATG4C_	1
observable_14541	nuc_gene_a__ABCB1_	1
observable_14542	nuc_gene_a__BOC_	1
observable_14543	nuc_gene_a__CD55_	1
observable_14544	nuc_gene_a__TECR_	1
observable_14545	nuc_gene_a__TRAFD1_	1
observable_14546	nuc_gene_a__ST14_	1
observable_14547	nuc_gene_a__LYPD6B_	1
observable_14548	nuc_gene_a__SLC15A4_	1
observable_14549	nuc_gene_a__TRIM21_	1
observable_14550	nuc_gene_a__RUNDC3B_	1
observable_14551	nuc_gene_a__PAK2_	1
observable_14552	nuc_gene_a__METTL21A_	1
observable_14553	nuc_gene_a__BSDC1_	1
observable_14554	nuc_gene_a__FERMT3_	1
observable_14555	nuc_gene_a__IL18R1_	1
observable_14556	nuc_gene_a__NAT9_	1
observable_14557	nuc_gene_a__HJV_	1
observable_14558	nuc_gene_a__S1PR1_	1
observable_14559	nuc_gene_a__IMP4_	1
observable_14560	nuc_gene_a__ADGRD1_	1
observable_14561	nuc_gene_a__NOMO3_	1
observable_14562	nuc_gene_a__YIPF2_	1
observable_14563	nuc_gene_a__MCOLN2_	1
observable_14564	nuc_gene_a__COBL_	1
observable_14565	nuc_gene_a__FNDC4_	1
observable_14566	nuc_gene_a__SLC13A2_	1
observable_14567	nuc_gene_a__PINK1_	1
observable_14568	nuc_gene_a__MEMO1_	1
observable_14569	nuc_gene_a__CDK5R1_	1
observable_14570	nuc_gene_a__ZNF225_	1
observable_14571	nuc_gene_a__CERS5_	1
observable_14572	nuc_gene_a__TMOD4_	1
observable_14573	nuc_gene_a__MYO7A_	1
observable_14574	nuc_gene_a__CCDC136_	1
observable_14575	nuc_gene_a__ZNF148_	1
observable_14576	nuc_gene_a__GTF3C3_	1
observable_14577	nuc_gene_a__ZNF234_	1
observable_14578	nuc_gene_a__SDSL_	1
observable_14579	nuc_gene_a__OLFM2_	1
observable_14580	nuc_gene_a__SSR3_	1
observable_14581	nuc_gene_a__ASIC1_	1
observable_14582	nuc_gene_a__DEF8_	1
observable_14583	nuc_gene_a__KLK6_	1
observable_14584	nuc_gene_a__UBC_	1
observable_14585	nuc_gene_a__RNF34_	1
observable_14586	nuc_gene_a__RABGEF1_	1
observable_14587	nuc_gene_a__DPP3_	1
observable_14588	nuc_gene_a__LAMB2_	1
observable_14589	nuc_gene_a__RGL3_	1
observable_14590	nuc_gene_a__EPHX1_	1
observable_14591	nuc_gene_a__STRADA_	1
observable_14592	nuc_gene_a__TMEM248_	1
observable_14593	nuc_gene_a__HPS3_	1
observable_14594	nuc_gene_a__SBDS_	1
observable_14595	nuc_gene_a__COX4I1_	1
observable_14596	nuc_gene_a__SCARB1_	1
observable_14597	nuc_gene_a__CAPG_	1
observable_14598	nuc_gene_a__GFM1_	1
observable_14599	nuc_gene_a__UBXN11_	1
observable_14600	nuc_gene_a__AGAP3_	1
observable_14601	nuc_gene_a__HSD11B1L_	1
observable_14602	nuc_gene_a__ROGDI_	1
observable_14603	nuc_gene_a__YIPF4_	1
observable_14604	nuc_gene_a__TMEM225B_	1
observable_14605	nuc_gene_a__RAMP1_	1
observable_14606	nuc_gene_a__PRADC1_	1
observable_14607	nuc_gene_a__AGRP_	1
observable_14608	nuc_gene_a__ZNF160_	1
observable_14609	nuc_gene_a__INSIG2_	1
observable_14610	nuc_gene_a__UBE2D4_	1
observable_14611	nuc_gene_a__PYROXD1_	1
observable_14612	nuc_gene_a__TNNI3K_	1
observable_14613	nuc_gene_a__DNAJA2_	1
observable_14614	nuc_gene_a__CLEC2B_	1
observable_14615	nuc_gene_a__CRLF1_	1
observable_14616	nuc_gene_a__SCAP_	1
observable_14617	nuc_gene_a__TRPT1_	1
observable_14618	nuc_gene_a__ZNF426_	1
observable_14619	nuc_gene_a__PRR13_	1
observable_14620	nuc_gene_a__ECM1_	1
observable_14621	nuc_gene_a__PTPMT1_	1
observable_14622	nuc_gene_a__GIGYF1_	1
observable_14623	nuc_gene_a__PIGQ_	1
observable_14624	nuc_gene_a__CD47_	1
observable_14625	nuc_gene_a__TRPC6_	1
observable_14626	nuc_gene_a__HOMER3_	1
observable_14627	nuc_gene_a__IRGQ_	1
observable_14628	nuc_gene_a__FIZ1_	1
observable_14629	nuc_gene_a__ATG4B_	1
observable_14630	nuc_gene_a__ZNF813_	1
observable_14631	nuc_gene_a__ZNF524_	1
observable_14632	nuc_gene_a__LLGL2_	1
observable_14633	nuc_gene_a__B4GALT3_	1
observable_14634	nuc_gene_a__HEMK1_	1
observable_14635	nuc_gene_a__KLHDC4_	1
observable_14636	nuc_gene_a__CACHD1_	1
observable_14637	nuc_gene_a__TMIGD1_	1
observable_14638	nuc_gene_a__ZDHHC3_	1
observable_14639	nuc_gene_a__C3orf18_	1
observable_14640	nuc_gene_a__TNPO3_	1
observable_14641	nuc_gene_a__GAPDH_	1
observable_14642	nuc_gene_a__HPCAL4_	1
observable_14643	nuc_gene_a__NPPB_	1
observable_14644	nuc_gene_a__EFEMP1_	1
observable_14645	nuc_gene_a__SIGIRR_	1
observable_14646	nuc_gene_a__SRSF10_	1
observable_14647	nuc_gene_a__RHBDF2_	1
observable_14648	nuc_gene_a__LRRN3_	1
observable_14649	nuc_gene_a__RHOA_	1
observable_14650	nuc_gene_a__RECQL_	1
observable_14651	nuc_gene_a__SLC39A1_	1
observable_14652	nuc_gene_a__UCP3_	1
observable_14653	nuc_gene_a__SLC6A13_	1
observable_14654	nuc_gene_a__NTNG1_	1
observable_14655	nuc_gene_a__USP13_	1
observable_14656	nuc_gene_a__CLUAP1_	1
observable_14657	nuc_gene_a__HINFP_	1
observable_14658	nuc_gene_a__D2HGDH_	1
observable_14659	nuc_gene_a__MVK_	1
observable_14660	nuc_gene_a__VSIG10_	1
observable_14661	nuc_gene_a__TNKS1BP1_	1
observable_14662	nuc_gene_a__DHRS3_	1
observable_14663	nuc_gene_a__SLC25A19_	1
observable_14664	nuc_gene_a__KPNA4_	1
observable_14665	nuc_gene_a__MEIS1_	1
observable_14666	nuc_gene_a__CSRP2_	1
observable_14667	nuc_gene_a__GALK1_	1
observable_14668	nuc_gene_a__PSMD13_	1
observable_14669	nuc_gene_a__UBXN2A_	1
observable_14670	nuc_gene_a__LRRC23_	1
observable_14671	nuc_gene_a__EDC4_	1
observable_14672	nuc_gene_a__CDK14_	1
observable_14673	nuc_gene_a__KBTBD3_	1
observable_14674	nuc_gene_a__KCNH3_	1
observable_14675	nuc_gene_a__CHCHD2_	1
observable_14676	nuc_gene_a__NUTF2_	1
observable_14677	nuc_gene_a__UPK3BL1_	1
observable_14678	nuc_gene_a__CCDC93_	1
observable_14679	nuc_gene_a__TSPAN19_	1
observable_14680	nuc_gene_a__CREB3L4_	1
observable_14681	nuc_gene_a__GLTP_	1
observable_14682	nuc_gene_a__NAGK_	1
observable_14683	nuc_gene_a__GLT8D1_	1
observable_14684	nuc_gene_a__NELL1_	1
observable_14685	nuc_gene_a__TCTN2_	1
observable_14686	nuc_gene_a__RERG_	1
observable_14687	nuc_gene_a__ABCB10_	1
observable_14688	nuc_gene_a__IFITM1_	1
observable_14689	nuc_gene_a__CPN2_	1
observable_14690	nuc_gene_a__JAM3_	1
observable_14691	nuc_gene_a__PPIG_	1
observable_14692	nuc_gene_a__FAM124B_	1
observable_14693	nuc_gene_a__SLC6A12_	1
observable_14694	nuc_gene_a__PCYT2_	1
observable_14695	nuc_gene_a__FDX1_	1
observable_14696	nuc_gene_a__ADM_	1
observable_14697	nuc_gene_a__DDC_	1
observable_14698	nuc_gene_a__CARNS1_	1
observable_14699	nuc_gene_a__VKORC1L1_	1
observable_14700	nuc_gene_a__LMO1_	1
observable_14701	nuc_gene_a__PSMD12_	1
observable_14702	nuc_gene_a__CYCS_	1
observable_14703	nuc_gene_a__SLC37A2_	1
observable_14704	nuc_gene_a__OTOP3_	1
observable_14705	nuc_gene_a__RTN4_	1
observable_14706	nuc_gene_a__ALDH1L1_	1
observable_14707	nuc_gene_a__GNGT2_	1
observable_14708	nuc_gene_a__DNAJC4_	1
observable_14709	nuc_gene_a__SNF8_	1
observable_14710	nuc_gene_a__AMPH_	1
observable_14711	nuc_gene_a__ACCS_	1
observable_14712	nuc_gene_a__NUDCD3_	1
observable_14713	nuc_gene_a__MRGPRF_	1
observable_14714	nuc_gene_a__GLOD4_	1
observable_14715	nuc_gene_a__ASB3_	1
observable_14716	nuc_gene_a__RAD54L2_	1
observable_14717	nuc_gene_a__MRPL38_	1
observable_14718	nuc_gene_a__PPHLN1_	1
observable_14719	nuc_gene_a__NDUFV1_	1
observable_14720	nuc_gene_a__CA4_	1
observable_14721	nuc_gene_a__CENPT_	1
observable_14722	nuc_gene_a__SLC16A6_	1
observable_14723	nuc_gene_a__ZBTB38_	1
observable_14724	nuc_gene_a__ILKAP_	1
observable_14725	nuc_gene_a__RAB3IL1_	1
observable_14726	nuc_gene_a__CCNL1_	1
observable_14727	nuc_gene_a__ABCA5_	1
observable_14728	nuc_gene_a__PLEKHG6_	1
observable_14729	nuc_gene_a__GRAP_	1
observable_14730	nuc_gene_a__USP7_	1
observable_14731	nuc_gene_a__AAMP_	1
observable_14732	nuc_gene_a__ZNF668_	1
observable_14733	nuc_gene_a__CCDC66_	1
observable_14734	nuc_gene_a__QPCT_	1
observable_14735	nuc_gene_a__SOCS5_	1
observable_14736	nuc_gene_a__SLC8A1_	1
observable_14737	nuc_gene_a__ANAPC13_	1
observable_14738	nuc_gene_a__GCGR_	1
observable_14739	nuc_gene_a__SLC33A1_	1
observable_14740	nuc_gene_a__SLC11A2_	1
observable_14741	nuc_gene_a__UBE2G1_	1
observable_14742	nuc_gene_a__OGDH_	1
observable_14743	nuc_gene_a__TEN1_	1
observable_14744	nuc_gene_a__NAA25_	1
observable_14745	nuc_gene_a__ERLEC1_	1
observable_14746	nuc_gene_a__SEMA3F_	1
observable_14747	nuc_gene_a__GPR85_	1
observable_14748	nuc_gene_a__C7orf25_	1
observable_14749	nuc_gene_a__TMEM52B_	1
observable_14750	nuc_gene_a__CYP51A1_	1
observable_14751	nuc_gene_a__PPTC7_	1
observable_14752	nuc_gene_a__HYOU1_	1
observable_14753	nuc_gene_a__ACSS3_	1
observable_14754	nuc_gene_a__COPG1_	1
observable_14755	nuc_gene_a__CREBL2_	1
observable_14756	nuc_gene_a__KCTD6_	1
observable_14757	nuc_gene_a__GIT1_	1
observable_14758	nuc_gene_a__METTL1_	1
observable_14759	nuc_gene_a__GALNT15_	1
observable_14760	nuc_gene_a__COL6A3_	1
observable_14761	nuc_gene_a__MUTYH_	1
observable_14762	nuc_gene_a__LAT2_	1
observable_14763	nuc_gene_a__POGLUT1_	1
observable_14764	nuc_gene_a__MYO1A_	1
observable_14765	nuc_gene_a__DHX8_	1
observable_14766	nuc_gene_a__SRPRB_	1
observable_14767	nuc_gene_a__STK39_	1
observable_14768	nuc_gene_a__NCF2_	1
observable_14769	nuc_gene_a__EML3_	1
observable_14770	nuc_gene_a__NRF1_	1
observable_14771	nuc_gene_a__CHRD_	1
observable_14772	nuc_gene_a__P2RX4_	1
observable_14773	nuc_gene_a__GALNT13_	1
observable_14774	nuc_gene_a__SDHAF2_	1
observable_14775	nuc_gene_a__CAMK1_	1
observable_14776	nuc_gene_a__KCTD13_	1
observable_14777	nuc_gene_a__STXBP3_	1
observable_14778	nuc_gene_a__CNTN3_	1
observable_14779	nuc_gene_a__UNC45B_	1
observable_14780	nuc_gene_a__THPO_	1
observable_14781	nuc_gene_a__NLRX1_	1
observable_14782	nuc_gene_a__CRB1_	1
observable_14783	nuc_gene_a__AASS_	1
observable_14784	nuc_gene_a__CLDN16_	1
observable_14785	nuc_gene_a__PPIL3_	1
observable_14786	nuc_gene_a__SECTM1_	1
observable_14787	nuc_gene_a__PRDX5_	1
observable_14788	nuc_gene_a__FAM20A_	1
observable_14789	nuc_gene_a__NUP107_	1
observable_14790	nuc_gene_a__CLCN2_	1
observable_14791	nuc_gene_a__IL12RB2_	1
observable_14792	nuc_gene_a__TECPR1_	1
observable_14793	nuc_gene_a__PNPO_	1
observable_14794	nuc_gene_a__PDE3B_	1
observable_14795	nuc_gene_a__TAC1_	1
observable_14796	nuc_gene_a__METTL6_	1
observable_14797	nuc_gene_a__SPON1_	1
observable_14798	nuc_gene_a__CACNG1_	1
observable_14799	nuc_gene_a__SLC6A20_	1
observable_14800	nuc_gene_a__MYL2_	1
observable_14801	nuc_gene_a__ADCYAP1R1_	1
observable_14802	nuc_gene_a__FAM107A_	1
observable_14803	nuc_gene_a__USP37_	1
observable_14804	nuc_gene_a__IFI16_	1
observable_14805	nuc_gene_a__ERGIC2_	1
observable_14806	nuc_gene_a__FEZ1_	1
observable_14807	nuc_gene_a__PPP1R1C_	1
observable_14808	nuc_gene_a__MYH1_	1
observable_14809	nuc_gene_a__POLR2H_	1
observable_14810	nuc_gene_a__DUS2_	1
observable_14811	nuc_gene_a__PTPN12_	1
observable_14812	nuc_gene_a__IWS1_	1
observable_14813	nuc_gene_a__TNN_	1
observable_14814	nuc_gene_a__RNASEL_	1
observable_14815	nuc_gene_a__MERTK_	1
observable_14816	nuc_gene_a__APIP_	1
observable_14817	nuc_gene_a__ASIC3_	1
observable_14818	nuc_gene_a__FMNL3_	1
observable_14819	nuc_gene_a__FLI1_	1
observable_14820	nuc_gene_a__VMP1_	1
observable_14821	nuc_gene_a__KPNA1_	1
observable_14822	nuc_gene_a__SAMD9L_	1
observable_14823	nuc_gene_a__DPEP2_	1
observable_14824	nuc_gene_a__PDHB_	1
observable_14825	nuc_gene_a__GLMN_	1
observable_14826	nuc_gene_a__EPN3_	1
observable_14827	nuc_gene_a__OGFOD2_	1
observable_14828	nuc_gene_a__ITGA6_	1
observable_14829	nuc_gene_a__PLBD2_	1
observable_14830	nuc_gene_a__CCDC80_	1
observable_14831	nuc_gene_a__GALNT5_	1
observable_14832	nuc_gene_a__RAB21_	1
observable_14833	nuc_gene_a__GCC2_	1
observable_14834	nuc_gene_a__CHI3L1_	1
observable_14835	nuc_gene_a__HCLS1_	1
observable_14836	nuc_gene_a__S100A14_	1
observable_14837	nuc_gene_a__LEFTY1_	1
observable_14838	nuc_gene_a__GALM_	1
observable_14839	nuc_gene_a__SPSB1_	1
observable_14840	nuc_gene_a__GATA2_	1
observable_14841	nuc_gene_a__TRIM11_	1
observable_14842	nuc_gene_a__SLC6A4_	1
observable_14843	nuc_gene_a__EI24_	1
observable_14844	nuc_gene_a__STIMATE_	1
observable_14845	nuc_gene_a__FCGR3A_	1
observable_14846	nuc_gene_a__FOXRED1_	1
observable_14847	nuc_gene_a__CAPN10_	1
observable_14848	nuc_gene_a__CHMP3_	1
observable_14849	nuc_gene_a__CAPN2_	1
observable_14850	nuc_gene_a__FXR1_	1
observable_14851	nuc_gene_a__NDUFAF7_	1
observable_14852	nuc_gene_a__ARHGAP29_	1
observable_14853	nuc_gene_a__AP2M1_	1
observable_14854	nuc_gene_a__CX3CR1_	1
observable_14855	nuc_gene_a__GRIP1_	1
observable_14856	nuc_gene_a__ODC1_	1
observable_14857	nuc_gene_a__STAC3_	1
observable_14858	nuc_gene_a__RAB34_	1
observable_14859	nuc_gene_a__MARK1_	1
observable_14860	nuc_gene_a__SLC30A2_	1
observable_14861	nuc_gene_a__NELL2_	1
observable_14862	nuc_gene_a__NMNAT1_	1
observable_14863	nuc_gene_a__NR1H3_	1
observable_14864	nuc_gene_a__CCDC181_	1
observable_14865	nuc_gene_a__CAMKK1_	1
observable_14866	nuc_gene_a__HPCA_	1
observable_14867	nuc_gene_a__NOTUM_	1
observable_14868	nuc_gene_a__ACTA1_	1
observable_14869	nuc_gene_a__RHBG_	1
observable_14870	nuc_gene_a__SMARCC1_	1
observable_14871	nuc_gene_a__TAOK3_	1
observable_14872	nuc_gene_a__ESRRA_	1
observable_14873	nuc_gene_a__PPP4R3B_	1
observable_14874	nuc_gene_a__CCR2_	1
observable_14875	nuc_gene_a__ZNF654_	1
observable_14876	nuc_gene_a__FAM234A_	1
observable_14877	nuc_gene_a__THUMPD2_	1
observable_14878	nuc_gene_a__PPIH_	1
observable_14879	nuc_gene_a__IL17RB_	1
observable_14880	nuc_gene_a__GNS_	1
observable_14881	nuc_gene_a__DENND5A_	1
observable_14882	nuc_gene_a__HIGD1A_	1
observable_14883	nuc_gene_a__PALB2_	1
observable_14884	nuc_gene_a__OBSL1_	1
observable_14885	nuc_gene_a__MOGAT2_	1
observable_14886	nuc_gene_a__ZSCAN32_	1
observable_14887	nuc_gene_a__NTN4_	1
observable_14888	nuc_gene_a__PKDCC_	1
observable_14889	nuc_gene_a__ZNF202_	1
observable_14890	nuc_gene_a__GABPB2_	1
observable_14891	nuc_gene_a__TBC1D23_	1
observable_14892	nuc_gene_a__ENO2_	1
observable_14893	nuc_gene_a__ALG8_	1
observable_14894	nuc_gene_a__ACTR8_	1
observable_14895	nuc_gene_a__ZNF385D_	1
observable_14896	nuc_gene_a__RNPC3_	1
observable_14897	nuc_gene_a__TRMT112_	1
observable_14898	nuc_gene_a__DOC2A_	1
observable_14899	nuc_gene_a__APPL2_	1
observable_14900	nuc_gene_a__OSBPL5_	1
observable_14901	nuc_gene_a__RSPRY1_	1
observable_14902	nuc_gene_a__PRSS23_	1
observable_14903	nuc_gene_a__PARPBP_	1
observable_14904	nuc_gene_a__RBMS3_	1
observable_14905	nuc_gene_a__DYNC1LI2_	1
observable_14906	nuc_gene_a__TBCD_	1
observable_14907	nuc_gene_a__NEDD1_	1
observable_14908	nuc_gene_a__DTNB_	1
observable_14909	nuc_gene_a__SUN1_	1
observable_14910	nuc_gene_a__SLC4A1AP_	1
observable_14911	nuc_gene_a__PHKB_	1
observable_14912	nuc_gene_a__KRCC1_	1
observable_14913	nuc_gene_a__DIP2B_	1
observable_14914	nuc_gene_a__RBM45_	1
observable_14915	nuc_gene_a__CHST6_	1
observable_14916	nuc_gene_a__ZNF143_	1
observable_14917	nuc_gene_a__ZNF785_	1
observable_14918	nuc_gene_a__TMEM117_	1
observable_14919	nuc_gene_a__PPP1R1A_	1
observable_14920	nuc_gene_a__RPL13_	1
observable_14921	nuc_gene_a__WDR12_	1
observable_14922	nuc_gene_a__NDUFB3_	1
observable_14923	nuc_gene_a__RPAP3_	1
observable_14924	nuc_gene_a__NTHL1_	1
observable_14925	nuc_gene_a__MTX2_	1
observable_14926	nuc_gene_a__SLC4A7_	1
observable_14927	nuc_gene_a__PSMA1_	1
observable_14928	nuc_gene_a__PGM2L1_	1
observable_14929	nuc_gene_a__CNRIP1_	1
observable_14930	nuc_gene_a__DHX38_	1
observable_14931	nuc_gene_a__CBX3_	1
observable_14932	nuc_gene_a__KCNS3_	1
observable_14933	nuc_gene_a__GPR35_	1
observable_14934	nuc_gene_a__CAPS2_	1
observable_14935	nuc_gene_a__MEAK7_	1
observable_14936	nuc_gene_a__FBXO31_	1
observable_14937	nuc_gene_a__NFYB_	1
observable_14938	nuc_gene_a__FAM168B_	1
observable_14939	nuc_gene_a__ELMO1_	1
observable_14940	nuc_gene_a__KLHL18_	1
observable_14941	nuc_gene_a__RHOT1_	1
observable_14942	nuc_gene_a__TCAF1_	1
observable_14943	nuc_gene_a__MCFD2_	1
observable_14944	nuc_gene_a__ANO6_	1
observable_14945	nuc_gene_a__ATP2A1_	1
observable_14946	nuc_gene_a__SOCS2_	1
observable_14947	nuc_gene_a__AP5Z1_	1
observable_14948	nuc_gene_a__MYLK3_	1
observable_14949	nuc_gene_a__GSDMB_	1
observable_14950	nuc_gene_a__KIF9_	1
observable_14951	nuc_gene_a__ZDHHC17_	1
observable_14952	nuc_gene_a__PTPN18_	1
observable_14953	nuc_gene_a__CGGBP1_	1
observable_14954	nuc_gene_a__TMEM106A_	1
observable_14955	nuc_gene_a__RABEP2_	1
observable_14956	nuc_gene_a__SLC30A6_	1
observable_14957	nuc_gene_a__SYT17_	1
observable_14958	nuc_gene_a__ACAD11_	1
observable_14959	nuc_gene_a__HAGHL_	1
observable_14960	nuc_gene_a__AUP1_	1
observable_14961	nuc_gene_a__UBP1_	1
observable_14962	nuc_gene_a__ATF7IP_	1
observable_14963	nuc_gene_a__VPS50_	1
observable_14964	nuc_gene_a__WNT5B_	1
observable_14965	nuc_gene_a__WIPI1_	1
observable_14966	nuc_gene_a__MMD2_	1
observable_14967	nuc_gene_a__FAAP100_	1
observable_14968	nuc_gene_a__VILL_	1
observable_14969	nuc_gene_a__RAB5B_	1
observable_14970	nuc_gene_a__MDFIC_	1
observable_14971	nuc_gene_a__CEP95_	1
observable_14972	nuc_gene_a__CLCN7_	1
observable_14973	nuc_gene_a__KLHL10_	1
observable_14974	nuc_gene_a__MRPL10_	1
observable_14975	nuc_gene_a__HSPD1_	1
observable_14976	nuc_gene_a__PCOLCE2_	1
observable_14977	nuc_gene_a__GPNMB_	1
observable_14978	nuc_gene_a__GPRC5C_	1
observable_14979	nuc_gene_a__GEMIN6_	1
observable_14980	nuc_gene_a__VEZF1_	1
observable_14981	nuc_gene_a__ZNF853_	1
observable_14982	nuc_gene_a__COPB2_	1
observable_14983	nuc_gene_a__CES2_	1
observable_14984	nuc_gene_a__ACKR4_	1
observable_14985	nuc_gene_a__MIOS_	1
observable_14986	nuc_gene_a__ST3GAL4_	1
observable_14987	nuc_gene_a__EMP2_	1
observable_14988	nuc_gene_a__NFYC_	1
observable_14989	nuc_gene_a__USP5_	1
observable_14990	nuc_gene_a__IL6_	1
observable_14991	nuc_gene_a__MRPS22_	1
observable_14992	nuc_gene_a__DOK4_	1
observable_14993	nuc_gene_a__PRMT8_	1
observable_14994	nuc_gene_a__DGKG_	1
observable_14995	nuc_gene_a__TMPRSS13_	1
observable_14996	nuc_gene_a__POLD2_	1
observable_14997	nuc_gene_a__BLZF1_	1
observable_14998	nuc_gene_a__HSD17B12_	1
observable_14999	nuc_gene_a__TMEM54_	1
observable_15000	nuc_gene_a__IRF2BP2_	1
observable_15001	nuc_gene_a__LRRC8D_	1
observable_15002	nuc_gene_a__DHX36_	1
observable_15003	nuc_gene_a__LTBP1_	1
observable_15004	nuc_gene_a__AHR_	1
observable_15005	nuc_gene_a__DZIP1L_	1
observable_15006	nuc_gene_a__ZSCAN25_	1
observable_15007	nuc_gene_a__ESYT1_	1
observable_15008	nuc_gene_a__PPFIA1_	1
observable_15009	nuc_gene_a__RARRES2_	1
observable_15010	nuc_gene_a__FDPS_	1
observable_15011	nuc_gene_a__E2F8_	1
observable_15012	nuc_gene_a__SYNC_	1
observable_15013	nuc_gene_a__SC5D_	1
observable_15014	nuc_gene_a__STAB1_	1
observable_15015	nuc_gene_a__IFT81_	1
observable_15016	nuc_gene_a__KBTBD12_	1
observable_15017	nuc_gene_a__GPER1_	1
observable_15018	nuc_gene_a__ARHGDIB_	1
observable_15019	nuc_gene_a__UEVLD_	1
observable_15020	nuc_gene_a__TMEM98_	1
observable_15021	nuc_gene_a__FYCO1_	1
observable_15022	nuc_gene_a__LEMD3_	1
observable_15023	nuc_gene_a__CASD1_	1
observable_15024	nuc_gene_a__SFTPB_	1
observable_15025	nuc_gene_a__MS4A1_	1
observable_15026	nuc_gene_a__SNX11_	1
observable_15027	nuc_gene_a__SPHK1_	1
observable_15028	nuc_gene_a__RNF214_	1
observable_15029	nuc_gene_a__ADGRG1_	1
observable_15030	nuc_gene_a__TBK1_	1
observable_15031	nuc_gene_a__CHRND_	1
observable_15032	nuc_gene_a__PELP1_	1
observable_15033	nuc_gene_a__SPRYD3_	1
observable_15034	nuc_gene_a__THRB_	1
observable_15035	nuc_gene_a__CUX1_	1
observable_15036	nuc_gene_a__CHRM2_	1
observable_15037	nuc_gene_a__STK36_	1
observable_15038	nuc_gene_a__DDX42_	1
observable_15039	nuc_gene_a__POLR3B_	1
observable_15040	nuc_gene_a__NT5DC2_	1
observable_15041	nuc_gene_a__CCDC47_	1
observable_15042	nuc_gene_a__SLC6A15_	1
observable_15043	nuc_gene_a__ACSL3_	1
observable_15044	nuc_gene_a__PSMD9_	1
observable_15045	nuc_gene_a__GNB1_	1
observable_15046	nuc_gene_a__ABCB4_	1
observable_15047	nuc_gene_a__PNKD_	1
observable_15048	nuc_gene_a__RAD51D_	1
observable_15049	nuc_gene_a__SWAP70_	1
observable_15050	nuc_gene_a__MIS12_	1
observable_15051	nuc_gene_a__RBM19_	1
observable_15052	nuc_gene_a__SLCO2B1_	1
observable_15053	nuc_gene_a__SERPINF1_	1
observable_15054	nuc_gene_a__C11orf97_	1
observable_15055	nuc_gene_a__POLM_	1
observable_15056	nuc_gene_a__RAP1A_	1
observable_15057	nuc_gene_a__CPT1A_	1
observable_15058	nuc_gene_a__EPHX4_	1
observable_15059	nuc_gene_a__CEND1_	1
observable_15060	nuc_gene_a__LMBR1L_	1
observable_15061	nuc_gene_a__LRRC4C_	1
observable_15062	nuc_gene_a__SLC25A45_	1
observable_15063	nuc_gene_a__WDR3_	1
observable_15064	nuc_gene_a__PRRG4_	1
observable_15065	nuc_gene_a__LRCH4_	1
observable_15066	nuc_gene_a__MTMR11_	1
observable_15067	nuc_gene_a__USP4_	1
observable_15068	nuc_gene_a__PPP2R5B_	1
observable_15069	nuc_gene_a__ANXA4_	1
observable_15070	nuc_gene_a__CCT2_	1
observable_15071	nuc_gene_a__NEUROD2_	1
observable_15072	nuc_gene_a__CD300E_	1
observable_15073	nuc_gene_a__PAWR_	1
observable_15074	nuc_gene_a__CXCR6_	1
observable_15075	nuc_gene_a__ALKAL2_	1
observable_15076	nuc_gene_a__MYH3_	1
observable_15077	nuc_gene_a__PTRH2_	1
observable_15078	nuc_gene_a__RAB3GAP2_	1
observable_15079	nuc_gene_a__HGS_	1
observable_15080	nuc_gene_a__DCN_	1
observable_15081	nuc_gene_a__ITGB5_	1
observable_15082	nuc_gene_a__TSNAX_	1
observable_15083	nuc_gene_a__GUCY2C_	1
observable_15084	nuc_gene_a__CUEDC1_	1
observable_15085	nuc_gene_a__STK33_	1
observable_15086	nuc_gene_a__SLC4A3_	1
observable_15087	nuc_gene_a__RNF141_	1
observable_15088	nuc_gene_a__SRRT_	1
observable_15089	nuc_gene_a__KCNK4_	1
observable_15090	nuc_gene_a__LRWD1_	1
observable_15091	nuc_gene_a__HIBCH_	1
observable_15092	nuc_gene_a__TARS2_	1
observable_15093	nuc_gene_a__AGR2_	1
observable_15094	nuc_gene_a__RAB7B_	1
observable_15095	nuc_gene_a__PCOLCE_	1
observable_15096	nuc_gene_a__BBS1_	1
observable_15097	nuc_gene_a__INPP5B_	1
observable_15098	nuc_gene_a__ELAC2_	1
observable_15099	nuc_gene_a__ACTR3B_	1
observable_15100	nuc_gene_a__LEP_	1
observable_15101	nuc_gene_a__TBC1D5_	1
observable_15102	nuc_gene_a__ASB4_	1
observable_15103	nuc_gene_a__CHFR_	1
observable_15104	nuc_gene_a__CBX4_	1
observable_15105	nuc_gene_a__PRKAR2B_	1
observable_15106	nuc_gene_a__PLXDC1_	1
observable_15107	nuc_gene_a__PFKFB2_	1
observable_15108	nuc_gene_a__TMEM106B_	1
observable_15109	nuc_gene_a__WNT3A_	1
observable_15110	nuc_gene_a__TMBIM1_	1
observable_15111	nuc_gene_a__IQCB1_	1
observable_15112	nuc_gene_a__COPB1_	1
observable_15113	nuc_gene_a__ZNF277_	1
observable_15114	nuc_gene_a__GAL3ST4_	1
observable_15115	nuc_gene_a__AACS_	1
observable_15116	nuc_gene_a__PDCD6IP_	1
observable_15117	nuc_gene_a__IARS2_	1
observable_15118	nuc_gene_a__LIG3_	1
observable_15119	nuc_gene_a__TMEM233_	1
observable_15120	nuc_gene_a__FBXW8_	1
observable_15121	nuc_gene_a__ZDHHC4_	1
observable_15122	nuc_gene_a__SLC5A10_	1
observable_15123	nuc_gene_a__SLC52A1_	1
observable_15124	nuc_gene_a__CAPN7_	1
observable_15125	nuc_gene_a__NRBP1_	1
observable_15126	nuc_gene_a__VPS37D_	1
observable_15127	nuc_gene_a__LRRC17_	1
observable_15128	nuc_gene_a__PPP1R35_	1
observable_15129	nuc_gene_a__PSMC5_	1
observable_15130	nuc_gene_a__EIPR1_	1
observable_15131	nuc_gene_a__TIMELESS_	1
observable_15132	nuc_gene_a__PHETA1_	1
observable_15133	nuc_gene_a__SUMF2_	1
observable_15134	nuc_gene_a__TSPAN9_	1
observable_15135	nuc_gene_a__MOV10_	1
observable_15136	nuc_gene_a__RAC1_	1
observable_15137	nuc_gene_a__ALG6_	1
observable_15138	nuc_gene_a__PTCD1_	1
observable_15139	nuc_gene_a__DMRTA2_	1
observable_15140	nuc_gene_a__ANKRD35_	1
observable_15141	nuc_gene_a__ZNF691_	1
observable_15142	nuc_gene_a__DDX1_	1
observable_15143	nuc_gene_a__DBT_	1
observable_15144	nuc_gene_a__ARMC10_	1
observable_15145	nuc_gene_a__CPT2_	1
observable_15146	nuc_gene_a__GNG12_	1
observable_15147	nuc_gene_a__NUMA1_	1
observable_15148	nuc_gene_a__CLIP1_	1
observable_15149	nuc_gene_a__GNB2_	1
observable_15150	nuc_gene_a__SUSD4_	1
observable_15151	nuc_gene_a__MINK1_	1
observable_15152	nuc_gene_a__PHKG1_	1
observable_15153	nuc_gene_a__SLFN12_	1
observable_15154	nuc_gene_a__SLC41A1_	1
observable_15155	nuc_gene_a__TBCEL_	1
observable_15156	nuc_gene_a__NOTCH2NLA_	1
observable_15157	nuc_gene_a__BUD31_	1
observable_15158	nuc_gene_a__CPD_	1
observable_15159	nuc_gene_a__XPOT_	1
observable_15160	nuc_gene_a__DDB2_	1
observable_15161	nuc_gene_a__TRIP6_	1
observable_15162	nuc_gene_a__CNTROB_	1
observable_15163	nuc_gene_a__FIBP_	1
observable_15164	nuc_gene_a__FEN1_	1
observable_15165	nuc_gene_a__DHX40_	1
observable_15166	nuc_gene_a__TPRA1_	1
observable_15167	nuc_gene_a__PUM2_	1
observable_15168	nuc_gene_a__PLEKHG5_	1
observable_15169	nuc_gene_a__PYGM_	1
observable_15170	nuc_gene_a__CFAP221_	1
observable_15171	nuc_gene_a__MYRIP_	1
observable_15172	nuc_gene_a__ATXN7L3_	1
observable_15173	nuc_gene_a__SP140L_	1
observable_15174	nuc_gene_a__ZMYND10_	1
observable_15175	nuc_gene_a__SLC43A1_	1
observable_15176	nuc_gene_a__RASD1_	1
observable_15177	nuc_gene_a__TPCN1_	1
observable_15178	nuc_gene_a__PCYOX1_	1
observable_15179	nuc_gene_a__NPRL2_	1
observable_15180	nuc_gene_a__DAG1_	1
observable_15181	nuc_gene_a__AKIP1_	1
observable_15182	nuc_gene_a__STIL_	1
observable_15183	nuc_gene_a__GFPT1_	1
observable_15184	nuc_gene_a__TROAP_	1
observable_15185	nuc_gene_a__FYTTD1_	1
observable_15186	nuc_gene_a__CMKLR1_	1
observable_15187	nuc_gene_a__STEAP2_	1
observable_15188	nuc_gene_a__CNPY2_	1
observable_15189	nuc_gene_a__GTF2IRD2_	1
observable_15190	nuc_gene_a__SLC35B4_	1
observable_15191	nuc_gene_a__CD82_	1
observable_15192	nuc_gene_a__CDK13_	1
observable_15193	nuc_gene_a__MRPS33_	1
observable_15194	nuc_gene_a__ZKSCAN1_	1
observable_15195	nuc_gene_a__RPLP0_	1
observable_15196	nuc_gene_a__AMPD3_	1
observable_15197	nuc_gene_a__POMGNT1_	1
observable_15198	nuc_gene_a__GALNT11_	1
observable_15199	nuc_gene_a__EHBP1L1_	1
observable_15200	nuc_gene_a__HSD3B2_	1
observable_15201	nuc_gene_a__S100A7_	1
observable_15202	nuc_gene_a__ACTN3_	1
observable_15203	nuc_gene_a__CCZ1B_	1
observable_15204	nuc_gene_a__UBTF_	1
observable_15205	nuc_gene_a__PRR15_	1
observable_15206	nuc_gene_a__CRY2_	1
observable_15207	nuc_gene_a__P2RY2_	1
observable_15208	nuc_gene_a__CDK5_	1
observable_15209	nuc_gene_a__LRIG1_	1
observable_15210	nuc_gene_a__PPP1R9B_	1
observable_15211	nuc_gene_a__NKAPD1_	1
observable_15212	nuc_gene_a__AGFG2_	1
observable_15213	nuc_gene_a__SYT7_	1
observable_15214	nuc_gene_a__TFRC_	1
observable_15215	nuc_gene_a__KIF19_	1
observable_15216	nuc_gene_a__UROC1_	1
observable_15217	nuc_gene_a__SLC39A13_	1
observable_15218	nuc_gene_a__MYO1B_	1
observable_15219	nuc_gene_a__MAD1L1_	1
observable_15220	nuc_gene_a__XPR1_	1
observable_15221	nuc_gene_a__RPA1_	1
observable_15222	nuc_gene_a__SLC15A2_	1
observable_15223	nuc_gene_a__RAB7A_	1
observable_15224	nuc_gene_a__ZSCAN20_	1
observable_15225	nuc_gene_a__DNAI2_	1
observable_15226	nuc_gene_a__NPHP1_	1
observable_15227	nuc_gene_a__FLCN_	1
observable_15228	nuc_gene_a__HDAC11_	1
observable_15229	nuc_gene_a__NTN1_	1
observable_15230	nuc_gene_a__OTOP2_	1
observable_15231	nuc_gene_a__RPL22L1_	1
observable_15232	nuc_gene_a__HEXIM2_	1
observable_15233	nuc_gene_a__KRIT1_	1
observable_15234	nuc_gene_a__CKAP5_	1
observable_15235	nuc_gene_a__CYB561_	1
observable_15236	nuc_gene_a__CCL24_	1
observable_15237	nuc_gene_a__SPINDOC_	1
observable_15238	nuc_gene_a__CLDND1_	1
observable_15239	nuc_gene_a__FIGNL1_	1
observable_15240	nuc_gene_a__LRRC56_	1
observable_15241	nuc_gene_a__SAP30BP_	1
observable_15242	nuc_gene_a__VPS37C_	1
observable_15243	nuc_gene_a__SLC25A40_	1
observable_15244	nuc_gene_a__TRAIP_	1
observable_15245	nuc_gene_a__HUS1_	1
observable_15246	nuc_gene_a__UBA5_	1
observable_15247	nuc_gene_a__SIPA1_	1
observable_15248	nuc_gene_a__RINT1_	1
observable_15249	nuc_gene_a__ARNT_	1
observable_15250	nuc_gene_a__MYBPC1_	1
observable_15251	nuc_gene_a__FAR1_	1
observable_15252	nuc_gene_a__LMO2_	1
observable_15253	nuc_gene_a__PLSCR1_	1
observable_15254	nuc_gene_a__FGFR1OP2_	1
observable_15255	nuc_gene_a__KAT2A_	1
observable_15256	nuc_gene_a__PIAS3_	1
observable_15257	nuc_gene_a__KDM3A_	1
observable_15258	nuc_gene_a__ETFRF1_	1
observable_15259	nuc_gene_a__ARL8B_	1
observable_15260	nuc_gene_a__H6PD_	1
observable_15261	nuc_gene_a__NAGLU_	1
observable_15262	nuc_gene_a__PIANP_	1
observable_15263	nuc_gene_a__CD300LF_	1
observable_15264	nuc_gene_a__TTC27_	1
observable_15265	nuc_gene_a__IFT80_	1
observable_15266	nuc_gene_a__DBNL_	1
observable_15267	nuc_gene_a__ABHD5_	1
observable_15268	nuc_gene_a__MCRS1_	1
observable_15269	nuc_gene_a__CHRM3_	1
observable_15270	nuc_gene_a__HECW2_	1
observable_15271	nuc_gene_a__NENF_	1
observable_15272	nuc_gene_a__SMARCAL1_	1
observable_15273	nuc_gene_a__NUDT17_	1
observable_15274	nuc_gene_a__TPST1_	1
observable_15275	nuc_gene_a__NCKIPSD_	1
observable_15276	nuc_gene_a__SNX10_	1
observable_15277	nuc_gene_a__CCDC148_	1
observable_15278	nuc_gene_a__NPL_	1
observable_15279	nuc_gene_a__IBA57_	1
observable_15280	nuc_gene_a__GMPS_	1
observable_15281	nuc_gene_a__CYP20A1_	1
observable_15282	nuc_gene_a__ZBBX_	1
observable_15283	nuc_gene_a__TLK2_	1
observable_15284	nuc_gene_a__DHX9_	1
observable_15285	nuc_gene_a__CPSF4_	1
observable_15286	nuc_gene_a__GUCA2A_	1
observable_15287	nuc_gene_a__PRR15L_	1
observable_15288	nuc_gene_a__CDRT4_	1
observable_15289	nuc_gene_a__EIF2B3_	1
observable_15290	nuc_gene_a__PSMA2_	1
observable_15291	nuc_gene_a__SLC39A10_	1
observable_15292	nuc_gene_a__LRRC41_	1
observable_15293	nuc_gene_a__CACNB1_	1
observable_15294	nuc_gene_a__CEP70_	1
observable_15295	nuc_gene_a__PNPLA8_	1
observable_15296	nuc_gene_a__INPP1_	1
observable_15297	nuc_gene_a__CD44_	1
observable_15298	nuc_gene_a__COPS7B_	1
observable_15299	nuc_gene_a__COL1A1_	1
observable_15300	nuc_gene_a__TBRG4_	1
observable_15301	nuc_gene_a__AOX1_	1
observable_15302	nuc_gene_a__PLS1_	1
observable_15303	nuc_gene_a__CHD1L_	1
observable_15304	nuc_gene_a__PSMG3_	1
observable_15305	nuc_gene_a__PLEKHA3_	1
observable_15306	nuc_gene_a__MAP3K3_	1
observable_15307	nuc_gene_a__YPEL5_	1
observable_15308	nuc_gene_a__VCAM1_	1
observable_15309	nuc_gene_a__UHMK1_	1
observable_15310	nuc_gene_a__GJC1_	1
observable_15311	nuc_gene_a__UVRAG_	1
observable_15312	nuc_gene_a__TOGARAM2_	1
observable_15313	nuc_gene_a__UQCRH_	1
observable_15314	nuc_gene_a__SLAMF8_	1
observable_15315	nuc_gene_a__CD59_	1
observable_15316	nuc_gene_a__F3_	1
observable_15317	nuc_gene_a__NR2C2_	1
observable_15318	nuc_gene_a__WSB1_	1
observable_15319	nuc_gene_a__BDNF_	1
observable_15320	nuc_gene_a__TMEM123_	1
observable_15321	nuc_gene_a__TRIM68_	1
observable_15322	nuc_gene_a__RFT1_	1
observable_15323	nuc_gene_a__MTA3_	1
observable_15324	nuc_gene_a__PHTF2_	1
observable_15325	nuc_gene_a__CANT1_	1
observable_15326	nuc_gene_a__GIMAP5_	1
observable_15327	nuc_gene_a__PIRT_	1
observable_15328	nuc_gene_a__FADS3_	1
observable_15329	nuc_gene_a__ASNS_	1
observable_15330	nuc_gene_a__KDM5B_	1
observable_15331	nuc_gene_a__TMEM60_	1
observable_15332	nuc_gene_a__PLD2_	1
observable_15333	nuc_gene_a__TTC17_	1
observable_15334	nuc_gene_a__TTC7A_	1
observable_15335	nuc_gene_a__RBM28_	1
observable_15336	nuc_gene_a__RAB11FIP4_	1
observable_15337	nuc_gene_a__ZNF800_	1
observable_15338	nuc_gene_a__TMEM140_	1
observable_15339	nuc_gene_a__EVA1A_	1
observable_15340	nuc_gene_a__C4BPB_	1
observable_15341	nuc_gene_a__KCMF1_	1
observable_15342	nuc_gene_a__FOSL2_	1
observable_15343	nuc_gene_a__GSTK1_	1
observable_15344	nuc_gene_a__ASB10_	1
observable_15345	nuc_gene_a__HECTD3_	1
observable_15346	nuc_gene_a__TOM1L1_	1
observable_15347	nuc_gene_a__TSPAN12_	1
observable_15348	nuc_gene_a__APLP2_	1
observable_15349	nuc_gene_a__SLC25A34_	1
observable_15350	nuc_gene_a__PSPH_	1
observable_15351	nuc_gene_a__AKAP1_	1
observable_15352	nuc_gene_a__MS4A6E_	1
observable_15353	nuc_gene_a__CHI3L2_	1
observable_15354	nuc_gene_a__ELMOD3_	1
observable_15355	nuc_gene_a__NAMPT_	1
observable_15356	nuc_gene_a__WRAP53_	1
observable_15357	nuc_gene_a__COX11_	1
observable_15358	nuc_gene_a__ZNF775_	1
observable_15359	nuc_gene_a__TRIM47_	1
observable_15360	nuc_gene_a__FOXP1_	1
observable_15361	nuc_gene_a__CTDNEP1_	1
observable_15362	nuc_gene_a__KPNA2_	1
observable_15363	nuc_gene_a__MTIF2_	1
observable_15364	nuc_gene_a__REG1B_	1
observable_15365	nuc_gene_a__CDC42EP3_	1
observable_15366	nuc_gene_a__PHLDB1_	1
observable_15367	nuc_gene_a__OSBPL3_	1
observable_15368	nuc_gene_a__ATG7_	1
observable_15369	nuc_gene_a__TTYH3_	1
observable_15370	nuc_gene_a__FBXO40_	1
observable_15371	nuc_gene_a__TRIM37_	1
observable_15372	nuc_gene_a__URGCP_	1
observable_15373	nuc_gene_a__SPICE1_	1
observable_15374	nuc_gene_a__LIMS2_	1
observable_15375	nuc_gene_a__PDK1_	1
observable_15376	nuc_gene_a__TBX2_	1
observable_15377	nuc_gene_a__PPP1R9A_	1
observable_15378	nuc_gene_a__GRIK4_	1
observable_15379	nuc_gene_a__ACOXL_	1
observable_15380	nuc_gene_a__CHCHD3_	1
observable_15381	nuc_gene_a__MS4A4A_	1
observable_15382	nuc_gene_a__NCF1_	1
observable_15383	nuc_gene_a__VEGFB_	1
observable_15384	nuc_gene_a__STEAP4_	1
observable_15385	nuc_gene_a__TRIM34_	1
observable_15386	nuc_gene_a__SH2B2_	1
observable_15387	nuc_gene_a__GPR146_	1
observable_15388	nuc_gene_a__STARD3_	1
observable_15389	nuc_gene_a__PPME1_	1
observable_15390	nuc_gene_a__RIN1_	1
observable_15391	nuc_gene_a__TRIM24_	1
observable_15392	nuc_gene_a__SP100_	1
observable_15393	nuc_gene_a__ICAM2_	1
observable_15394	nuc_gene_a__ARHGAP1_	1
observable_15395	nuc_gene_a__FKBP9_	1
observable_15396	nuc_gene_a__VGF_	1
observable_15397	nuc_gene_a__IPO7_	1
observable_15398	nuc_gene_a__GTF3C2_	1
observable_15399	nuc_gene_a__GPR17_	1
observable_15400	nuc_gene_a__IGFBP5_	1
observable_15401	nuc_gene_a__MYH2_	1
observable_15402	nuc_gene_a__PSMC3_	1
observable_15403	nuc_gene_a__FEZ2_	1
observable_15404	nuc_gene_a__RAP1GAP_	1
observable_15405	nuc_gene_a__COPZ2_	1
observable_15406	nuc_gene_a__SMTNL2_	1
observable_15407	nuc_gene_a__TAF6_	1
observable_15408	nuc_gene_a__CD68_	1
observable_15409	nuc_gene_a__SPECC1_	1
observable_15410	nuc_gene_a__STAG1_	1
observable_15411	nuc_gene_a__NBAS_	1
observable_15412	nuc_gene_a__ARPC1B_	1
observable_15413	nuc_gene_a__GHDC_	1
observable_15414	nuc_gene_a__CHID1_	1
observable_15415	nuc_gene_a__CNTN4_	1
observable_15416	nuc_gene_a__ZKSCAN5_	1
observable_15417	nuc_gene_a__AFMID_	1
observable_15418	nuc_gene_a__ATIC_	1
observable_15419	nuc_gene_a__TDRKH_	1
observable_15420	nuc_gene_a__NXF1_	1
observable_15421	nuc_gene_a__EMILIN1_	1
observable_15422	nuc_gene_a__UNC13D_	1
observable_15423	nuc_gene_a__SYT8_	1
observable_15424	nuc_gene_a__ETV1_	1
observable_15425	nuc_gene_a__MYL1_	1
observable_15426	nuc_gene_a__ZNF394_	1
observable_15427	nuc_gene_a__MKS1_	1
observable_15428	nuc_gene_a__SNED1_	1
observable_15429	nuc_gene_a__TM7SF2_	1
observable_15430	nuc_gene_a__HIC1_	1
observable_15431	nuc_gene_a__SULT1C4_	1
observable_15432	nuc_gene_a__ZC3H8_	1
observable_15433	nuc_gene_a__CNOT11_	1
observable_15434	nuc_gene_a__GUK1_	1
observable_15435	nuc_gene_a__DAGLA_	1
observable_15436	nuc_gene_a__EZH1_	1
observable_15437	nuc_gene_a__MS4A7_	1
observable_15438	nuc_gene_a__ZRANB3_	1
observable_15439	nuc_gene_a__DPH5_	1
observable_15440	nuc_gene_a__SAT2_	1
observable_15441	nuc_gene_a__AP4M1_	1
observable_15442	nuc_gene_a__SYPL2_	1
observable_15443	nuc_gene_a__SERPINE2_	1
observable_15444	nuc_gene_a__PSD4_	1
observable_15445	nuc_gene_a__DCPS_	1
observable_15446	nuc_gene_a__FRZB_	1
observable_15447	nuc_gene_a__ABCF2_	1
observable_15448	nuc_gene_a__RRAS2_	1
observable_15449	nuc_gene_a__CCDC126_	1
observable_15450	nuc_gene_a__OPA1_	1
observable_15451	nuc_gene_a__PSMD11_	1
observable_15452	nuc_gene_a__MUS81_	1
observable_15453	nuc_gene_a__RHOC_	1
observable_15454	nuc_gene_a__BRAT1_	1
observable_15455	nuc_gene_a__INPP5K_	1
observable_15456	nuc_gene_a__CCDC88B_	1
observable_15457	nuc_gene_a__CPB1_	1
observable_15458	nuc_gene_a__IRF6_	1
observable_15459	nuc_gene_a__CNPY4_	1
observable_15460	nuc_gene_a__RASSF7_	1
observable_15461	nuc_gene_a__C1orf21_	1
observable_15462	nuc_gene_a__ACTL6B_	1
observable_15463	nuc_gene_a__TRIM56_	1
observable_15464	nuc_gene_a__COL3A1_	1
observable_15465	nuc_gene_a__RGS5_	1
observable_15466	nuc_gene_a__GIMAP6_	1
observable_15467	nuc_gene_a__TRPV1_	1
observable_15468	nuc_gene_a__IMPDH2_	1
observable_15469	nuc_gene_a__EIF2AK1_	1
observable_15470	nuc_gene_a__IGSF9_	1
observable_15471	nuc_gene_a__LTBP3_	1
observable_15472	nuc_gene_a__SIRT7_	1
observable_15473	nuc_gene_a__CCZ1_	1
observable_15474	nuc_gene_a__PPP1R1B_	1
observable_15475	nuc_gene_a__UBA3_	1
observable_15476	nuc_gene_a__TMEM108_	1
observable_15477	nuc_gene_a__HSPA8_	1
observable_15478	nuc_gene_a__COL8A1_	1
observable_15479	nuc_gene_a__EPN2_	1
observable_15480	nuc_gene_a__MS4A12_	1
observable_15481	nuc_gene_a__SLC12A9_	1
observable_15482	nuc_gene_a__COQ8A_	1
observable_15483	nuc_gene_a__STAMBP_	1
observable_15484	nuc_gene_a__LRCH3_	1
observable_15485	nuc_gene_a__HID1_	1
observable_15486	nuc_gene_a__IKZF1_	1
observable_15487	nuc_gene_a__DERL2_	1
observable_15488	nuc_gene_a__LRPPRC_	1
observable_15489	nuc_gene_a__MAPKAPK3_	1
observable_15490	nuc_gene_a__ANKRD13B_	1
observable_15491	nuc_gene_a__SEMA4A_	1
observable_15492	nuc_gene_a__STYXL1_	1
observable_15493	nuc_gene_a__MYD88_	1
observable_15494	nuc_gene_a__NKAIN1_	1
observable_15495	nuc_gene_a__HAX1_	1
observable_15496	nuc_gene_a__SERTAD2_	1
observable_15497	nuc_gene_a__NXPE3_	1
observable_15498	nuc_gene_a__SCYL1_	1
observable_15499	nuc_gene_a__IPO13_	1
observable_15500	nuc_gene_a__EPHB4_	1
observable_15501	nuc_gene_a__ERCC3_	1
observable_15502	nuc_gene_a__STX1A_	1
observable_15503	nuc_gene_a__SMYD2_	1
observable_15504	nuc_gene_a__FGD5_	1
observable_15505	nuc_gene_a__PGAM2_	1
observable_15506	nuc_gene_a__BECN1_	1
observable_15507	nuc_gene_a__RBMS1_	1
observable_15508	nuc_gene_a__MDH2_	1
observable_15509	nuc_gene_a__TATDN3_	1
observable_15510	nuc_gene_a__CORO6_	1
observable_15511	nuc_gene_a__PRCC_	1
observable_15512	nuc_gene_a__TSPAN4_	1
observable_15513	nuc_gene_a__PTPRN_	1
observable_15514	nuc_gene_a__ILDR1_	1
observable_15515	nuc_gene_a__TRIM16_	1
observable_15516	nuc_gene_a__PSMD4_	1
observable_15517	nuc_gene_a__SLC3A2_	1
observable_15518	nuc_gene_a__STRIP1_	1
observable_15519	nuc_gene_a__GALNT2_	1
observable_15520	nuc_gene_a__PELI3_	1
observable_15521	nuc_gene_a__MFN1_	1
observable_15522	nuc_gene_a__RCN1_	1
observable_15523	nuc_gene_a__TMEM50A_	1
observable_15524	nuc_gene_a__WDR6_	1
observable_15525	nuc_gene_a__GTF2IRD1_	1
observable_15526	nuc_gene_a__SART1_	1
observable_15527	nuc_gene_a__ARMC9_	1
observable_15528	nuc_gene_a__EDEM3_	1
observable_15529	nuc_gene_a__DALRD3_	1
observable_15530	nuc_gene_a__GLYCTK_	1
observable_15531	nuc_gene_a__PLPPR5_	1
observable_15532	nuc_gene_a__WNT4_	1
observable_15533	nuc_gene_a__TTLL4_	1
observable_15534	nuc_gene_a__NEXN_	1
observable_15535	nuc_gene_a__AKR1B1_	1
observable_15536	nuc_gene_a__AP2B1_	1
observable_15537	nuc_gene_a__KDM4A_	1
observable_15538	nuc_gene_a__ABCB6_	1
observable_15539	nuc_gene_a__TRAPPC1_	1
observable_15540	nuc_gene_a__MBNL1_	1
observable_15541	nuc_gene_a__RNF207_	1
observable_15542	nuc_gene_a__NUP85_	1
observable_15543	nuc_gene_a__CLDN11_	1
observable_15544	nuc_gene_a__SNRNP27_	1
observable_15545	nuc_gene_a__EPHB1_	1
observable_15546	nuc_gene_a__PRICKLE2_	1
observable_15547	nuc_gene_a__CD1E_	1
observable_15548	nuc_gene_a__GCA_	1
observable_15549	nuc_gene_a__MANEAL_	1
observable_15550	nuc_gene_a__PSME3_	1
observable_15551	nuc_gene_a__CUL1_	1
observable_15552	nuc_gene_a__MYOCD_	1
observable_15553	nuc_gene_a__TESK2_	1
observable_15554	nuc_gene_a__FAM89A_	1
observable_15555	nuc_gene_a__TAF12_	1
observable_15556	nuc_gene_a__TUBG2_	1
observable_15557	nuc_gene_a__PLEKHA8_	1
observable_15558	nuc_gene_a__KIAA0040_	1
observable_15559	nuc_gene_a__EGLN1_	1
observable_15560	nuc_gene_a__SCN5A_	1
observable_15561	nuc_gene_a__RNF32_	1
observable_15562	nuc_gene_a__MAP2_	1
observable_15563	nuc_gene_a__VEPH1_	1
observable_15564	nuc_gene_a__ATF6_	1
observable_15565	nuc_gene_a__DNAJC7_	1
observable_15566	nuc_gene_a__SRGAP2C_	1
observable_15567	nuc_gene_a__CLIC4_	1
observable_15568	nuc_gene_a__PRKAR1B_	1
observable_15569	nuc_gene_a__PTPN4_	1
observable_15570	nuc_gene_a__IL1RAP_	1
observable_15571	nuc_gene_a__TOMM40L_	1
observable_15572	nuc_gene_a__DNAAF5_	1
observable_15573	nuc_gene_a__NCK2_	1
observable_15574	nuc_gene_a__AZIN2_	1
observable_15575	nuc_gene_a__SEMA5B_	1
observable_15576	nuc_gene_a__PTX3_	1
observable_15577	nuc_gene_a__EIF3B_	1
observable_15578	nuc_gene_a__ACTG2_	1
observable_15579	nuc_gene_a__ABTB1_	1
observable_15580	nuc_gene_a__FAF1_	1
observable_15581	nuc_gene_a__CRBN_	1
observable_15582	nuc_gene_a__CCDC138_	1
observable_15583	nuc_gene_a__STARD3NL_	1
observable_15584	nuc_gene_a__EPS8L3_	1
observable_15585	nuc_gene_a__SEC22C_	1
observable_15586	nuc_gene_a__TRNT1_	1
observable_15587	nuc_gene_a__SSR2_	1
observable_15588	nuc_gene_a__HDAC5_	1
observable_15589	nuc_gene_a__PIGC_	1
observable_15590	nuc_gene_a__FAAH_	1
observable_15591	nuc_gene_a__ANO10_	1
observable_15592	nuc_gene_a__CTC1_	1
observable_15593	nuc_gene_a__SWT1_	1
observable_15594	nuc_gene_a__NCMAP_	1
observable_15595	nuc_gene_a__P2RX1_	1
observable_15596	nuc_gene_a__CALD1_	1
observable_15597	nuc_gene_a__NKTR_	1
observable_15598	nuc_gene_a__SYNGR2_	1
observable_15599	nuc_gene_a__GPR161_	1
observable_15600	nuc_gene_a__TWF2_	1
observable_15601	nuc_gene_a__PPM1M_	1
observable_15602	nuc_gene_a__TKT_	1
observable_15603	nuc_gene_a__GRB7_	1
observable_15604	nuc_gene_a__HSPBAP1_	1
observable_15605	nuc_gene_a__CMC1_	1
observable_15606	nuc_gene_a__TBCCD1_	1
observable_15607	nuc_gene_a__PROX1_	1
observable_15608	nuc_gene_a__IRAK2_	1
observable_15609	nuc_gene_a__TBC1D16_	1
observable_15610	nuc_gene_a__NPHP3_	1
observable_15611	nuc_gene_a__RHBDL3_	1
observable_15612	nuc_gene_a__ABCF3_	1
observable_15613	nuc_gene_a__MYLK_	1
observable_15614	nuc_gene_a__DRG2_	1
observable_15615	nuc_gene_a__NBPF9_	1
observable_15616	nuc_gene_a__SPATS2L_	1
observable_15617	nuc_gene_a__PIGK_	1
observable_15618	nuc_gene_a__SMIM12_	1
observable_15619	nuc_gene_a__ADAP2_	1
observable_15620	nuc_gene_a__OSGEPL1_	1
observable_15621	nuc_gene_a__ZBTB8A_	1
observable_15622	nuc_gene_a__SGSM2_	1
observable_15623	nuc_gene_a__TBL1XR1_	1
observable_15624	nuc_gene_a__ITGB6_	1
observable_15625	nuc_gene_a__SLC35A3_	1
observable_15626	nuc_gene_a__ZNF639_	1
observable_15627	nuc_gene_a__TEX2_	1
observable_15628	nuc_gene_a__BRPF1_	1
observable_15629	nuc_gene_a__ERAL1_	1
observable_15630	nuc_gene_a__MAP4K3_	1
observable_15631	nuc_gene_a__FARSB_	1
observable_15632	nuc_gene_a__PLEKHH2_	1
observable_15633	nuc_gene_a__RCC1_	1
observable_15634	nuc_gene_a__MYO1C_	1
observable_15635	nuc_gene_a__ZFP69_	1
observable_15636	nuc_gene_a__CD160_	1
observable_15637	nuc_gene_a__METTL23_	1
observable_15638	nuc_gene_a__THEMIS2_	1
observable_15639	nuc_gene_a__BBX_	1
observable_15640	nuc_gene_a__GBP4_	1
observable_15641	nuc_gene_a__ACTR2_	1
observable_15642	nuc_gene_a__PDK2_	1
observable_15643	nuc_gene_a__MARCO_	1
observable_15644	nuc_gene_a__RPF1_	1
observable_15645	nuc_gene_a__QRICH1_	1
observable_15646	nuc_gene_a__ACTR3_	1
observable_15647	nuc_gene_a__SLC16A5_	1
observable_15648	nuc_gene_a__ZNF644_	1
observable_15649	nuc_gene_a__SLC19A3_	1
observable_15650	nuc_gene_a__THAP3_	1
observable_15651	nuc_gene_a__HOXB3_	1
observable_15652	nuc_gene_a__NPPA_	1
observable_15653	nuc_gene_a__PXYLP1_	1
observable_15654	nuc_gene_a__LAPTM5_	1
observable_15655	nuc_gene_a__CFAP36_	1
observable_15656	nuc_gene_a__ABHD6_	1
observable_15657	nuc_gene_a__ZBTB48_	1
observable_15658	nuc_gene_a__ARF1_	1
observable_15659	nuc_gene_a__ENO3_	1
observable_15660	nuc_gene_a__MCOLN3_	1
observable_15661	nuc_gene_a__NEK8_	1
observable_15662	nuc_gene_a__DPT_	1
observable_15663	nuc_gene_a__NEK11_	1
observable_15664	nuc_gene_a__PREPL_	1
observable_15665	nuc_gene_a__PKN2_	1
observable_15666	nuc_gene_a__DISP1_	1
observable_15667	nuc_gene_a__SACM1L_	1
observable_15668	nuc_gene_a__DENND6A_	1
observable_15669	nuc_gene_a__ANP32E_	1
observable_15670	nuc_gene_a__TMEM115_	1
observable_15671	nuc_gene_a__HPCAL1_	1
observable_15672	nuc_gene_a__MXRA8_	1
observable_15673	nuc_gene_a__CD1D_	1
observable_15674	nuc_gene_a__IL1A_	1
observable_15675	nuc_gene_a__YBX1_	1
observable_15676	nuc_gene_a__EFTUD2_	1
observable_15677	nuc_gene_a__C1orf54_	1
observable_15678	nuc_gene_a__MPP4_	1
observable_15679	nuc_gene_a__TXNDC9_	1
observable_15680	nuc_gene_a__NADK_	1
observable_15681	nuc_gene_a__RNF157_	1
observable_15682	nuc_gene_a__WSCD1_	1
observable_15683	nuc_gene_a__SKAP1_	1
observable_15684	nuc_gene_a__ARIH2_	1
observable_15685	nuc_gene_a__ZNF207_	1
observable_15686	nuc_gene_a__MAD2L2_	1
observable_15687	nuc_gene_a__ASTE1_	1
observable_15688	nuc_gene_a__AANAT_	1
observable_15689	nuc_gene_a__P3H4_	1
observable_15690	nuc_gene_a__ADGRL4_	1
observable_15691	nuc_gene_a__CYB561D1_	1
observable_15692	nuc_gene_a__MAP3K14_	1
observable_15693	nuc_gene_a__THRAP3_	1
observable_15694	nuc_gene_a__MFSD11_	1
observable_15695	nuc_gene_a__TMEM150A_	1
observable_15696	nuc_gene_a__TIMP2_	1
observable_15697	nuc_gene_a__SRSF2_	1
observable_15698	nuc_gene_a__TTYH2_	1
observable_15699	nuc_gene_a__KRT13_	1
observable_15700	nuc_gene_a__ACADL_	1
observable_15701	nuc_gene_a__PTPRF_	1
observable_15702	nuc_gene_a__TFG_	1
observable_15703	nuc_gene_a__SPOP_	1
observable_15704	nuc_gene_a__ZBTB17_	1
observable_15705	nuc_gene_a__IL1R1_	1
observable_15706	nuc_gene_a__B4GALT2_	1
observable_15707	nuc_gene_a__SUMO2_	1
observable_15708	nuc_gene_a__DNAJC11_	1
observable_15709	nuc_gene_a__TTC21B_	1
observable_15710	nuc_gene_a__AHDC1_	1
observable_15711	nuc_gene_a__UBE2E3_	1
observable_15712	nuc_gene_a__TMEM63A_	1
observable_15713	nuc_gene_a__KIDINS220_	1
observable_15714	nuc_gene_a__CCT3_	1
observable_15715	nuc_gene_a__CNPPD1_	1
observable_15716	nuc_gene_a__ATP6V0A1_	1
observable_15717	nuc_gene_a__DVL1_	1
observable_15718	nuc_gene_a__ATL2_	1
observable_15719	nuc_gene_a__IL17RC_	1
observable_15720	nuc_gene_a__UBE2Z_	1
observable_15721	nuc_gene_a__IL6R_	1
observable_15722	nuc_gene_a__CD300LG_	1
observable_15723	nuc_gene_a__LYRM9_	1
observable_15724	nuc_gene_a__PSRC1_	1
observable_15725	nuc_gene_a__C17orf67_	1
observable_15726	nuc_gene_a__DNMT3A_	1
observable_15727	nuc_gene_a__FCRLA_	1
observable_15728	nuc_gene_a__PYCR2_	1
observable_15729	nuc_gene_a__CASC3_	1
observable_15730	nuc_gene_a__RANBP2_	1
observable_15731	nuc_gene_a__CFAP57_	1
observable_15732	nuc_gene_a__WDR54_	1
observable_15733	nuc_gene_a__ACP6_	1
observable_15734	nuc_gene_a__P2RX5_	1
observable_15735	nuc_gene_a__CASQ1_	1
observable_15736	nuc_gene_a__EBNA1BP2_	1
observable_15737	nuc_gene_a__PAFAH1B1_	1
observable_15738	nuc_gene_a__PIKFYVE_	1
observable_15739	nuc_gene_a__EYA3_	1
observable_15740	nuc_gene_a__TTC19_	1
observable_15741	nuc_gene_a__STAT4_	1
observable_15742	nuc_gene_a__SNRNP200_	1
observable_15743	nuc_gene_a__CEP131_	1
observable_15744	nuc_gene_a__TBCE_	1
observable_15745	nuc_gene_a__BMP10_	1
observable_15746	nuc_gene_a__RER1_	1
observable_15747	nuc_gene_a__S100A6_	1
observable_15748	nuc_gene_a__KDM1A_	1
observable_15749	nuc_gene_a__MAP3K6_	1
observable_15750	nuc_gene_a__CMPK1_	1
observable_15751	nuc_gene_a__B3GALNT2_	1
observable_15752	nuc_gene_a__DUSP12_	1
observable_15753	nuc_gene_a__NPEPPS_	1
observable_15754	nuc_gene_a__MEGF6_	1
observable_15755	nuc_gene_a__SLC19A2_	1
observable_15756	nuc_gene_a__UBE2J2_	1
observable_15757	nuc_gene_a__MFAP2_	1
observable_15758	nuc_gene_a__TMC6_	1
observable_15759	nuc_gene_a__CTNNBIP1_	1
observable_15760	nuc_gene_a__RBBP5_	1
observable_15761	nuc_gene_a__PAQR6_	1
observable_15762	nuc_gene_a__CERS2_	1
observable_15763	nuc_gene_a__GPBP1L1_	1
observable_15764	nuc_gene_a__VIT_	1
observable_15765	nuc_gene_a__COQ10B_	1
observable_15766	nuc_gene_a__PDIA6_	1
observable_15767	nuc_gene_a__SHC1_	1
observable_15768	nuc_gene_a__EIF2D_	1
observable_15769	nuc_gene_a__NAB1_	1
observable_15770	nuc_gene_a__MAGI3_	1
observable_15771	nuc_gene_a__DNAJC10_	1
observable_15772	nuc_gene_a__TXNIP_	1
observable_15773	nuc_gene_a__SMC6_	1
observable_15774	nuc_gene_a__NPAS2_	1
observable_15775	nuc_gene_a__MED24_	1
observable_15776	nuc_gene_a__PID1_	1
observable_15777	nuc_gene_a__NPHP4_	1
observable_15778	nuc_gene_a__PAIP2B_	1
observable_15779	nuc_gene_a__COMMD1_	1
observable_15780	nuc_gene_a__TMC8_	1
observable_15781	nuc_gene_a__CEP104_	1
observable_15782	nuc_gene_a__RUSC1_	1
observable_15783	nuc_gene_a__PMS1_	1
observable_15784	nuc_gene_a__CFH_	1
observable_15785	nuc_gene_a__KCNF1_	1
observable_15786	nuc_gene_a__ACBD6_	1
observable_15787	nuc_gene_a__PHOSPHO2_	1
observable_15788	nuc_gene_a__YWHAQ_	1
observable_15789	nuc_gene_a__FCRL3_	1
observable_15790	nuc_gene_a__PGAP1_	1
observable_15791	nuc_gene_a__NBPF11_	1
observable_15792	nuc_gene_a__S100A8_	1
observable_15793	nuc_gene_a__OSBPL9_	1
observable_15794	nuc_gene_a__SLC27A3_	1
observable_15795	nuc_gene_a__KLHL17_	1
observable_15796	nuc_gene_a__SRRM1_	1
observable_15797	nuc_gene_a__TIMM17A_	1
observable_15798	nuc_gene_a__ITGB3BP_	1
observable_15799	nuc_gene_a__GIGYF2_	1
observable_15800	nuc_gene_a__GBP3_	1
observable_15801	nuc_gene_a__OSCP1_	1
observable_15802	nuc_gene_a__SH3BP4_	1
observable_15803	nuc_gene_a__ORMDL1_	1
observable_15804	nuc_gene_a__SLC30A3_	1
observable_15805	nuc_gene_a__PSMD14_	1
observable_15806	nuc_gene_a__TTL_	1
observable_15807	nuc_gene_a__MBOAT2_	1
observable_15808	nuc_gene_a__USP33_	1
observable_15809	nuc_gene_a__SCN7A_	1
observable_15810	nuc_gene_a__OLA1_	1
observable_15811	nuc_gene_a__NID1_	1
observable_15812	nuc_gene_a__PDE1A_	1
observable_15813	nuc_gene_a__CDC14A_	1
observable_15814	nuc_gene_a__DPH2_	1
observable_15815	nuc_gene_a__TPO_	1
observable_15816	nuc_gene_a__NPR1_	1
observable_15817	nuc_gene_a__GJA5_	1
observable_15818	nuc_gene_a__EPS15_	1
observable_15819	nuc_gene_a__LPIN1_	1
observable_15820	nuc_gene_a__FHL3_	1
observable_15821	nuc_gene_a__EIF3I_	1
observable_15822	nuc_gene_a__ARL8A_	1
observable_15823	nuc_gene_a__DHCR24_	1
observable_15824	nuc_gene_a__NDUFA10_	1
observable_15825	nuc_gene_a__LGR6_	1
observable_15826	nuc_gene_a__CHIT1_	1
observable_15827	nuc_gene_a__BRINP3_	1
observable_15828	nuc_gene_a__C1orf74_	1
observable_15829	nuc_gene_a__IDH1_	1
observable_15830	nuc_gene_a__ACADM_	1
observable_15831	nuc_gene_a__CREB1_	1
observable_15832	nuc_gene_a__CPTP_	1
observable_15833	nuc_gene_a__HES2_	1
observable_15834	nuc_gene_a__LANCL1_	1
observable_15835	nuc_gene_a__CRTC2_	1
observable_15836	nuc_gene_a__FMOD_	1
observable_15837	nuc_gene_a__MTFR1L_	1
observable_15838	nuc_gene_a__MALL_	1
observable_15839	nuc_gene_a__KLHL23_	1
observable_15840	nuc_gene_a__CWC22_	1
observable_15841	nuc_gene_a__CAB39_	1
observable_15842	nuc_gene_a__SMG5_	1
observable_15843	nuc_gene_a__STK40_	1
observable_15844	nuc_gene_a__PRPF38A_	1
observable_15845	nuc_gene_a__ATG16L1_	1
observable_15846	nuc_gene_a__PHACTR4_	1
observable_15847	nuc_gene_a__TAGLN2_	1
observable_15848	nuc_gene_a__ANKRD23_	1
observable_15849	nuc_gene_a__MFSD6_	1
observable_15850	nuc_gene_a__NTRK1_	1
observable_15851	nuc_gene_a__USP1_	1
observable_15852	nuc_gene_a__SLC5A6_	1
observable_15853	nuc_gene_a__ARHGEF11_	1
observable_15854	nuc_gene_a__ISG20L2_	1
observable_15855	nuc_gene_a__FAM110D_	1
observable_15856	nuc_gene_a__PKP4_	1
observable_15857	nuc_gene_a__CCT7_	1
observable_15858	nuc_gene_a__CLCNKA_	1
observable_15859	nuc_gene_a__C2orf80_	1
observable_15860	nuc_gene_a__DSTYK_	1
observable_15861	nuc_gene_a__SLC35E2B_	1
observable_15862	nuc_gene_a__HSPB7_	1
observable_15863	nuc_gene_a__UBXN10_	1
observable_15864	nuc_gene_a__GPR153_	1
observable_15865	nuc_gene_a__PGD_	1
observable_15866	nuc_gene_a__MIA3_	1
observable_15867	nuc_gene_a__CA14_	1
observable_15868	nuc_gene_a__C1orf87_	1
observable_15869	nuc_gene_a__HMGN2_	1
observable_15870	nuc_gene_a__IMMT_	1
observable_15871	nuc_gene_a__SATB2_	1
observable_15872	nuc_gene_a__FBXO48_	1
observable_15873	nuc_gene_a__GLB1L_	1
observable_15874	nuc_gene_a__MRPL55_	1
observable_15875	nuc_gene_a__SF3B1_	1
observable_15876	nuc_gene_a__LZIC_	1
observable_15877	nuc_gene_a__ANKZF1_	1
observable_15878	nuc_gene_a__DNAJB4_	1
observable_15879	nuc_gene_a__LYPLA2_	1
observable_15880	nuc_gene_a__FAP_	1
observable_15881	nuc_gene_a__ANKRD53_	1
observable_15882	nuc_gene_a__MAN1C1_	1
observable_15883	nuc_gene_a__APLF_	1
observable_15884	nuc_gene_a__FCRL2_	1
observable_15885	nuc_gene_a__PLEKHM2_	1
observable_15886	nuc_gene_a__EML4_	1
observable_15887	nuc_gene_a__FUBP1_	1
observable_15888	nuc_gene_a__AK4_	1
observable_15889	nuc_gene_a__IVNS1ABP_	1
observable_15890	nuc_gene_a__TRAF3IP3_	1
observable_15891	nuc_gene_a__GULP1_	1
observable_15892	nuc_gene_a__SH2D2A_	1
observable_15893	nuc_gene_a__HOXD3_	1
observable_15894	nuc_gene_a__PRPF3_	1
observable_15895	nuc_gene_a__FAM20B_	1
observable_15896	nuc_gene_a__RPAP2_	1
observable_15897	nuc_gene_a__DGKD_	1
observable_15898	nuc_gene_a__CTBS_	1
observable_15899	nuc_gene_a__SLC50A1_	1
observable_15900	nuc_gene_a__CEBPZOS_	1
observable_15901	nuc_gene_a__CLCA1_	1
observable_15902	nuc_gene_a__TMEM127_	1
observable_15903	nuc_gene_a__RNF149_	1
observable_15904	nuc_gene_a__CCDC85A_	1
observable_15905	nuc_gene_a__SORT1_	1
observable_15906	nuc_gene_a__RC3H1_	1
observable_15907	nuc_gene_a__C1orf216_	1
observable_15908	nuc_gene_a__GALE_	1
observable_15909	nuc_gene_a__GPAT2_	1
observable_15910	nuc_gene_a__TRAPPC12_	1
observable_15911	nuc_gene_a__SELP_	1
observable_15912	nuc_gene_a__SLC25A33_	1
observable_15913	nuc_gene_a__STK11IP_	1
observable_15914	nuc_gene_a__GBP1_	1
observable_15915	nuc_gene_a__SLC4A5_	1
observable_15916	nuc_gene_a__RTCA_	1
observable_15917	nuc_gene_a__CDC73_	1
observable_15918	nuc_gene_a__DNPEP_	1
observable_15919	nuc_gene_a__GNPAT_	1
observable_15920	nuc_gene_a__ST6GAL2_	1
observable_15921	nuc_gene_a__WNT10A_	1
observable_15922	nuc_gene_a__SGPP2_	1
observable_15923	nuc_gene_a__FH_	1
observable_15924	nuc_gene_a__B3GALT2_	1
observable_15925	nuc_gene_a__STON1_	1
observable_15926	nuc_gene_a__HAT1_	1
observable_15927	nuc_gene_a__ECHDC2_	1
observable_15928	nuc_gene_a__KLHL30_	1
observable_15929	nuc_gene_a__FASTKD1_	1
observable_15930	nuc_gene_a__DYNC2LI1_	1
observable_15931	nuc_gene_a__SH2D6_	1
observable_15932	nuc_gene_a__RABL2A_	1
observable_15933	nuc_gene_a__NGEF_	1
observable_15934	nuc_gene_a__DNER_	1
observable_15935	nuc_gene_a__SLC11A1_	1
observable_15936	nuc_gene_a__FAM228A_	1
observable_15937	nuc_gene_a__WDR33_	1
observable_15938	nuc_gene_a__CRIM1_	1
observable_15939	nuc_gene_a__MIB2_	1
observable_15940	nuc_gene_a__TARDBP_	1
observable_15941	nuc_gene_a__DDX59_	1
observable_15942	nuc_gene_a__ZBTB41_	1
observable_15943	nuc_gene_a__SLC2A1_	1
observable_15944	nuc_gene_a__SLC44A3_	1
observable_15945	nuc_gene_a__CPS1_	1
observable_15946	nuc_gene_a__CSF1_	1
observable_15947	nuc_gene_a__RCSD1_	1
observable_15948	nuc_gene_a__SMYD1_	1
observable_15949	nuc_gene_a__MYOM3_	1
observable_15950	nuc_gene_a__ATP6V1E2_	1
observable_15951	nuc_gene_a__MAP3K20_	1
observable_15952	nuc_gene_a__ZEB2_	1
observable_15953	nuc_gene_a__RPS27A_	1
observable_15954	nuc_gene_a__KIF1B_	1
observable_15955	nuc_gene_a__CD84_	1
observable_15956	nuc_gene_a__PPM1J_	1
observable_15957	nuc_gene_a__ZYG11B_	1
observable_15958	nuc_gene_a__DAB1_	1
observable_15959	nuc_gene_a__FMO4_	1
observable_15960	nuc_gene_a__G0S2_	1
observable_15961	nuc_gene_a__NCKAP1_	1
observable_15962	nuc_gene_a__FOXJ3_	1
observable_15963	nuc_gene_a__GLMP_	1
observable_15964	nuc_gene_a__RBP7_	1
observable_15965	nuc_gene_a__PLPP3_	1
observable_15966	nuc_gene_a__TANK_	1
observable_15967	nuc_gene_a__PLEKHN1_	1
observable_15968	nuc_gene_a__KANK4_	1
observable_15969	nuc_gene_a__IL1R2_	1
observable_15970	nuc_gene_a__DUSP10_	1
observable_15971	nuc_gene_a__BCAR3_	1
observable_15972	nuc_gene_a__ACBD3_	1
observable_15973	nuc_gene_a__ORC1_	1
observable_15974	nuc_gene_a__PERM1_	1
observable_15975	nuc_gene_a__RNF19B_	1
observable_15976	nuc_gene_a__AGFG1_	1
observable_15977	nuc_gene_a__TRABD2A_	1
observable_15978	nuc_gene_a__RHEX_	1
observable_15979	nuc_gene_a__PLA2R1_	1
observable_15980	nuc_gene_a__NUP35_	1
observable_15981	nuc_gene_a__NDUFS2_	1
observable_15982	nuc_gene_a__ADAMTS4_	1
observable_15983	nuc_gene_a__DCAF17_	1
observable_15984	nuc_gene_a__TMEM69_	1
observable_15985	nuc_gene_a__EMC1_	1
observable_15986	nuc_gene_a__CNNM4_	1
observable_15987	nuc_gene_a__MFF_	1
observable_15988	nuc_gene_a__VAMP5_	1
observable_15989	nuc_gene_a__FASTKD2_	1
observable_15990	nuc_gene_a__CD302_	1
observable_15991	nuc_gene_a__TMEM178A_	1
observable_15992	nuc_gene_a__PRKRA_	1
observable_15993	nuc_gene_a__ADAM15_	1
observable_15994	nuc_gene_a__TLK1_	1
observable_15995	nuc_gene_a__SLC25A44_	1
observable_15996	nuc_gene_a__LDLRAP1_	1
observable_15997	nuc_gene_a__HP1BP3_	1
observable_15998	nuc_gene_a__SHE_	1
observable_15999	nuc_gene_a__ARV1_	1
observable_16000	nuc_gene_a__ARID4B_	1
observable_16001	nuc_gene_a__WRAP73_	1
observable_16002	nuc_gene_a__PMF1_	1
observable_16003	nuc_gene_a__PDZK1_	1
observable_16004	nuc_gene_a__PLOD1_	1
observable_16005	nuc_gene_a__ITLN1_	1
observable_16006	nuc_gene_a__SLAMF6_	1
observable_16007	nuc_gene_a__THBS3_	1
observable_16008	nuc_gene_a__CLSTN1_	1
observable_16009	nuc_gene_a__ACKR1_	1
observable_16010	nuc_gene_a__CTPS1_	1
observable_16011	nuc_gene_a__KIRREL1_	1
observable_16012	nuc_gene_a__BTF3L4_	1
observable_16013	nuc_gene_a__SCP2_	1
observable_16014	nuc_gene_a__FN1_	1
observable_16015	nuc_gene_a__SMYD5_	1
observable_16016	nuc_gene_a__TPM3_	1
observable_16017	nuc_gene_a__CAPN8_	1
observable_16018	nuc_gene_a__STX12_	1
observable_16019	nuc_gene_a__PODN_	1
observable_16020	nuc_gene_a__CUL3_	1
observable_16021	nuc_gene_a__TMEM169_	1
observable_16022	nuc_gene_a__DPYSL5_	1
observable_16023	nuc_gene_a__DHDDS_	1
observable_16024	nuc_gene_a__MDH1_	1
observable_16025	nuc_gene_a__GPR157_	1
observable_16026	nuc_gene_a__C2orf76_	1
observable_16027	nuc_gene_a__GKN2_	1
observable_16028	nuc_gene_a__C2orf42_	1
observable_16029	nuc_gene_a__MZT2A_	1
observable_16030	nuc_gene_a__EMX1_	1
observable_16031	nuc_gene_a__PSME4_	1
observable_16032	nuc_gene_a__DCAF8_	1
observable_16033	nuc_gene_a__HK2_	1
observable_16034	nuc_gene_a__KANSL1L_	1
observable_16035	nuc_gene_a__ZZZ3_	1
observable_16036	nuc_gene_a__ANKRD65_	1
observable_16037	nuc_gene_a__EIF5B_	1
observable_16038	nuc_gene_a__NME7_	1
observable_16039	nuc_gene_a__NPPC_	1
observable_16040	nuc_gene_a__LCK_	1
observable_16041	nuc_gene_a__SCRN3_	1
observable_16042	nuc_gene_a__SH3GLB1_	1
observable_16043	nuc_gene_a__RD3_	1
observable_16044	nuc_gene_a__ZFP69B_	1
observable_16045	nuc_gene_a__LYPD8_	1
observable_16046	nuc_gene_a__PER3_	1
observable_16047	nuc_gene_a__BABAM2_	1
observable_16048	nuc_gene_a__REG1A_	1
observable_16049	nuc_gene_a__ZC3H6_	1
observable_16050	nuc_gene_a__USF1_	1
observable_16051	nuc_gene_a__ATF2_	1
observable_16052	nuc_gene_a__NEK7_	1
observable_16053	nuc_gene_a__FBXO6_	1
observable_16054	nuc_gene_a__KHK_	1
observable_16055	nuc_gene_a__RNASEH1_	1
observable_16056	nuc_gene_a__LIMS1_	1
observable_16057	nuc_gene_a__TCF23_	1
observable_16058	nuc_gene_a__NCL_	1
observable_16059	nuc_gene_a__MGAT4A_	1
observable_16060	nuc_gene_a__KCTD18_	1
observable_16061	nuc_gene_a__STAM2_	1
observable_16062	nuc_gene_a__TRAF3IP1_	1
observable_16063	nuc_gene_a__WDR35_	1
observable_16064	nuc_gene_a__RAB10_	1
observable_16065	nuc_gene_a__MRPS5_	1
observable_16066	nuc_gene_a__DHRS9_	1
observable_16067	nuc_gene_a__CCDC142_	1
observable_16068	nuc_gene_a__BOK_	1
observable_16069	nuc_gene_a__ST3GAL3_	1
observable_16070	nuc_gene_a__PPP1R7_	1
observable_16071	nuc_gene_a__TGFBRAP1_	1
observable_16072	nuc_gene_a__IKZF2_	1
observable_16073	nuc_gene_a__MAPRE3_	1
observable_16074	nuc_gene_a__UGGT1_	1
observable_16075	nuc_gene_a__NASP_	1
observable_16076	nuc_gene_a__FOXN2_	1
observable_16077	nuc_gene_a__ELAVL4_	1
observable_16078	nuc_gene_a__WDSUB1_	1
observable_16079	nuc_gene_a__SOAT1_	1
observable_16080	nuc_gene_a__PHF13_	1
observable_16081	nuc_gene_a__MTR_	1
observable_16082	nuc_gene_a__GNG4_	1
observable_16083	nuc_gene_a__MOB3C_	1
observable_16084	nuc_gene_a__CALCRL_	1
observable_16085	nuc_gene_a__SLC1A4_	1
observable_16086	nuc_gene_a__KIAA0319L_	1
observable_16087	nuc_gene_a__ORC4_	1
observable_16088	nuc_gene_a__ARID5A_	1
observable_16089	nuc_gene_a__TNNT2_	1
observable_16090	nuc_gene_a__KYNU_	1
observable_16091	nuc_gene_a__EDAR_	1
observable_16092	nuc_gene_a__LMAN2L_	1
observable_16093	nuc_gene_a__NABP1_	1
observable_16094	nuc_gene_a__TMCO4_	1
observable_16095	nuc_gene_a__GALNT3_	1
observable_16096	nuc_gene_a__LAMB3_	1
observable_16097	nuc_gene_a__ILF2_	1
observable_16098	nuc_gene_a__VRK2_	1
observable_16099	nuc_gene_a__SLC16A4_	1
observable_16100	nuc_gene_a__RAB1A_	1
observable_16101	nuc_gene_a__PEA15_	1
observable_16102	nuc_gene_a__PJVK_	1
observable_16103	nuc_gene_a__PLA2G5_	1
observable_16104	nuc_gene_a__CTSK_	1
observable_16105	nuc_gene_a__ATP5PB_	1
observable_16106	nuc_gene_a__TMCC2_	1
observable_16107	nuc_gene_a__RAPGEF4_	1
observable_16108	nuc_gene_a__RAB4A_	1
observable_16109	nuc_gene_a__AKIRIN1_	1
observable_16110	nuc_gene_a__GCFC2_	1
observable_16111	nuc_gene_a__AKR1A1_	1
observable_16112	nuc_gene_a__BROX_	1
observable_16113	nuc_gene_a__STMN1_	1
observable_16114	nuc_gene_a__PLA2G2A_	1
observable_16115	nuc_gene_a__UROD_	1
observable_16116	nuc_gene_a__RAB3GAP1_	1
observable_16117	nuc_gene_a__SDC1_	1
observable_16118	nuc_gene_a__TXLNA_	1
observable_16119	nuc_gene_a__IQCC_	1
observable_16120	nuc_gene_a__LRRC39_	1
observable_16121	nuc_gene_a__C1orf159_	1
observable_16122	nuc_gene_a__RPS6KC1_	1
observable_16123	nuc_gene_a__CGN_	1
observable_16124	nuc_gene_a__TRMT13_	1
observable_16125	nuc_gene_a__CTSS_	1
observable_16126	nuc_gene_a__CDC42SE1_	1
observable_16127	nuc_gene_a__TNFSF4_	1
observable_16128	nuc_gene_a__CYB5RL_	1
observable_16129	nuc_gene_a__NUDC_	1
observable_16130	nuc_gene_a__LRRFIP1_	1
observable_16131	nuc_gene_a__CDC42BPA_	1
observable_16132	nuc_gene_a__CYP4X1_	1
observable_16133	nuc_gene_a__LAMC1_	1
observable_16134	nuc_gene_a__OMA1_	1
observable_16135	nuc_gene_a__TSGA10_	1
observable_16136	nuc_gene_a__KLHL29_	1
observable_16137	nuc_gene_a__GPBAR1_	1
observable_16138	nuc_gene_a__SUPT7L_	1
observable_16139	nuc_gene_a__SCTR_	1
observable_16140	nuc_gene_a__UBAP2L_	1
observable_16141	nuc_gene_a__ANGPTL1_	1
observable_16142	nuc_gene_a__VPS45_	1
observable_16143	nuc_gene_a__ARTN_	1
observable_16144	nuc_gene_a__DCTN1_	1
observable_16145	nuc_gene_a__UBE4B_	1
observable_16146	nuc_gene_a__RALB_	1
observable_16147	nuc_gene_a__SF3A3_	1
observable_16148	nuc_gene_a__MNDA_	1
observable_16149	nuc_gene_a__EXOC6B_	1
observable_16150	nuc_gene_a__PUS10_	1
observable_16151	nuc_gene_a__NOL10_	1
observable_16152	nuc_gene_a__PTCD3_	1
observable_16153	nuc_gene_a__PEX13_	1
observable_16154	nuc_gene_a__RNPEPL1_	1
observable_16155	nuc_gene_a__PAPOLG_	1
observable_16156	nuc_gene_a__TFPI_	1
observable_16157	nuc_gene_a__FHL2_	1
observable_16158	nuc_gene_a__PSMD1_	1
observable_16159	nuc_gene_a__SNX17_	1
observable_16160	nuc_gene_a__HTR2B_	1
observable_16161	nuc_gene_a__ST3GAL5_	1
observable_16162	nuc_gene_a__ABHD1_	1
observable_16163	nuc_gene_a__PUM1_	1
observable_16164	nuc_gene_a__FAM228B_	1
observable_16165	nuc_gene_a__PREB_	1
observable_16166	nuc_gene_a__TGOLN2_	1
observable_16167	nuc_gene_a__GYPC_	1
observable_16168	nuc_gene_a__LY75_	1
observable_16169	nuc_gene_a__WLS_	1
observable_16170	nuc_gene_a__SH3YL1_	1
observable_16171	nuc_gene_a__CNST_	1
observable_16172	nuc_gene_a__RNF11_	1
observable_16173	nuc_gene_a__TRAK2_	1
observable_16174	nuc_gene_a__C4BPA_	1
observable_16175	nuc_gene_a__ACP1_	1
observable_16176	nuc_gene_a__CHST10_	1
observable_16177	nuc_gene_a__SLC40A1_	1
observable_16178	nuc_gene_a__DUSP11_	1
observable_16179	nuc_gene_a__GORASP2_	1
observable_16180	nuc_gene_a__NRDC_	1
observable_16181	nuc_gene_a__MORN1_	1
observable_16182	nuc_gene_a__S100A5_	1
observable_16183	nuc_gene_a__LRRC40_	1
observable_16184	nuc_gene_a__USP48_	1
observable_16185	nuc_gene_a__SERBP1_	1
observable_16186	nuc_gene_a__HSD17B7_	1
observable_16187	nuc_gene_a__CDC42_	1
observable_16188	nuc_gene_a__GJC2_	1
observable_16189	nuc_gene_a__CD34_	1
observable_16190	nuc_gene_a__ZBTB7B_	1
observable_16191	nuc_gene_a__GON4L_	1
observable_16192	nuc_gene_a__ERRFI1_	1
observable_16193	nuc_gene_a__TMEM125_	1
observable_16194	nuc_gene_a__LMO4_	1
observable_16195	nuc_gene_a__RABGGTB_	1
observable_16196	nuc_gene_a__TM2D1_	1
observable_16197	nuc_gene_a__FAM177B_	1
observable_16198	nuc_gene_a__TRIM33_	1
observable_16199	nuc_gene_a__CD101_	1
observable_16200	nuc_gene_a__PBXIP1_	1
observable_16201	nuc_gene_a__SIPA1L2_	1
observable_16202	nuc_gene_a__FCGR1A_	1
observable_16203	nuc_gene_a__KCTD3_	1
observable_16204	nuc_gene_a__PTAFR_	1
observable_16205	nuc_gene_a__IPP_	1
observable_16206	nuc_gene_a__CYB5R1_	1
observable_16207	nuc_gene_a__TINAGL1_	1
observable_16208	nuc_gene_a__COG2_	1
observable_16209	nuc_gene_a__FCMR_	1
observable_16210	nuc_gene_a__TLR5_	1
observable_16211	nuc_gene_a__KCNK2_	1
observable_16212	nuc_gene_a__ZMYM1_	1
observable_16213	nuc_gene_a__TIE1_	1
observable_16214	nuc_gene_a__ZNF692_	1
observable_16215	nuc_gene_a__P3H1_	1
observable_16216	nuc_gene_a__WDR47_	1
observable_16217	nuc_gene_a__GTF2B_	1
observable_16218	nuc_gene_a__PRKCZ_	1
observable_16219	nuc_gene_a__TMEM183A_	1
observable_16220	nuc_gene_a__GNL2_	1
observable_16221	nuc_gene_a__AGO4_	1
observable_16222	nuc_gene_a__ZMYM6_	1
observable_16223	nuc_gene_a__C1QA_	1
observable_16224	nuc_gene_a__AGL_	1
observable_16225	nuc_gene_a__ITGA10_	1
observable_16226	nuc_gene_a__FUCA1_	1
observable_16227	nuc_gene_a__LRRC42_	1
observable_16228	nuc_gene_a__HYI_	1
observable_16229	nuc_gene_a__WASF2_	1
observable_16230	nuc_gene_a__FCN3_	1
observable_16231	nuc_gene_a__SH3BP5L_	1
observable_16232	nuc_gene_a__CTSE_	1
observable_16233	nuc_gene_a__RGL1_	1
observable_16234	nuc_gene_a__PAX7_	1
observable_16235	nuc_gene_a__SCYL3_	1
observable_16236	nuc_gene_a__HSD11B1_	1
observable_16237	nuc_gene_a__DARS2_	1
observable_16238	nuc_gene_a__CD164L2_	1
observable_16239	nuc_gene_a__TTLL10_	1
observable_16240	nuc_gene_a__MPZL1_	1
observable_16241	nuc_gene_a__CENPL_	1
observable_16242	nuc_gene_a__AGO3_	1
observable_16243	nuc_gene_a__MYBPH_	1
observable_16244	nuc_gene_a__MRPL24_	1
observable_16245	nuc_gene_a__SELENBP1_	1
observable_16246	nuc_gene_a__SMIM1_	1
observable_16247	nuc_gene_a__PEF1_	1
observable_16248	nuc_gene_a__ZBTB40_	1
observable_16249	nuc_gene_a__HOOK1_	1
observable_16250	nuc_gene_a__DDR2_	1
observable_16251	nuc_gene_a__PABPC4_	1
observable_16252	nuc_gene_a__KIAA2013_	1
observable_16253	nuc_gene_a__YIPF1_	1
observable_16254	nuc_gene_a__PGBD5_	1
observable_16255	nuc_gene_a__PGM1_	1
observable_16256	nuc_gene_a__RBM34_	1
observable_16257	nuc_gene_a__TMEM52_	1
observable_16258	nuc_gene_a__ABCD3_	1
observable_16259	nuc_gene_a__TSPAN2_	1
observable_16260	nuc_gene_a__GSTM5_	1
observable_16261	nuc_gene_a__CCDC28B_	1
observable_16262	nuc_gene_a__GCLM_	1
observable_16263	nuc_gene_a__NFIA_	1
observable_16264	nuc_gene_a__CELA2A_	1
observable_16265	nuc_gene_a__S100PBP_	1
observable_16266	nuc_gene_a__CSDE1_	1
observable_16267	nuc_gene_a__CSRP1_	1
observable_16268	nuc_gene_a__MPL_	1
observable_16269	nuc_gene_a__KHDRBS1_	1
observable_16270	nuc_gene_a__SEMA6C_	1
observable_16271	nuc_gene_a__CLCA4_	1
observable_16272	nuc_gene_a__RNPEP_	1
observable_16273	nuc_gene_a__CTTNBP2NL_	1
observable_16274	nuc_gene_a__KCNQ4_	1
observable_16275	nuc_gene_a__ACTN2_	1
observable_16276	nuc_gene_a__MFN2_	1
observable_16277	nuc_gene_a__INTS7_	1
observable_16278	nuc_gene_a__DESI2_	1
observable_16279	nuc_gene_a__CAPZA1_	1
observable_16280	nuc_gene_a__FCGR2A_	1
observable_16281	nuc_gene_a__LSM10_	1
observable_16282	nuc_gene_a__RSPO1_	1
observable_16283	nuc_gene_a__LPGAT1_	1
observable_16284	nuc_gene_a__HMGCL_	1
observable_16285	nuc_gene_a__ACTL8_	1
observable_16286	nuc_gene_a__LGALS8_	1
observable_16287	nuc_gene_a__CADM3_	1
observable_16288	nuc_gene_a__ZSWIM5_	1
observable_16289	nuc_gene_a__RXRG_	1
observable_16290	nuc_gene_a__FGR_	1
observable_16291	nuc_gene_a__PEX11B_	1
observable_16292	nuc_gene_a__BCAS2_	1
observable_16293	nuc_gene_a__FBXO44_	1
observable_16294	nuc_gene_a__PTBP2_	1
observable_16295	nuc_gene_a__NBL1_	1
observable_16296	nuc_gene_a__EFHD2_	1
observable_16297	nuc_gene_a__HENMT1_	1
observable_16298	nuc_gene_a__CCDC24_	1
observable_16299	nuc_gene_a__PSEN2_	1
observable_16300	nuc_gene_a__LMNA_	1
observable_16301	nuc_gene_a__NOC2L_	1
observable_16302	nuc_gene_a__ELOVL1_	1
observable_16303	nuc_gene_a__C1QC_	1
observable_16304	nuc_gene_a__ERMAP_	1
observable_16305	nuc_gene_a__MYBPHL_	1
observable_16306	nuc_gene_a__NECTIN4_	1
observable_16307	nuc_gene_a__PHTF1_	1
observable_16308	nuc_gene_a__MGST3_	1
observable_16309	nuc_gene_a__ACAP3_	1
observable_16310	nuc_gene_a__TMEM39B_	1
observable_16311	nuc_gene_a__SERINC2_	1
observable_16312	nuc_gene_a__PPP1R12B_	1
observable_16313	nuc_gene_a__S100A3_	1
observable_16314	nuc_gene_a__ST7L_	1
observable_16315	nuc_gene_a__ODR4_	1
observable_16316	nuc_gene_a__SRSF4_	1
observable_16317	nuc_gene_a__SH2D5_	1
observable_16318	nuc_gene_a__MR1_	1
observable_16319	nuc_gene_a__NIPAL3_	1
observable_16320	nuc_gene_a__SLC22A15_	1
observable_16321	nuc_gene_a__FYB2_	1
observable_16322	nuc_gene_a__NAXE_	1
observable_16323	nuc_gene_a__ATP1A2_	1
observable_16324	nuc_gene_a__LRIG2_	1
observable_16325	nuc_gene_a__ZCCHC17_	1
observable_16326	nuc_gene_a__DPYD_	1
observable_16327	nuc_gene_a__VAMP4_	1
observable_16328	nuc_gene_a__NBPF15_	1
observable_16329	nuc_gene_a__RPL11_	1
observable_16330	nuc_gene_a__FABP3_	1
observable_16331	nuc_gene_a__KMO_	1
observable_16332	nuc_gene_a__GBP2_	1
observable_16333	nuc_gene_a__S100A16_	1
observable_16334	nuc_gene_a__NGF_	1
observable_16335	nuc_gene_a__S100A9_	1
observable_16336	nuc_gene_a__POLR3C_	1
observable_16337	nuc_gene_a__MTHFR_	1
observable_16338	nuc_gene_a__CD46_	1
observable_16339	nuc_gene_a__AP4B1_	1
observable_16340	nuc_gene_a__ANKRD13C_	1
observable_16341	nuc_gene_a__SYTL1_	1
observable_16342	nuc_gene_a__ADAR_	1
observable_16343	nuc_gene_a__ELK4_	1
observable_16344	nuc_gene_a__DCLRE1B_	1
observable_16345	nuc_gene_a__PPP2R5A_	1
observable_16346	nuc_gene_a__PIGV_	1
observable_16347	nuc_gene_a__TTC4_	1
observable_16348	nuc_gene_a__DNALI1_	1
observable_16349	nuc_gene_a__ARHGEF10L_	1
observable_16350	nuc_gene_a__BMP8A_	1
observable_16351	nuc_gene_a__DENND2C_	1
observable_16352	nuc_gene_a__GJA4_	1
observable_16353	nuc_gene_a__EXOSC10_	1
observable_16354	nuc_gene_a__RAVER2_	1
observable_16355	nuc_gene_a__UBE2Q1_	1
observable_16356	nuc_gene_a__ACOT11_	1
observable_16357	nuc_gene_a__PPOX_	1
observable_16358	nuc_gene_a__RAB29_	1
observable_16359	nuc_gene_a__FLVCR1_	1
observable_16360	nuc_gene_a__EFCAB7_	1
observable_16361	nuc_gene_a__PEAR1_	1
observable_16362	nuc_gene_a__COPA_	1
observable_16363	nuc_gene_a__ALDH4A1_	1
observable_16364	nuc_gene_a__IFI44L_	1
observable_16365	nuc_gene_a__MYOC_	1
observable_16366	nuc_gene_a__LRRC47_	1
observable_16367	nuc_gene_a__HCRTR1_	1
observable_16368	nuc_gene_a__MIIP_	1
observable_16369	nuc_gene_a__SNX7_	1
observable_16370	nuc_gene_a__LAMC2_	1
observable_16371	nuc_gene_a__PRXL2B_	1
observable_16372	nuc_gene_a__ENO1_	1
observable_16373	nuc_gene_a__ZNF326_	1
observable_16374	nuc_gene_a__CCDC163_	1
observable_16375	nuc_gene_a__SNAPIN_	1
observable_16376	nuc_gene_a__TAF1A_	1
observable_16377	nuc_gene_a__GPR137B_	1
observable_16378	nuc_gene_a__POGK_	1
observable_16379	nuc_gene_a__S100A13_	1
observable_16380	nuc_gene_a__TADA1_	1
observable_16381	nuc_gene_a__TSPAN1_	1
observable_16382	nuc_gene_a__AHCYL1_	1
observable_16383	nuc_gene_a__JMJD4_	1
observable_16384	nuc_gene_a__DAP3_	1
observable_16385	nuc_gene_a__YY1AP1_	1
observable_16386	nuc_gene_a__TP53_	1
observable_16387	nuc_gene_a__MDM2_	1
observable_16388	nuc_gene_a__PPM1D_	1
observable_16389	nuc_gene_a__ATM_	1
observable_16390	nuc_gene_a__ATR_	1
observable_16391	nuc_gene_a__RB1_	1
observable_16392	nuc_gene_a__E2F1_	1
observable_16393	nuc_gene_a__E2F2_	1
observable_16394	nuc_gene_a__E2F3_	1
observable_16395	nuc_gene_a__CCND1_	1
observable_16396	nuc_gene_a__CCND2_	1
observable_16397	nuc_gene_a__CCND3_	1
observable_16398	nuc_gene_a__CCNE1_	1
observable_16399	nuc_gene_a__CCNE2_	1
observable_16400	nuc_gene_a__SKP2_	1
observable_16401	nuc_gene_a__CDC25A_	1
observable_16402	nuc_gene_a__CDC25B_	1
observable_16403	nuc_gene_a__CDC25C_	1
observable_16404	nuc_gene_a__CCNA2_	1
observable_16405	nuc_gene_a__CDKN1B_	1
observable_16406	nuc_gene_a__FZR1_	1
observable_16407	nuc_gene_a__CCNB1_	1
observable_16408	nuc_gene_a__CDC20_	1
observable_16409	nuc_gene_a__WEE1_	1
observable_16410	nuc_gene_a__CHEK1_	1
observable_16411	nuc_gene_a__CDKN1A_	1
observable_16412	nuc_gene_a__CDK1_	1
observable_16413	nuc_gene_a__CDK2_	1
observable_16414	nuc_gene_a__CDK4_	1
observable_16415	nuc_gene_a__CDK6_	1
observable_16416	nuc_gene_a__TNFSF10_	1
observable_16417	nuc_gene_a__TNFRSF10A_	1
observable_16418	nuc_gene_a__TNFRSF10B_	1
observable_16419	nuc_gene_a__CFLAR_	1
observable_16420	nuc_gene_a__CASP8_	1
observable_16421	nuc_gene_a__CASP10_	1
observable_16422	nuc_gene_a__BFAR_	1
observable_16423	nuc_gene_a__CASP3_	1
observable_16424	nuc_gene_a__CASP7_	1
observable_16425	nuc_gene_a__CASP6_	1
observable_16426	nuc_gene_a__XIAP_	1
observable_16427	nuc_gene_a__PARP1_	1
observable_16428	nuc_gene_a__BID_	1
observable_16429	nuc_gene_a__BCL2_	1
observable_16430	nuc_gene_a__BCL2L1_	1
observable_16431	nuc_gene_a__MCL1_	1
observable_16432	nuc_gene_a__BAX_	1
observable_16433	nuc_gene_a__CYC1_	1
observable_16434	nuc_gene_a__DIABLO_	1
observable_16435	nuc_gene_a__APAF1_	1
observable_16436	nuc_gene_a__CASP9_	1
observable_16437	nuc_gene_a__BAD_	1
observable_16438	nuc_gene_a__BBC3_	1
observable_16439	nuc_gene_a__PMAIP1_	1
observable_16440	nuc_gene_a__BCL2L11_	1
observable_16441	nuc_gene_a__EGF_	1
observable_16442	nuc_gene_a__NRG1_	1
observable_16443	nuc_gene_a__EGFR_	1
observable_16444	nuc_gene_a__ERBB2_	1
observable_16445	nuc_gene_a__ERBB3_	1
observable_16446	nuc_gene_a__ERBB4_	1
observable_16447	nuc_gene_a__MET_	1
observable_16448	nuc_gene_a__HGF_	1
observable_16449	nuc_gene_a__PDGFRA_	1
observable_16450	nuc_gene_a__PDGFRB_	1
observable_16451	nuc_gene_a__PDGFB_	1
observable_16452	nuc_gene_a__SPRY2_	1
observable_16453	nuc_gene_a__CBL_	1
observable_16454	nuc_gene_a__GRB2_	1
observable_16455	nuc_gene_a__PLCG1_	1
observable_16456	nuc_gene_a__PLCG2_	1
observable_16457	nuc_gene_a__PIK3CA_	1
observable_16458	nuc_gene_a__PIK3CB_	1
observable_16459	nuc_gene_a__PIK3CG_	1
observable_16460	nuc_gene_a__PIK3CD_	1
observable_16461	nuc_gene_a__PIK3R1_	1
observable_16462	nuc_gene_a__PIK3R2_	1
observable_16463	nuc_gene_a__PIK3R3_	1
observable_16464	nuc_gene_a__PIK3R4_	1
observable_16465	nuc_gene_a__PIK3C2A_	1
observable_16466	nuc_gene_a__RASGRP1_	1
observable_16467	nuc_gene_a__RASGRP3_	1
observable_16468	nuc_gene_a__NRAS_	1
observable_16469	nuc_gene_a__KRAS_	1
observable_16470	nuc_gene_a__HRAS_	1
observable_16471	nuc_gene_a__NF1_	1
observable_16472	nuc_gene_a__RAF1_	1
observable_16473	nuc_gene_a__BRAF_	1
observable_16474	nuc_gene_a__MAP2K1_	1
observable_16475	nuc_gene_a__MAP2K2_	1
observable_16476	nuc_gene_a__DUSP6_	1
observable_16477	nuc_gene_a__RPS6KA1_	1
observable_16478	nuc_gene_a__RPS6KA2_	1
observable_16479	nuc_gene_a__RPS6KA3_	1
observable_16480	nuc_gene_a__RPS6KA4_	1
observable_16481	nuc_gene_a__DUSP1_	1
observable_16482	nuc_gene_a__FOS_	1
observable_16483	nuc_gene_a__JUN_	1
observable_16484	nuc_gene_a__MYC_	1
observable_16485	nuc_gene_a__CTNNB1_	1
observable_16486	nuc_gene_a__PTEN_	1
observable_16487	nuc_gene_a__AKT1_	1
observable_16488	nuc_gene_a__AKT2_	1
observable_16489	nuc_gene_a__PDPK1_	1
observable_16490	nuc_gene_a__RICTOR_	1
observable_16491	nuc_gene_a__MTOR_	1
observable_16492	nuc_gene_a__GSK3B_	1
observable_16493	nuc_gene_a__TSC1_	1
observable_16494	nuc_gene_a__TSC2_	1
observable_16495	nuc_gene_a__PRKCA_	1
observable_16496	nuc_gene_a__PRKCB_	1
observable_16497	nuc_gene_a__PRKCG_	1
observable_16498	nuc_gene_a__PRKCD_	1
observable_16499	nuc_gene_a__PEBP1_	1
observable_16500	nuc_gene_a__MAPK1_	1
observable_16501	nuc_gene_a__MAPK3_	1
observable_16502	nuc_gene_a__FOXO3_	1
observable_16503	nuc_gene_a__RHEB_	1
observable_16504	nuc_gene_a__RPTOR_	1
observable_16505	nuc_gene_a__RPS6KB1_	1
observable_16506	nuc_gene_a__RPS6KB2_	1
observable_16507	nuc_gene_a__EIF4EBP1_	1
observable_16508	nuc_gene_a__SOS1_	1
observable_16509	nuc_gene_a__CDKN2A_	1
observable_16510	nuc_gene_a__MDM4_	1
observable_16511	nuc_gene_a__FGFR1_	1
observable_16512	nuc_gene_a__FGFR2_	1
observable_16513	nuc_gene_a__FGF1_	1
observable_16514	nuc_gene_a__FGF2_	1
observable_16515	nuc_gene_a__EIF4E_	1
observable_16516	nuc_gene_a__IRS1_	1
observable_16517	nuc_gene_a__IRS2_	1
observable_16518	nuc_gene_a__IGF1_	1
observable_16519	nuc_gene_a__IGF2_	1
observable_16520	nuc_gene_a__IGF1R_	1
observable_16521	nuc_gene_a__MSH6_	1
observable_16522	nuc_gene_a__BRCA2_	1
observable_16523	nuc_gene_a__MGMT_	1
observable_16524	nuc_gene_a__INSR_	1
observable_16525	nuc_gene_a__INS_	1
observable_16526	nuc_gene_a__IFNG_	1
observable_16527	nuc_gene_a__IFNGR2_	1
observable_16528	nuc_gene_a__JAK1_	1
observable_16529	nuc_gene_a__STAT1_	1
observable_16530	nuc_gene_a__PTPN11_	1
observable_16531	nuc_gene_a__PTPN2_	1
observable_16532	nuc_gene_a__PTPN1_	1
observable_16533	nuc_gene_a__SOCS1_	1
