observableId	observableFormula	noiseFormula
blank	0	1
cMyc abundance	nuc_prot__MYC_2_ * 0.33333333333333337	1
EGFR abundance	cyt_prot__EGFR_1_ * 1.0 + cyt_prot__pT693_EGFR_1_ * 1.0 + cyt_prot__EGFR_1__EGFR_1_ * 1.0 + cyt_prot__EGFR_1__ERBB2_1_ * 1.0 + cyt_prot__EGFR_1__ERBB3_1_ * 1.0 + cyt_prot__EGFR_1__ERBB4_1_ * 1.0 + cyt_prot__EGF_1__EGFR_1_ * 1.0 + cyt_prot__EGF_1__EGFR_1__ERBB2_1_ * 1.0 + EE1Ev3 * 1.0 + cyt_prot__EGF_1__EGFR_1__EGFR_1_ * 1.0 + cyt_prot__EGF_1__EGFR_1__ERBB3_1_ * 1.0 + cyt_prot__EGF_1__EGFR_1__ERBB4_1_ * 1.0 + cyt_prot__EGFR_1__NRG1_1__ERBB3_1_ * 1.0 + cyt_prot__EGFR_1__NRG1_1__ERBB4_1_ * 1.0 + cyt_prot__EGF_1__EGFR_1__EGF_1__EGFR_1_ * 1.0 + cyt_prot__EGF_1__EGFR_1__NRG1_1__ERBB3_1_ * 1.0 + cyt_prot__EGF_1__EGFR_1__NRG1_1__ERBB4_1_ * 1.0 + cyt_cong__EGFR_1__p_p_MAPK_ * 1.0 + cyt_prot__EGF_1__pY992_pY1068_pY1086_pY1148_pY1174_EGFR_1__pY1196_pY1222_pY1248_ERBB2_1_ * 1.0 + pEE1Ev3 * 1.0 + cyt_prot__EGF_1__pY992_pY1068_pY1086_pY1148_pY1174_pY992_pY1068_pY1086_pY1148_pY1174_EGFR_1__pY992_pY1068_pY1086_pY1148_pY1174_pY992_pY1068_pY1086_pY1148_pY1174_EGFR_1_ * 1.0 + cyt_prot__EGF_1__pY992_pY1068_pY1086_pY1148_pY1174_pY992_pY1068_pY1086_pY1148_pY1174_EGFR_1__EGF_1__pY992_pY1068_pY1086_pY1148_pY1174_pY992_pY1068_pY1086_pY1148_pY1174_EGFR_1_ * 1.0 + cyt_prot__EGF_1__pY992_pY1068_pY1086_pY1148_pY1174_EGFR_1__ERBB3_1_ * 1.0 + cyt_prot__EGF_1__pY992_pY1068_pY1086_pY1148_pY1174_EGFR_1__NRG1_1__ERBB3_1_ * 1.0 + cyt_prot__EGF_1__pY992_pY1068_pY1086_pY1148_pY1174_EGFR_1__pY1056_pY1162_pY1284_ERBB4_1_ * 1.0 + cyt_prot__EGF_1__pY992_pY1068_pY1086_pY1148_pY1174_EGFR_1__NRG1_1__pY1056_pY1162_pY1284_ERBB4_1_ * 1.0 + cyt_prot__pY992_pY1068_pY1086_pY1148_pY1174_EGFR_1__NRG1_1__ERBB3_1_ * 1.0 + cyt_prot__pY992_pY1068_pY1086_pY1148_pY1174_EGFR_1__NRG1_1__pY1056_pY1162_pY1284_ERBB4_1_ * 1.0 + cyt_prot__SPY2__EGF_1__EGFR_1__ERBB2_1_ * 1.0 + Sp_EE1Ev3 * 1.0 + cyt_prot__SPY2__EGF_1__EGFR_1__EGFR_1_ * 1.0 + cyt_prot__SPY2__EGF_1__EGFR_1__EGF_1__EGFR_1_ * 1.0 + cyt_prot__SPY2__EGF_1__EGFR_1__ERBB3_1_ * 1.0 + cyt_prot__SPY2__EGF_1__EGFR_1__NRG1_1__ERBB3_1_ * 1.0 + cyt_prot__SPY2__EGF_1__EGFR_1__ERBB4_1_ * 1.0 + cyt_prot__SPY2__EGF_1__EGFR_1__NRG1_1__ERBB4_1_ * 1.0 + cyt_prot__SPY2__EGFR_1__NRG1_1__ERBB3_1_ * 1.0 + cyt_prot__SPY2__EGFR_1__NRG1_1__ERBB4_1_ * 1.0 + cyt_prot_in__EGF_1__EGFR_1__ERBB2_1_ * 1.0 + EE1Ev3int * 1.0 + cyt_prot_in__EGF_1__EGFR_1__EGFR_1_ * 1.0 + cyt_prot_in__EGF_1__EGFR_1__EGF_1__EGFR_1_ * 1.0 + cyt_prot_in__EGF_1__EGFR_1__ERBB3_1_ * 1.0 + cyt_prot_in__EGF_1__EGFR_1__NRG1_1__ERBB3_1_ * 1.0 + cyt_prot_in__EGF_1__EGFR_1__ERBB4_1_ * 1.0 + cyt_prot_in__EGF_1__EGFR_1__NRG1_1__ERBB4_1_ * 1.0 + cyt_prot_in__EGFR_1__NRG1_1__ERBB3_1_ * 1.0 + cyt_prot_in__EGFR_1__NRG1_1__ERBB4_1_ * 1.0 + cyt_prot_in__EGF_1__pY992_pY1068_pY1086_pY1148_pY1174_EGFR_1__pY1196_pY1222_pY1248_ERBB2_1_ * 1.0 + pEE1Ev3int * 1.0 + cyt_prot_in__EGF_1__pY992_pY1068_pY1086_pY1148_pY1174_pY992_pY1068_pY1086_pY1148_pY1174_EGFR_1__pY992_pY1068_pY1086_pY1148_pY1174_pY992_pY1068_pY1086_pY1148_pY1174_EGFR_1_ * 1.0 + cyt_prot_in__EGF_1__pY992_pY1068_pY1086_pY1148_pY1174_pY992_pY1068_pY1086_pY1148_pY1174_EGFR_1__EGF_1__pY992_pY1068_pY1086_pY1148_pY1174_pY992_pY1068_pY1086_pY1148_pY1174_EGFR_1_ * 1.0 + cyt_prot_in__EGF_1__pY992_pY1068_pY1086_pY1148_pY1174_EGFR_1__ERBB3_1_ * 1.0 + cyt_prot_in__EGF_1__pY992_pY1068_pY1086_pY1148_pY1174_EGFR_1__NRG1_1__ERBB3_1_ * 1.0 + cyt_prot_in__EGF_1__pY992_pY1068_pY1086_pY1148_pY1174_EGFR_1__pY1056_pY1162_pY1284_ERBB4_1_ * 1.0 + cyt_prot_in__EGF_1__pY992_pY1068_pY1086_pY1148_pY1174_EGFR_1__NRG1_1__pY1056_pY1162_pY1284_ERBB4_1_ * 1.0 + cyt_prot_in_pY992_pY1068_pY1086_pY1148_pY1174_EGFR_1__NRG1_1_ERBB3_1_ * 1.0 + cyt_prot_in__pY992_pY1068_pY1086_pY1148_pY1174_EGFR_1__NRG1_1__pY1056_pY1162_pY1284_ERBB4_1_ * 1.0 + cyt_prot__EGF_1__pY992_pY1068_pY1086_pY1148_pY1174_EGFR_1__pY1196_pY1222_pY1248_ERBB2_1__GRB2__SOS1_1_ * 1.0 + pEE1Ev3_G2_SOS * 1.0 + cyt_prot__EGF_1__pY992_pY1068_pY1086_pY1148_pY1174_pY992_pY1068_pY1086_pY1148_pY1174_EGFR_1__pY992_pY1068_pY1086_pY1148_pY1174_pY992_pY1068_pY1086_pY1148_pY1174_EGFR_1__GRB2__SOS1_1_ * 1.0 + cyt_prot__EGF_1__pY992_pY1068_pY1086_pY1148_pY1174_pY992_pY1068_pY1086_pY1148_pY1174_EGFR_1__EGF_1__pY992_pY1068_pY1086_pY1148_pY1174_pY992_pY1068_pY1086_pY1148_pY1174_EGFR_1__GRB2__SOS1_1_ * 1.0 + cyt_prot__EGF_1__pY992_pY1068_pY1086_pY1148_pY1174_EGFR_1__ERBB3_1__GRB2__SOS1_1_ * 1.0 + cyt_prot__EGF_1__pY992_pY1068_pY1086_pY1148_pY1174_EGFR_1__NRG1_1__ERBB3_1__GRB2__SOS1_1_ * 1.0 + cyt_prot__EGF_1__pY992_pY1068_pY1086_pY1148_pY1174_EGFR_1__pY1056_pY1162_pY1284_ERBB4_1__GRB2__SOS1_1_ * 1.0 + cyt_prot__EGF_1__pY992_pY1068_pY1086_pY1148_pY1174_EGFR_1__NRG1_1__pY1056_pY1162_pY1284_ERBB4_1__GRB2__SOS1_1_ * 1.0 + cyt_prot__pY992_pY1068_pY1086_pY1148_pY1174_EGFR_1__NRG1_1__ERBB3_1__GRB2__SOS1_1_ * 1.0 + cyt_prot__pY992_pY1068_pY1086_pY1148_pY1174_EGFR_1__NRG1_1__pY1056_pY1162_pY1284_ERBB4_1__GRB2__SOS1_1_ * 1.0 + cyt_prot_in__EGF_1__pY992_pY1068_pY1086_pY1148_pY1174_EGFR_1__pY1196_pY1222_pY1248_ERBB2_1__GRB2__SOS1_1_ * 1.0 + pEE1Ev3int_G2_SOS * 1.0 + cyt_prot_in__EGF_1__pY992_pY1068_pY1086_pY1148_pY1174_pY992_pY1068_pY1086_pY1148_pY1174_EGFR_1__pY992_pY1068_pY1086_pY1148_pY1174_pY992_pY1068_pY1086_pY1148_pY1174_EGFR_1__GRB2__SOS1_1_ * 1.0 + cyt_prot_in__EGF_1__pY992_pY1068_pY1086_pY1148_pY1174_pY992_pY1068_pY1086_pY1148_pY1174_EGFR_1__EGF_1__pY992_pY1068_pY1086_pY1148_pY1174_pY992_pY1068_pY1086_pY1148_pY1174_EGFR_1__GRB2__SOS1_1_ * 1.0 + cyt_prot_in__EGF_1__pY992_pY1068_pY1086_pY1148_pY1174_EGFR_1__ERBB3_1__GRB2__SOS1_1_ * 1.0 + cyt_prot_in__EGF_1__pY992_pY1068_pY1086_pY1148_pY1174_EGFR_1__NRG1_1__ERBB3_1__GRB2__SOS1_1_ * 1.0 + cyt_prot_in__EGF_1__pY992_pY1068_pY1086_pY1148_pY1174_EGFR_1__pY1056_pY1162_pY1284_ERBB4_1__GRB2__SOS1_1_ * 1.0 + cyt_prot_in__EGF_1__pY992_pY1068_pY1086_pY1148_pY1174_EGFR_1__NRG1_1__pY1056_pY1162_pY1284_ERBB4_1__GRB2__SOS1_1_ * 1.0 + cyt_prot_in__pY992_pY1068_pY1086_pY1148_pY1174_EGFR_1__NRG1_1__ERBB3_1__GRB2__SOS1_1_ * 1.0 + cyt_prot_in__pY992_pY1068_pY1086_pY1148_pY1174_EGFR_1__NRG1_1__pY1056_pY1162_pY1284_ERBB4_1__GRB2__SOS1_1_ * 1.0 + cyt_prot__EGF_1__pY992_pY1068_pY1086_pY1148_pY1174_EGFR_1__pY1196_pY1222_pY1248_ERBB2_1__PLCG_ * 1.0 + pEE1Ev3_PLCg * 1.0 + cyt_prot__EGF_1__pY992_pY1068_pY1086_pY1148_pY1174_pY992_pY1068_pY1086_pY1148_pY1174_EGFR_1__pY992_pY1068_pY1086_pY1148_pY1174_pY992_pY1068_pY1086_pY1148_pY1174_EGFR_1__PLCG_ * 1.0 + cyt_prot__EGF_1__pY992_pY1068_pY1086_pY1148_pY1174_pY992_pY1068_pY1086_pY1148_pY1174_EGFR_1__EGF_1__pY992_pY1068_pY1086_pY1148_pY1174_pY992_pY1068_pY1086_pY1148_pY1174_EGFR_1__PLCG_ * 1.0 + cyt_prot__EGF_1__pY992_pY1068_pY1086_pY1148_pY1174_EGFR_1__ERBB3_1__PLCG_ * 1.0 + cyt_prot__EGF_1__pY992_pY1068_pY1086_pY1148_pY1174_EGFR_1__NRG1_1__ERBB3_1__PLCG_ * 1.0 + cyt_prot__EGF_1__pY992_pY1068_pY1086_pY1148_pY1174_EGFR_1__pY1056_pY1162_pY1284_ERBB4_1__PLCG_ * 1.0 + cyt_prot__EGF_1__pY992_pY1068_pY1086_pY1148_pY1174_EGFR_1__NRG1_1__pY1056_pY1162_pY1284_ERBB4_1__PLCG_ * 1.0 + cyt_prot__pY992_pY1068_pY1086_pY1148_pY1174_EGFR_1__NRG1_1__ERBB3_1__PLCG_ * 1.0 + cyt_prot__pY992_pY1068_pY1086_pY1148_pY1174_EGFR_1__NRG1_1__pY1056_pY1162_pY1284_ERBB4_1__PLCG_ * 1.0 + cyt_cong__EGF_1__pY992_pY1068_pY1086_pY1148_pY1174_EGFR_1__pY1196_pY1222_pY1248_ERBB2_1__PIK3C__PIK3R_ * 1.0 + pEE1Ev3_PI3K1 * 1.0 + cyt_cong__EGF_1__pY992_pY1068_pY1086_pY1148_pY1174_pY992_pY1068_pY1086_pY1148_pY1174_EGFR_1__pY992_pY1068_pY1086_pY1148_pY1174_pY992_pY1068_pY1086_pY1148_pY1174_EGFR_1__PIK3C__PIK3R_ * 1.0 + cyt_cong__EGF_1__pY992_pY1068_pY1086_pY1148_pY1174_pY992_pY1068_pY1086_pY1148_pY1174_EGFR_1__EGF_1__pY992_pY1068_pY1086_pY1148_pY1174_pY992_pY1068_pY1086_pY1148_pY1174_EGFR_1__PIK3C__PIK3R_ * 1.0 + cyt_cong__EGF_1__pY992_pY1068_pY1086_pY1148_pY1174_EGFR_1__ERBB3_1__PIK3C__PIK3R_ * 1.0 + cyt_cong__EGF_1__pY992_pY1068_pY1086_pY1148_pY1174_EGFR_1__NRG1_1__ERBB3_1__PIK3C__PIK3R_ * 1.0 + cyt_cong__EGF_1__pY992_pY1068_pY1086_pY1148_pY1174_EGFR_1__pY1056_pY1162_pY1284_ERBB4_1__PIK3C__PIK3R_ * 1.0 + cyt_cong__EGF_1__pY992_pY1068_pY1086_pY1148_pY1174_EGFR_1__NRG1_1__pY1056_pY1162_pY1284_ERBB4_1__PIK3C__PIK3R_ * 1.0 + cyt_cong__pY992_pY1068_pY1086_pY1148_pY1174_EGFR_1__NRG1_1__ERBB3_1__PIK3C__PIK3R_ * 1.0 + cyt_cong__pY992_pY1068_pY1086_pY1148_pY1174_EGFR_1__NRG1_1__pY1056_pY1162_pY1284_ERBB4_1__PIK3C__PIK3R_ * 1.0 + cyt_prot__EGF_1__pY992_pY1068_pY1086_pY1148_pY1174_EGFR_1__pY1196_pY1222_pY1248_ERBB2_1__P3C2A_ * 1.0 + pEE1Ev3_PI3K2 * 1.0 + cyt_prot__EGF_1__pY992_pY1068_pY1086_pY1148_pY1174_pY992_pY1068_pY1086_pY1148_pY1174_EGFR_1__pY992_pY1068_pY1086_pY1148_pY1174_pY992_pY1068_pY1086_pY1148_pY1174_EGFR_1__P3C2A_ * 1.0 + cyt_prot__EGF_1__pY992_pY1068_pY1086_pY1148_pY1174_pY992_pY1068_pY1086_pY1148_pY1174_EGFR_1__EGF_1__pY992_pY1068_pY1086_pY1148_pY1174_pY992_pY1068_pY1086_pY1148_pY1174_EGFR_1__P3C2A_ * 1.0 + cyt_prot__EGF_1__pY992_pY1068_pY1086_pY1148_pY1174_EGFR_1__ERBB3_1__P3C2A_ * 1.0 + cyt_prot__EGF_1__pY992_pY1068_pY1086_pY1148_pY1174_EGFR_1__NRG1_1__ERBB3_1__P3C2A_ * 1.0 + cyt_prot__EGF_1__pY992_pY1068_pY1086_pY1148_pY1174_EGFR_1__pY1056_pY1162_pY1284_ERBB4_1__P3C2A_ * 1.0 + cyt_prot__EGF_1__pY992_pY1068_pY1086_pY1148_pY1174_EGFR_1__NRG1_1__pY1056_pY1162_pY1284_ERBB4_1__P3C2A_ * 1.0 + cyt_prot__pY992_pY1068_pY1086_pY1148_pY1174_EGFR_1__NRG1_1__ERBB3_1__P3C2A_ * 1.0 + cyt_prot__pY992_pY1068_pY1086_pY1148_pY1174_EGFR_1__NRG1_1__pY1056_pY1162_pY1284_ERBB4_1__P3C2A_ * 1.0 + cyt_cong_in__EGF_1__pY992_pY1068_pY1086_pY1148_pY1174_EGFR_1__pY1196_pY1222_pY1248_ERBB2_1__GRB2__SOS1_1__RAS__GDP_ * 1.0 + pEE1Ev3int_G2_SOS_RasD * 1.0 + cyt_cong_in__EGF_1__pY992_pY1068_pY1086_pY1148_pY1174_pY992_pY1068_pY1086_pY1148_pY1174_EGFR_1__pY992_pY1068_pY1086_pY1148_pY1174_pY992_pY1068_pY1086_pY1148_pY1174_EGFR_1__GRB2__SOS1_1__RAS__GDP_ * 1.0 + cyt_cong_in__EGF_1__pY992_pY1068_pY1086_pY1148_pY1174_pY992_pY1068_pY1086_pY1148_pY1174_EGFR_1__EGF_1__pY992_pY1068_pY1086_pY1148_pY1174_pY992_pY1068_pY1086_pY1148_pY1174_EGFR_1__GRB2__SOS1_1__RAS__GDP_ * 1.0 + cyt_cong_in__EGF_1__pY992_pY1068_pY1086_pY1148_pY1174_EGFR_1__ERBB3_1__GRB2__SOS1_1__RAS__GDP_ * 1.0 + cyt_cong_in__EGF_1__pY992_pY1068_pY1086_pY1148_pY1174_EGFR_1__NRG1_1__ERBB3_1__GRB2__SOS1_1__RAS__GDP_ * 1.0 + cyt_cong_in__EGF_1__pY992_pY1068_pY1086_pY1148_pY1174_EGFR_1__pY1056_pY1162_pY1284_ERBB4_1__GRB2__SOS1_1__RAS__GDP_ * 1.0 + cyt_cong_in__EGF_1__pY992_pY1068_pY1086_pY1148_pY1174_EGFR_1__NRG1_1__pY1056_pY1162_pY1284_ERBB4_1__GRB2__SOS1_1__RAS__GDP_ * 1.0 + cyt_cong_in__pY992_pY1068_pY1086_pY1148_pY1174_EGFR_1__NRG1_1__ERBB3_1__GRB2__SOS1_1__RAS__GDP_ * 1.0 + cyt_cong_in__pY992_pY1068_pY1086_pY1148_pY1174_EGFR_1__NRG1_1__pY1056_pY1162_pY1284_ERBB4_1__GRB2__SOS1_1__RAS__GDP_ * 1.0 + cyt_mixed__EGF_1__pY992_pY1068_pY1086_pY1148_pY1174_EGFR_1__pY1196_pY1222_pY1248_ERBB2_1__GRB2__SOS1_1__RAS__GDP_ * 1.0 + pEE1Ev3_G2_SOS_RasD * 1.0 + cyt_mixed__EGF_1__pY992_pY1068_pY1086_pY1148_pY1174_pY992_pY1068_pY1086_pY1148_pY1174_EGFR_1__pY992_pY1068_pY1086_pY1148_pY1174_pY992_pY1068_pY1086_pY1148_pY1174_EGFR_1__GRB2__SOS1_1__RAS__GDP_ * 1.0 + cyt_mixed__EGF_1__pY992_pY1068_pY1086_pY1148_pY1174_pY992_pY1068_pY1086_pY1148_pY1174_EGFR_1__EGF_1__pY992_pY1068_pY1086_pY1148_pY1174_pY992_pY1068_pY1086_pY1148_pY1174_EGFR_1__GRB2__SOS1_1__RAS__GDP_ * 1.0 + cyt_mixed__EGF_1__pY992_pY1068_pY1086_pY1148_pY1174_EGFR_1__ERBB3_1__GRB2__SOS1_1__RAS__GDP_ * 1.0 + cyt_mixed__EGF_1__pY992_pY1068_pY1086_pY1148_pY1174_EGFR_1__NRG1_1__ERBB3_1__GRB2__SOS1_1__RAS__GDP_ * 1.0 + cyt_mixed__EGF_1__pY992_pY1068_pY1086_pY1148_pY1174_EGFR_1__pY1056_pY1162_pY1284_ERBB4_1__GRB2__SOS1_1__RAS__GDP_ * 1.0 + cyt_mixed__EGF_1__pY992_pY1068_pY1086_pY1148_pY1174_EGFR_1__NRG1_1__pY1056_pY1162_pY1284_ERBB4_1__GRB2__SOS1_1__RAS__GDP_ * 1.0 + cyt_mixed__pY992_pY1068_pY1086_pY1148_pY1174_EGFR_1__NRG1_1__ERBB3_1__GRB2__SOS1_1__RAS__GDP_ * 1.0 + cyt_mixed__pY992_pY1068_pY1086_pY1148_pY1174_EGFR_1__NRG1_1__pY1056_pY1162_pY1284_ERBB4_1__GRB2__SOS1_1__RAS__GDP_ * 1.0 + cyt_mixed__EGF_1__pY992_pY1068_pY1086_pY1148_pY1174_EGFR_1__pY1196_pY1222_pY1248_ERBB2_1__PLCG__PIP2_ * 1.0 + pEE1Ev3_PLCg_PIP2 * 1.0 + cyt_mixed__EGF_1__pY992_pY1068_pY1086_pY1148_pY1174_pY992_pY1068_pY1086_pY1148_pY1174_EGFR_1__pY992_pY1068_pY1086_pY1148_pY1174_pY992_pY1068_pY1086_pY1148_pY1174_EGFR_1__PLCG__PIP2_ * 1.0 + cyt_mixed__EGF_1__pY992_pY1068_pY1086_pY1148_pY1174_pY992_pY1068_pY1086_pY1148_pY1174_EGFR_1__EGF_1__pY992_pY1068_pY1086_pY1148_pY1174_pY992_pY1068_pY1086_pY1148_pY1174_EGFR_1__PLCG__PIP2_ * 1.0 + cyt_mixed__EGF_1__pY992_pY1068_pY1086_pY1148_pY1174_EGFR_1__ERBB3_1__PLCG__PIP2_ * 1.0 + cyt_mixed__EGF_1__pY992_pY1068_pY1086_pY1148_pY1174_EGFR_1__NRG1_1__ERBB3_1__PLCG__PIP2_ * 1.0 + cyt_mixed__EGF_1__pY992_pY1068_pY1086_pY1148_pY1174_EGFR_1__pY1056_pY1162_pY1284_ERBB4_1__PLCG__PIP2_ * 1.0 + cyt_mixed__EGF_1__pY992_pY1068_pY1086_pY1148_pY1174_EGFR_1__NRG1_1__pY1056_pY1162_pY1284_ERBB4_1__PLCG__PIP2_ * 1.0 + cyt_mixed__pY992_pY1068_pY1086_pY1148_pY1174_EGFR_1__NRG1_1__ERBB3_1__PLCG__PIP2_ * 1.0 + cyt_mixed__pY992_pY1068_pY1086_pY1148_pY1174_EGFR_1__NRG1_1__pY1056_pY1162_pY1284_ERBB4_1__PLCG__PIP2_ * 1.0 + cyt_mixed__EGF_1__pY992_pY1068_pY1086_pY1148_pY1174_EGFR_1__pY1196_pY1222_pY1248_ERBB2_1__PIK3C__PIK3R__PIP2_ * 1.0 + pEE1Ev3_PI3K1_PIP2 * 1.0 + cyt_mixed__EGF_1__pY992_pY1068_pY1086_pY1148_pY1174_pY992_pY1068_pY1086_pY1148_pY1174_EGFR_1__pY992_pY1068_pY1086_pY1148_pY1174_pY992_pY1068_pY1086_pY1148_pY1174_EGFR_1__PIK3C__PIK3R__PIP2_ * 1.0 + cyt_mixed__EGF_1__pY992_pY1068_pY1086_pY1148_pY1174_pY992_pY1068_pY1086_pY1148_pY1174_EGFR_1__EGF_1__pY992_pY1068_pY1086_pY1148_pY1174_pY992_pY1068_pY1086_pY1148_pY1174_EGFR_1__PIK3C__PIK3R__PIP2_ * 1.0 + cyt_mixed__EGF_1__pY992_pY1068_pY1086_pY1148_pY1174_EGFR_1__ERBB3_1__PIK3C__PIK3R__PIP2_ * 1.0 + cyt_mixed__EGF_1__pY992_pY1068_pY1086_pY1148_pY1174_EGFR_1__NRG1_1__ERBB3_1__PIK3C__PIK3R__PIP2_ * 1.0 + cyt_mixed__EGF_1__pY992_pY1068_pY1086_pY1148_pY1174_EGFR_1__pY1056_pY1162_pY1284_ERBB4_1__PIK3C__PIK3R__PIP2_ * 1.0 + cyt_mixed__EGF_1__pY992_pY1068_pY1086_pY1148_pY1174_EGFR_1__NRG1_1__pY1056_pY1162_pY1284_ERBB4_1__PIK3C__PIK3R__PIP2_ * 1.0 + cyt_mixed__pY992_pY1068_pY1086_pY1148_pY1174_EGFR_1__NRG1_1__ERBB3_1__PIK3C__PIK3R__PIP2_ * 1.0 + cyt_mixed__pY992_pY1068_pY1086_pY1148_pY1174_EGFR_1__NRG1_1__pY1056_pY1162_pY1284_ERBB4_1__PIK3C__PIK3R__PIP2_ * 1.0 + cyt_mixed__EGF_1__pY992_pY1068_pY1086_pY1148_pY1174_EGFR_1__pY1196_pY1222_pY1248_ERBB2_1__P3C2A__PIP_ * 1.0 + pEE1Ev3_PI3K2_PIP * 1.0 + cyt_mixed__EGF_1__pY992_pY1068_pY1086_pY1148_pY1174_pY992_pY1068_pY1086_pY1148_pY1174_EGFR_1__pY992_pY1068_pY1086_pY1148_pY1174_pY992_pY1068_pY1086_pY1148_pY1174_EGFR_1__P3C2A__PIP_ * 1.0 + cyt_mixed__EGF_1__pY992_pY1068_pY1086_pY1148_pY1174_pY992_pY1068_pY1086_pY1148_pY1174_EGFR_1__EGF_1__pY992_pY1068_pY1086_pY1148_pY1174_pY992_pY1068_pY1086_pY1148_pY1174_EGFR_1__P3C2A__PIP_ * 1.0 + cyt_mixed__EGF_1__pY992_pY1068_pY1086_pY1148_pY1174_EGFR_1__ERBB3_1__P3C2A__PIP_ * 1.0 + cyt_mixed__EGF_1__pY992_pY1068_pY1086_pY1148_pY1174_EGFR_1__NRG1_1__ERBB3_1__P3C2A__PIP_ * 1.0 + cyt_mixed__EGF_1__pY992_pY1068_pY1086_pY1148_pY1174_EGFR_1__pY1056_pY1162_pY1284_ERBB4_1__P3C2A__PIP_ * 1.0 + cyt_mixed__EGF_1__pY992_pY1068_pY1086_pY1148_pY1174_EGFR_1__NRG1_1__pY1056_pY1162_pY1284_ERBB4_1__P3C2A__PIP_ * 1.0 + cyt_mixed__pY992_pY1068_pY1086_pY1148_pY1174_EGFR_1__NRG1_1__ERBB3_1__P3C2A__PIP_ * 1.0 + cyt_mixed__pY992_pY1068_pY1086_pY1148_pY1174_EGFR_1__NRG1_1__pY1056_pY1162_pY1284_ERBB4_1__P3C2A__PIP_ * 1.0	1
AKT abundance	nuc_cong__p_p_AKT__MDM2_1_ * 0.33333333333333337 + cyt_cong__p_p_AKT__BAD_ * 1.0 + cyt_mixed__PIP3__AKT_ * 1.0 + cyt_cong__AKT_ * 1.0 + cyt_cong__p_AKT_ * 1.0 + cyt_cong__p_p_AKT_ * 1.0 + cyt_mixed__PIP3__p_AKT_ * 1.0 + cyt_mixed__PIP3__p_p_AKT_ * 1.0 + cyt_mixed__PIP3__AKT__PIP3__PDK1_ * 1.0 + cyt_mixed__PIP3__p_AKT__MTORC2_ * 1.0 + cyt_cong__GSK3B_1__p_p_AKT_ * 1.0 + cyt_cong__TSC2_1__p_p_AKT_ * 1.0 + cyt_prot__FOXO3_1__p_p_AKT_ * 1.0 + cyt_comp__AKTinhibitor_ * 1.0 + cyt_cong__AKTinhibitor__AKT_ * 1.0	1
pAKT abundance	nuc_cong__p_p_AKT__MDM2_1_ * 0.33333333333333337 + cyt_cong__p_p_AKT__BAD_ * 1.0 + cyt_cong__p_AKT_ * 1.0 + cyt_cong__p_p_AKT_ * 1.0 + cyt_mixed__PIP3__p_AKT_ * 1.0 + cyt_mixed__PIP3__p_p_AKT_ * 1.0 + cyt_mixed__PIP3__p_AKT__MTORC2_ * 1.0 + cyt_cong__GSK3B_1__p_p_AKT_ * 1.0 + cyt_cong__TSC2_1__p_p_AKT_ * 1.0 + cyt_prot__FOXO3_1__p_p_AKT_ * 1.0	1
ppAKT abundance	nuc_cong__p_p_AKT__MDM2_1_ * 0.33333333333333337 + cyt_cong__p_p_AKT__BAD_ * 1.0 + cyt_cong__p_p_AKT_ * 1.0 + cyt_mixed__PIP3__p_p_AKT_ * 1.0 + cyt_cong__GSK3B_1__p_p_AKT_ * 1.0 + cyt_cong__TSC2_1__p_p_AKT_ * 1.0 + cyt_prot__FOXO3_1__p_p_AKT_ * 1.0	1
ATM abundance	nuc_prot_a__ATM_ * 0.33333333333333337 + nuc_prot_i__ATM_ * 0.33333333333333337	1
ATMP abunance	nuc_prot_a__ATM_ * 0.33333333333333337	1
ATRac abundance	nuc_prot_a__ATR_1_ * 0.33333333333333337	1
pBAD abundance	cyt_prot__p_BAD_	1
Bax abundance	cyt_prot_i__BAX_1_ * 1.0 + cyt_prot__cl_BID_1__BAX_1_ * 1.0 + cyt_prot_a__BAX_1_ * 1.0 + mit_prot_a__BAX_1_ * 0.07 + mit_prot_a__BAX_1__BAX_1_ * 0.07 + mit_cong__BAX_1__BAX_1__BCL2_ * 0.07 + mit_prot_a__BAX_1__BAX_1__BAX_1__BAX_1_ * 0.07 + mit_cong__BAX_1__BAX_1__BAX_1__BAX_1__BCL2_ * 0.07 + mit_abs__BAX_1__BAX_1__BAX_1__BAX_1__pore_ * 0.07 + cyt_prot__B2L11_1__BAX_1_ * 1.0	1
Bcl2 abundance	cyt_cong__BCL2_ * 1.0 + cyt_cong__cl_BID_1__BCL2_ * 1.0 + mit_cong__BCL2_ * 0.07 + mit_cong__BAX_1__BAX_1__BCL2_ * 0.07 + mit_cong__BAX_1__BAX_1__BAX_1__BAX_1__BCL2_ * 0.07 + cyt_cong__BCL2__BAD_ * 1.0 + cyt_cong__BCL2__BBC3_1_ * 1.0 + cyt_cong__BCL2__APR_1_ * 1.0 + cyt_cong__BCL2__B2L11_1_ * 1.0	1
Bcl2c abundance	cyt_cong__BCL2_ * 1.0 + cyt_cong__cl_BID_1__BCL2_ * 1.0 + cyt_cong__BCL2__BAD_ * 1.0 + cyt_cong__BCL2__BBC3_1_ * 1.0 + cyt_cong__BCL2__APR_1_ * 1.0 + cyt_cong__BCL2__B2L11_1_ * 1.0	1
BIM abundance	cyt_cong__BCL2_ * 1.0 + cyt_cong__cl_BID_1__BCL2_ * 1.0 + cyt_cong__BCL2__BAD_ * 1.0 + cyt_cong__BCL2__BBC3_1_ * 1.0 + cyt_cong__BCL2__APR_1_ * 1.0 + cyt_cong__BCL2__B2L11_1_ * 1.0	1
Bid abundance	cyt_cong__BCL2_ * 1.0 + cyt_cong__cl_BID_1__BCL2_ * 1.0 + cyt_cong__BCL2__BAD_ * 1.0 + cyt_cong__BCL2__BBC3_1_ * 1.0 + cyt_cong__BCL2__APR_1_ * 1.0 + cyt_cong__BCL2__B2L11_1_ * 1.0	1
BRaf abundance	cyt_prot__BRAF_1_ * 1.0 + cyt_mixed__RAS__GTP__RAF1_1__BRAF_ * 1.0 + cyt_mixed__MAP2K__RAS__GTP__RAF1_1__BRAF_ * 1.0 + cyt_mixed__p_MAP2K__RAS__GTP__RAF1_1__BRAF_ * 1.0 + cyt_mixed__RAS__GTP__BRAF_ * 1.0 + cyt_mixed__RAS__GTP__BRAF__BRAF_ * 1.0 + cyt_mixed__MAP2K__RAS__GTP__BRAF__BRAF_ * 1.0 + cyt_mixed__p_MAP2K__RAS__GTP__BRAF__BRAF_ * 1.0	1
C3 abundance	cyt_cong_i__CASP3_ * 1.0 + cyt_cong__CASP8__CASP3_ * 1.0 + cyt_cong_a__CASP3_ * 1.0 + cyt_cong__CASP3__CASP6_ * 1.0 + cyt_prot__CASP3__XIAP_ * 1.0 + cyt_cong__CASP3__PARP1_ * 1.0 + cyt_prot_a__APAF_1__PCSK9_1__CASP3_ * 1.0 + cyt_cong__u_CASP3_ * 1.0	1
C8 abundance	cyt_cong_i__CASP8_ * 1.0 + cyt_cong_a__TNF10_1__TNFRSF10__CASP8_ * 1.0 + cyt_cong_a__CASP8_ * 1.0 + cyt_cong__CASP8__BFAR_1_ * 1.0 + cyt_cong__CASP8__CASP3_ * 1.0 + cyt_cong__CASP6__CASP8_ * 1.0 + cyt_cong__CASP8__BID_1_ * 1.0	1
Cb abundance	nuc_cong__CCNB_ * 0.33333333333333337 + cyt_prot__CBL_1_ * 1.0	1
Cd abundance	nuc_cong__CCND_ * 0.33333333333333337 + nuc_prot_i__CADH1_1_ * 0.33333333333333337 + nuc_prot_a__CADH1_1_ * 0.33333333333333337 + nuc_prot_i__CDC20_ * 0.33333333333333337 + nuc_prot_a__CDC20_ * 0.33333333333333337	1
Ce abundance	nuc_cong__CCNE_ * 0.33333333333333337	1
Pb abundance	nuc_prot_i__MPIP3_1_ * 0.33333333333333337 + nuc_prot__MPIP3_1_ * 0.33333333333333337	1
p21 abundance	nuc_prot__CDN1A_ * 0.33333333333333337 + nuc_cong__CCND__CDK4__CDN1A_ * 0.33333333333333337 + nuc_cong__CCNE__CDK2__CDN1A_ * 0.33333333333333337 + nuc_cong__CCNA__CDK2__CDN1A_ * 0.33333333333333337 + nuc_cong__CCNB__CDK1__CDN1A_ * 0.33333333333333337	1
p27 abundance	nuc_cong__CCND__CDK4__CDN1B_ * 0.33333333333333337 + nuc_cong__CCNE__CDK2__CDN1B_ * 0.33333333333333337 + nuc_prot__CCNA__CDK2__CDN1B_ * 0.33333333333333337 + nuc_prot__CDN1B_ * 0.33333333333333337 + nuc_prot__pT187_CDN1B_ * 0.33333333333333337 + nuc_cong__CCNB__CDK1__CDN1B_ * 0.33333333333333337	1
Chk1 abundance	nuc_prot__CHK1_1_ * 0.33333333333333337	1
bCATENIN abundance	nuc_prot__CTNB1_ * 0.33333333333333337 + cyt_prot__CTNB1_1_ * 1.0 + cyt_prot__PS33_pS37_pT41_CTNB1_ * 1.0	1
pbCATENIN abundance	cyt_prot__PS33_pS37_pT41_CTNB1_ * 1.0	1
E2F abundance	nuc_cong__E2F_ * 0.33333333333333337 + nuc_cong__p_E2F_ * 0.33333333333333337	1
pE1 abundance	cyt_prot__pT693_EGFR_1_ * 1.0 + cyt_prot__pY992_pY1068_pY1086_pY1148_pY1174_EGFR_1__NRG1_1__ERBB3_1_ * 1.0 + cyt_prot__pY992_pY1068_pY1086_pY1148_pY1174_EGFR_1__NRG1_1__pY1056_pY1162_pY1284_ERBB4_1_ * 1.0 + cyt_prot_in_pY992_pY1068_pY1086_pY1148_pY1174_EGFR_1__NRG1_1_ERBB3_1_ * 1.0 + cyt_prot_in__pY992_pY1068_pY1086_pY1148_pY1174_EGFR_1__NRG1_1__pY1056_pY1162_pY1284_ERBB4_1_ * 1.0 + cyt_prot__pY992_pY1068_pY1086_pY1148_pY1174_EGFR_1__NRG1_1__ERBB3_1__GRB2__SOS1_1_ * 1.0 + cyt_prot__pY992_pY1068_pY1086_pY1148_pY1174_EGFR_1__NRG1_1__pY1056_pY1162_pY1284_ERBB4_1__GRB2__SOS1_1_ * 1.0 + cyt_prot_in__pY992_pY1068_pY1086_pY1148_pY1174_EGFR_1__NRG1_1__ERBB3_1__GRB2__SOS1_1_ * 1.0 + cyt_prot_in__pY992_pY1068_pY1086_pY1148_pY1174_EGFR_1__NRG1_1__pY1056_pY1162_pY1284_ERBB4_1__GRB2__SOS1_1_ * 1.0 + cyt_prot__pY992_pY1068_pY1086_pY1148_pY1174_EGFR_1__NRG1_1__ERBB3_1__PLCG_ * 1.0 + cyt_prot__pY992_pY1068_pY1086_pY1148_pY1174_EGFR_1__NRG1_1__pY1056_pY1162_pY1284_ERBB4_1__PLCG_ * 1.0 + cyt_cong__pY992_pY1068_pY1086_pY1148_pY1174_EGFR_1__NRG1_1__ERBB3_1__PIK3C__PIK3R_ * 1.0 + cyt_cong__pY992_pY1068_pY1086_pY1148_pY1174_EGFR_1__NRG1_1__pY1056_pY1162_pY1284_ERBB4_1__PIK3C__PIK3R_ * 1.0 + cyt_prot__pY992_pY1068_pY1086_pY1148_pY1174_EGFR_1__NRG1_1__ERBB3_1__P3C2A_ * 1.0 + cyt_prot__pY992_pY1068_pY1086_pY1148_pY1174_EGFR_1__NRG1_1__pY1056_pY1162_pY1284_ERBB4_1__P3C2A_ * 1.0 + cyt_cong_in__pY992_pY1068_pY1086_pY1148_pY1174_EGFR_1__NRG1_1__ERBB3_1__GRB2__SOS1_1__RAS__GDP_ * 1.0 + cyt_cong_in__pY992_pY1068_pY1086_pY1148_pY1174_EGFR_1__NRG1_1__pY1056_pY1162_pY1284_ERBB4_1__GRB2__SOS1_1__RAS__GDP_ * 1.0 + cyt_mixed__pY992_pY1068_pY1086_pY1148_pY1174_EGFR_1__NRG1_1__ERBB3_1__GRB2__SOS1_1__RAS__GDP_ * 1.0 + cyt_mixed__pY992_pY1068_pY1086_pY1148_pY1174_EGFR_1__NRG1_1__pY1056_pY1162_pY1284_ERBB4_1__GRB2__SOS1_1__RAS__GDP_ * 1.0 + cyt_mixed__pY992_pY1068_pY1086_pY1148_pY1174_EGFR_1__NRG1_1__ERBB3_1__PLCG__PIP2_ * 1.0 + cyt_mixed__pY992_pY1068_pY1086_pY1148_pY1174_EGFR_1__NRG1_1__pY1056_pY1162_pY1284_ERBB4_1__PLCG__PIP2_ * 1.0 + cyt_mixed__pY992_pY1068_pY1086_pY1148_pY1174_EGFR_1__NRG1_1__ERBB3_1__PIK3C__PIK3R__PIP2_ * 1.0 + cyt_mixed__pY992_pY1068_pY1086_pY1148_pY1174_EGFR_1__NRG1_1__pY1056_pY1162_pY1284_ERBB4_1__PIK3C__PIK3R__PIP2_ * 1.0 + cyt_mixed__pY992_pY1068_pY1086_pY1148_pY1174_EGFR_1__NRG1_1__ERBB3_1__P3C2A__PIP_ * 1.0 + cyt_mixed__pY992_pY1068_pY1086_pY1148_pY1174_EGFR_1__NRG1_1__pY1056_pY1162_pY1284_ERBB4_1__P3C2A__PIP_ * 1.0	1
EIF4E abundance	cyt_prot__4EBP1_1_ * 1.0 + cyt_prot__pT37_pT46_4EBP1_ * 1.0 + cyt_prot_a__4EBP1__MTORC1_ * 1.0 + cyt_prot__IF4E_1_ * 1.0 + cyt_prot__4EBP1__IF4E_1_ * 1.0 + cyt_abs__IF4E_1__TotalmRNA_ * 1.0	1
EIF4EBP1 abundance	cyt_prot__4EBP1_1_ * 1.0 + cyt_prot__pT37_pT46_4EBP1_ * 1.0 + cyt_prot_a__4EBP1__MTORC1_ * 1.0 + cyt_prot__4EBP1__IF4E_1_ * 1.0	1
pEIF4EBP1 abundance	cyt_prot__pT37_pT46_4EBP1_	1
FOXO abundance	cyt_prot__FOXO3_1_ * 1.0 + cyt_prot__pT32_pS253_FOXO3_1_ * 1.0 + cyt_prot__FOXO3_1__p_p_AKT_ * 1.0 + nuc_prot__FOXO3_1_ * 0.33333333333333337	1
pFOXO abundance	cyt_prot__pT32_pS253_FOXO3_1_	1
GSK3b abundance	cyt_prot__GSK3B_1_ * 1.0 + cyt_prot__pS9_GSK3B_1_ * 1.0 + cyt_cong__GSK3B_1__p_p_AKT_ * 1.0	1
pGSK3b abundance	cyt_prot__pS9_GSK3B_1_	1
E2 abundance	nuc_cong__E2F_ * 0.33333333333333337 + nuc_cong__p_E2F_ * 0.33333333333333337 + cyt_prot__ERBB2_1_ * 1.0 + cyt_prot__pT701_ERBB2_1_ * 1.0 + cyt_prot__EGFR_1__ERBB2_1_ * 1.0 + cyt_prot__ERBB2_1__ERBB2_1_ * 1.0 + cyt_prot__ERBB2_1__ERBB3_1_ * 1.0 + cyt_prot__ERBB2_1__ERBB4_1_ * 1.0 + cyt_prot__EGF_1__EGFR_1__ERBB2_1_ * 1.0 + cyt_prot__ERBB2_1__NRG1_1__ERBB3_1_ * 1.0 + cyt_prot__ERBB2_1__NRG1_1__ERBB4_1_ * 1.0 + cyt_cong__ERBB2_1__p_p_MAPK_ * 1.0 + cyt_prot__EGF_1__pY992_pY1068_pY1086_pY1148_pY1174_EGFR_1__pY1196_pY1222_pY1248_ERBB2_1_ * 1.0 + cyt_prot__pY1196_pY1222_pY1248_ERBB2_1__NRG1_1__ERBB3_1_ * 1.0 + cyt_prot__pY1196_pY1222_pY1248_ERBB2_1__NRG1_1__pY1056_pY1162_pY1284_ERBB4_1_ * 1.0 + cyt_prot__SPY2__EGF_1__EGFR_1__ERBB2_1_ * 1.0 + cyt_prot__SPY2__ERBB2_1__NRG1_1__ERBB3_1_ * 1.0 + cyt_prot__SPY2__ERBB2_1__NRG1_1__ERBB4_1_ * 1.0 + cyt_prot_in__EGF_1__EGFR_1__ERBB2_1_ * 1.0 + cyt_prot_in__ERBB2_1__NRG1_1__ERBB3_1_ * 1.0 + cyt_prot_in__ERBB2_1__NRG1_1__ERBB4_1_ * 1.0 + cyt_prot_in__EGF_1__pY992_pY1068_pY1086_pY1148_pY1174_EGFR_1__pY1196_pY1222_pY1248_ERBB2_1_ * 1.0 + cyt_prot_in_pY1196_pY1222_pY1248_ERBB2_1__NRG1_1_ERBB3_1_ * 1.0 + cyt_prot_in__pY1196_pY1222_pY1248_ERBB2_1__NRG1_1__pY1056_pY1162_pY1284_ERBB4_1_ * 1.0 + cyt_prot__EGF_1__pY992_pY1068_pY1086_pY1148_pY1174_EGFR_1__pY1196_pY1222_pY1248_ERBB2_1__GRB2__SOS1_1_ * 1.0 + cyt_prot__pY1196_pY1222_pY1248_ERBB2_1__NRG1_1__ERBB3_1__GRB2__SOS1_1_ * 1.0 + cyt_prot__pY1196_pY1222_pY1248_ERBB2_1__NRG1_1__pY1056_pY1162_pY1284_ERBB4_1__GRB2__SOS1_1_ * 1.0 + cyt_prot_in__EGF_1__pY992_pY1068_pY1086_pY1148_pY1174_EGFR_1__pY1196_pY1222_pY1248_ERBB2_1__GRB2__SOS1_1_ * 1.0 + cyt_prot_in__pY1196_pY1222_pY1248_ERBB2_1__NRG1_1__ERBB3_1__GRB2__SOS1_1_ * 1.0 + cyt_prot_in__pY1196_pY1222_pY1248_ERBB2_1__NRG1_1__pY1056_pY1162_pY1284_ERBB4_1__GRB2__SOS1_1_ * 1.0 + cyt_prot__EGF_1__pY992_pY1068_pY1086_pY1148_pY1174_EGFR_1__pY1196_pY1222_pY1248_ERBB2_1__PLCG_ * 1.0 + cyt_prot__pY1196_pY1222_pY1248_ERBB2_1__NRG1_1__ERBB3_1__PLCG_ * 1.0 + cyt_prot__pY1196_pY1222_pY1248_ERBB2_1__NRG1_1__pY1056_pY1162_pY1284_ERBB4_1__PLCG_ * 1.0 + cyt_cong__EGF_1__pY992_pY1068_pY1086_pY1148_pY1174_EGFR_1__pY1196_pY1222_pY1248_ERBB2_1__PIK3C__PIK3R_ * 1.0 + cyt_cong__pY1196_pY1222_pY1248_ERBB2_1__NRG1_1__ERBB3_1__PIK3C__PIK3R_ * 1.0 + cyt_cong__pY1196_pY1222_pY1248_ERBB2_1__NRG1_1__pY1056_pY1162_pY1284_ERBB4_1__PIK3C__PIK3R_ * 1.0 + cyt_prot__EGF_1__pY992_pY1068_pY1086_pY1148_pY1174_EGFR_1__pY1196_pY1222_pY1248_ERBB2_1__P3C2A_ * 1.0 + cyt_prot__pY1196_pY1222_pY1248_ERBB2_1__NRG1_1__ERBB3_1__P3C2A_ * 1.0 + cyt_prot__pY1196_pY1222_pY1248_ERBB2_1__NRG1_1__pY1056_pY1162_pY1284_ERBB4_1__P3C2A_ * 1.0 + cyt_cong_in__EGF_1__pY992_pY1068_pY1086_pY1148_pY1174_EGFR_1__pY1196_pY1222_pY1248_ERBB2_1__GRB2__SOS1_1__RAS__GDP_ * 1.0 + cyt_cong_in__pY1196_pY1222_pY1248_ERBB2_1__NRG1_1__ERBB3_1__GRB2__SOS1_1__RAS__GDP_ * 1.0 + cyt_cong_in__pY1196_pY1222_pY1248_ERBB2_1__NRG1_1__pY1056_pY1162_pY1284_ERBB4_1__GRB2__SOS1_1__RAS__GDP_ * 1.0 + cyt_mixed__EGF_1__pY992_pY1068_pY1086_pY1148_pY1174_EGFR_1__pY1196_pY1222_pY1248_ERBB2_1__GRB2__SOS1_1__RAS__GDP_ * 1.0 + cyt_mixed__pY1196_pY1222_pY1248_ERBB2_1__NRG1_1__ERBB3_1__GRB2__SOS1_1__RAS__GDP_ * 1.0 + cyt_mixed__pY1196_pY1222_pY1248_ERBB2_1__NRG1_1__pY1056_pY1162_pY1284_ERBB4_1__GRB2__SOS1_1__RAS__GDP_ * 1.0 + cyt_mixed__EGF_1__pY992_pY1068_pY1086_pY1148_pY1174_EGFR_1__pY1196_pY1222_pY1248_ERBB2_1__PLCG__PIP2_ * 1.0 + cyt_mixed__pY1196_pY1222_pY1248_ERBB2_1__NRG1_1__ERBB3_1__PLCG__PIP2_ * 1.0 + cyt_mixed__pY1196_pY1222_pY1248_ERBB2_1__NRG1_1__pY1056_pY1162_pY1284_ERBB4_1__PLCG__PIP2_ * 1.0 + cyt_mixed__EGF_1__pY992_pY1068_pY1086_pY1148_pY1174_EGFR_1__pY1196_pY1222_pY1248_ERBB2_1__PIK3C__PIK3R__PIP2_ * 1.0 + cyt_mixed__pY1196_pY1222_pY1248_ERBB2_1__NRG1_1__ERBB3_1__PIK3C__PIK3R__PIP2_ * 1.0 + cyt_mixed__pY1196_pY1222_pY1248_ERBB2_1__NRG1_1__pY1056_pY1162_pY1284_ERBB4_1__PIK3C__PIK3R__PIP2_ * 1.0 + cyt_mixed__EGF_1__pY992_pY1068_pY1086_pY1148_pY1174_EGFR_1__pY1196_pY1222_pY1248_ERBB2_1__P3C2A__PIP_ * 1.0 + cyt_mixed__pY1196_pY1222_pY1248_ERBB2_1__NRG1_1__ERBB3_1__P3C2A__PIP_ * 1.0 + cyt_mixed__pY1196_pY1222_pY1248_ERBB2_1__NRG1_1__pY1056_pY1162_pY1284_ERBB4_1__P3C2A__PIP_ * 1.0	1
pE2 abundance	cyt_prot__pT701_ERBB2_1_	1
E3 abundance	cyt_prot__ERBB3_1_ * 1.0 + cyt_prot__EGFR_1__ERBB3_1_ * 1.0 + cyt_prot__ERBB2_1__ERBB3_1_ * 1.0 + cyt_prot__ERBB3_1__ERBB4_1_ * 1.0 + cyt_prot__NRG1_1__ERBB3_1_ * 1.0 + cyt_prot__EGF_1__EGFR_1__ERBB3_1_ * 1.0 + cyt_prot__ERBB2_1__NRG1_1__ERBB3_1_ * 1.0 + cyt_prot__EGFR_1__NRG1_1__ERBB3_1_ * 1.0 + cyt_prot__NRG1_1__ERBB3_1__ERBB3_1_ * 1.0 + HE3Ev3 * 1.0 + cyt_prot__NRG1_1__ERBB3_1__ERBB4_1_ * 1.0 + cyt_prot__ERBB3_1__NRG1_1__ERBB4_1_ * 1.0 + cyt_prot__EGF_1__EGFR_1__NRG1_1__ERBB3_1_ * 1.0 + cyt_prot__NRG1_1__ERBB3_1__NRG1_1__ERBB3_1_ * 1.0 + cyt_prot__NRG1_1__ERBB3_1__NRG1_1__ERBB4_1_ * 1.0 + cyt_prot__EGF_1__pY992_pY1068_pY1086_pY1148_pY1174_EGFR_1__ERBB3_1_ * 1.0 + cyt_prot__EGF_1__pY992_pY1068_pY1086_pY1148_pY1174_EGFR_1__NRG1_1__ERBB3_1_ * 1.0 + cyt_prot__pY1196_pY1222_pY1248_ERBB2_1__NRG1_1__ERBB3_1_ * 1.0 + pHE3Ev3 * 1.0 + cyt_prot__pY992_pY1068_pY1086_pY1148_pY1174_EGFR_1__NRG1_1__ERBB3_1_ * 1.0 + cyt_prot__NRG1_1__ERBB3_1__pY1056_pY1162_pY1284_ERBB4_1_ * 1.0 + cyt_prot__NRG1_1__ERBB3_1__NRG1_1__pY1056_pY1162_pY1284_ERBB4_1_ * 1.0 + cyt_prot__ERBB3_1__NRG1_1__pY1056_pY1162_pY1284_ERBB4_1_ * 1.0 + cyt_prot__SPY2__EGF_1__EGFR_1__ERBB3_1_ * 1.0 + cyt_prot__SPY2__EGF_1__EGFR_1__NRG1_1__ERBB3_1_ * 1.0 + cyt_prot__SPY2__ERBB2_1__NRG1_1__ERBB3_1_ * 1.0 + Sp_HE3Ev3 * 1.0 + cyt_prot__SPY2__EGFR_1__NRG1_1__ERBB3_1_ * 1.0 + cyt_prot__SPY2__NRG1_1__ERBB3_1__ERBB4_1_ * 1.0 + cyt_prot__SPY2__NRG1_1__ERBB3_1__NRG1_1__ERBB4_1_ * 1.0 + cyt_prot__SPY2__ERBB3_1__NRG1_1__ERBB4_1_ * 1.0 + cyt_prot_in__EGF_1__EGFR_1__ERBB3_1_ * 1.0 + cyt_prot_in__EGF_1__EGFR_1__NRG1_1__ERBB3_1_ * 1.0 + cyt_prot_in__ERBB2_1__NRG1_1__ERBB3_1_ * 1.0 + HE3Ev3int * 1.0 + cyt_prot_in__EGFR_1__NRG1_1__ERBB3_1_ * 1.0 + cyt_prot_in__NRG1_1__ERBB3_1__ERBB4_1_ * 1.0 + cyt_prot_in__NRG1_1__ERBB3_1__NRG1_1__ERBB4_1_ * 1.0 + cyt_prot_in__ERBB3_1__NRG1_1__ERBB4_1_ * 1.0 + cyt_prot_in__EGF_1__pY992_pY1068_pY1086_pY1148_pY1174_EGFR_1__ERBB3_1_ * 1.0 + cyt_prot_in__EGF_1__pY992_pY1068_pY1086_pY1148_pY1174_EGFR_1__NRG1_1__ERBB3_1_ * 1.0 + cyt_prot_in_pY1196_pY1222_pY1248_ERBB2_1__NRG1_1_ERBB3_1_ * 1.0 + pHE3Ev3int * 1.0 + cyt_prot_in_pY992_pY1068_pY1086_pY1148_pY1174_EGFR_1__NRG1_1_ERBB3_1_ * 1.0 + cyt_prot_in__NRG1_1__ERBB3_1__pY1056_pY1162_pY1284_ERBB4_1_ * 1.0 + cyt_prot_in__NRG1_1__ERBB3_1__NRG1_1__pY1056_pY1162_pY1284_ERBB4_1_ * 1.0 + cyt_prot_in__ERBB3_1__NRG1_1__pY1056_pY1162_pY1284_ERBB4_1_ * 1.0 + cyt_prot__EGF_1__pY992_pY1068_pY1086_pY1148_pY1174_EGFR_1__ERBB3_1__GRB2__SOS1_1_ * 1.0 + cyt_prot__EGF_1__pY992_pY1068_pY1086_pY1148_pY1174_EGFR_1__NRG1_1__ERBB3_1__GRB2__SOS1_1_ * 1.0 + cyt_prot__pY1196_pY1222_pY1248_ERBB2_1__NRG1_1__ERBB3_1__GRB2__SOS1_1_ * 1.0 + pHE3Ev3_G2_SOS * 1.0 + cyt_prot__pY992_pY1068_pY1086_pY1148_pY1174_EGFR_1__NRG1_1__ERBB3_1__GRB2__SOS1_1_ * 1.0 + cyt_prot__NRG1_1__ERBB3_1__pY1056_pY1162_pY1284_ERBB4_1__GRB2__SOS1_1_ * 1.0 + cyt_prot__NRG1_1__ERBB3_1__NRG1_1__pY1056_pY1162_pY1284_ERBB4_1__GRB2__SOS1_1_ * 1.0 + cyt_prot__ERBB3_1__NRG1_1__pY1056_pY1162_pY1284_ERBB4_1__GRB2__SOS1_1_ * 1.0 + cyt_prot_in__EGF_1__pY992_pY1068_pY1086_pY1148_pY1174_EGFR_1__ERBB3_1__GRB2__SOS1_1_ * 1.0 + cyt_prot_in__EGF_1__pY992_pY1068_pY1086_pY1148_pY1174_EGFR_1__NRG1_1__ERBB3_1__GRB2__SOS1_1_ * 1.0 + cyt_prot_in__pY1196_pY1222_pY1248_ERBB2_1__NRG1_1__ERBB3_1__GRB2__SOS1_1_ * 1.0 + pHE3Ev3int_G2_SOS * 1.0 + cyt_prot_in__pY992_pY1068_pY1086_pY1148_pY1174_EGFR_1__NRG1_1__ERBB3_1__GRB2__SOS1_1_ * 1.0 + cyt_prot_in__NRG1_1__ERBB3_1__pY1056_pY1162_pY1284_ERBB4_1__GRB2__SOS1_1_ * 1.0 + cyt_prot_in__NRG1_1__ERBB3_1__NRG1_1__pY1056_pY1162_pY1284_ERBB4_1__GRB2__SOS1_1_ * 1.0 + cyt_prot_in__ERBB3_1__NRG1_1__pY1056_pY1162_pY1284_ERBB4_1__GRB2__SOS1_1_ * 1.0 + cyt_prot__EGF_1__pY992_pY1068_pY1086_pY1148_pY1174_EGFR_1__ERBB3_1__PLCG_ * 1.0 + cyt_prot__EGF_1__pY992_pY1068_pY1086_pY1148_pY1174_EGFR_1__NRG1_1__ERBB3_1__PLCG_ * 1.0 + cyt_prot__pY1196_pY1222_pY1248_ERBB2_1__NRG1_1__ERBB3_1__PLCG_ * 1.0 + pHE3Ev3_PLCg * 1.0 + cyt_prot__pY992_pY1068_pY1086_pY1148_pY1174_EGFR_1__NRG1_1__ERBB3_1__PLCG_ * 1.0 + cyt_prot__NRG1_1__ERBB3_1__pY1056_pY1162_pY1284_ERBB4_1__PLCG_ * 1.0 + cyt_prot__NRG1_1__ERBB3_1__NRG1_1__pY1056_pY1162_pY1284_ERBB4_1__PLCG_ * 1.0 + cyt_prot__ERBB3_1__NRG1_1__pY1056_pY1162_pY1284_ERBB4_1__PLCG_ * 1.0 + cyt_cong__EGF_1__pY992_pY1068_pY1086_pY1148_pY1174_EGFR_1__ERBB3_1__PIK3C__PIK3R_ * 1.0 + cyt_cong__EGF_1__pY992_pY1068_pY1086_pY1148_pY1174_EGFR_1__NRG1_1__ERBB3_1__PIK3C__PIK3R_ * 1.0 + cyt_cong__pY1196_pY1222_pY1248_ERBB2_1__NRG1_1__ERBB3_1__PIK3C__PIK3R_ * 1.0 + pHE3Ev3_PI3K1 * 1.0 + cyt_cong__pY992_pY1068_pY1086_pY1148_pY1174_EGFR_1__NRG1_1__ERBB3_1__PIK3C__PIK3R_ * 1.0 + cyt_cong__NRG1_1__ERBB3_1__pY1056_pY1162_pY1284_ERBB4_1__PIK3C__PIK3R_ * 1.0 + cyt_cong__NRG1_1__ERBB3_1__NRG1_1__pY1056_pY1162_pY1284_ERBB4_1__PIK3C__PIK3R_ * 1.0 + cyt_cong__ERBB3_1__NRG1_1__pY1056_pY1162_pY1284_ERBB4_1__PIK3C__PIK3R_ * 1.0 + cyt_prot__EGF_1__pY992_pY1068_pY1086_pY1148_pY1174_EGFR_1__ERBB3_1__P3C2A_ * 1.0 + cyt_prot__EGF_1__pY992_pY1068_pY1086_pY1148_pY1174_EGFR_1__NRG1_1__ERBB3_1__P3C2A_ * 1.0 + cyt_prot__pY1196_pY1222_pY1248_ERBB2_1__NRG1_1__ERBB3_1__P3C2A_ * 1.0 + pHE3Ev3_PI3K2 * 1.0 + cyt_prot__pY992_pY1068_pY1086_pY1148_pY1174_EGFR_1__NRG1_1__ERBB3_1__P3C2A_ * 1.0 + cyt_prot__NRG1_1__ERBB3_1__pY1056_pY1162_pY1284_ERBB4_1__P3C2A_ * 1.0 + cyt_prot__NRG1_1__ERBB3_1__NRG1_1__pY1056_pY1162_pY1284_ERBB4_1__P3C2A_ * 1.0 + cyt_prot__ERBB3_1__NRG1_1__pY1056_pY1162_pY1284_ERBB4_1__P3C2A_ * 1.0 + cyt_cong_in__EGF_1__pY992_pY1068_pY1086_pY1148_pY1174_EGFR_1__ERBB3_1__GRB2__SOS1_1__RAS__GDP_ * 1.0 + cyt_cong_in__EGF_1__pY992_pY1068_pY1086_pY1148_pY1174_EGFR_1__NRG1_1__ERBB3_1__GRB2__SOS1_1__RAS__GDP_ * 1.0 + cyt_cong_in__pY1196_pY1222_pY1248_ERBB2_1__NRG1_1__ERBB3_1__GRB2__SOS1_1__RAS__GDP_ * 1.0 + pHE3Ev3int_G2_SOS_RasD * 1.0 + cyt_cong_in__pY992_pY1068_pY1086_pY1148_pY1174_EGFR_1__NRG1_1__ERBB3_1__GRB2__SOS1_1__RAS__GDP_ * 1.0 + cyt_cong_in__NRG1_1__ERBB3_1__pY1056_pY1162_pY1284_ERBB4_1__GRB2__SOS1_1__RAS__GDP_ * 1.0 + cyt_cong_in__NRG1_1__ERBB3_1__NRG1_1__pY1056_pY1162_pY1284_ERBB4_1__GRB2__SOS1_1__RAS__GDP_ * 1.0 + cyt_mixed_in__ERBB3_1__NRG1_1__pY1056_pY1162_pY1284_ERBB4_1__GRB2__SOS1_1__RAS__GDP_ * 1.0 + cyt_mixed__EGF_1__pY992_pY1068_pY1086_pY1148_pY1174_EGFR_1__ERBB3_1__GRB2__SOS1_1__RAS__GDP_ * 1.0 + cyt_mixed__EGF_1__pY992_pY1068_pY1086_pY1148_pY1174_EGFR_1__NRG1_1__ERBB3_1__GRB2__SOS1_1__RAS__GDP_ * 1.0 + cyt_mixed__pY1196_pY1222_pY1248_ERBB2_1__NRG1_1__ERBB3_1__GRB2__SOS1_1__RAS__GDP_ * 1.0 + pHE3Ev3_G2_SOS_RasD * 1.0 + cyt_mixed__pY992_pY1068_pY1086_pY1148_pY1174_EGFR_1__NRG1_1__ERBB3_1__GRB2__SOS1_1__RAS__GDP_ * 1.0 + cyt_mixed__NRG1_1__ERBB3_1__pY1056_pY1162_pY1284_ERBB4_1__GRB2__SOS1_1__RAS__GDP_ * 1.0 + cyt_mixed__NRG1_1__ERBB3_1__NRG1_1__pY1056_pY1162_pY1284_ERBB4_1__GRB2__SOS1_1__RAS__GDP_ * 1.0 + cyt_mixed__ERBB3_1__NRG1_1__pY1056_pY1162_pY1284_ERBB4_1__GRB2__SOS1_1__RAS__GDP_ * 1.0 + cyt_mixed__EGF_1__pY992_pY1068_pY1086_pY1148_pY1174_EGFR_1__ERBB3_1__PLCG__PIP2_ * 1.0 + cyt_mixed__EGF_1__pY992_pY1068_pY1086_pY1148_pY1174_EGFR_1__NRG1_1__ERBB3_1__PLCG__PIP2_ * 1.0 + cyt_mixed__pY1196_pY1222_pY1248_ERBB2_1__NRG1_1__ERBB3_1__PLCG__PIP2_ * 1.0 + pHE3Ev3_PLCg_PIP2 * 1.0 + cyt_mixed__pY992_pY1068_pY1086_pY1148_pY1174_EGFR_1__NRG1_1__ERBB3_1__PLCG__PIP2_ * 1.0 + cyt_mixed__NRG1_1__ERBB3_1__pY1056_pY1162_pY1284_ERBB4_1__PLCG__PIP2_ * 1.0 + cyt_mixed__NRG1_1__ERBB3_1__NRG1_1__pY1056_pY1162_pY1284_ERBB4_1__PLCG__PIP2_ * 1.0 + cyt_mixed__ERBB3_1__NRG1_1__pY1056_pY1162_pY1284_ERBB4_1__PLCG__PIP2_ * 1.0 + cyt_mixed__EGF_1__pY992_pY1068_pY1086_pY1148_pY1174_EGFR_1__ERBB3_1__PIK3C__PIK3R__PIP2_ * 1.0 + cyt_mixed__EGF_1__pY992_pY1068_pY1086_pY1148_pY1174_EGFR_1__NRG1_1__ERBB3_1__PIK3C__PIK3R__PIP2_ * 1.0 + cyt_mixed__pY1196_pY1222_pY1248_ERBB2_1__NRG1_1__ERBB3_1__PIK3C__PIK3R__PIP2_ * 1.0 + pHE3Ev3_PI3K1_PIP2 * 1.0 + cyt_mixed__pY992_pY1068_pY1086_pY1148_pY1174_EGFR_1__NRG1_1__ERBB3_1__PIK3C__PIK3R__PIP2_ * 1.0 + cyt_mixed__NRG1_1__ERBB3_1__pY1056_pY1162_pY1284_ERBB4_1__PIK3C__PIK3R__PIP2_ * 1.0 + cyt_mixed__NRG1_1__ERBB3_1__NRG1_1__pY1056_pY1162_pY1284_ERBB4_1__PIK3C__PIK3R__PIP2_ * 1.0 + cyt_mixed__ERBB3_1__NRG1_1__pY1056_pY1162_pY1284_ERBB4_1__PIK3C__PIK3R__PIP2_ * 1.0 + cyt_mixed__EGF_1__pY992_pY1068_pY1086_pY1148_pY1174_EGFR_1__ERBB3_1__P3C2A__PIP_ * 1.0 + cyt_mixed__EGF_1__pY992_pY1068_pY1086_pY1148_pY1174_EGFR_1__NRG1_1__ERBB3_1__P3C2A__PIP_ * 1.0 + cyt_mixed__pY1196_pY1222_pY1248_ERBB2_1__NRG1_1__ERBB3_1__P3C2A__PIP_ * 1.0 + pHE3Ev3_PI3K2_PIP * 1.0 + cyt_mixed__pY992_pY1068_pY1086_pY1148_pY1174_EGFR_1__NRG1_1__ERBB3_1__P3C2A__PIP_ * 1.0 + cyt_mixed__NRG1_1__ERBB3_1__pY1056_pY1162_pY1284_ERBB4_1__P3C2A__PIP_ * 1.0 + cyt_mixed__NRG1_1__ERBB3_1__NRG1_1__pY1056_pY1162_pY1284_ERBB4_1__P3C2A__PIP_ * 1.0 + cyt_mixed__ERBB3_1__NRG1_1__pY1056_pY1162_pY1284_ERBB4_1__P3C2A__PIP_ * 1.0	1
pE3 abundance	cyt_prot__ERBB3_1__NRG1_1__pY1056_pY1162_pY1284_ERBB4_1_ * 1.0 + cyt_prot_in__ERBB3_1__NRG1_1__pY1056_pY1162_pY1284_ERBB4_1_ * 1.0 + cyt_prot__ERBB3_1__NRG1_1__pY1056_pY1162_pY1284_ERBB4_1__GRB2__SOS1_1_ * 1.0 + cyt_prot_in__ERBB3_1__NRG1_1__pY1056_pY1162_pY1284_ERBB4_1__GRB2__SOS1_1_ * 1.0 + cyt_prot__ERBB3_1__NRG1_1__pY1056_pY1162_pY1284_ERBB4_1__PLCG_ * 1.0 + cyt_cong__ERBB3_1__NRG1_1__pY1056_pY1162_pY1284_ERBB4_1__PIK3C__PIK3R_ * 1.0 + cyt_prot__ERBB3_1__NRG1_1__pY1056_pY1162_pY1284_ERBB4_1__P3C2A_ * 1.0 + cyt_mixed_in__ERBB3_1__NRG1_1__pY1056_pY1162_pY1284_ERBB4_1__GRB2__SOS1_1__RAS__GDP_ * 1.0 + cyt_mixed__ERBB3_1__NRG1_1__pY1056_pY1162_pY1284_ERBB4_1__GRB2__SOS1_1__RAS__GDP_ * 1.0 + cyt_mixed__ERBB3_1__NRG1_1__pY1056_pY1162_pY1284_ERBB4_1__PLCG__PIP2_ * 1.0 + cyt_mixed__ERBB3_1__NRG1_1__pY1056_pY1162_pY1284_ERBB4_1__PIK3C__PIK3R__PIP2_ * 1.0 + cyt_mixed__ERBB3_1__NRG1_1__pY1056_pY1162_pY1284_ERBB4_1__P3C2A__PIP_ * 1.0	1
pIr abundance	cyt_cong__IGF__pY980_pS982_pY1161_pY1165_pY1166_pY1280_pY1281_pY980_pS982_pY1161_pY1165_pY1166_pY1280_pY1281_IGF1R__pY980_pS982_pY1161_pY1165_pY1166_pY1280_pY1281_pY980_pS982_pY1161_pY1165_pY1166_pY1280_pY1281_IGF1R_ * 1.0 + cyt_cong__IGF__pY980_pS982_pY1161_pY1165_pY1166_pY1280_pY1281_pY980_pS982_pY1161_pY1165_pY1166_pY1280_pY1281_IGF1R__pY980_pS982_pY1161_pY1165_pY1166_pY1280_pY1281_pY980_pS982_pY1161_pY1165_pY1166_pY1280_pY1281_IGF1R__IGF_ * 1.0 + cyt_cong__IGF__pY980_pS982_pY1161_pY1165_pY1166_pY1280_pY1281_pY980_pS982_pY1161_pY1165_pY1166_pY1280_pY1281_IGF1R__pY980_pS982_pY1161_pY1165_pY1166_pY1280_pY1281_pY980_pS982_pY1161_pY1165_pY1166_pY1280_pY1281_IGF1R__IRS_ * 1.0 + cyt_cong__IGF__pY980_pS982_pY1161_pY1165_pY1166_pY1280_pY1281_pY980_pS982_pY1161_pY1165_pY1166_pY1280_pY1281_IGF1R__pY980_pS982_pY1161_pY1165_pY1166_pY1280_pY1281_pY980_pS982_pY1161_pY1165_pY1166_pY1280_pY1281_IGF1R__IGF__IRS_ * 1.0 + cyt_cong_in__IGF__pY980_pS982_pY1161_pY1165_pY1166_pY1280_pY1281_pY980_pS982_pY1161_pY1165_pY1166_pY1280_pY1281_IGF1R__pY980_pS982_pY1161_pY1165_pY1166_pY1280_pY1281_pY980_pS982_pY1161_pY1165_pY1166_pY1280_pY1281_IGF1R_ * 1.0 + cyt_cong_in__IGF__pY980_pS982_pY1161_pY1165_pY1166_pY1280_pY1281_pY980_pS982_pY1161_pY1165_pY1166_pY1280_pY1281_IGF1R__pY980_pS982_pY1161_pY1165_pY1166_pY1280_pY1281_pY980_pS982_pY1161_pY1165_pY1166_pY1280_pY1281_IGF1R__IGF_ * 1.0 + cyt_cong_in__IGF__pY980_pS982_pY1161_pY1165_pY1166_pY1280_pY1281_pY980_pS982_pY1161_pY1165_pY1166_pY1280_pY1281_IGF1R__pY980_pS982_pY1161_pY1165_pY1166_pY1280_pY1281_pY980_pS982_pY1161_pY1165_pY1166_pY1280_pY1281_IGF1R__IRS_ * 1.0 + cyt_cong_in__IGF__pY980_pS982_pY1161_pY1165_pY1166_pY1280_pY1281_pY980_pS982_pY1161_pY1165_pY1166_pY1280_pY1281_IGF1R__pY980_pS982_pY1161_pY1165_pY1166_pY1280_pY1281_pY980_pS982_pY1161_pY1165_pY1166_pY1280_pY1281_IGF1R__IGF__IRS_ * 1.0 + cyt_cong__IGF__pY980_pS982_pY1161_pY1165_pY1166_pY1280_pY1281_pY980_pS982_pY1161_pY1165_pY1166_pY1280_pY1281_IGF1R__pY980_pS982_pY1161_pY1165_pY1166_pY1280_pY1281_pY980_pS982_pY1161_pY1165_pY1166_pY1280_pY1281_IGF1R__IRS__GRB2__SOS1_1_ * 1.0 + cyt_cong__IGF__pY980_pS982_pY1161_pY1165_pY1166_pY1280_pY1281_pY980_pS982_pY1161_pY1165_pY1166_pY1280_pY1281_IGF1R__pY980_pS982_pY1161_pY1165_pY1166_pY1280_pY1281_pY980_pS982_pY1161_pY1165_pY1166_pY1280_pY1281_IGF1R__IGF__IRS__GRB2__SOS1_1_ * 1.0 + cyt_cong_in__IGF__pY980_pS982_pY1161_pY1165_pY1166_pY1280_pY1281_pY980_pS982_pY1161_pY1165_pY1166_pY1280_pY1281_IGF1R__pY980_pS982_pY1161_pY1165_pY1166_pY1280_pY1281_pY980_pS982_pY1161_pY1165_pY1166_pY1280_pY1281_IGF1R__IRS__GRB2__SOS1_1_ * 1.0 + cyt_cong_in__IGF__pY980_pS982_pY1161_pY1165_pY1166_pY1280_pY1281_pY980_pS982_pY1161_pY1165_pY1166_pY1280_pY1281_IGF1R__pY980_pS982_pY1161_pY1165_pY1166_pY1280_pY1281_pY980_pS982_pY1161_pY1165_pY1166_pY1280_pY1281_IGF1R__IGF__IRS__GRB2__SOS1_1_ * 1.0 + cyt_cong__IGF__pY980_pS982_pY1161_pY1165_pY1166_pY1280_pY1281_pY980_pS982_pY1161_pY1165_pY1166_pY1280_pY1281_IGF1R__pY980_pS982_pY1161_pY1165_pY1166_pY1280_pY1281_pY980_pS982_pY1161_pY1165_pY1166_pY1280_pY1281_IGF1R__IRS__PLCG_ * 1.0 + cyt_cong__IGF__pY980_pS982_pY1161_pY1165_pY1166_pY1280_pY1281_pY980_pS982_pY1161_pY1165_pY1166_pY1280_pY1281_IGF1R__pY980_pS982_pY1161_pY1165_pY1166_pY1280_pY1281_pY980_pS982_pY1161_pY1165_pY1166_pY1280_pY1281_IGF1R__IGF__IRS__PLCG_ * 1.0 + cyt_cong__IGF__pY980_pS982_pY1161_pY1165_pY1166_pY1280_pY1281_pY980_pS982_pY1161_pY1165_pY1166_pY1280_pY1281_IGF1R__pY980_pS982_pY1161_pY1165_pY1166_pY1280_pY1281_pY980_pS982_pY1161_pY1165_pY1166_pY1280_pY1281_IGF1R__IRS__PIK3C__PIK3R_ * 1.0 + cyt_cong__IGF__pY980_pS982_pY1161_pY1165_pY1166_pY1280_pY1281_pY980_pS982_pY1161_pY1165_pY1166_pY1280_pY1281_IGF1R__pY980_pS982_pY1161_pY1165_pY1166_pY1280_pY1281_pY980_pS982_pY1161_pY1165_pY1166_pY1280_pY1281_IGF1R__IGF__IRS__PIK3C__PIK3R_ * 1.0 + cyt_cong__IGF__pY980_pS982_pY1161_pY1165_pY1166_pY1280_pY1281_pY980_pS982_pY1161_pY1165_pY1166_pY1280_pY1281_IGF1R__pY980_pS982_pY1161_pY1165_pY1166_pY1280_pY1281_pY980_pS982_pY1161_pY1165_pY1166_pY1280_pY1281_IGF1R__IRS__P3C2A_ * 1.0 + cyt_cong__IGF__pY980_pS982_pY1161_pY1165_pY1166_pY1280_pY1281_pY980_pS982_pY1161_pY1165_pY1166_pY1280_pY1281_IGF1R__pY980_pS982_pY1161_pY1165_pY1166_pY1280_pY1281_pY980_pS982_pY1161_pY1165_pY1166_pY1280_pY1281_IGF1R__IGF__IRS__P3C2A_ * 1.0 + cyt_cong_in__IGF__pY980_pS982_pY1161_pY1165_pY1166_pY1280_pY1281_pY980_pS982_pY1161_pY1165_pY1166_pY1280_pY1281_IGF1R__pY980_pS982_pY1161_pY1165_pY1166_pY1280_pY1281_pY980_pS982_pY1161_pY1165_pY1166_pY1280_pY1281_IGF1R__IRS__GRB2__SOS1_1__RAS__GDP_ * 1.0 + cyt_cong_in__IGF__pY980_pS982_pY1161_pY1165_pY1166_pY1280_pY1281_pY980_pS982_pY1161_pY1165_pY1166_pY1280_pY1281_IGF1R__pY980_pS982_pY1161_pY1165_pY1166_pY1280_pY1281_pY980_pS982_pY1161_pY1165_pY1166_pY1280_pY1281_IGF1R__IGF__IRS__GRB2__SOS1_1__RAS__GDP_ * 1.0 + cyt_cong__IGF__pY980_pS982_pY1161_pY1165_pY1166_pY1280_pY1281_pY980_pS982_pY1161_pY1165_pY1166_pY1280_pY1281_IGF1R__pY980_pS982_pY1161_pY1165_pY1166_pY1280_pY1281_pY980_pS982_pY1161_pY1165_pY1166_pY1280_pY1281_IGF1R__IRS__GRB2__SOS1_1__RAS__GDP_ * 1.0 + cyt_cong__IGF__pY980_pS982_pY1161_pY1165_pY1166_pY1280_pY1281_pY980_pS982_pY1161_pY1165_pY1166_pY1280_pY1281_IGF1R__pY980_pS982_pY1161_pY1165_pY1166_pY1280_pY1281_pY980_pS982_pY1161_pY1165_pY1166_pY1280_pY1281_IGF1R__IGF__IRS__GRB2__SOS1_1__RAS__GDP_ * 1.0 + cyt_mixed__IGF__pY980_pS982_pY1161_pY1165_pY1166_pY1280_pY1281_pY980_pS982_pY1161_pY1165_pY1166_pY1280_pY1281_IGF1R__pY980_pS982_pY1161_pY1165_pY1166_pY1280_pY1281_pY980_pS982_pY1161_pY1165_pY1166_pY1280_pY1281_IGF1R__IRS__PLCG__PIP2_ * 1.0 + cyt_mixed__IGF__pY980_pS982_pY1161_pY1165_pY1166_pY1280_pY1281_pY980_pS982_pY1161_pY1165_pY1166_pY1280_pY1281_IGF1R__pY980_pS982_pY1161_pY1165_pY1166_pY1280_pY1281_pY980_pS982_pY1161_pY1165_pY1166_pY1280_pY1281_IGF1R__IGF__IRS__PLCG__PIP2_ * 1.0 + cyt_cong__IGF__pY980_pS982_pY1161_pY1165_pY1166_pY1280_pY1281_pY980_pS982_pY1161_pY1165_pY1166_pY1280_pY1281_IGF1R__pY980_pS982_pY1161_pY1165_pY1166_pY1280_pY1281_pY980_pS982_pY1161_pY1165_pY1166_pY1280_pY1281_IGF1R__IRS__PIK3C__PIK3R__PIP2_ * 1.0 + cyt_cong__IGF__pY980_pS982_pY1161_pY1165_pY1166_pY1280_pY1281_pY980_pS982_pY1161_pY1165_pY1166_pY1280_pY1281_IGF1R__pY980_pS982_pY1161_pY1165_pY1166_pY1280_pY1281_pY980_pS982_pY1161_pY1165_pY1166_pY1280_pY1281_IGF1R__IGF__IRS__PIK3C__PIK3R__PIP2_ * 1.0 + cyt_cong__IGF__pY980_pS982_pY1161_pY1165_pY1166_pY1280_pY1281_pY980_pS982_pY1161_pY1165_pY1166_pY1280_pY1281_IGF1R__pY980_pS982_pY1161_pY1165_pY1166_pY1280_pY1281_pY980_pS982_pY1161_pY1165_pY1166_pY1280_pY1281_IGF1R__IRS__P3C2A__PIP_ * 1.0 + cyt_cong__IGF__pY980_pS982_pY1161_pY1165_pY1166_pY1280_pY1281_pY980_pS982_pY1161_pY1165_pY1166_pY1280_pY1281_IGF1R__pY980_pS982_pY1161_pY1165_pY1166_pY1280_pY1281_pY980_pS982_pY1161_pY1165_pY1166_pY1280_pY1281_IGF1R__IGF__IRS__P3C2A__PIP_ * 1.0	
Ir abundance	cyt_prot__IGF1R_1_ * 1.0 + cyt_prot__IGF1R__IGF1R_ * 1.0 + cyt_cong__IGF__IGF1R__IGF1R_ * 1.0 + cyt_cong__IGF__IGF1R__IGF__IGF1R_ * 1.0 + cyt_cong__IGF__pY980_pS982_pY1161_pY1165_pY1166_pY1280_pY1281_pY980_pS982_pY1161_pY1165_pY1166_pY1280_pY1281_IGF1R__pY980_pS982_pY1161_pY1165_pY1166_pY1280_pY1281_pY980_pS982_pY1161_pY1165_pY1166_pY1280_pY1281_IGF1R_ * 1.0 + cyt_cong__IGF__pY980_pS982_pY1161_pY1165_pY1166_pY1280_pY1281_pY980_pS982_pY1161_pY1165_pY1166_pY1280_pY1281_IGF1R__pY980_pS982_pY1161_pY1165_pY1166_pY1280_pY1281_pY980_pS982_pY1161_pY1165_pY1166_pY1280_pY1281_IGF1R__IGF_ * 1.0 + cyt_cong__IGF__pY980_pS982_pY1161_pY1165_pY1166_pY1280_pY1281_pY980_pS982_pY1161_pY1165_pY1166_pY1280_pY1281_IGF1R__pY980_pS982_pY1161_pY1165_pY1166_pY1280_pY1281_pY980_pS982_pY1161_pY1165_pY1166_pY1280_pY1281_IGF1R__IRS_ * 1.0 + cyt_cong__IGF__pY980_pS982_pY1161_pY1165_pY1166_pY1280_pY1281_pY980_pS982_pY1161_pY1165_pY1166_pY1280_pY1281_IGF1R__pY980_pS982_pY1161_pY1165_pY1166_pY1280_pY1281_pY980_pS982_pY1161_pY1165_pY1166_pY1280_pY1281_IGF1R__IGF__IRS_ * 1.0 + cyt_cong__SPY2__IGF__IGF1R__IGF1R_ * 1.0 + cyt_cong__SPY2__IGF__IGF1R__IGF1R__IGF_ * 1.0 + cyt_cong_in__IGF__IGF1R__IGF1R_ * 1.0 + cyt_cong_in__IGF__IGF1R__IGF1R__IGF_ * 1.0 + cyt_cong_in__IGF__pY980_pS982_pY1161_pY1165_pY1166_pY1280_pY1281_pY980_pS982_pY1161_pY1165_pY1166_pY1280_pY1281_IGF1R__pY980_pS982_pY1161_pY1165_pY1166_pY1280_pY1281_pY980_pS982_pY1161_pY1165_pY1166_pY1280_pY1281_IGF1R_ * 1.0 + cyt_cong_in__IGF__pY980_pS982_pY1161_pY1165_pY1166_pY1280_pY1281_pY980_pS982_pY1161_pY1165_pY1166_pY1280_pY1281_IGF1R__pY980_pS982_pY1161_pY1165_pY1166_pY1280_pY1281_pY980_pS982_pY1161_pY1165_pY1166_pY1280_pY1281_IGF1R__IGF_ * 1.0 + cyt_cong_in__IGF__pY980_pS982_pY1161_pY1165_pY1166_pY1280_pY1281_pY980_pS982_pY1161_pY1165_pY1166_pY1280_pY1281_IGF1R__pY980_pS982_pY1161_pY1165_pY1166_pY1280_pY1281_pY980_pS982_pY1161_pY1165_pY1166_pY1280_pY1281_IGF1R__IRS_ * 1.0 + cyt_cong_in__IGF__pY980_pS982_pY1161_pY1165_pY1166_pY1280_pY1281_pY980_pS982_pY1161_pY1165_pY1166_pY1280_pY1281_IGF1R__pY980_pS982_pY1161_pY1165_pY1166_pY1280_pY1281_pY980_pS982_pY1161_pY1165_pY1166_pY1280_pY1281_IGF1R__IGF__IRS_ * 1.0 + cyt_cong__IGF__pY980_pS982_pY1161_pY1165_pY1166_pY1280_pY1281_pY980_pS982_pY1161_pY1165_pY1166_pY1280_pY1281_IGF1R__pY980_pS982_pY1161_pY1165_pY1166_pY1280_pY1281_pY980_pS982_pY1161_pY1165_pY1166_pY1280_pY1281_IGF1R__IRS__GRB2__SOS1_1_ * 1.0 + cyt_cong__IGF__pY980_pS982_pY1161_pY1165_pY1166_pY1280_pY1281_pY980_pS982_pY1161_pY1165_pY1166_pY1280_pY1281_IGF1R__pY980_pS982_pY1161_pY1165_pY1166_pY1280_pY1281_pY980_pS982_pY1161_pY1165_pY1166_pY1280_pY1281_IGF1R__IGF__IRS__GRB2__SOS1_1_ * 1.0 + cyt_cong_in__IGF__pY980_pS982_pY1161_pY1165_pY1166_pY1280_pY1281_pY980_pS982_pY1161_pY1165_pY1166_pY1280_pY1281_IGF1R__pY980_pS982_pY1161_pY1165_pY1166_pY1280_pY1281_pY980_pS982_pY1161_pY1165_pY1166_pY1280_pY1281_IGF1R__IRS__GRB2__SOS1_1_ * 1.0 + cyt_cong_in__IGF__pY980_pS982_pY1161_pY1165_pY1166_pY1280_pY1281_pY980_pS982_pY1161_pY1165_pY1166_pY1280_pY1281_IGF1R__pY980_pS982_pY1161_pY1165_pY1166_pY1280_pY1281_pY980_pS982_pY1161_pY1165_pY1166_pY1280_pY1281_IGF1R__IGF__IRS__GRB2__SOS1_1_ * 1.0 + cyt_cong__IGF__pY980_pS982_pY1161_pY1165_pY1166_pY1280_pY1281_pY980_pS982_pY1161_pY1165_pY1166_pY1280_pY1281_IGF1R__pY980_pS982_pY1161_pY1165_pY1166_pY1280_pY1281_pY980_pS982_pY1161_pY1165_pY1166_pY1280_pY1281_IGF1R__IRS__PLCG_ * 1.0 + cyt_cong__IGF__pY980_pS982_pY1161_pY1165_pY1166_pY1280_pY1281_pY980_pS982_pY1161_pY1165_pY1166_pY1280_pY1281_IGF1R__pY980_pS982_pY1161_pY1165_pY1166_pY1280_pY1281_pY980_pS982_pY1161_pY1165_pY1166_pY1280_pY1281_IGF1R__IGF__IRS__PLCG_ * 1.0 + cyt_cong__IGF__pY980_pS982_pY1161_pY1165_pY1166_pY1280_pY1281_pY980_pS982_pY1161_pY1165_pY1166_pY1280_pY1281_IGF1R__pY980_pS982_pY1161_pY1165_pY1166_pY1280_pY1281_pY980_pS982_pY1161_pY1165_pY1166_pY1280_pY1281_IGF1R__IRS__PIK3C__PIK3R_ * 1.0 + cyt_cong__IGF__pY980_pS982_pY1161_pY1165_pY1166_pY1280_pY1281_pY980_pS982_pY1161_pY1165_pY1166_pY1280_pY1281_IGF1R__pY980_pS982_pY1161_pY1165_pY1166_pY1280_pY1281_pY980_pS982_pY1161_pY1165_pY1166_pY1280_pY1281_IGF1R__IGF__IRS__PIK3C__PIK3R_ * 1.0 + cyt_cong__IGF__pY980_pS982_pY1161_pY1165_pY1166_pY1280_pY1281_pY980_pS982_pY1161_pY1165_pY1166_pY1280_pY1281_IGF1R__pY980_pS982_pY1161_pY1165_pY1166_pY1280_pY1281_pY980_pS982_pY1161_pY1165_pY1166_pY1280_pY1281_IGF1R__IRS__P3C2A_ * 1.0 + cyt_cong__IGF__pY980_pS982_pY1161_pY1165_pY1166_pY1280_pY1281_pY980_pS982_pY1161_pY1165_pY1166_pY1280_pY1281_IGF1R__pY980_pS982_pY1161_pY1165_pY1166_pY1280_pY1281_pY980_pS982_pY1161_pY1165_pY1166_pY1280_pY1281_IGF1R__IGF__IRS__P3C2A_ * 1.0 + cyt_cong_in__IGF__pY980_pS982_pY1161_pY1165_pY1166_pY1280_pY1281_pY980_pS982_pY1161_pY1165_pY1166_pY1280_pY1281_IGF1R__pY980_pS982_pY1161_pY1165_pY1166_pY1280_pY1281_pY980_pS982_pY1161_pY1165_pY1166_pY1280_pY1281_IGF1R__IRS__GRB2__SOS1_1__RAS__GDP_ * 1.0 + cyt_cong_in__IGF__pY980_pS982_pY1161_pY1165_pY1166_pY1280_pY1281_pY980_pS982_pY1161_pY1165_pY1166_pY1280_pY1281_IGF1R__pY980_pS982_pY1161_pY1165_pY1166_pY1280_pY1281_pY980_pS982_pY1161_pY1165_pY1166_pY1280_pY1281_IGF1R__IGF__IRS__GRB2__SOS1_1__RAS__GDP_ * 1.0 + cyt_cong__IGF__pY980_pS982_pY1161_pY1165_pY1166_pY1280_pY1281_pY980_pS982_pY1161_pY1165_pY1166_pY1280_pY1281_IGF1R__pY980_pS982_pY1161_pY1165_pY1166_pY1280_pY1281_pY980_pS982_pY1161_pY1165_pY1166_pY1280_pY1281_IGF1R__IRS__GRB2__SOS1_1__RAS__GDP_ * 1.0 + cyt_cong__IGF__pY980_pS982_pY1161_pY1165_pY1166_pY1280_pY1281_pY980_pS982_pY1161_pY1165_pY1166_pY1280_pY1281_IGF1R__pY980_pS982_pY1161_pY1165_pY1166_pY1280_pY1281_pY980_pS982_pY1161_pY1165_pY1166_pY1280_pY1281_IGF1R__IGF__IRS__GRB2__SOS1_1__RAS__GDP_ * 1.0 + cyt_mixed__IGF__pY980_pS982_pY1161_pY1165_pY1166_pY1280_pY1281_pY980_pS982_pY1161_pY1165_pY1166_pY1280_pY1281_IGF1R__pY980_pS982_pY1161_pY1165_pY1166_pY1280_pY1281_pY980_pS982_pY1161_pY1165_pY1166_pY1280_pY1281_IGF1R__IRS__PLCG__PIP2_ * 1.0 + cyt_mixed__IGF__pY980_pS982_pY1161_pY1165_pY1166_pY1280_pY1281_pY980_pS982_pY1161_pY1165_pY1166_pY1280_pY1281_IGF1R__pY980_pS982_pY1161_pY1165_pY1166_pY1280_pY1281_pY980_pS982_pY1161_pY1165_pY1166_pY1280_pY1281_IGF1R__IGF__IRS__PLCG__PIP2_ * 1.0 + cyt_cong__IGF__pY980_pS982_pY1161_pY1165_pY1166_pY1280_pY1281_pY980_pS982_pY1161_pY1165_pY1166_pY1280_pY1281_IGF1R__pY980_pS982_pY1161_pY1165_pY1166_pY1280_pY1281_pY980_pS982_pY1161_pY1165_pY1166_pY1280_pY1281_IGF1R__IRS__PIK3C__PIK3R__PIP2_ * 1.0 + cyt_cong__IGF__pY980_pS982_pY1161_pY1165_pY1166_pY1280_pY1281_pY980_pS982_pY1161_pY1165_pY1166_pY1280_pY1281_IGF1R__pY980_pS982_pY1161_pY1165_pY1166_pY1280_pY1281_pY980_pS982_pY1161_pY1165_pY1166_pY1280_pY1281_IGF1R__IGF__IRS__PIK3C__PIK3R__PIP2_ * 1.0 + cyt_cong__IGF__pY980_pS982_pY1161_pY1165_pY1166_pY1280_pY1281_pY980_pS982_pY1161_pY1165_pY1166_pY1280_pY1281_IGF1R__pY980_pS982_pY1161_pY1165_pY1166_pY1280_pY1281_pY980_pS982_pY1161_pY1165_pY1166_pY1280_pY1281_IGF1R__IRS__P3C2A__PIP_ * 1.0 + cyt_cong__IGF__pY980_pS982_pY1161_pY1165_pY1166_pY1280_pY1281_pY980_pS982_pY1161_pY1165_pY1166_pY1280_pY1281_IGF1R__pY980_pS982_pY1161_pY1165_pY1166_pY1280_pY1281_pY980_pS982_pY1161_pY1165_pY1166_pY1280_pY1281_IGF1R__IGF__IRS__P3C2A__PIP_ * 1.0	1
Isr abundance	cyt_prot__INSR_1_ * 1.0 + cyt_prot__INSR_1__INSR_1_ * 1.0 + cyt_prot__INS_1__INSR_1__INSR_1_ * 1.0 + cyt_prot__INS_1__INSR_1__INS_1__INSR_1_ * 1.0 + cyt_prot__INS_1__pY992_pY999_pY1011_pY1185_pY1189_pY1190_pY1314_pY1348_pY1355_pY992_pY999_pY1011_pY1185_pY1189_pY1190_pY1314_pY1348_pY1355_INSR_1__pY992_pY999_pY1011_pY1185_pY1189_pY1190_pY1314_pY1348_pY1355_pY992_pY999_pY1011_pY1185_pY1189_pY1190_pY1314_pY1348_pY1355_INSR_1_ * 1.0 + cyt_prot__INS_1__pY992_pY999_pY1011_pY1185_pY1189_pY1190_pY1314_pY1348_pY1355_pY992_pY999_pY1011_pY1185_pY1189_pY1190_pY1314_pY1348_pY1355_INSR_1__pY992_pY999_pY1011_pY1185_pY1189_pY1190_pY1314_pY1348_pY1355_pY992_pY999_pY1011_pY1185_pY1189_pY1190_pY1314_pY1348_pY1355_INSR_1__INS_1_ * 1.0 + cyt_cong__INS_1__pY992_pY999_pY1011_pY1185_pY1189_pY1190_pY1314_pY1348_pY1355_pY992_pY999_pY1011_pY1185_pY1189_pY1190_pY1314_pY1348_pY1355_INSR_1__pY992_pY999_pY1011_pY1185_pY1189_pY1190_pY1314_pY1348_pY1355_pY992_pY999_pY1011_pY1185_pY1189_pY1190_pY1314_pY1348_pY1355_INSR_1__IRS_ * 1.0 + cyt_cong__INS_1__pY992_pY999_pY1011_pY1185_pY1189_pY1190_pY1314_pY1348_pY1355_pY992_pY999_pY1011_pY1185_pY1189_pY1190_pY1314_pY1348_pY1355_INSR_1__pY992_pY999_pY1011_pY1185_pY1189_pY1190_pY1314_pY1348_pY1355_pY992_pY999_pY1011_pY1185_pY1189_pY1190_pY1314_pY1348_pY1355_INSR_1__INS_1__IRS_ * 1.0 + cyt_prot__SPY2__INS_1__INSR_1__INSR_1_ * 1.0 + cyt_prot__SPY2__INS_1__INSR_1__INSR_1__INS_1_ * 1.0 + cyt_prot_in__INS_1__INSR_1__INSR_1_ * 1.0 + cyt_prot_in__INS_1__INSR_1__INSR_1__INS_1_ * 1.0 + cyt_prot_in__INS_1__pY992_pY999_pY1011_pY1185_pY1189_pY1190_pY1314_pY1348_pY1355_pY992_pY999_pY1011_pY1185_pY1189_pY1190_pY1314_pY1348_pY1355_INSR_1__pY992_pY999_pY1011_pY1185_pY1189_pY1190_pY1314_pY1348_pY1355_pY992_pY999_pY1011_pY1185_pY1189_pY1190_pY1314_pY1348_pY1355_INSR_1_ * 1.0 + cyt_prot_in__INS_1__pY992_pY999_pY1011_pY1185_pY1189_pY1190_pY1314_pY1348_pY1355_pY992_pY999_pY1011_pY1185_pY1189_pY1190_pY1314_pY1348_pY1355_INSR_1__pY992_pY999_pY1011_pY1185_pY1189_pY1190_pY1314_pY1348_pY1355_pY992_pY999_pY1011_pY1185_pY1189_pY1190_pY1314_pY1348_pY1355_INSR_1__INS_1_ * 1.0 + cyt_cong_in__INS_1__pY992_pY999_pY1011_pY1185_pY1189_pY1190_pY1314_pY1348_pY1355_pY992_pY999_pY1011_pY1185_pY1189_pY1190_pY1314_pY1348_pY1355_INSR_1__pY992_pY999_pY1011_pY1185_pY1189_pY1190_pY1314_pY1348_pY1355_pY992_pY999_pY1011_pY1185_pY1189_pY1190_pY1314_pY1348_pY1355_INSR_1__IRS_ * 1.0 + cyt_cong_in__INS_1__pY992_pY999_pY1011_pY1185_pY1189_pY1190_pY1314_pY1348_pY1355_pY992_pY999_pY1011_pY1185_pY1189_pY1190_pY1314_pY1348_pY1355_INSR_1__pY992_pY999_pY1011_pY1185_pY1189_pY1190_pY1314_pY1348_pY1355_pY992_pY999_pY1011_pY1185_pY1189_pY1190_pY1314_pY1348_pY1355_INSR_1__INS_1__IRS_ * 1.0 + cyt_cong__INS_1__pY992_pY999_pY1011_pY1185_pY1189_pY1190_pY1314_pY1348_pY1355_pY992_pY999_pY1011_pY1185_pY1189_pY1190_pY1314_pY1348_pY1355_INSR_1__pY992_pY999_pY1011_pY1185_pY1189_pY1190_pY1314_pY1348_pY1355_pY992_pY999_pY1011_pY1185_pY1189_pY1190_pY1314_pY1348_pY1355_INSR_1__IRS__GRB2__SOS1_1_ * 1.0 + cyt_cong__INS_1__pY992_pY999_pY1011_pY1185_pY1189_pY1190_pY1314_pY1348_pY1355_pY992_pY999_pY1011_pY1185_pY1189_pY1190_pY1314_pY1348_pY1355_INSR_1__pY992_pY999_pY1011_pY1185_pY1189_pY1190_pY1314_pY1348_pY1355_pY992_pY999_pY1011_pY1185_pY1189_pY1190_pY1314_pY1348_pY1355_INSR_1__INS_1__IRS__GRB2__SOS1_1_ * 1.0 + cyt_cong_in__INS_1__pY992_pY999_pY1011_pY1185_pY1189_pY1190_pY1314_pY1348_pY1355_pY992_pY999_pY1011_pY1185_pY1189_pY1190_pY1314_pY1348_pY1355_INSR_1__pY992_pY999_pY1011_pY1185_pY1189_pY1190_pY1314_pY1348_pY1355_pY992_pY999_pY1011_pY1185_pY1189_pY1190_pY1314_pY1348_pY1355_INSR_1__IRS__GRB2__SOS1_1_ * 1.0 + cyt_cong_in__INS_1__pY992_pY999_pY1011_pY1185_pY1189_pY1190_pY1314_pY1348_pY1355_pY992_pY999_pY1011_pY1185_pY1189_pY1190_pY1314_pY1348_pY1355_INSR_1__pY992_pY999_pY1011_pY1185_pY1189_pY1190_pY1314_pY1348_pY1355_pY992_pY999_pY1011_pY1185_pY1189_pY1190_pY1314_pY1348_pY1355_INSR_1__INS_1__IRS__GRB2__SOS1_1_ * 1.0 + cyt_cong__INS_1__pY992_pY999_pY1011_pY1185_pY1189_pY1190_pY1314_pY1348_pY1355_pY992_pY999_pY1011_pY1185_pY1189_pY1190_pY1314_pY1348_pY1355_INSR_1__pY992_pY999_pY1011_pY1185_pY1189_pY1190_pY1314_pY1348_pY1355_pY992_pY999_pY1011_pY1185_pY1189_pY1190_pY1314_pY1348_pY1355_INSR_1__IRS__PLCG_ * 1.0 + cyt_cong__INS_1__pY992_pY999_pY1011_pY1185_pY1189_pY1190_pY1314_pY1348_pY1355_pY992_pY999_pY1011_pY1185_pY1189_pY1190_pY1314_pY1348_pY1355_INSR_1__pY992_pY999_pY1011_pY1185_pY1189_pY1190_pY1314_pY1348_pY1355_pY992_pY999_pY1011_pY1185_pY1189_pY1190_pY1314_pY1348_pY1355_INSR_1__INS_1__IRS__PLCG_ * 1.0 + cyt_cong__INS_1__pY992_pY999_pY1011_pY1185_pY1189_pY1190_pY1314_pY1348_pY1355_pY992_pY999_pY1011_pY1185_pY1189_pY1190_pY1314_pY1348_pY1355_INSR_1__pY992_pY999_pY1011_pY1185_pY1189_pY1190_pY1314_pY1348_pY1355_pY992_pY999_pY1011_pY1185_pY1189_pY1190_pY1314_pY1348_pY1355_INSR_1__IRS__PIK3C__PIK3R_ * 1.0 + cyt_cong__INS_1__pY992_pY999_pY1011_pY1185_pY1189_pY1190_pY1314_pY1348_pY1355_pY992_pY999_pY1011_pY1185_pY1189_pY1190_pY1314_pY1348_pY1355_INSR_1__pY992_pY999_pY1011_pY1185_pY1189_pY1190_pY1314_pY1348_pY1355_pY992_pY999_pY1011_pY1185_pY1189_pY1190_pY1314_pY1348_pY1355_INSR_1__INS_1__IRS__PIK3C__PIK3R_ * 1.0 + cyt_cong__INS_1__pY992_pY999_pY1011_pY1185_pY1189_pY1190_pY1314_pY1348_pY1355_pY992_pY999_pY1011_pY1185_pY1189_pY1190_pY1314_pY1348_pY1355_INSR_1__pY992_pY999_pY1011_pY1185_pY1189_pY1190_pY1314_pY1348_pY1355_pY992_pY999_pY1011_pY1185_pY1189_pY1190_pY1314_pY1348_pY1355_INSR_1__IRS__P3C2A_ * 1.0 + cyt_cong__INS_1__pY992_pY999_pY1011_pY1185_pY1189_pY1190_pY1314_pY1348_pY1355_pY992_pY999_pY1011_pY1185_pY1189_pY1190_pY1314_pY1348_pY1355_INSR_1__pY992_pY999_pY1011_pY1185_pY1189_pY1190_pY1314_pY1348_pY1355_pY992_pY999_pY1011_pY1185_pY1189_pY1190_pY1314_pY1348_pY1355_INSR_1__INS_1__IRS__P3C2A_ * 1.0 + cyt_cong_in__INS_1__pY992_pY999_pY1011_pY1185_pY1189_pY1190_pY1314_pY1348_pY1355_pY992_pY999_pY1011_pY1185_pY1189_pY1190_pY1314_pY1348_pY1355_INSR_1__pY992_pY999_pY1011_pY1185_pY1189_pY1190_pY1314_pY1348_pY1355_pY992_pY999_pY1011_pY1185_pY1189_pY1190_pY1314_pY1348_pY1355_INSR_1__IRS__GRB2__SOS1_1__RAS__GDP_ * 1.0 + cyt_cong_in__INS_1__pY992_pY999_pY1011_pY1185_pY1189_pY1190_pY1314_pY1348_pY1355_pY992_pY999_pY1011_pY1185_pY1189_pY1190_pY1314_pY1348_pY1355_INSR_1__pY992_pY999_pY1011_pY1185_pY1189_pY1190_pY1314_pY1348_pY1355_pY992_pY999_pY1011_pY1185_pY1189_pY1190_pY1314_pY1348_pY1355_INSR_1__INS_1__IRS__GRB2__SOS1_1__RAS__GDP_ * 1.0 + cyt_cong__INS_1__pY992_pY999_pY1011_pY1185_pY1189_pY1190_pY1314_pY1348_pY1355_pY992_pY999_pY1011_pY1185_pY1189_pY1190_pY1314_pY1348_pY1355_INSR_1__pY992_pY999_pY1011_pY1185_pY1189_pY1190_pY1314_pY1348_pY1355_pY992_pY999_pY1011_pY1185_pY1189_pY1190_pY1314_pY1348_pY1355_INSR_1__IRS__GRB2__SOS1_1__RAS__GDP_ * 1.0 + cyt_cong__INS_1__pY992_pY999_pY1011_pY1185_pY1189_pY1190_pY1314_pY1348_pY1355_pY992_pY999_pY1011_pY1185_pY1189_pY1190_pY1314_pY1348_pY1355_INSR_1__pY992_pY999_pY1011_pY1185_pY1189_pY1190_pY1314_pY1348_pY1355_pY992_pY999_pY1011_pY1185_pY1189_pY1190_pY1314_pY1348_pY1355_INSR_1__INS_1__IRS__GRB2__SOS1_1__RAS__GDP_ * 1.0 + cyt_mixed__INS_1__pY992_pY999_pY1011_pY1185_pY1189_pY1190_pY1314_pY1348_pY1355_pY992_pY999_pY1011_pY1185_pY1189_pY1190_pY1314_pY1348_pY1355_INSR_1__pY992_pY999_pY1011_pY1185_pY1189_pY1190_pY1314_pY1348_pY1355_pY992_pY999_pY1011_pY1185_pY1189_pY1190_pY1314_pY1348_pY1355_INSR_1__IRS__PLCG__PIP2_ * 1.0 + cyt_mixed__INS_1__pY992_pY999_pY1011_pY1185_pY1189_pY1190_pY1314_pY1348_pY1355_pY992_pY999_pY1011_pY1185_pY1189_pY1190_pY1314_pY1348_pY1355_INSR_1__pY992_pY999_pY1011_pY1185_pY1189_pY1190_pY1314_pY1348_pY1355_pY992_pY999_pY1011_pY1185_pY1189_pY1190_pY1314_pY1348_pY1355_INSR_1__INS_1__IRS__PLCG__PIP2_ * 1.0 + cyt_cong__INS_1__pY992_pY999_pY1011_pY1185_pY1189_pY1190_pY1314_pY1348_pY1355_pY992_pY999_pY1011_pY1185_pY1189_pY1190_pY1314_pY1348_pY1355_INSR_1__pY992_pY999_pY1011_pY1185_pY1189_pY1190_pY1314_pY1348_pY1355_pY992_pY999_pY1011_pY1185_pY1189_pY1190_pY1314_pY1348_pY1355_INSR_1__IRS__PIK3C__PIK3R__PIP2_ * 1.0 + cyt_cong__INS_1__pY992_pY999_pY1011_pY1185_pY1189_pY1190_pY1314_pY1348_pY1355_pY992_pY999_pY1011_pY1185_pY1189_pY1190_pY1314_pY1348_pY1355_INSR_1__pY992_pY999_pY1011_pY1185_pY1189_pY1190_pY1314_pY1348_pY1355_pY992_pY999_pY1011_pY1185_pY1189_pY1190_pY1314_pY1348_pY1355_INSR_1__INS_1__IRS__PIK3C__PIK3R__PIP2_ * 1.0 + cyt_cong__INS_1__pY992_pY999_pY1011_pY1185_pY1189_pY1190_pY1314_pY1348_pY1355_pY992_pY999_pY1011_pY1185_pY1189_pY1190_pY1314_pY1348_pY1355_INSR_1__pY992_pY999_pY1011_pY1185_pY1189_pY1190_pY1314_pY1348_pY1355_pY992_pY999_pY1011_pY1185_pY1189_pY1190_pY1314_pY1348_pY1355_INSR_1__IRS__P3C2A__PIP_ * 1.0 + cyt_cong__INS_1__pY992_pY999_pY1011_pY1185_pY1189_pY1190_pY1314_pY1348_pY1355_pY992_pY999_pY1011_pY1185_pY1189_pY1190_pY1314_pY1348_pY1355_INSR_1__pY992_pY999_pY1011_pY1185_pY1189_pY1190_pY1314_pY1348_pY1355_pY992_pY999_pY1011_pY1185_pY1189_pY1190_pY1314_pY1348_pY1355_INSR_1__INS_1__IRS__P3C2A__PIP_ * 1.0	1
IRS abundance	cyt_cong__IGF__pY980_pS982_pY1161_pY1165_pY1166_pY1280_pY1281_pY980_pS982_pY1161_pY1165_pY1166_pY1280_pY1281_IGF1R__pY980_pS982_pY1161_pY1165_pY1166_pY1280_pY1281_pY980_pS982_pY1161_pY1165_pY1166_pY1280_pY1281_IGF1R__IRS_ * 1.0 + cyt_cong__INS_1__pY992_pY999_pY1011_pY1185_pY1189_pY1190_pY1314_pY1348_pY1355_pY992_pY999_pY1011_pY1185_pY1189_pY1190_pY1314_pY1348_pY1355_INSR_1__pY992_pY999_pY1011_pY1185_pY1189_pY1190_pY1314_pY1348_pY1355_pY992_pY999_pY1011_pY1185_pY1189_pY1190_pY1314_pY1348_pY1355_INSR_1__IRS_ * 1.0 + cyt_cong__IGF__pY980_pS982_pY1161_pY1165_pY1166_pY1280_pY1281_pY980_pS982_pY1161_pY1165_pY1166_pY1280_pY1281_IGF1R__pY980_pS982_pY1161_pY1165_pY1166_pY1280_pY1281_pY980_pS982_pY1161_pY1165_pY1166_pY1280_pY1281_IGF1R__IGF__IRS_ * 1.0 + cyt_cong__INS_1__pY992_pY999_pY1011_pY1185_pY1189_pY1190_pY1314_pY1348_pY1355_pY992_pY999_pY1011_pY1185_pY1189_pY1190_pY1314_pY1348_pY1355_INSR_1__pY992_pY999_pY1011_pY1185_pY1189_pY1190_pY1314_pY1348_pY1355_pY992_pY999_pY1011_pY1185_pY1189_pY1190_pY1314_pY1348_pY1355_INSR_1__INS_1__IRS_ * 1.0 + cyt_cong_in__IGF__pY980_pS982_pY1161_pY1165_pY1166_pY1280_pY1281_pY980_pS982_pY1161_pY1165_pY1166_pY1280_pY1281_IGF1R__pY980_pS982_pY1161_pY1165_pY1166_pY1280_pY1281_pY980_pS982_pY1161_pY1165_pY1166_pY1280_pY1281_IGF1R__IRS_ * 1.0 + cyt_cong_in__INS_1__pY992_pY999_pY1011_pY1185_pY1189_pY1190_pY1314_pY1348_pY1355_pY992_pY999_pY1011_pY1185_pY1189_pY1190_pY1314_pY1348_pY1355_INSR_1__pY992_pY999_pY1011_pY1185_pY1189_pY1190_pY1314_pY1348_pY1355_pY992_pY999_pY1011_pY1185_pY1189_pY1190_pY1314_pY1348_pY1355_INSR_1__IRS_ * 1.0 + cyt_cong_in__IGF__pY980_pS982_pY1161_pY1165_pY1166_pY1280_pY1281_pY980_pS982_pY1161_pY1165_pY1166_pY1280_pY1281_IGF1R__pY980_pS982_pY1161_pY1165_pY1166_pY1280_pY1281_pY980_pS982_pY1161_pY1165_pY1166_pY1280_pY1281_IGF1R__IGF__IRS_ * 1.0 + cyt_cong_in__INS_1__pY992_pY999_pY1011_pY1185_pY1189_pY1190_pY1314_pY1348_pY1355_pY992_pY999_pY1011_pY1185_pY1189_pY1190_pY1314_pY1348_pY1355_INSR_1__pY992_pY999_pY1011_pY1185_pY1189_pY1190_pY1314_pY1348_pY1355_pY992_pY999_pY1011_pY1185_pY1189_pY1190_pY1314_pY1348_pY1355_INSR_1__INS_1__IRS_ * 1.0 + cyt_cong__IGF__pY980_pS982_pY1161_pY1165_pY1166_pY1280_pY1281_pY980_pS982_pY1161_pY1165_pY1166_pY1280_pY1281_IGF1R__pY980_pS982_pY1161_pY1165_pY1166_pY1280_pY1281_pY980_pS982_pY1161_pY1165_pY1166_pY1280_pY1281_IGF1R__IRS__GRB2__SOS1_1_ * 1.0 + cyt_cong__INS_1__pY992_pY999_pY1011_pY1185_pY1189_pY1190_pY1314_pY1348_pY1355_pY992_pY999_pY1011_pY1185_pY1189_pY1190_pY1314_pY1348_pY1355_INSR_1__pY992_pY999_pY1011_pY1185_pY1189_pY1190_pY1314_pY1348_pY1355_pY992_pY999_pY1011_pY1185_pY1189_pY1190_pY1314_pY1348_pY1355_INSR_1__IRS__GRB2__SOS1_1_ * 1.0 + cyt_cong__IGF__pY980_pS982_pY1161_pY1165_pY1166_pY1280_pY1281_pY980_pS982_pY1161_pY1165_pY1166_pY1280_pY1281_IGF1R__pY980_pS982_pY1161_pY1165_pY1166_pY1280_pY1281_pY980_pS982_pY1161_pY1165_pY1166_pY1280_pY1281_IGF1R__IGF__IRS__GRB2__SOS1_1_ * 1.0 + cyt_cong__INS_1__pY992_pY999_pY1011_pY1185_pY1189_pY1190_pY1314_pY1348_pY1355_pY992_pY999_pY1011_pY1185_pY1189_pY1190_pY1314_pY1348_pY1355_INSR_1__pY992_pY999_pY1011_pY1185_pY1189_pY1190_pY1314_pY1348_pY1355_pY992_pY999_pY1011_pY1185_pY1189_pY1190_pY1314_pY1348_pY1355_INSR_1__INS_1__IRS__GRB2__SOS1_1_ * 1.0 + cyt_cong_in__IGF__pY980_pS982_pY1161_pY1165_pY1166_pY1280_pY1281_pY980_pS982_pY1161_pY1165_pY1166_pY1280_pY1281_IGF1R__pY980_pS982_pY1161_pY1165_pY1166_pY1280_pY1281_pY980_pS982_pY1161_pY1165_pY1166_pY1280_pY1281_IGF1R__IRS__GRB2__SOS1_1_ * 1.0 + cyt_cong_in__INS_1__pY992_pY999_pY1011_pY1185_pY1189_pY1190_pY1314_pY1348_pY1355_pY992_pY999_pY1011_pY1185_pY1189_pY1190_pY1314_pY1348_pY1355_INSR_1__pY992_pY999_pY1011_pY1185_pY1189_pY1190_pY1314_pY1348_pY1355_pY992_pY999_pY1011_pY1185_pY1189_pY1190_pY1314_pY1348_pY1355_INSR_1__IRS__GRB2__SOS1_1_ * 1.0 + cyt_cong_in__IGF__pY980_pS982_pY1161_pY1165_pY1166_pY1280_pY1281_pY980_pS982_pY1161_pY1165_pY1166_pY1280_pY1281_IGF1R__pY980_pS982_pY1161_pY1165_pY1166_pY1280_pY1281_pY980_pS982_pY1161_pY1165_pY1166_pY1280_pY1281_IGF1R__IGF__IRS__GRB2__SOS1_1_ * 1.0 + cyt_cong_in__INS_1__pY992_pY999_pY1011_pY1185_pY1189_pY1190_pY1314_pY1348_pY1355_pY992_pY999_pY1011_pY1185_pY1189_pY1190_pY1314_pY1348_pY1355_INSR_1__pY992_pY999_pY1011_pY1185_pY1189_pY1190_pY1314_pY1348_pY1355_pY992_pY999_pY1011_pY1185_pY1189_pY1190_pY1314_pY1348_pY1355_INSR_1__INS_1__IRS__GRB2__SOS1_1_ * 1.0 + cyt_cong__IGF__pY980_pS982_pY1161_pY1165_pY1166_pY1280_pY1281_pY980_pS982_pY1161_pY1165_pY1166_pY1280_pY1281_IGF1R__pY980_pS982_pY1161_pY1165_pY1166_pY1280_pY1281_pY980_pS982_pY1161_pY1165_pY1166_pY1280_pY1281_IGF1R__IRS__PLCG_ * 1.0 + cyt_cong__INS_1__pY992_pY999_pY1011_pY1185_pY1189_pY1190_pY1314_pY1348_pY1355_pY992_pY999_pY1011_pY1185_pY1189_pY1190_pY1314_pY1348_pY1355_INSR_1__pY992_pY999_pY1011_pY1185_pY1189_pY1190_pY1314_pY1348_pY1355_pY992_pY999_pY1011_pY1185_pY1189_pY1190_pY1314_pY1348_pY1355_INSR_1__IRS__PLCG_ * 1.0 + cyt_cong__IGF__pY980_pS982_pY1161_pY1165_pY1166_pY1280_pY1281_pY980_pS982_pY1161_pY1165_pY1166_pY1280_pY1281_IGF1R__pY980_pS982_pY1161_pY1165_pY1166_pY1280_pY1281_pY980_pS982_pY1161_pY1165_pY1166_pY1280_pY1281_IGF1R__IGF__IRS__PLCG_ * 1.0 + cyt_cong__INS_1__pY992_pY999_pY1011_pY1185_pY1189_pY1190_pY1314_pY1348_pY1355_pY992_pY999_pY1011_pY1185_pY1189_pY1190_pY1314_pY1348_pY1355_INSR_1__pY992_pY999_pY1011_pY1185_pY1189_pY1190_pY1314_pY1348_pY1355_pY992_pY999_pY1011_pY1185_pY1189_pY1190_pY1314_pY1348_pY1355_INSR_1__INS_1__IRS__PLCG_ * 1.0 + cyt_cong__IGF__pY980_pS982_pY1161_pY1165_pY1166_pY1280_pY1281_pY980_pS982_pY1161_pY1165_pY1166_pY1280_pY1281_IGF1R__pY980_pS982_pY1161_pY1165_pY1166_pY1280_pY1281_pY980_pS982_pY1161_pY1165_pY1166_pY1280_pY1281_IGF1R__IRS__PIK3C__PIK3R_ * 1.0 + cyt_cong__INS_1__pY992_pY999_pY1011_pY1185_pY1189_pY1190_pY1314_pY1348_pY1355_pY992_pY999_pY1011_pY1185_pY1189_pY1190_pY1314_pY1348_pY1355_INSR_1__pY992_pY999_pY1011_pY1185_pY1189_pY1190_pY1314_pY1348_pY1355_pY992_pY999_pY1011_pY1185_pY1189_pY1190_pY1314_pY1348_pY1355_INSR_1__IRS__PIK3C__PIK3R_ * 1.0 + cyt_cong__IGF__pY980_pS982_pY1161_pY1165_pY1166_pY1280_pY1281_pY980_pS982_pY1161_pY1165_pY1166_pY1280_pY1281_IGF1R__pY980_pS982_pY1161_pY1165_pY1166_pY1280_pY1281_pY980_pS982_pY1161_pY1165_pY1166_pY1280_pY1281_IGF1R__IGF__IRS__PIK3C__PIK3R_ * 1.0 + cyt_cong__INS_1__pY992_pY999_pY1011_pY1185_pY1189_pY1190_pY1314_pY1348_pY1355_pY992_pY999_pY1011_pY1185_pY1189_pY1190_pY1314_pY1348_pY1355_INSR_1__pY992_pY999_pY1011_pY1185_pY1189_pY1190_pY1314_pY1348_pY1355_pY992_pY999_pY1011_pY1185_pY1189_pY1190_pY1314_pY1348_pY1355_INSR_1__INS_1__IRS__PIK3C__PIK3R_ * 1.0 + cyt_cong__IGF__pY980_pS982_pY1161_pY1165_pY1166_pY1280_pY1281_pY980_pS982_pY1161_pY1165_pY1166_pY1280_pY1281_IGF1R__pY980_pS982_pY1161_pY1165_pY1166_pY1280_pY1281_pY980_pS982_pY1161_pY1165_pY1166_pY1280_pY1281_IGF1R__IRS__P3C2A_ * 1.0 + cyt_cong__INS_1__pY992_pY999_pY1011_pY1185_pY1189_pY1190_pY1314_pY1348_pY1355_pY992_pY999_pY1011_pY1185_pY1189_pY1190_pY1314_pY1348_pY1355_INSR_1__pY992_pY999_pY1011_pY1185_pY1189_pY1190_pY1314_pY1348_pY1355_pY992_pY999_pY1011_pY1185_pY1189_pY1190_pY1314_pY1348_pY1355_INSR_1__IRS__P3C2A_ * 1.0 + cyt_cong__IGF__pY980_pS982_pY1161_pY1165_pY1166_pY1280_pY1281_pY980_pS982_pY1161_pY1165_pY1166_pY1280_pY1281_IGF1R__pY980_pS982_pY1161_pY1165_pY1166_pY1280_pY1281_pY980_pS982_pY1161_pY1165_pY1166_pY1280_pY1281_IGF1R__IGF__IRS__P3C2A_ * 1.0 + cyt_cong__INS_1__pY992_pY999_pY1011_pY1185_pY1189_pY1190_pY1314_pY1348_pY1355_pY992_pY999_pY1011_pY1185_pY1189_pY1190_pY1314_pY1348_pY1355_INSR_1__pY992_pY999_pY1011_pY1185_pY1189_pY1190_pY1314_pY1348_pY1355_pY992_pY999_pY1011_pY1185_pY1189_pY1190_pY1314_pY1348_pY1355_INSR_1__INS_1__IRS__P3C2A_ * 1.0 + cyt_cong_in__IGF__pY980_pS982_pY1161_pY1165_pY1166_pY1280_pY1281_pY980_pS982_pY1161_pY1165_pY1166_pY1280_pY1281_IGF1R__pY980_pS982_pY1161_pY1165_pY1166_pY1280_pY1281_pY980_pS982_pY1161_pY1165_pY1166_pY1280_pY1281_IGF1R__IRS__GRB2__SOS1_1__RAS__GDP_ * 1.0 + cyt_cong_in__INS_1__pY992_pY999_pY1011_pY1185_pY1189_pY1190_pY1314_pY1348_pY1355_pY992_pY999_pY1011_pY1185_pY1189_pY1190_pY1314_pY1348_pY1355_INSR_1__pY992_pY999_pY1011_pY1185_pY1189_pY1190_pY1314_pY1348_pY1355_pY992_pY999_pY1011_pY1185_pY1189_pY1190_pY1314_pY1348_pY1355_INSR_1__IRS__GRB2__SOS1_1__RAS__GDP_ * 1.0 + cyt_cong_in__IGF__pY980_pS982_pY1161_pY1165_pY1166_pY1280_pY1281_pY980_pS982_pY1161_pY1165_pY1166_pY1280_pY1281_IGF1R__pY980_pS982_pY1161_pY1165_pY1166_pY1280_pY1281_pY980_pS982_pY1161_pY1165_pY1166_pY1280_pY1281_IGF1R__IGF__IRS__GRB2__SOS1_1__RAS__GDP_ * 1.0 + cyt_cong_in__INS_1__pY992_pY999_pY1011_pY1185_pY1189_pY1190_pY1314_pY1348_pY1355_pY992_pY999_pY1011_pY1185_pY1189_pY1190_pY1314_pY1348_pY1355_INSR_1__pY992_pY999_pY1011_pY1185_pY1189_pY1190_pY1314_pY1348_pY1355_pY992_pY999_pY1011_pY1185_pY1189_pY1190_pY1314_pY1348_pY1355_INSR_1__INS_1__IRS__GRB2__SOS1_1__RAS__GDP_ * 1.0 + cyt_cong__IGF__pY980_pS982_pY1161_pY1165_pY1166_pY1280_pY1281_pY980_pS982_pY1161_pY1165_pY1166_pY1280_pY1281_IGF1R__pY980_pS982_pY1161_pY1165_pY1166_pY1280_pY1281_pY980_pS982_pY1161_pY1165_pY1166_pY1280_pY1281_IGF1R__IRS__GRB2__SOS1_1__RAS__GDP_ * 1.0 + cyt_cong__INS_1__pY992_pY999_pY1011_pY1185_pY1189_pY1190_pY1314_pY1348_pY1355_pY992_pY999_pY1011_pY1185_pY1189_pY1190_pY1314_pY1348_pY1355_INSR_1__pY992_pY999_pY1011_pY1185_pY1189_pY1190_pY1314_pY1348_pY1355_pY992_pY999_pY1011_pY1185_pY1189_pY1190_pY1314_pY1348_pY1355_INSR_1__IRS__GRB2__SOS1_1__RAS__GDP_ * 1.0 + cyt_cong__IGF__pY980_pS982_pY1161_pY1165_pY1166_pY1280_pY1281_pY980_pS982_pY1161_pY1165_pY1166_pY1280_pY1281_IGF1R__pY980_pS982_pY1161_pY1165_pY1166_pY1280_pY1281_pY980_pS982_pY1161_pY1165_pY1166_pY1280_pY1281_IGF1R__IGF__IRS__GRB2__SOS1_1__RAS__GDP_ * 1.0 + cyt_cong__INS_1__pY992_pY999_pY1011_pY1185_pY1189_pY1190_pY1314_pY1348_pY1355_pY992_pY999_pY1011_pY1185_pY1189_pY1190_pY1314_pY1348_pY1355_INSR_1__pY992_pY999_pY1011_pY1185_pY1189_pY1190_pY1314_pY1348_pY1355_pY992_pY999_pY1011_pY1185_pY1189_pY1190_pY1314_pY1348_pY1355_INSR_1__INS_1__IRS__GRB2__SOS1_1__RAS__GDP_ * 1.0 + cyt_mixed__IGF__pY980_pS982_pY1161_pY1165_pY1166_pY1280_pY1281_pY980_pS982_pY1161_pY1165_pY1166_pY1280_pY1281_IGF1R__pY980_pS982_pY1161_pY1165_pY1166_pY1280_pY1281_pY980_pS982_pY1161_pY1165_pY1166_pY1280_pY1281_IGF1R__IRS__PLCG__PIP2_ * 1.0 + cyt_mixed__INS_1__pY992_pY999_pY1011_pY1185_pY1189_pY1190_pY1314_pY1348_pY1355_pY992_pY999_pY1011_pY1185_pY1189_pY1190_pY1314_pY1348_pY1355_INSR_1__pY992_pY999_pY1011_pY1185_pY1189_pY1190_pY1314_pY1348_pY1355_pY992_pY999_pY1011_pY1185_pY1189_pY1190_pY1314_pY1348_pY1355_INSR_1__IRS__PLCG__PIP2_ * 1.0 + cyt_mixed__IGF__pY980_pS982_pY1161_pY1165_pY1166_pY1280_pY1281_pY980_pS982_pY1161_pY1165_pY1166_pY1280_pY1281_IGF1R__pY980_pS982_pY1161_pY1165_pY1166_pY1280_pY1281_pY980_pS982_pY1161_pY1165_pY1166_pY1280_pY1281_IGF1R__IGF__IRS__PLCG__PIP2_ * 1.0 + cyt_mixed__INS_1__pY992_pY999_pY1011_pY1185_pY1189_pY1190_pY1314_pY1348_pY1355_pY992_pY999_pY1011_pY1185_pY1189_pY1190_pY1314_pY1348_pY1355_INSR_1__pY992_pY999_pY1011_pY1185_pY1189_pY1190_pY1314_pY1348_pY1355_pY992_pY999_pY1011_pY1185_pY1189_pY1190_pY1314_pY1348_pY1355_INSR_1__INS_1__IRS__PLCG__PIP2_ * 1.0 + cyt_cong__IGF__pY980_pS982_pY1161_pY1165_pY1166_pY1280_pY1281_pY980_pS982_pY1161_pY1165_pY1166_pY1280_pY1281_IGF1R__pY980_pS982_pY1161_pY1165_pY1166_pY1280_pY1281_pY980_pS982_pY1161_pY1165_pY1166_pY1280_pY1281_IGF1R__IRS__PIK3C__PIK3R__PIP2_ * 1.0 + cyt_cong__INS_1__pY992_pY999_pY1011_pY1185_pY1189_pY1190_pY1314_pY1348_pY1355_pY992_pY999_pY1011_pY1185_pY1189_pY1190_pY1314_pY1348_pY1355_INSR_1__pY992_pY999_pY1011_pY1185_pY1189_pY1190_pY1314_pY1348_pY1355_pY992_pY999_pY1011_pY1185_pY1189_pY1190_pY1314_pY1348_pY1355_INSR_1__IRS__PIK3C__PIK3R__PIP2_ * 1.0 + cyt_cong__IGF__pY980_pS982_pY1161_pY1165_pY1166_pY1280_pY1281_pY980_pS982_pY1161_pY1165_pY1166_pY1280_pY1281_IGF1R__pY980_pS982_pY1161_pY1165_pY1166_pY1280_pY1281_pY980_pS982_pY1161_pY1165_pY1166_pY1280_pY1281_IGF1R__IGF__IRS__PIK3C__PIK3R__PIP2_ * 1.0 + cyt_cong__INS_1__pY992_pY999_pY1011_pY1185_pY1189_pY1190_pY1314_pY1348_pY1355_pY992_pY999_pY1011_pY1185_pY1189_pY1190_pY1314_pY1348_pY1355_INSR_1__pY992_pY999_pY1011_pY1185_pY1189_pY1190_pY1314_pY1348_pY1355_pY992_pY999_pY1011_pY1185_pY1189_pY1190_pY1314_pY1348_pY1355_INSR_1__INS_1__IRS__PIK3C__PIK3R__PIP2_ * 1.0 + cyt_cong__IGF__pY980_pS982_pY1161_pY1165_pY1166_pY1280_pY1281_pY980_pS982_pY1161_pY1165_pY1166_pY1280_pY1281_IGF1R__pY980_pS982_pY1161_pY1165_pY1166_pY1280_pY1281_pY980_pS982_pY1161_pY1165_pY1166_pY1280_pY1281_IGF1R__IRS__P3C2A__PIP_ * 1.0 + cyt_cong__INS_1__pY992_pY999_pY1011_pY1185_pY1189_pY1190_pY1314_pY1348_pY1355_pY992_pY999_pY1011_pY1185_pY1189_pY1190_pY1314_pY1348_pY1355_INSR_1__pY992_pY999_pY1011_pY1185_pY1189_pY1190_pY1314_pY1348_pY1355_pY992_pY999_pY1011_pY1185_pY1189_pY1190_pY1314_pY1348_pY1355_INSR_1__IRS__P3C2A__PIP_ * 1.0 + cyt_cong__IGF__pY980_pS982_pY1161_pY1165_pY1166_pY1280_pY1281_pY980_pS982_pY1161_pY1165_pY1166_pY1280_pY1281_IGF1R__pY980_pS982_pY1161_pY1165_pY1166_pY1280_pY1281_pY980_pS982_pY1161_pY1165_pY1166_pY1280_pY1281_IGF1R__IGF__IRS__P3C2A__PIP_ * 1.0 + cyt_cong__INS_1__pY992_pY999_pY1011_pY1185_pY1189_pY1190_pY1314_pY1348_pY1355_pY992_pY999_pY1011_pY1185_pY1189_pY1190_pY1314_pY1348_pY1355_INSR_1__pY992_pY999_pY1011_pY1185_pY1189_pY1190_pY1314_pY1348_pY1355_pY992_pY999_pY1011_pY1185_pY1189_pY1190_pY1314_pY1348_pY1355_INSR_1__INS_1__IRS__P3C2A__PIP_ * 1.0 + cyt_cong__IRS_ * 1.0	1
ppERK abundance	cyt_cong__p_p_MAPK__B2L11_1_ * 1.0 + cyt_cong__p_p_MAPK__BAD_ * 1.0 + cyt_cong__EGFR_1__p_p_MAPK_ * 1.0 + cyt_cong__ERBB2_1__p_p_MAPK_ * 1.0 + cyt_cong__ERBB4_1__p_p_MAPK_ * 1.0 + nuc_cong__p_p_MAPK_ * 0.33333333333333337 + cyt_cong__p_p_MAPK_ * 1.0 + cyt_cong__GRB2__SOS1_1__p_p_MAPK_ * 1.0 + cyt_cong__RAF1_1__p_p_MAPK_ * 1.0 + cyt_cong__NF1_1__p_p_MAPK_ * 1.0 + cyt_cong__RPS6KA__p_p_MAPK_ * 1.0 + nuc_cong__p_p_MAPK__DUS1_ * 0.33333333333333337 + nuc_cong__FOS_1__p_p_MAPK_ * 0.33333333333333337 + cyt_cong__TSC2_1__p_p_MAPK_ * 1.0 + cyt_cong__p_p_MAPK__DUS6_1_ * 1.0 + cyt_cong__p_p_MAPK__p_DUS1_ * 1.0	1
pMdm2 abundance	nuc_prot__p_MDM2_1_ * 0.33333333333333337	1
MEK abundance	cyt_cong__MAP2K_ * 1.0 + cyt_prot__p_MAP2K_ * 1.0 + cyt_prot__p_p_MAP2K_ * 1.0 + cyt_mixed__MAP2K__RAS__GTP__RAF1_1__BRAF_ * 1.0 + cyt_mixed__p_MAP2K__RAS__GTP__RAF1_1__BRAF_ * 1.0 + cyt_cong__MAPK__p_p_MAP2K_ * 1.0 + cyt_cong__p_MAPK__p_p_MAP2K_ * 1.0 + cyt_mixed__MAP2K__RAS__GTP__BRAF__BRAF_ * 1.0 + cyt_mixed__p_MAP2K__RAS__GTP__BRAF__BRAF_ * 1.0 + cyt_mixed__MAP2K__RAS__GTP__RAF1_1__RAF1_1_ * 1.0 + cyt_mixed__p_MAP2K__RAS__GTP__RAF1_1__RAF1_1_ * 1.0 + cyt_comp__MAP2Kinhibitor_ * 1.0 + cyt_mixed__MAP2Kinhibitor__p_p_MAP2K_ * 1.0	1
ppMEK abundance	cyt_prot__p_p_MAP2K_ * 1.0 + cyt_cong__MAPK__p_p_MAP2K_ * 1.0 + cyt_cong__p_MAPK__p_p_MAP2K_ * 1.0 + cyt_mixed__MAP2Kinhibitor__p_p_MAP2K_ * 1.0	1
MSH6 abundance	nuc_prot__MSH6_1_ * 0.33333333333333337	1
mTOR abundance	cyt_prot__MTORC1_ * 1.0 + cyt_prot_a__MTORC1_ * 1.0 + cyt_prot__MTOR_1_ * 1.0 + cyt_prot__MTORC2_ * 1.0 + cyt_mixed__PIP3__p_AKT__MTORC2_ * 1.0 + cyt_prot_a__4EBP1__MTORC1_ * 1.0 + cyt_prot_a__KS6B1_1__MTORC1_ * 1.0 + cyt_prot_a__PIK3C__PIK3R__MTORC1_ * 1.0	1
RasD abundance	cyt_cong_in__EGF_1__pY992_pY1068_pY1086_pY1148_pY1174_EGFR_1__pY1196_pY1222_pY1248_ERBB2_1__GRB2__SOS1_1__RAS__GDP_ * 1.0 + pEE1Ev3int_G2_SOS_RasD * 1.0 + cyt_cong_in__EGF_1__pY992_pY1068_pY1086_pY1148_pY1174_pY992_pY1068_pY1086_pY1148_pY1174_EGFR_1__pY992_pY1068_pY1086_pY1148_pY1174_pY992_pY1068_pY1086_pY1148_pY1174_EGFR_1__GRB2__SOS1_1__RAS__GDP_ * 1.0 + cyt_cong_in__EGF_1__pY992_pY1068_pY1086_pY1148_pY1174_pY992_pY1068_pY1086_pY1148_pY1174_EGFR_1__EGF_1__pY992_pY1068_pY1086_pY1148_pY1174_pY992_pY1068_pY1086_pY1148_pY1174_EGFR_1__GRB2__SOS1_1__RAS__GDP_ * 1.0 + cyt_cong_in__EGF_1__pY992_pY1068_pY1086_pY1148_pY1174_EGFR_1__ERBB3_1__GRB2__SOS1_1__RAS__GDP_ * 1.0 + cyt_cong_in__EGF_1__pY992_pY1068_pY1086_pY1148_pY1174_EGFR_1__NRG1_1__ERBB3_1__GRB2__SOS1_1__RAS__GDP_ * 1.0 + cyt_cong_in__EGF_1__pY992_pY1068_pY1086_pY1148_pY1174_EGFR_1__pY1056_pY1162_pY1284_ERBB4_1__GRB2__SOS1_1__RAS__GDP_ * 1.0 + cyt_cong_in__EGF_1__pY992_pY1068_pY1086_pY1148_pY1174_EGFR_1__NRG1_1__pY1056_pY1162_pY1284_ERBB4_1__GRB2__SOS1_1__RAS__GDP_ * 1.0 + cyt_cong_in__pY1196_pY1222_pY1248_ERBB2_1__NRG1_1__ERBB3_1__GRB2__SOS1_1__RAS__GDP_ * 1.0 + pHE3Ev3int_G2_SOS_RasD * 1.0 + cyt_cong_in__pY992_pY1068_pY1086_pY1148_pY1174_EGFR_1__NRG1_1__ERBB3_1__GRB2__SOS1_1__RAS__GDP_ * 1.0 + cyt_cong_in__NRG1_1__ERBB3_1__pY1056_pY1162_pY1284_ERBB4_1__GRB2__SOS1_1__RAS__GDP_ * 1.0 + cyt_cong_in__NRG1_1__ERBB3_1__NRG1_1__pY1056_pY1162_pY1284_ERBB4_1__GRB2__SOS1_1__RAS__GDP_ * 1.0 + cyt_cong_in__pY1196_pY1222_pY1248_ERBB2_1__NRG1_1__pY1056_pY1162_pY1284_ERBB4_1__GRB2__SOS1_1__RAS__GDP_ * 1.0 + pHE4Ev3int_G2_SOS_RasD * 1.0 + cyt_cong_in__pY992_pY1068_pY1086_pY1148_pY1174_EGFR_1__NRG1_1__pY1056_pY1162_pY1284_ERBB4_1__GRB2__SOS1_1__RAS__GDP_ * 1.0 + cyt_mixed_in__ERBB3_1__NRG1_1__pY1056_pY1162_pY1284_ERBB4_1__GRB2__SOS1_1__RAS__GDP_ * 1.0 + cyt_mixed_in__NRG1_1__pY1056_pY1162_pY1284_pY1056_pY1162_pY1284_ERBB4_1__pY1056_pY1162_pY1284_pY1056_pY1162_pY1284_ERBB4_1__GRB2__SOS1_1__RAS__GDP_ * 1.0 + cyt_mixed_in__NRG1_1__pY1056_pY1162_pY1284_pY1056_pY1162_pY1284_ERBB4_1__NRG1_1__pY1056_pY1162_pY1284_pY1056_pY1162_pY1284_ERBB4_1__GRB2__SOS1_1__RAS__GDP_ * 1.0 + cyt_mixed_in__HGF_1__pY1234_pY1235_pY1234_pY1235_MET_1__pY1234_pY1235_pY1234_pY1235_MET_1__GRB2__SOS1_1__RAS__GDP_ * 1.0 + cyt_mixed_in__HGF_1__pY1234_pY1235_pY1234_pY1235_MET_1__HGF_1__pY1234_pY1235_pY1234_pY1235_MET_1__GRB2__SOS1_1__RAS__GDP_ * 1.0 + cyt_cong_in__PDGFB_1__PGFRB__PDGFB_1__PGFRB__GRB2__SOS1_1__RAS__GDP_ * 1.0 + cyt_cong_in__PDGFB_1__PGFRB__PGFRB__GRB2__SOS1_1__RAS__GDP_ * 1.0 + cyt_mixed_in__FGF__FGFR__FGF__FGFR__GRB2__SOS1_1__RAS__GDP_ * 1.0 + cyt_mixed_in__FGF__FGFR__FGFR__GRB2__SOS1_1__RAS__GDP_ * 1.0 + cyt_cong_in__IGF__pY980_pS982_pY1161_pY1165_pY1166_pY1280_pY1281_pY980_pS982_pY1161_pY1165_pY1166_pY1280_pY1281_IGF1R__pY980_pS982_pY1161_pY1165_pY1166_pY1280_pY1281_pY980_pS982_pY1161_pY1165_pY1166_pY1280_pY1281_IGF1R__IRS__GRB2__SOS1_1__RAS__GDP_ * 1.0 + cyt_cong_in__INS_1__pY992_pY999_pY1011_pY1185_pY1189_pY1190_pY1314_pY1348_pY1355_pY992_pY999_pY1011_pY1185_pY1189_pY1190_pY1314_pY1348_pY1355_INSR_1__pY992_pY999_pY1011_pY1185_pY1189_pY1190_pY1314_pY1348_pY1355_pY992_pY999_pY1011_pY1185_pY1189_pY1190_pY1314_pY1348_pY1355_INSR_1__IRS__GRB2__SOS1_1__RAS__GDP_ * 1.0 + cyt_cong_in__IGF__pY980_pS982_pY1161_pY1165_pY1166_pY1280_pY1281_pY980_pS982_pY1161_pY1165_pY1166_pY1280_pY1281_IGF1R__pY980_pS982_pY1161_pY1165_pY1166_pY1280_pY1281_pY980_pS982_pY1161_pY1165_pY1166_pY1280_pY1281_IGF1R__IGF__IRS__GRB2__SOS1_1__RAS__GDP_ * 1.0 + cyt_cong_in__INS_1__pY992_pY999_pY1011_pY1185_pY1189_pY1190_pY1314_pY1348_pY1355_pY992_pY999_pY1011_pY1185_pY1189_pY1190_pY1314_pY1348_pY1355_INSR_1__pY992_pY999_pY1011_pY1185_pY1189_pY1190_pY1314_pY1348_pY1355_pY992_pY999_pY1011_pY1185_pY1189_pY1190_pY1314_pY1348_pY1355_INSR_1__INS_1__IRS__GRB2__SOS1_1__RAS__GDP_ * 1.0 + cyt_mixed__EGF_1__pY992_pY1068_pY1086_pY1148_pY1174_EGFR_1__pY1196_pY1222_pY1248_ERBB2_1__GRB2__SOS1_1__RAS__GDP_ * 1.0 + pEE1Ev3_G2_SOS_RasD * 1.0 + cyt_mixed__EGF_1__pY992_pY1068_pY1086_pY1148_pY1174_pY992_pY1068_pY1086_pY1148_pY1174_EGFR_1__pY992_pY1068_pY1086_pY1148_pY1174_pY992_pY1068_pY1086_pY1148_pY1174_EGFR_1__GRB2__SOS1_1__RAS__GDP_ * 1.0 + cyt_mixed__EGF_1__pY992_pY1068_pY1086_pY1148_pY1174_pY992_pY1068_pY1086_pY1148_pY1174_EGFR_1__EGF_1__pY992_pY1068_pY1086_pY1148_pY1174_pY992_pY1068_pY1086_pY1148_pY1174_EGFR_1__GRB2__SOS1_1__RAS__GDP_ * 1.0 + cyt_mixed__EGF_1__pY992_pY1068_pY1086_pY1148_pY1174_EGFR_1__ERBB3_1__GRB2__SOS1_1__RAS__GDP_ * 1.0 + cyt_mixed__EGF_1__pY992_pY1068_pY1086_pY1148_pY1174_EGFR_1__NRG1_1__ERBB3_1__GRB2__SOS1_1__RAS__GDP_ * 1.0 + cyt_mixed__EGF_1__pY992_pY1068_pY1086_pY1148_pY1174_EGFR_1__pY1056_pY1162_pY1284_ERBB4_1__GRB2__SOS1_1__RAS__GDP_ * 1.0 + cyt_mixed__EGF_1__pY992_pY1068_pY1086_pY1148_pY1174_EGFR_1__NRG1_1__pY1056_pY1162_pY1284_ERBB4_1__GRB2__SOS1_1__RAS__GDP_ * 1.0 + cyt_mixed__pY1196_pY1222_pY1248_ERBB2_1__NRG1_1__ERBB3_1__GRB2__SOS1_1__RAS__GDP_ * 1.0 + pHE3Ev3_G2_SOS_RasD * 1.0 + cyt_mixed__pY992_pY1068_pY1086_pY1148_pY1174_EGFR_1__NRG1_1__ERBB3_1__GRB2__SOS1_1__RAS__GDP_ * 1.0 + cyt_mixed__NRG1_1__ERBB3_1__pY1056_pY1162_pY1284_ERBB4_1__GRB2__SOS1_1__RAS__GDP_ * 1.0 + cyt_mixed__NRG1_1__ERBB3_1__NRG1_1__pY1056_pY1162_pY1284_ERBB4_1__GRB2__SOS1_1__RAS__GDP_ * 1.0 + cyt_mixed__pY1196_pY1222_pY1248_ERBB2_1__NRG1_1__pY1056_pY1162_pY1284_ERBB4_1__GRB2__SOS1_1__RAS__GDP_ * 1.0 + pHE4Ev3_G2_SOS_RasD * 1.0 + cyt_mixed__pY992_pY1068_pY1086_pY1148_pY1174_EGFR_1__NRG1_1__pY1056_pY1162_pY1284_ERBB4_1__GRB2__SOS1_1__RAS__GDP_ * 1.0 + cyt_mixed__ERBB3_1__NRG1_1__pY1056_pY1162_pY1284_ERBB4_1__GRB2__SOS1_1__RAS__GDP_ * 1.0 + cyt_mixed__NRG1_1__pY1056_pY1162_pY1284_pY1056_pY1162_pY1284_ERBB4_1__pY1056_pY1162_pY1284_pY1056_pY1162_pY1284_ERBB4_1__GRB2__SOS1_1__RAS__GDP_ * 1.0 + cyt_mixed__NRG1_1__pY1056_pY1162_pY1284_pY1056_pY1162_pY1284_ERBB4_1__NRG1_1__pY1056_pY1162_pY1284_pY1056_pY1162_pY1284_ERBB4_1__GRB2__SOS1_1__RAS__GDP_ * 1.0 + cyt_mixed__HGF_1__pY1234_pY1235_pY1234_pY1235_MET_1__pY1234_pY1235_pY1234_pY1235_MET_1__GRB2__SOS1_1__RAS__GDP_ * 1.0 + cyt_mixed__HGF_1__pY1234_pY1235_pY1234_pY1235_MET_1__HGF_1__pY1234_pY1235_pY1234_pY1235_MET_1__GRB2__SOS1_1__RAS__GDP_ * 1.0 + cyt_cong__PDGFB_1__PGFRB__PDGFB_1__PGFRB__GRB2__SOS1_1__RAS__GDP_ * 1.0 + cyt_cong__PDGFB_1__PGFRB__PGFRB__GRB2__SOS1_1__RAS__GDP_ * 1.0 + cyt_mixed__FGF__FGFR__FGF__FGFR__GRB2__SOS1_1__RAS__GDP_ * 1.0 + cyt_mixed__FGF__FGFR__FGFR__GRB2__SOS1_1__RAS__GDP_ * 1.0 + cyt_cong__IGF__pY980_pS982_pY1161_pY1165_pY1166_pY1280_pY1281_pY980_pS982_pY1161_pY1165_pY1166_pY1280_pY1281_IGF1R__pY980_pS982_pY1161_pY1165_pY1166_pY1280_pY1281_pY980_pS982_pY1161_pY1165_pY1166_pY1280_pY1281_IGF1R__IRS__GRB2__SOS1_1__RAS__GDP_ * 1.0 + cyt_cong__INS_1__pY992_pY999_pY1011_pY1185_pY1189_pY1190_pY1314_pY1348_pY1355_pY992_pY999_pY1011_pY1185_pY1189_pY1190_pY1314_pY1348_pY1355_INSR_1__pY992_pY999_pY1011_pY1185_pY1189_pY1190_pY1314_pY1348_pY1355_pY992_pY999_pY1011_pY1185_pY1189_pY1190_pY1314_pY1348_pY1355_INSR_1__IRS__GRB2__SOS1_1__RAS__GDP_ * 1.0 + cyt_cong__IGF__pY980_pS982_pY1161_pY1165_pY1166_pY1280_pY1281_pY980_pS982_pY1161_pY1165_pY1166_pY1280_pY1281_IGF1R__pY980_pS982_pY1161_pY1165_pY1166_pY1280_pY1281_pY980_pS982_pY1161_pY1165_pY1166_pY1280_pY1281_IGF1R__IGF__IRS__GRB2__SOS1_1__RAS__GDP_ * 1.0 + cyt_cong__INS_1__pY992_pY999_pY1011_pY1185_pY1189_pY1190_pY1314_pY1348_pY1355_pY992_pY999_pY1011_pY1185_pY1189_pY1190_pY1314_pY1348_pY1355_INSR_1__pY992_pY999_pY1011_pY1185_pY1189_pY1190_pY1314_pY1348_pY1355_pY992_pY999_pY1011_pY1185_pY1189_pY1190_pY1314_pY1348_pY1355_INSR_1__INS_1__IRS__GRB2__SOS1_1__RAS__GDP_ * 1.0 + cyt_mixed__RAS__GDP_ * 1.0 + cyt_mixed__RAS__GDP__CDP_DAG__GRP_1_ * 1.0	1
MET abundance	cyt_prot__HGF_1__pY1234_pY1235_pY1234_pY1235_MET_1__pY1234_pY1235_pY1234_pY1235_MET_1_ * 1.0 + cyt_prot__HGF_1__pY1234_pY1235_pY1234_pY1235_MET_1__HGF_1__pY1234_pY1235_pY1234_pY1235_MET_1_ * 1.0 + cyt_prot_in__HGF_1__pY1234_pY1235_pY1234_pY1235_MET_1__pY1234_pY1235_pY1234_pY1235_MET_1_ * 1.0 + cyt_prot_in__HGF_1__pY1234_pY1235_pY1234_pY1235_MET_1__HGF_1__pY1234_pY1235_pY1234_pY1235_MET_1_ * 1.0 + cyt_prot__HGF_1__pY1234_pY1235_pY1234_pY1235_MET_1__pY1234_pY1235_pY1234_pY1235_MET_1__GRB2__SOS1_1_ * 1.0 + cyt_prot__HGF_1__pY1234_pY1235_pY1234_pY1235_MET_1__HGF_1__pY1234_pY1235_pY1234_pY1235_MET_1__GRB2__SOS1_1_ * 1.0 + cyt_prot_in__HGF_1__pY1234_pY1235_pY1234_pY1235_MET_1__pY1234_pY1235_pY1234_pY1235_MET_1__GRB2__SOS1_1_ * 1.0 + cyt_prot_in__HGF_1__pY1234_pY1235_pY1234_pY1235_MET_1__HGF_1__pY1234_pY1235_pY1234_pY1235_MET_1__GRB2__SOS1_1_ * 1.0 + cyt_prot__HGF_1__pY1234_pY1235_pY1234_pY1235_MET_1__pY1234_pY1235_pY1234_pY1235_MET_1__PLCG_ * 1.0 + cyt_prot__HGF_1__pY1234_pY1235_pY1234_pY1235_MET_1__HGF_1__pY1234_pY1235_pY1234_pY1235_MET_1__PLCG_ * 1.0 + cyt_cong__HGF_1__pY1234_pY1235_pY1234_pY1235_MET_1__pY1234_pY1235_pY1234_pY1235_MET_1__PIK3C__PIK3R_ * 1.0 + cyt_cong__HGF_1__pY1234_pY1235_pY1234_pY1235_MET_1__HGF_1__pY1234_pY1235_pY1234_pY1235_MET_1__PIK3C__PIK3R_ * 1.0 + cyt_prot__HGF_1__pY1234_pY1235_pY1234_pY1235_MET_1__pY1234_pY1235_pY1234_pY1235_MET_1__P3C2A_ * 1.0 + cyt_prot__HGF_1__pY1234_pY1235_pY1234_pY1235_MET_1__HGF_1__pY1234_pY1235_pY1234_pY1235_MET_1__P3C2A_ * 1.0 + cyt_mixed_in__HGF_1__pY1234_pY1235_pY1234_pY1235_MET_1__pY1234_pY1235_pY1234_pY1235_MET_1__GRB2__SOS1_1__RAS__GDP_ * 1.0 + cyt_mixed_in__HGF_1__pY1234_pY1235_pY1234_pY1235_MET_1__HGF_1__pY1234_pY1235_pY1234_pY1235_MET_1__GRB2__SOS1_1__RAS__GDP_ * 1.0 + cyt_mixed__HGF_1__pY1234_pY1235_pY1234_pY1235_MET_1__pY1234_pY1235_pY1234_pY1235_MET_1__GRB2__SOS1_1__RAS__GDP_ * 1.0 + cyt_mixed__HGF_1__pY1234_pY1235_pY1234_pY1235_MET_1__HGF_1__pY1234_pY1235_pY1234_pY1235_MET_1__GRB2__SOS1_1__RAS__GDP_ * 1.0 + cyt_mixed__HGF_1__pY1234_pY1235_pY1234_pY1235_MET_1__pY1234_pY1235_pY1234_pY1235_MET_1__PLCG__PIP2_ * 1.0 + cyt_mixed__HGF_1__pY1234_pY1235_pY1234_pY1235_MET_1__HGF_1__pY1234_pY1235_pY1234_pY1235_MET_1__PLCG__PIP2_ * 1.0 + cyt_mixed__HGF_1__pY1234_pY1235_pY1234_pY1235_MET_1__pY1234_pY1235_pY1234_pY1235_MET_1__PIK3C__PIK3R__PIP2_ * 1.0 + cyt_mixed__HGF_1__pY1234_pY1235_pY1234_pY1235_MET_1__HGF_1__pY1234_pY1235_pY1234_pY1235_MET_1__PIK3C__PIK3R__PIP2_ * 1.0 + cyt_mixed__HGF_1__pY1234_pY1235_pY1234_pY1235_MET_1__pY1234_pY1235_pY1234_pY1235_MET_1__P3C2A__PIP_ * 1.0 + cyt_mixed__HGF_1__pY1234_pY1235_pY1234_pY1235_MET_1__HGF_1__pY1234_pY1235_pY1234_pY1235_MET_1__P3C2A__PIP_ * 1.0	1
ERK abundance	cyt_cong__p_p_MAPK__B2L11_1_ * 1.0 + cyt_cong__p_p_MAPK__BAD_ * 1.0 + cyt_cong__EGFR_1__p_p_MAPK_ * 1.0 + cyt_cong__ERBB2_1__p_p_MAPK_ * 1.0 + cyt_cong__ERBB4_1__p_p_MAPK_ * 1.0 + nuc_cong__MAPK_ * 0.33333333333333337 + nuc_cong__p_p_MAPK_ * 0.33333333333333337 + cyt_cong__MAPK_ * 1.0 + cyt_cong__p_MAPK_ * 1.0 + cyt_cong__p_p_MAPK_ * 1.0 + cyt_cong__GRB2__SOS1_1__p_p_MAPK_ * 1.0 + cyt_cong__RAF1_1__p_p_MAPK_ * 1.0 + cyt_cong__NF1_1__p_p_MAPK_ * 1.0 + cyt_cong__MAPK__p_p_MAP2K_ * 1.0 + cyt_cong__p_MAPK__p_p_MAP2K_ * 1.0 + cyt_cong__RPS6KA__p_p_MAPK_ * 1.0 + nuc_cong__p_p_MAPK__DUS1_ * 0.33333333333333337 + nuc_cong__FOS_1__p_p_MAPK_ * 0.33333333333333337 + cyt_cong__TSC2_1__p_p_MAPK_ * 1.0 + cyt_cong__p_MAPK__DUS6_1_ * 1.0 + cyt_cong__p_p_MAPK__DUS6_1_ * 1.0 + cyt_cong__p_p_MAPK__p_DUS1_ * 1.0	1
p53 abundance	nuc_prot_i__P53_ * 0.33333333333333337 + nuc_prot_a__P53_ * 0.33333333333333337 + nuc_prot_a__P53__MDM4_1_ * 0.33333333333333337	1
pS6K abundance	cyt_prot__pT412_KS6B1_1_	1
S6K abundance	cyt_prot__KS6B1_1_ * 1.0 + cyt_prot__pT412_KS6B1_1_ * 1.0 + cyt_prot_a__KS6B1_1__MTORC1_ * 1.0	1
pRSK abundance	cyt_prot__p_RPS6KA_ * 1.0 + nuc_prot__p_RPS6KA_ * 0.33333333333333337 + nuc_prot__p_RPS6KA__DUS1_ * 0.33333333333333337 + nuc_prot__FOS_1__p_RPS6KA_ * 0.33333333333333337	1
PARP abundance	cyt_prot__PARP1_1_	1
Pr abundance	cyt_cong__PGFRB_ * 1.0 + cyt_cong__PDGFB_1__PGFRB_ * 1.0 + cyt_cong__PDGFB_1__PGFRB__PGFRB_ * 1.0 + cyt_cong__PDGFB_1__PGFRB__PDGFB_1__PGFRB_ * 1.0 + cyt_cong__PDGFB_1__p_PGFRB__PDGFB_1__p_PGFRB_ * 1.0 + cyt_cong__PDGFB_1__p_PGFRB__p_PGFRB_ * 1.0 + cyt_cong__SPY2__PDGFB_1__PGFRB__PDGFB_1__PGFRB_ * 1.0 + cyt_cong__SPY2__PDGFB_1__PGFRB__PGFRB_ * 1.0 + cyt_cong_in__PDGFB_1__PGFRB__PDGFB_1__PGFRB_ * 1.0 + cyt_cong_in__PDGFB_1__PGFRB__PGFRB_ * 1.0 + cyt_cong_in__PDGFB_1__p_PGFRB__PDGFB_1__p_PGFRB_ * 1.0 + cyt_cong_in__PDGFB_1__p_PGFRB__p_PGFRB_ * 1.0 + cyt_cong__PDGFB_1__PGFRB__PDGFB_1__PGFRB__GRB2__SOS1_1_ * 1.0 + cyt_cong__PDGFB_1__PGFRB__PGFRB__GRB2__SOS1_1_ * 1.0 + cyt_cong_in__PDGFB_1__PGFRB__PDGFB_1__PGFRB__GRB2__SOS1_1_ * 1.0 + cyt_cong_in__PDGFB_1__PGFRB__PGFRB__GRB2__SOS1_1_ * 1.0 + cyt_cong__PDGFB_1__PGFRB__PDGFB_1__PGFRB__PLCG_ * 1.0 + cyt_cong__PDGFB_1__PGFRB__PGFRB__PLCG_ * 1.0 + cyt_cong__PDGFB_1__PGFRB__PDGFB_1__PGFRB__PIK3C__PIK3R_ * 1.0 + cyt_cong__PDGFB_1__PGFRB__PGFRB__PIK3C__PIK3R_ * 1.0 + cyt_cong__PDGFB_1__PGFRB__PDGFB_1__PGFRB__P3C2A_ * 1.0 + cyt_cong__PDGFB_1__PGFRB__PGFRB__P3C2A_ * 1.0 + cyt_cong_in__PDGFB_1__PGFRB__PDGFB_1__PGFRB__GRB2__SOS1_1__RAS__GDP_ * 1.0 + cyt_cong_in__PDGFB_1__PGFRB__PGFRB__GRB2__SOS1_1__RAS__GDP_ * 1.0 + cyt_cong__PDGFB_1__PGFRB__PDGFB_1__PGFRB__GRB2__SOS1_1__RAS__GDP_ * 1.0 + cyt_cong__PDGFB_1__PGFRB__PGFRB__GRB2__SOS1_1__RAS__GDP_ * 1.0 + cyt_cong__PDGFB_1__PGFRB__PDGFB_1__PGFRB__PLCG__PIP2_ * 1.0 + cyt_cong__PDGFB_1__PGFRB__PGFRB__PLCG__PIP2_ * 1.0 + cyt_cong__PDGFB_1__PGFRB__PDGFB_1__PGFRB__PIK3C__PIK3R__PIP2_ * 1.0 + cyt_cong__PDGFB_1__PGFRB__PGFRB__PIK3C__PIK3R__PIP2_ * 1.0 + cyt_cong__PDGFB_1__PGFRB__PDGFB_1__PGFRB__P3C2A__PIP_ * 1.0 + cyt_cong__PGFRB__PGFRB__PGFRB__P3C2A__PIP_ * 1.0	1
PDK1 abundance	cyt_prot__PDPK1_1_ * 1.0 + cyt_mixed__PIP3__PDK1_ * 1.0 + cyt_mixed__PIP3__AKT__PIP3__PDK1_ * 1.0	1
PI3KC1 + PI3K1 abundance	cyt_cong__PIK3C_ + cyt_cong__EGF_1__pY992_pY1068_pY1086_pY1148_pY1174_EGFR_1__pY1196_pY1222_pY1248_ERBB2_1__PIK3C__PIK3R_ * 1.0 + pEE1Ev3_PI3K1 * 1.0 + cyt_cong__EGF_1__pY992_pY1068_pY1086_pY1148_pY1174_pY992_pY1068_pY1086_pY1148_pY1174_EGFR_1__pY992_pY1068_pY1086_pY1148_pY1174_pY992_pY1068_pY1086_pY1148_pY1174_EGFR_1__PIK3C__PIK3R_ * 1.0 + cyt_cong__EGF_1__pY992_pY1068_pY1086_pY1148_pY1174_pY992_pY1068_pY1086_pY1148_pY1174_EGFR_1__EGF_1__pY992_pY1068_pY1086_pY1148_pY1174_pY992_pY1068_pY1086_pY1148_pY1174_EGFR_1__PIK3C__PIK3R_ * 1.0 + cyt_cong__EGF_1__pY992_pY1068_pY1086_pY1148_pY1174_EGFR_1__ERBB3_1__PIK3C__PIK3R_ * 1.0 + cyt_cong__EGF_1__pY992_pY1068_pY1086_pY1148_pY1174_EGFR_1__NRG1_1__ERBB3_1__PIK3C__PIK3R_ * 1.0 + cyt_cong__EGF_1__pY992_pY1068_pY1086_pY1148_pY1174_EGFR_1__pY1056_pY1162_pY1284_ERBB4_1__PIK3C__PIK3R_ * 1.0 + cyt_cong__EGF_1__pY992_pY1068_pY1086_pY1148_pY1174_EGFR_1__NRG1_1__pY1056_pY1162_pY1284_ERBB4_1__PIK3C__PIK3R_ * 1.0 + cyt_cong__pY1196_pY1222_pY1248_ERBB2_1__NRG1_1__ERBB3_1__PIK3C__PIK3R_ * 1.0 + pHE3Ev3_PI3K1 * 1.0 + cyt_cong__pY992_pY1068_pY1086_pY1148_pY1174_EGFR_1__NRG1_1__ERBB3_1__PIK3C__PIK3R_ * 1.0 + cyt_cong__NRG1_1__ERBB3_1__pY1056_pY1162_pY1284_ERBB4_1__PIK3C__PIK3R_ * 1.0 + cyt_cong__NRG1_1__ERBB3_1__NRG1_1__pY1056_pY1162_pY1284_ERBB4_1__PIK3C__PIK3R_ * 1.0 + cyt_cong__pY1196_pY1222_pY1248_ERBB2_1__NRG1_1__pY1056_pY1162_pY1284_ERBB4_1__PIK3C__PIK3R_ * 1.0 + pHE4Ev3_PI3K1 * 1.0 + cyt_cong__pY992_pY1068_pY1086_pY1148_pY1174_EGFR_1__NRG1_1__pY1056_pY1162_pY1284_ERBB4_1__PIK3C__PIK3R_ * 1.0 + cyt_cong__ERBB3_1__NRG1_1__pY1056_pY1162_pY1284_ERBB4_1__PIK3C__PIK3R_ * 1.0 + cyt_cong__NRG1_1__pY1056_pY1162_pY1284_pY1056_pY1162_pY1284_ERBB4_1__pY1056_pY1162_pY1284_pY1056_pY1162_pY1284_ERBB4_1__PIK3C__PIK3R_ * 1.0 + cyt_cong__NRG1_1__pY1056_pY1162_pY1284_pY1056_pY1162_pY1284_ERBB4_1__NRG1_1__pY1056_pY1162_pY1284_pY1056_pY1162_pY1284_ERBB4_1__PIK3C__PIK3R_ * 1.0 + cyt_cong__HGF_1__pY1234_pY1235_pY1234_pY1235_MET_1__pY1234_pY1235_pY1234_pY1235_MET_1__PIK3C__PIK3R_ * 1.0 + cyt_cong__HGF_1__pY1234_pY1235_pY1234_pY1235_MET_1__HGF_1__pY1234_pY1235_pY1234_pY1235_MET_1__PIK3C__PIK3R_ * 1.0 + cyt_cong__PDGFB_1__PGFRB__PDGFB_1__PGFRB__PIK3C__PIK3R_ * 1.0 + cyt_cong__PDGFB_1__PGFRB__PGFRB__PIK3C__PIK3R_ * 1.0 + cyt_cong__FGF__FGFR__FGF__FGFR__PIK3C__PIK3R_ * 1.0 + cyt_cong__FGF__FGFR__FGFR__PIK3C__PIK3R_ * 1.0 + cyt_cong__IGF__pY980_pS982_pY1161_pY1165_pY1166_pY1280_pY1281_pY980_pS982_pY1161_pY1165_pY1166_pY1280_pY1281_IGF1R__pY980_pS982_pY1161_pY1165_pY1166_pY1280_pY1281_pY980_pS982_pY1161_pY1165_pY1166_pY1280_pY1281_IGF1R__IRS__PIK3C__PIK3R_ * 1.0 + cyt_cong__INS_1__pY992_pY999_pY1011_pY1185_pY1189_pY1190_pY1314_pY1348_pY1355_pY992_pY999_pY1011_pY1185_pY1189_pY1190_pY1314_pY1348_pY1355_INSR_1__pY992_pY999_pY1011_pY1185_pY1189_pY1190_pY1314_pY1348_pY1355_pY992_pY999_pY1011_pY1185_pY1189_pY1190_pY1314_pY1348_pY1355_INSR_1__IRS__PIK3C__PIK3R_ * 1.0 + cyt_cong__IGF__pY980_pS982_pY1161_pY1165_pY1166_pY1280_pY1281_pY980_pS982_pY1161_pY1165_pY1166_pY1280_pY1281_IGF1R__pY980_pS982_pY1161_pY1165_pY1166_pY1280_pY1281_pY980_pS982_pY1161_pY1165_pY1166_pY1280_pY1281_IGF1R__IGF__IRS__PIK3C__PIK3R_ * 1.0 + cyt_cong__INS_1__pY992_pY999_pY1011_pY1185_pY1189_pY1190_pY1314_pY1348_pY1355_pY992_pY999_pY1011_pY1185_pY1189_pY1190_pY1314_pY1348_pY1355_INSR_1__pY992_pY999_pY1011_pY1185_pY1189_pY1190_pY1314_pY1348_pY1355_pY992_pY999_pY1011_pY1185_pY1189_pY1190_pY1314_pY1348_pY1355_INSR_1__INS_1__IRS__PIK3C__PIK3R_ * 1.0 + cyt_mixed__EGF_1__pY992_pY1068_pY1086_pY1148_pY1174_EGFR_1__pY1196_pY1222_pY1248_ERBB2_1__PIK3C__PIK3R__PIP2_ * 1.0 + pEE1Ev3_PI3K1_PIP2 * 1.0 + cyt_mixed__EGF_1__pY992_pY1068_pY1086_pY1148_pY1174_pY992_pY1068_pY1086_pY1148_pY1174_EGFR_1__pY992_pY1068_pY1086_pY1148_pY1174_pY992_pY1068_pY1086_pY1148_pY1174_EGFR_1__PIK3C__PIK3R__PIP2_ * 1.0 + cyt_mixed__EGF_1__pY992_pY1068_pY1086_pY1148_pY1174_pY992_pY1068_pY1086_pY1148_pY1174_EGFR_1__EGF_1__pY992_pY1068_pY1086_pY1148_pY1174_pY992_pY1068_pY1086_pY1148_pY1174_EGFR_1__PIK3C__PIK3R__PIP2_ * 1.0 + cyt_mixed__EGF_1__pY992_pY1068_pY1086_pY1148_pY1174_EGFR_1__ERBB3_1__PIK3C__PIK3R__PIP2_ * 1.0 + cyt_mixed__EGF_1__pY992_pY1068_pY1086_pY1148_pY1174_EGFR_1__NRG1_1__ERBB3_1__PIK3C__PIK3R__PIP2_ * 1.0 + cyt_mixed__EGF_1__pY992_pY1068_pY1086_pY1148_pY1174_EGFR_1__pY1056_pY1162_pY1284_ERBB4_1__PIK3C__PIK3R__PIP2_ * 1.0 + cyt_mixed__EGF_1__pY992_pY1068_pY1086_pY1148_pY1174_EGFR_1__NRG1_1__pY1056_pY1162_pY1284_ERBB4_1__PIK3C__PIK3R__PIP2_ * 1.0 + cyt_mixed__pY1196_pY1222_pY1248_ERBB2_1__NRG1_1__ERBB3_1__PIK3C__PIK3R__PIP2_ * 1.0 + pHE3Ev3_PI3K1_PIP2 * 1.0 + cyt_mixed__pY992_pY1068_pY1086_pY1148_pY1174_EGFR_1__NRG1_1__ERBB3_1__PIK3C__PIK3R__PIP2_ * 1.0 + cyt_mixed__NRG1_1__ERBB3_1__pY1056_pY1162_pY1284_ERBB4_1__PIK3C__PIK3R__PIP2_ * 1.0 + cyt_mixed__NRG1_1__ERBB3_1__NRG1_1__pY1056_pY1162_pY1284_ERBB4_1__PIK3C__PIK3R__PIP2_ * 1.0 + cyt_mixed__pY1196_pY1222_pY1248_ERBB2_1__NRG1_1__pY1056_pY1162_pY1284_ERBB4_1__PIK3C__PIK3R__PIP2_ * 1.0 + pHE4Ev3_PI3K1_PIP2 * 1.0 + cyt_mixed__pY992_pY1068_pY1086_pY1148_pY1174_EGFR_1__NRG1_1__pY1056_pY1162_pY1284_ERBB4_1__PIK3C__PIK3R__PIP2_ * 1.0 + cyt_mixed__ERBB3_1__NRG1_1__pY1056_pY1162_pY1284_ERBB4_1__PIK3C__PIK3R__PIP2_ * 1.0 + cyt_mixed__NRG1_1__pY1056_pY1162_pY1284_pY1056_pY1162_pY1284_ERBB4_1__pY1056_pY1162_pY1284_pY1056_pY1162_pY1284_ERBB4_1__PIK3C__PIK3R__PIP2_ * 1.0 + cyt_mixed__NRG1_1__pY1056_pY1162_pY1284_pY1056_pY1162_pY1284_ERBB4_1__NRG1_1__pY1056_pY1162_pY1284_pY1056_pY1162_pY1284_ERBB4_1__PIK3C__PIK3R__PIP2_ * 1.0 + cyt_mixed__HGF_1__pY1234_pY1235_pY1234_pY1235_MET_1__pY1234_pY1235_pY1234_pY1235_MET_1__PIK3C__PIK3R__PIP2_ * 1.0 + cyt_mixed__HGF_1__pY1234_pY1235_pY1234_pY1235_MET_1__HGF_1__pY1234_pY1235_pY1234_pY1235_MET_1__PIK3C__PIK3R__PIP2_ * 1.0 + cyt_cong__PDGFB_1__PGFRB__PDGFB_1__PGFRB__PIK3C__PIK3R__PIP2_ * 1.0 + cyt_cong__PDGFB_1__PGFRB__PGFRB__PIK3C__PIK3R__PIP2_ * 1.0 + cyt_mixed__FGF__FGFR__FGF__FGFR__PIK3C__PIK3R__PIP2_ * 1.0 + cyt_mixed__FGF__FGFR__FGFR__PIK3C__PIK3R__PIP2_ * 1.0 + cyt_cong__IGF__pY980_pS982_pY1161_pY1165_pY1166_pY1280_pY1281_pY980_pS982_pY1161_pY1165_pY1166_pY1280_pY1281_IGF1R__pY980_pS982_pY1161_pY1165_pY1166_pY1280_pY1281_pY980_pS982_pY1161_pY1165_pY1166_pY1280_pY1281_IGF1R__IRS__PIK3C__PIK3R__PIP2_ * 1.0 + cyt_cong__INS_1__pY992_pY999_pY1011_pY1185_pY1189_pY1190_pY1314_pY1348_pY1355_pY992_pY999_pY1011_pY1185_pY1189_pY1190_pY1314_pY1348_pY1355_INSR_1__pY992_pY999_pY1011_pY1185_pY1189_pY1190_pY1314_pY1348_pY1355_pY992_pY999_pY1011_pY1185_pY1189_pY1190_pY1314_pY1348_pY1355_INSR_1__IRS__PIK3C__PIK3R__PIP2_ * 1.0 + cyt_cong__IGF__pY980_pS982_pY1161_pY1165_pY1166_pY1280_pY1281_pY980_pS982_pY1161_pY1165_pY1166_pY1280_pY1281_IGF1R__pY980_pS982_pY1161_pY1165_pY1166_pY1280_pY1281_pY980_pS982_pY1161_pY1165_pY1166_pY1280_pY1281_IGF1R__IGF__IRS__PIK3C__PIK3R__PIP2_ * 1.0 + cyt_cong__INS_1__pY992_pY999_pY1011_pY1185_pY1189_pY1190_pY1314_pY1348_pY1355_pY992_pY999_pY1011_pY1185_pY1189_pY1190_pY1314_pY1348_pY1355_INSR_1__pY992_pY999_pY1011_pY1185_pY1189_pY1190_pY1314_pY1348_pY1355_pY992_pY999_pY1011_pY1185_pY1189_pY1190_pY1314_pY1348_pY1355_INSR_1__INS_1__IRS__PIK3C__PIK3R__PIP2_ * 1.0 + cyt_cong__PIK3C__PIK3R_ * 1.0 + cyt_cong__p_PIK3C__PIK3R_ * 1.0 + cyt_prot_a__PIK3C__PIK3R__MTORC1_ * 1.0	1
PI3KR1 + PI3K1 abundance	cyt_cong__PIK3R_ + cyt_cong__EGF_1__pY992_pY1068_pY1086_pY1148_pY1174_EGFR_1__pY1196_pY1222_pY1248_ERBB2_1__PIK3C__PIK3R_ * 1.0 + pEE1Ev3_PI3K1 * 1.0 + cyt_cong__EGF_1__pY992_pY1068_pY1086_pY1148_pY1174_pY992_pY1068_pY1086_pY1148_pY1174_EGFR_1__pY992_pY1068_pY1086_pY1148_pY1174_pY992_pY1068_pY1086_pY1148_pY1174_EGFR_1__PIK3C__PIK3R_ * 1.0 + cyt_cong__EGF_1__pY992_pY1068_pY1086_pY1148_pY1174_pY992_pY1068_pY1086_pY1148_pY1174_EGFR_1__EGF_1__pY992_pY1068_pY1086_pY1148_pY1174_pY992_pY1068_pY1086_pY1148_pY1174_EGFR_1__PIK3C__PIK3R_ * 1.0 + cyt_cong__EGF_1__pY992_pY1068_pY1086_pY1148_pY1174_EGFR_1__ERBB3_1__PIK3C__PIK3R_ * 1.0 + cyt_cong__EGF_1__pY992_pY1068_pY1086_pY1148_pY1174_EGFR_1__NRG1_1__ERBB3_1__PIK3C__PIK3R_ * 1.0 + cyt_cong__EGF_1__pY992_pY1068_pY1086_pY1148_pY1174_EGFR_1__pY1056_pY1162_pY1284_ERBB4_1__PIK3C__PIK3R_ * 1.0 + cyt_cong__EGF_1__pY992_pY1068_pY1086_pY1148_pY1174_EGFR_1__NRG1_1__pY1056_pY1162_pY1284_ERBB4_1__PIK3C__PIK3R_ * 1.0 + cyt_cong__pY1196_pY1222_pY1248_ERBB2_1__NRG1_1__ERBB3_1__PIK3C__PIK3R_ * 1.0 + pHE3Ev3_PI3K1 * 1.0 + cyt_cong__pY992_pY1068_pY1086_pY1148_pY1174_EGFR_1__NRG1_1__ERBB3_1__PIK3C__PIK3R_ * 1.0 + cyt_cong__NRG1_1__ERBB3_1__pY1056_pY1162_pY1284_ERBB4_1__PIK3C__PIK3R_ * 1.0 + cyt_cong__NRG1_1__ERBB3_1__NRG1_1__pY1056_pY1162_pY1284_ERBB4_1__PIK3C__PIK3R_ * 1.0 + cyt_cong__pY1196_pY1222_pY1248_ERBB2_1__NRG1_1__pY1056_pY1162_pY1284_ERBB4_1__PIK3C__PIK3R_ * 1.0 + pHE4Ev3_PI3K1 * 1.0 + cyt_cong__pY992_pY1068_pY1086_pY1148_pY1174_EGFR_1__NRG1_1__pY1056_pY1162_pY1284_ERBB4_1__PIK3C__PIK3R_ * 1.0 + cyt_cong__ERBB3_1__NRG1_1__pY1056_pY1162_pY1284_ERBB4_1__PIK3C__PIK3R_ * 1.0 + cyt_cong__NRG1_1__pY1056_pY1162_pY1284_pY1056_pY1162_pY1284_ERBB4_1__pY1056_pY1162_pY1284_pY1056_pY1162_pY1284_ERBB4_1__PIK3C__PIK3R_ * 1.0 + cyt_cong__NRG1_1__pY1056_pY1162_pY1284_pY1056_pY1162_pY1284_ERBB4_1__NRG1_1__pY1056_pY1162_pY1284_pY1056_pY1162_pY1284_ERBB4_1__PIK3C__PIK3R_ * 1.0 + cyt_cong__HGF_1__pY1234_pY1235_pY1234_pY1235_MET_1__pY1234_pY1235_pY1234_pY1235_MET_1__PIK3C__PIK3R_ * 1.0 + cyt_cong__HGF_1__pY1234_pY1235_pY1234_pY1235_MET_1__HGF_1__pY1234_pY1235_pY1234_pY1235_MET_1__PIK3C__PIK3R_ * 1.0 + cyt_cong__PDGFB_1__PGFRB__PDGFB_1__PGFRB__PIK3C__PIK3R_ * 1.0 + cyt_cong__PDGFB_1__PGFRB__PGFRB__PIK3C__PIK3R_ * 1.0 + cyt_cong__FGF__FGFR__FGF__FGFR__PIK3C__PIK3R_ * 1.0 + cyt_cong__FGF__FGFR__FGFR__PIK3C__PIK3R_ * 1.0 + cyt_cong__IGF__pY980_pS982_pY1161_pY1165_pY1166_pY1280_pY1281_pY980_pS982_pY1161_pY1165_pY1166_pY1280_pY1281_IGF1R__pY980_pS982_pY1161_pY1165_pY1166_pY1280_pY1281_pY980_pS982_pY1161_pY1165_pY1166_pY1280_pY1281_IGF1R__IRS__PIK3C__PIK3R_ * 1.0 + cyt_cong__INS_1__pY992_pY999_pY1011_pY1185_pY1189_pY1190_pY1314_pY1348_pY1355_pY992_pY999_pY1011_pY1185_pY1189_pY1190_pY1314_pY1348_pY1355_INSR_1__pY992_pY999_pY1011_pY1185_pY1189_pY1190_pY1314_pY1348_pY1355_pY992_pY999_pY1011_pY1185_pY1189_pY1190_pY1314_pY1348_pY1355_INSR_1__IRS__PIK3C__PIK3R_ * 1.0 + cyt_cong__IGF__pY980_pS982_pY1161_pY1165_pY1166_pY1280_pY1281_pY980_pS982_pY1161_pY1165_pY1166_pY1280_pY1281_IGF1R__pY980_pS982_pY1161_pY1165_pY1166_pY1280_pY1281_pY980_pS982_pY1161_pY1165_pY1166_pY1280_pY1281_IGF1R__IGF__IRS__PIK3C__PIK3R_ * 1.0 + cyt_cong__INS_1__pY992_pY999_pY1011_pY1185_pY1189_pY1190_pY1314_pY1348_pY1355_pY992_pY999_pY1011_pY1185_pY1189_pY1190_pY1314_pY1348_pY1355_INSR_1__pY992_pY999_pY1011_pY1185_pY1189_pY1190_pY1314_pY1348_pY1355_pY992_pY999_pY1011_pY1185_pY1189_pY1190_pY1314_pY1348_pY1355_INSR_1__INS_1__IRS__PIK3C__PIK3R_ * 1.0 + cyt_mixed__EGF_1__pY992_pY1068_pY1086_pY1148_pY1174_EGFR_1__pY1196_pY1222_pY1248_ERBB2_1__PIK3C__PIK3R__PIP2_ * 1.0 + pEE1Ev3_PI3K1_PIP2 * 1.0 + cyt_mixed__EGF_1__pY992_pY1068_pY1086_pY1148_pY1174_pY992_pY1068_pY1086_pY1148_pY1174_EGFR_1__pY992_pY1068_pY1086_pY1148_pY1174_pY992_pY1068_pY1086_pY1148_pY1174_EGFR_1__PIK3C__PIK3R__PIP2_ * 1.0 + cyt_mixed__EGF_1__pY992_pY1068_pY1086_pY1148_pY1174_pY992_pY1068_pY1086_pY1148_pY1174_EGFR_1__EGF_1__pY992_pY1068_pY1086_pY1148_pY1174_pY992_pY1068_pY1086_pY1148_pY1174_EGFR_1__PIK3C__PIK3R__PIP2_ * 1.0 + cyt_mixed__EGF_1__pY992_pY1068_pY1086_pY1148_pY1174_EGFR_1__ERBB3_1__PIK3C__PIK3R__PIP2_ * 1.0 + cyt_mixed__EGF_1__pY992_pY1068_pY1086_pY1148_pY1174_EGFR_1__NRG1_1__ERBB3_1__PIK3C__PIK3R__PIP2_ * 1.0 + cyt_mixed__EGF_1__pY992_pY1068_pY1086_pY1148_pY1174_EGFR_1__pY1056_pY1162_pY1284_ERBB4_1__PIK3C__PIK3R__PIP2_ * 1.0 + cyt_mixed__EGF_1__pY992_pY1068_pY1086_pY1148_pY1174_EGFR_1__NRG1_1__pY1056_pY1162_pY1284_ERBB4_1__PIK3C__PIK3R__PIP2_ * 1.0 + cyt_mixed__pY1196_pY1222_pY1248_ERBB2_1__NRG1_1__ERBB3_1__PIK3C__PIK3R__PIP2_ * 1.0 + pHE3Ev3_PI3K1_PIP2 * 1.0 + cyt_mixed__pY992_pY1068_pY1086_pY1148_pY1174_EGFR_1__NRG1_1__ERBB3_1__PIK3C__PIK3R__PIP2_ * 1.0 + cyt_mixed__NRG1_1__ERBB3_1__pY1056_pY1162_pY1284_ERBB4_1__PIK3C__PIK3R__PIP2_ * 1.0 + cyt_mixed__NRG1_1__ERBB3_1__NRG1_1__pY1056_pY1162_pY1284_ERBB4_1__PIK3C__PIK3R__PIP2_ * 1.0 + cyt_mixed__pY1196_pY1222_pY1248_ERBB2_1__NRG1_1__pY1056_pY1162_pY1284_ERBB4_1__PIK3C__PIK3R__PIP2_ * 1.0 + pHE4Ev3_PI3K1_PIP2 * 1.0 + cyt_mixed__pY992_pY1068_pY1086_pY1148_pY1174_EGFR_1__NRG1_1__pY1056_pY1162_pY1284_ERBB4_1__PIK3C__PIK3R__PIP2_ * 1.0 + cyt_mixed__ERBB3_1__NRG1_1__pY1056_pY1162_pY1284_ERBB4_1__PIK3C__PIK3R__PIP2_ * 1.0 + cyt_mixed__NRG1_1__pY1056_pY1162_pY1284_pY1056_pY1162_pY1284_ERBB4_1__pY1056_pY1162_pY1284_pY1056_pY1162_pY1284_ERBB4_1__PIK3C__PIK3R__PIP2_ * 1.0 + cyt_mixed__NRG1_1__pY1056_pY1162_pY1284_pY1056_pY1162_pY1284_ERBB4_1__NRG1_1__pY1056_pY1162_pY1284_pY1056_pY1162_pY1284_ERBB4_1__PIK3C__PIK3R__PIP2_ * 1.0 + cyt_mixed__HGF_1__pY1234_pY1235_pY1234_pY1235_MET_1__pY1234_pY1235_pY1234_pY1235_MET_1__PIK3C__PIK3R__PIP2_ * 1.0 + cyt_mixed__HGF_1__pY1234_pY1235_pY1234_pY1235_MET_1__HGF_1__pY1234_pY1235_pY1234_pY1235_MET_1__PIK3C__PIK3R__PIP2_ * 1.0 + cyt_cong__PDGFB_1__PGFRB__PDGFB_1__PGFRB__PIK3C__PIK3R__PIP2_ * 1.0 + cyt_cong__PDGFB_1__PGFRB__PGFRB__PIK3C__PIK3R__PIP2_ * 1.0 + cyt_mixed__FGF__FGFR__FGF__FGFR__PIK3C__PIK3R__PIP2_ * 1.0 + cyt_mixed__FGF__FGFR__FGFR__PIK3C__PIK3R__PIP2_ * 1.0 + cyt_cong__IGF__pY980_pS982_pY1161_pY1165_pY1166_pY1280_pY1281_pY980_pS982_pY1161_pY1165_pY1166_pY1280_pY1281_IGF1R__pY980_pS982_pY1161_pY1165_pY1166_pY1280_pY1281_pY980_pS982_pY1161_pY1165_pY1166_pY1280_pY1281_IGF1R__IRS__PIK3C__PIK3R__PIP2_ * 1.0 + cyt_cong__INS_1__pY992_pY999_pY1011_pY1185_pY1189_pY1190_pY1314_pY1348_pY1355_pY992_pY999_pY1011_pY1185_pY1189_pY1190_pY1314_pY1348_pY1355_INSR_1__pY992_pY999_pY1011_pY1185_pY1189_pY1190_pY1314_pY1348_pY1355_pY992_pY999_pY1011_pY1185_pY1189_pY1190_pY1314_pY1348_pY1355_INSR_1__IRS__PIK3C__PIK3R__PIP2_ * 1.0 + cyt_cong__IGF__pY980_pS982_pY1161_pY1165_pY1166_pY1280_pY1281_pY980_pS982_pY1161_pY1165_pY1166_pY1280_pY1281_IGF1R__pY980_pS982_pY1161_pY1165_pY1166_pY1280_pY1281_pY980_pS982_pY1161_pY1165_pY1166_pY1280_pY1281_IGF1R__IGF__IRS__PIK3C__PIK3R__PIP2_ * 1.0 + cyt_cong__INS_1__pY992_pY999_pY1011_pY1185_pY1189_pY1190_pY1314_pY1348_pY1355_pY992_pY999_pY1011_pY1185_pY1189_pY1190_pY1314_pY1348_pY1355_INSR_1__pY992_pY999_pY1011_pY1185_pY1189_pY1190_pY1314_pY1348_pY1355_pY992_pY999_pY1011_pY1185_pY1189_pY1190_pY1314_pY1348_pY1355_INSR_1__INS_1__IRS__PIK3C__PIK3R__PIP2_ * 1.0 + cyt_cong__PIK3C__PIK3R_ * 1.0 + cyt_cong__p_PIK3C__PIK3R_ * 1.0 + cyt_prot_a__PIK3C__PIK3R__MTORC1_ * 1.0	1
PKC abundance	cyt_cong__KPC_ * 1.0 + cyt_mixed__CDP_DAG__PRKC_ * 1.0 + cyt_cong__PEBP1__CDP_DAG__KPC_ * 1.0	1
PTEN abundance	cyt_prot__PTEN_1_ * 1.0 + cyt_mixed__PIP3__PTEN_ * 1.0	1
Raptor abundance	cyt_prot__RPTOR_1_	1
RSK abundance	cyt_cong__RPS6KA_ * 1.0 + cyt_prot__p_RPS6KA_ * 1.0 + nuc_prot__p_RPS6KA_ * 0.33333333333333337 + cyt_cong__RPS6KA__p_p_MAPK_ * 1.0 + nuc_prot__p_RPS6KA__DUS1_ * 0.33333333333333337 + nuc_prot__FOS_1__p_RPS6KA_ * 0.33333333333333337	1
Smac abundance	mit_prot__DBLOH_1_ * 0.07 + mit_abs__pore__DBLOH_1_ * 0.07 + mit_prot_i__DBLOH_1_ * 0.07 + cyt_prot__DBLOH_1_ * 1.0 + cyt_prot__DBLOH_1__XIAP_ * 1.0	1
TSC1 abundance	cyt_prot__TSC1_1_	1
TSC2 abundance	cyt_prot__TSC2_1_ * 1.0 + cyt_prot__p_TSC2_1_ * 1.0 + cyt_cong__TSC2_1__p_p_AKT_ * 1.0 + cyt_cong__TSC2_1__p_p_MAPK_ * 1.0	1
pTSC2 abunance	cyt_prot__p_TSC2_1_	1
wee1 abundance	nuc_prot__WEE1_1_ * 0.33333333333333337 + nuc_prot__pS123_WEE1_1_ * 0.33333333333333337	1
Rheb abundance	cyt_mixed__RHEB__GDP_ * 1.0 + cyt_mixed__RHEB__GTP_ * 1.0 + cyt_mixed__RHEB__GTP__TSC_ * 1.0	1
Rictor abundance	cyt_prot__RICTR_1_	1
CRaf abundance	nuc_prot___pS29_pS43_pS289_pS296_pS301_pS642_RAF1_1_ * 1.0 + cyt_prot__RAF1_1_ * 1.0 + cyt_mixed__RAS__GTP__RAF1_1_ * 1.0 + cyt_mixed__RAS__GTP__RAF1_1__BRAF_ * 1.0 + cyt_prot__PEBP1__RAF1_1_ * 1.0 + cyt_cong__RAF1_1__p_p_MAPK_ * 1.0 + cyt_mixed__MAP2K__RAS__GTP__RAF1_1__BRAF_ * 1.0 + cyt_mixed__p_MAP2K__RAS__GTP__RAF1_1__BRAF_ * 1.0 + cyt_mixed__RAS__GTP__RAF1_1__RAF1_1_ * 1.0 + cyt_mixed__MAP2K__RAS__GTP__RAF1_1__RAF1_1_ * 1.0 + cyt_mixed__p_MAP2K__RAS__GTP__RAF1_1__RAF1_1_ * 1.0	1
RasT_CRaf abundance	cyt_mixed__RAS__GTP__RAF1_1_ * 1.0 + cyt_mixed__RAS__GTP__RAF1_1__BRAF_ * 1.0 + cyt_mixed__MAP2K__RAS__GTP__RAF1_1__BRAF_ * 1.0 + cyt_mixed__p_MAP2K__RAS__GTP__RAF1_1__BRAF_ * 1.0 + cyt_mixed__RAS__GTP__RAF1_1__RAF1_1_ * 1.0 + cyt_mixed__MAP2K__RAS__GTP__RAF1_1__RAF1_1_ * 1.0 + cyt_mixed__p_MAP2K__RAS__GTP__RAF1_1__RAF1_1_ * 1.0	1
pRb abundance	nuc_prot__RB_ * 0.33333333333333337 + nuc_prot__pT373_RB_ * 0.33333333333333337 + nuc_prot__pT373_pS807_pS811_RB_ * 0.33333333333333337 + nuc_cong__RB__E2F_ * 0.33333333333333337 + nuc_cong__pT373_RB__E2F_ * 0.33333333333333337	1
pRbp + pRbc2 abundance	nuc_prot__pT373_RB_ * 0.33333333333333337 + nuc_prot__pT373_pS807_pS811_RB_ * 0.33333333333333337 + nuc_cong__RB__E2F_ * 0.33333333333333337 + nuc_cong__pT373_RB__E2F_ * 0.33333333333333337	1
cJun abundance	nuc_prot__JUN_*0.333333333333337 + nuc_prot__p_FOS_1__JUN_*0.333333333333337	1
