observableId	preequilibrationConditionId	simulationConditionId	measurement	time
blank		heterogenize		172800.0
blank	heterogenize	serum_fed_equilibrium		64800.0
EIF4EBP1 abundance	serum_fed_equilibrium	EGF	1.0315434516	0.0
EIF4EBP1 abundance	serum_fed_equilibrium	EGF	0.9992136271	3600.0
EIF4EBP1 abundance	serum_fed_equilibrium	EGF	1.0042952358	14400.0
EIF4EBP1 abundance	serum_fed_equilibrium	EGF	0.9838490483	28800.0
EIF4EBP1 abundance	serum_fed_equilibrium	EGF	1.0881462505	86400.0
EIF4EBP1 abundance	serum_fed_equilibrium	EGF	1.11901252	172800.0
EIF4EBP1 abundance	serum_fed_equilibrium	HGF only	1.0315434516	0.0
EIF4EBP1 abundance	serum_fed_equilibrium	HGF only	1.0133830191	3600.0
EIF4EBP1 abundance	serum_fed_equilibrium	HGF only	1.0341784806	14400.0
EIF4EBP1 abundance	serum_fed_equilibrium	HGF only	1.0369360347	28800.0
EIF4EBP1 abundance	serum_fed_equilibrium	HGF only	1.1082982282	86400.0
EIF4EBP1 abundance	serum_fed_equilibrium	HGF only	1.0530491071	172800.0
EIF4EBP1 abundance	serum_fed_equilibrium	IFNG_EGF	1.0315434516	0.0
EIF4EBP1 abundance	serum_fed_equilibrium	IFNG_EGF	1.0090084249	3600.0
EIF4EBP1 abundance	serum_fed_equilibrium	IFNG_EGF	0.9328287929	14400.0
EIF4EBP1 abundance	serum_fed_equilibrium	IFNG_EGF	0.9657617835	28800.0
EIF4EBP1 abundance	serum_fed_equilibrium	IFNG_EGF	0.9534792996	86400.0
EIF4EBP1 abundance	serum_fed_equilibrium	IFNG_EGF	1.0657848403	172800.0
EIF4EBP1 abundance	serum_fed_equilibrium	PBS only	1.0315434516	0.0
EIF4EBP1 abundance	serum_fed_equilibrium	PBS only	1.2449600598	3600.0
EIF4EBP1 abundance	serum_fed_equilibrium	PBS only	1.1102884924	14400.0
EIF4EBP1 abundance	serum_fed_equilibrium	PBS only	1.1540574032	28800.0
EIF4EBP1 abundance	serum_fed_equilibrium	PBS only	1.1965097305	86400.0
EIF4EBP1 abundance	serum_fed_equilibrium	PBS only	1.0039566314	172800.0
pEIF4EBP1 abundance	serum_fed_equilibrium	EGF	0.9868642185	0.0
pEIF4EBP1 abundance	serum_fed_equilibrium	EGF	0.977356778	3600.0
pEIF4EBP1 abundance	serum_fed_equilibrium	EGF	0.9968181865	14400.0
pEIF4EBP1 abundance	serum_fed_equilibrium	EGF	1.0477306547	28800.0
pEIF4EBP1 abundance	serum_fed_equilibrium	EGF	1.2537121056	86400.0
pEIF4EBP1 abundance	serum_fed_equilibrium	EGF	1.234013669	172800.0
pEIF4EBP1 abundance	serum_fed_equilibrium	HGF only	0.9868642185	0.0
pEIF4EBP1 abundance	serum_fed_equilibrium	HGF only	0.9865951441	3600.0
pEIF4EBP1 abundance	serum_fed_equilibrium	HGF only	0.9450208174	14400.0
pEIF4EBP1 abundance	serum_fed_equilibrium	HGF only	1.0117683235	28800.0
pEIF4EBP1 abundance	serum_fed_equilibrium	HGF only	1.104346858	86400.0
pEIF4EBP1 abundance	serum_fed_equilibrium	HGF only	0.9497834661	172800.0
pEIF4EBP1 abundance	serum_fed_equilibrium	IFNG_EGF	0.9868642185	0.0
pEIF4EBP1 abundance	serum_fed_equilibrium	IFNG_EGF	0.9864894242	3600.0
pEIF4EBP1 abundance	serum_fed_equilibrium	IFNG_EGF	1.011160276	14400.0
pEIF4EBP1 abundance	serum_fed_equilibrium	IFNG_EGF	1.1187776524	28800.0
pEIF4EBP1 abundance	serum_fed_equilibrium	IFNG_EGF	1.2736569938	86400.0
pEIF4EBP1 abundance	serum_fed_equilibrium	IFNG_EGF	1.0807077021	172800.0
pEIF4EBP1 abundance	serum_fed_equilibrium	PBS only	0.9868642185	0.0
pEIF4EBP1 abundance	serum_fed_equilibrium	PBS only	0.8353227868	3600.0
pEIF4EBP1 abundance	serum_fed_equilibrium	PBS only	0.8925364163	14400.0
pEIF4EBP1 abundance	serum_fed_equilibrium	PBS only	0.9254462846	28800.0
pEIF4EBP1 abundance	serum_fed_equilibrium	PBS only	0.8131068303	86400.0
pEIF4EBP1 abundance	serum_fed_equilibrium	PBS only	0.5899329498	172800.0
AKT abundance	serum_fed_equilibrium	EGF	0.8591520518	0.0
AKT abundance	serum_fed_equilibrium	EGF	0.8911575757	3600.0
AKT abundance	serum_fed_equilibrium	EGF	0.8913379426	14400.0
AKT abundance	serum_fed_equilibrium	EGF	0.9658930778	28800.0
AKT abundance	serum_fed_equilibrium	EGF	1.2106628051	86400.0
AKT abundance	serum_fed_equilibrium	EGF	1.2698620594	172800.0
AKT abundance	serum_fed_equilibrium	HGF only	0.8591520518	0.0
AKT abundance	serum_fed_equilibrium	HGF only	0.9263993323	3600.0
AKT abundance	serum_fed_equilibrium	HGF only	0.9409251262	14400.0
AKT abundance	serum_fed_equilibrium	HGF only	1.0145970159	28800.0
AKT abundance	serum_fed_equilibrium	HGF only	1.1784558463	86400.0
AKT abundance	serum_fed_equilibrium	HGF only	1.2887611655	172800.0
AKT abundance	serum_fed_equilibrium	IFNG_EGF	0.8591520518	0.0
AKT abundance	serum_fed_equilibrium	IFNG_EGF	0.9308071546	3600.0
AKT abundance	serum_fed_equilibrium	IFNG_EGF	0.9205569932	14400.0
AKT abundance	serum_fed_equilibrium	IFNG_EGF	0.956162757	28800.0
AKT abundance	serum_fed_equilibrium	IFNG_EGF	1.1283828705	86400.0
AKT abundance	serum_fed_equilibrium	IFNG_EGF	1.3020072918	172800.0
AKT abundance	serum_fed_equilibrium	PBS only	0.8591520518	0.0
AKT abundance	serum_fed_equilibrium	PBS only	0.9303866103	3600.0
AKT abundance	serum_fed_equilibrium	PBS only	0.9309027741	14400.0
AKT abundance	serum_fed_equilibrium	PBS only	0.9645533616	28800.0
AKT abundance	serum_fed_equilibrium	PBS only	1.0549925172	86400.0
AKT abundance	serum_fed_equilibrium	PBS only	0.8177522881	172800.0
pAKT abundance	serum_fed_equilibrium	EGF	1.6046305815	0.0
pAKT abundance	serum_fed_equilibrium	EGF	1.1925111825	3600.0
pAKT abundance	serum_fed_equilibrium	EGF	0.997019293	14400.0
pAKT abundance	serum_fed_equilibrium	EGF	1.132046177	28800.0
pAKT abundance	serum_fed_equilibrium	EGF	1.0551402472	86400.0
pAKT abundance	serum_fed_equilibrium	EGF	0.9758185122	172800.0
pAKT abundance	serum_fed_equilibrium	HGF only	1.6046305815	0.0
pAKT abundance	serum_fed_equilibrium	HGF only	1.0615169165	3600.0
pAKT abundance	serum_fed_equilibrium	HGF only	0.934089604	14400.0
pAKT abundance	serum_fed_equilibrium	HGF only	0.9576040079	28800.0
pAKT abundance	serum_fed_equilibrium	HGF only	0.8135064188	86400.0
pAKT abundance	serum_fed_equilibrium	HGF only	0.8854369268	172800.0
pAKT abundance	serum_fed_equilibrium	IFNG_EGF	1.6046305815	0.0
pAKT abundance	serum_fed_equilibrium	IFNG_EGF	0.9715589829	3600.0
pAKT abundance	serum_fed_equilibrium	IFNG_EGF	0.9218452844	14400.0
pAKT abundance	serum_fed_equilibrium	IFNG_EGF	1.1016265177	28800.0
pAKT abundance	serum_fed_equilibrium	IFNG_EGF	0.896495496	86400.0
pAKT abundance	serum_fed_equilibrium	IFNG_EGF	1.2223105366	172800.0
pAKT abundance	serum_fed_equilibrium	PBS only	1.6046305815	0.0
pAKT abundance	serum_fed_equilibrium	PBS only	0.5730333484	3600.0
pAKT abundance	serum_fed_equilibrium	PBS only	1.0635596578	14400.0
pAKT abundance	serum_fed_equilibrium	PBS only	0.981788838	28800.0
pAKT abundance	serum_fed_equilibrium	PBS only	0.8501819358	86400.0
pAKT abundance	serum_fed_equilibrium	PBS only	0.8664191858	172800.0
ppAKT abundance	serum_fed_equilibrium	EGF	1.273946796	0.0
ppAKT abundance	serum_fed_equilibrium	EGF	1.1286270421	3600.0
ppAKT abundance	serum_fed_equilibrium	EGF	1.0275820703	14400.0
ppAKT abundance	serum_fed_equilibrium	EGF	1.0596511098	28800.0
ppAKT abundance	serum_fed_equilibrium	EGF	1.0622768982	86400.0
ppAKT abundance	serum_fed_equilibrium	EGF	1.0500475359	172800.0
ppAKT abundance	serum_fed_equilibrium	HGF only	1.273946796	0.0
ppAKT abundance	serum_fed_equilibrium	HGF only	1.0520045679	3600.0
ppAKT abundance	serum_fed_equilibrium	HGF only	0.9820528988	14400.0
ppAKT abundance	serum_fed_equilibrium	HGF only	0.970881871	28800.0
ppAKT abundance	serum_fed_equilibrium	HGF only	0.9448604718	86400.0
ppAKT abundance	serum_fed_equilibrium	HGF only	1.03343457	172800.0
ppAKT abundance	serum_fed_equilibrium	IFNG_EGF	1.273946796	0.0
ppAKT abundance	serum_fed_equilibrium	IFNG_EGF	0.9802751602	3600.0
ppAKT abundance	serum_fed_equilibrium	IFNG_EGF	0.9676639197	14400.0
ppAKT abundance	serum_fed_equilibrium	IFNG_EGF	1.0089596003	28800.0
ppAKT abundance	serum_fed_equilibrium	IFNG_EGF	0.9603710403	86400.0
ppAKT abundance	serum_fed_equilibrium	IFNG_EGF	1.0845894807	172800.0
ppAKT abundance	serum_fed_equilibrium	PBS only	1.273946796	0.0
ppAKT abundance	serum_fed_equilibrium	PBS only	0.8435207664	3600.0
ppAKT abundance	serum_fed_equilibrium	PBS only	0.8909305347	14400.0
ppAKT abundance	serum_fed_equilibrium	PBS only	0.9823869237	28800.0
ppAKT abundance	serum_fed_equilibrium	PBS only	0.9515693373	86400.0
ppAKT abundance	serum_fed_equilibrium	PBS only	1.0333316935	172800.0
ATM abundance	serum_fed_equilibrium	EGF	0.9812811888	0.0
ATM abundance	serum_fed_equilibrium	EGF	0.9867358294	3600.0
ATM abundance	serum_fed_equilibrium	EGF	0.9790090545	14400.0
ATM abundance	serum_fed_equilibrium	EGF	0.9763234751	28800.0
ATM abundance	serum_fed_equilibrium	EGF	1.0176188806	86400.0
ATM abundance	serum_fed_equilibrium	EGF	1.0671167479	172800.0
ATM abundance	serum_fed_equilibrium	HGF only	0.9812811888	0.0
ATM abundance	serum_fed_equilibrium	HGF only	0.973241141	3600.0
ATM abundance	serum_fed_equilibrium	HGF only	1.0151334284	14400.0
ATM abundance	serum_fed_equilibrium	HGF only	1.0018802629	28800.0
ATM abundance	serum_fed_equilibrium	HGF only	1.1110779025	86400.0
ATM abundance	serum_fed_equilibrium	HGF only	1.0823524992	172800.0
ATM abundance	serum_fed_equilibrium	IFNG_EGF	0.9812811888	0.0
ATM abundance	serum_fed_equilibrium	IFNG_EGF	0.9865318483	3600.0
ATM abundance	serum_fed_equilibrium	IFNG_EGF	1.0043735483	14400.0
ATM abundance	serum_fed_equilibrium	IFNG_EGF	0.9656208121	28800.0
ATM abundance	serum_fed_equilibrium	IFNG_EGF	0.9186370662	86400.0
ATM abundance	serum_fed_equilibrium	IFNG_EGF	1.0946153236	172800.0
ATM abundance	serum_fed_equilibrium	PBS only	0.9812811888	0.0
ATM abundance	serum_fed_equilibrium	PBS only	0.9610993893	3600.0
ATM abundance	serum_fed_equilibrium	PBS only	0.9933523058	14400.0
ATM abundance	serum_fed_equilibrium	PBS only	1.0159713759	28800.0
ATM abundance	serum_fed_equilibrium	PBS only	0.9752185698	86400.0
ATM abundance	serum_fed_equilibrium	PBS only	0.9841304243	172800.0
ATMP abunance	serum_fed_equilibrium	EGF	0.9817599033	0.0
ATMP abunance	serum_fed_equilibrium	EGF	0.9875413991	3600.0
ATMP abunance	serum_fed_equilibrium	EGF	0.9940799132	14400.0
ATMP abunance	serum_fed_equilibrium	EGF	1.0223658757	28800.0
ATMP abunance	serum_fed_equilibrium	EGF	1.0410110009	86400.0
ATMP abunance	serum_fed_equilibrium	EGF	1.0531079639	172800.0
ATMP abunance	serum_fed_equilibrium	HGF only	0.9817599033	0.0
ATMP abunance	serum_fed_equilibrium	HGF only	0.9617706139	3600.0
ATMP abunance	serum_fed_equilibrium	HGF only	1.0307917023	14400.0
ATMP abunance	serum_fed_equilibrium	HGF only	1.0079436885	28800.0
ATMP abunance	serum_fed_equilibrium	HGF only	1.0388934564	86400.0
ATMP abunance	serum_fed_equilibrium	HGF only	1.0452750153	172800.0
ATMP abunance	serum_fed_equilibrium	IFNG_EGF	0.9817599033	0.0
ATMP abunance	serum_fed_equilibrium	IFNG_EGF	0.9913675285	3600.0
ATMP abunance	serum_fed_equilibrium	IFNG_EGF	0.9905167576	14400.0
ATMP abunance	serum_fed_equilibrium	IFNG_EGF	1.0106847536	28800.0
ATMP abunance	serum_fed_equilibrium	IFNG_EGF	1.0076655441	86400.0
ATMP abunance	serum_fed_equilibrium	IFNG_EGF	1.0693941203	172800.0
ATMP abunance	serum_fed_equilibrium	PBS only	0.9817599033	0.0
ATMP abunance	serum_fed_equilibrium	PBS only	0.9926839567	3600.0
ATMP abunance	serum_fed_equilibrium	PBS only	1.0072455911	14400.0
ATMP abunance	serum_fed_equilibrium	PBS only	1.0244568979	28800.0
ATMP abunance	serum_fed_equilibrium	PBS only	0.9967530587	86400.0
ATMP abunance	serum_fed_equilibrium	PBS only	1.0321115447	172800.0
ATRac abundance	serum_fed_equilibrium	EGF	0.9741630507	0.0
ATRac abundance	serum_fed_equilibrium	EGF	0.978885735	3600.0
ATRac abundance	serum_fed_equilibrium	EGF	0.9737988449	14400.0
ATRac abundance	serum_fed_equilibrium	EGF	0.9788902585	28800.0
ATRac abundance	serum_fed_equilibrium	EGF	1.0304370137	86400.0
ATRac abundance	serum_fed_equilibrium	EGF	1.1173441858	172800.0
ATRac abundance	serum_fed_equilibrium	HGF only	0.9741630507	0.0
ATRac abundance	serum_fed_equilibrium	HGF only	0.986702188	3600.0
ATRac abundance	serum_fed_equilibrium	HGF only	0.9933011387	14400.0
ATRac abundance	serum_fed_equilibrium	HGF only	1.0153358063	28800.0
ATRac abundance	serum_fed_equilibrium	HGF only	0.9478376842	86400.0
ATRac abundance	serum_fed_equilibrium	HGF only	0.8564925682	172800.0
ATRac abundance	serum_fed_equilibrium	IFNG_EGF	0.9741630507	0.0
ATRac abundance	serum_fed_equilibrium	IFNG_EGF	0.9891788767	3600.0
ATRac abundance	serum_fed_equilibrium	IFNG_EGF	1.0195546431	14400.0
ATRac abundance	serum_fed_equilibrium	IFNG_EGF	1.0065821898	28800.0
ATRac abundance	serum_fed_equilibrium	IFNG_EGF	1.0097198381	86400.0
ATRac abundance	serum_fed_equilibrium	IFNG_EGF	1.1057201573	172800.0
ATRac abundance	serum_fed_equilibrium	PBS only	0.9741630507	0.0
ATRac abundance	serum_fed_equilibrium	PBS only	0.9652891337	3600.0
ATRac abundance	serum_fed_equilibrium	PBS only	1.0002811333	14400.0
ATRac abundance	serum_fed_equilibrium	PBS only	0.9870989046	28800.0
ATRac abundance	serum_fed_equilibrium	PBS only	0.7851493527	86400.0
ATRac abundance	serum_fed_equilibrium	PBS only	0.7178114762	172800.0
bCATENIN abundance	serum_fed_equilibrium	EGF	1.0246425654	0.0
bCATENIN abundance	serum_fed_equilibrium	EGF	1.0274231865	3600.0
bCATENIN abundance	serum_fed_equilibrium	EGF	1.0270142315	14400.0
bCATENIN abundance	serum_fed_equilibrium	EGF	1.0439011392	28800.0
bCATENIN abundance	serum_fed_equilibrium	EGF	1.0477862515	86400.0
bCATENIN abundance	serum_fed_equilibrium	EGF	1.0203083054	172800.0
bCATENIN abundance	serum_fed_equilibrium	HGF only	1.0246425654	0.0
bCATENIN abundance	serum_fed_equilibrium	HGF only	0.9778592588	3600.0
bCATENIN abundance	serum_fed_equilibrium	HGF only	0.9527735792	14400.0
bCATENIN abundance	serum_fed_equilibrium	HGF only	0.9971701847	28800.0
bCATENIN abundance	serum_fed_equilibrium	HGF only	1.0379780251	86400.0
bCATENIN abundance	serum_fed_equilibrium	HGF only	1.0134533404	172800.0
bCATENIN abundance	serum_fed_equilibrium	IFNG_EGF	1.0246425654	0.0
bCATENIN abundance	serum_fed_equilibrium	IFNG_EGF	1.0086185279	3600.0
bCATENIN abundance	serum_fed_equilibrium	IFNG_EGF	0.9955242853	14400.0
bCATENIN abundance	serum_fed_equilibrium	IFNG_EGF	1.0376971257	28800.0
bCATENIN abundance	serum_fed_equilibrium	IFNG_EGF	0.9752442204	86400.0
bCATENIN abundance	serum_fed_equilibrium	IFNG_EGF	0.9244543332	172800.0
bCATENIN abundance	serum_fed_equilibrium	PBS only	1.0246425654	0.0
bCATENIN abundance	serum_fed_equilibrium	PBS only	0.962245171	3600.0
bCATENIN abundance	serum_fed_equilibrium	PBS only	0.9375326674	14400.0
bCATENIN abundance	serum_fed_equilibrium	PBS only	0.9717464954	28800.0
bCATENIN abundance	serum_fed_equilibrium	PBS only	1.0349322857	86400.0
bCATENIN abundance	serum_fed_equilibrium	PBS only	0.9477531531	172800.0
pbCATENIN abundance	serum_fed_equilibrium	EGF	1.0005290414	0.0
pbCATENIN abundance	serum_fed_equilibrium	EGF	1.0068406874	3600.0
pbCATENIN abundance	serum_fed_equilibrium	EGF	0.9846452394	14400.0
pbCATENIN abundance	serum_fed_equilibrium	EGF	1.0096702321	28800.0
pbCATENIN abundance	serum_fed_equilibrium	EGF	1.0039862631	86400.0
pbCATENIN abundance	serum_fed_equilibrium	EGF	1.0388754803	172800.0
pbCATENIN abundance	serum_fed_equilibrium	HGF only	1.0005290414	0.0
pbCATENIN abundance	serum_fed_equilibrium	HGF only	0.9889798413	3600.0
pbCATENIN abundance	serum_fed_equilibrium	HGF only	1.0108518398	14400.0
pbCATENIN abundance	serum_fed_equilibrium	HGF only	1.0200289537	28800.0
pbCATENIN abundance	serum_fed_equilibrium	HGF only	1.0876396179	86400.0
pbCATENIN abundance	serum_fed_equilibrium	HGF only	1.1375046416	172800.0
pbCATENIN abundance	serum_fed_equilibrium	IFNG_EGF	1.0005290414	0.0
pbCATENIN abundance	serum_fed_equilibrium	IFNG_EGF	0.9693292117	3600.0
pbCATENIN abundance	serum_fed_equilibrium	IFNG_EGF	0.9588993456	14400.0
pbCATENIN abundance	serum_fed_equilibrium	IFNG_EGF	1.0047484844	28800.0
pbCATENIN abundance	serum_fed_equilibrium	IFNG_EGF	1.0060996763	86400.0
pbCATENIN abundance	serum_fed_equilibrium	IFNG_EGF	1.0562686939	172800.0
pbCATENIN abundance	serum_fed_equilibrium	PBS only	1.0005290414	0.0
pbCATENIN abundance	serum_fed_equilibrium	PBS only	1.0090806256	3600.0
pbCATENIN abundance	serum_fed_equilibrium	PBS only	0.9883584819	14400.0
pbCATENIN abundance	serum_fed_equilibrium	PBS only	1.0520767958	28800.0
pbCATENIN abundance	serum_fed_equilibrium	PBS only	1.1156685177	86400.0
pbCATENIN abundance	serum_fed_equilibrium	PBS only	1.0831145647	172800.0
BRaf abundance	serum_fed_equilibrium	EGF	0.9281717909	0.0
BRaf abundance	serum_fed_equilibrium	EGF	0.9441502249	3600.0
BRaf abundance	serum_fed_equilibrium	EGF	0.9559284191	14400.0
BRaf abundance	serum_fed_equilibrium	EGF	0.970740227	28800.0
BRaf abundance	serum_fed_equilibrium	EGF	1.0720592057	86400.0
BRaf abundance	serum_fed_equilibrium	EGF	1.2080280365	172800.0
BRaf abundance	serum_fed_equilibrium	HGF only	0.9281717909	0.0
BRaf abundance	serum_fed_equilibrium	HGF only	0.9281367365	3600.0
BRaf abundance	serum_fed_equilibrium	HGF only	0.9614942068	14400.0
BRaf abundance	serum_fed_equilibrium	HGF only	0.9793539447	28800.0
BRaf abundance	serum_fed_equilibrium	HGF only	1.10518139	86400.0
BRaf abundance	serum_fed_equilibrium	HGF only	1.3731083976	172800.0
BRaf abundance	serum_fed_equilibrium	IFNG_EGF	0.9281717909	0.0
BRaf abundance	serum_fed_equilibrium	IFNG_EGF	0.9705316578	3600.0
BRaf abundance	serum_fed_equilibrium	IFNG_EGF	0.9495936449	14400.0
BRaf abundance	serum_fed_equilibrium	IFNG_EGF	0.9965884711	28800.0
BRaf abundance	serum_fed_equilibrium	IFNG_EGF	1.0270566824	86400.0
BRaf abundance	serum_fed_equilibrium	IFNG_EGF	0.9884202262	172800.0
BRaf abundance	serum_fed_equilibrium	PBS only	0.9281717909	0.0
BRaf abundance	serum_fed_equilibrium	PBS only	0.9405170709	3600.0
BRaf abundance	serum_fed_equilibrium	PBS only	0.9213402857	14400.0
BRaf abundance	serum_fed_equilibrium	PBS only	0.9160591776	28800.0
BRaf abundance	serum_fed_equilibrium	PBS only	1.0279379132	86400.0
BRaf abundance	serum_fed_equilibrium	PBS only	0.9694432254	172800.0
pBAD abundance	serum_fed_equilibrium	EGF	0.9991407848	0.0
pBAD abundance	serum_fed_equilibrium	EGF	0.9772062645	3600.0
pBAD abundance	serum_fed_equilibrium	EGF	0.981860697	14400.0
pBAD abundance	serum_fed_equilibrium	EGF	0.972599002	28800.0
pBAD abundance	serum_fed_equilibrium	EGF	0.9798891673	86400.0
pBAD abundance	serum_fed_equilibrium	EGF	1.0075248634	172800.0
pBAD abundance	serum_fed_equilibrium	HGF only	0.9991407848	0.0
pBAD abundance	serum_fed_equilibrium	HGF only	0.9876243373	3600.0
pBAD abundance	serum_fed_equilibrium	HGF only	0.9981500646	14400.0
pBAD abundance	serum_fed_equilibrium	HGF only	0.9934881591	28800.0
pBAD abundance	serum_fed_equilibrium	HGF only	1.0159155339	86400.0
pBAD abundance	serum_fed_equilibrium	HGF only	1.0252325529	172800.0
pBAD abundance	serum_fed_equilibrium	IFNG_EGF	0.9991407848	0.0
pBAD abundance	serum_fed_equilibrium	IFNG_EGF	0.9706703649	3600.0
pBAD abundance	serum_fed_equilibrium	IFNG_EGF	1.0032602017	14400.0
pBAD abundance	serum_fed_equilibrium	IFNG_EGF	0.9862780146	28800.0
pBAD abundance	serum_fed_equilibrium	IFNG_EGF	1.0153749387	86400.0
pBAD abundance	serum_fed_equilibrium	IFNG_EGF	0.9941504796	172800.0
pBAD abundance	serum_fed_equilibrium	PBS only	0.9991407848	0.0
pBAD abundance	serum_fed_equilibrium	PBS only	1.014665124	3600.0
pBAD abundance	serum_fed_equilibrium	PBS only	1.0151834042	14400.0
pBAD abundance	serum_fed_equilibrium	PBS only	0.9776208721	28800.0
pBAD abundance	serum_fed_equilibrium	PBS only	1.0081840947	86400.0
pBAD abundance	serum_fed_equilibrium	PBS only	1.036170697	172800.0
Bax abundance	serum_fed_equilibrium	EGF	1.0565006301	0.0
Bax abundance	serum_fed_equilibrium	EGF	1.0817309888	3600.0
Bax abundance	serum_fed_equilibrium	EGF	1.0378600709	14400.0
Bax abundance	serum_fed_equilibrium	EGF	1.0226251722	28800.0
Bax abundance	serum_fed_equilibrium	EGF	0.9664759496	86400.0
Bax abundance	serum_fed_equilibrium	EGF	0.9075162495	172800.0
Bax abundance	serum_fed_equilibrium	HGF only	1.0565006301	0.0
Bax abundance	serum_fed_equilibrium	HGF only	1.0180355035	3600.0
Bax abundance	serum_fed_equilibrium	HGF only	1.060290251	14400.0
Bax abundance	serum_fed_equilibrium	HGF only	1.0408331026	28800.0
Bax abundance	serum_fed_equilibrium	HGF only	0.9739570224	86400.0
Bax abundance	serum_fed_equilibrium	HGF only	0.90777974	172800.0
Bax abundance	serum_fed_equilibrium	IFNG_EGF	1.0565006301	0.0
Bax abundance	serum_fed_equilibrium	IFNG_EGF	1.027535889	3600.0
Bax abundance	serum_fed_equilibrium	IFNG_EGF	0.9918288531	14400.0
Bax abundance	serum_fed_equilibrium	IFNG_EGF	1.007660569	28800.0
Bax abundance	serum_fed_equilibrium	IFNG_EGF	0.7913587041	86400.0
Bax abundance	serum_fed_equilibrium	IFNG_EGF	0.8916401638	172800.0
Bax abundance	serum_fed_equilibrium	PBS only	1.0565006301	0.0
Bax abundance	serum_fed_equilibrium	PBS only	1.075900969	3600.0
Bax abundance	serum_fed_equilibrium	PBS only	1.0872796837	14400.0
Bax abundance	serum_fed_equilibrium	PBS only	1.0279693912	28800.0
Bax abundance	serum_fed_equilibrium	PBS only	1.0008565277	86400.0
Bax abundance	serum_fed_equilibrium	PBS only	1.0609373636	172800.0
Bcl2c abundance	serum_fed_equilibrium	EGF	0.9366734454	0.0
Bcl2c abundance	serum_fed_equilibrium	EGF	0.98538802	3600.0
Bcl2c abundance	serum_fed_equilibrium	EGF	0.9672116155	14400.0
Bcl2c abundance	serum_fed_equilibrium	EGF	0.958858024	28800.0
Bcl2c abundance	serum_fed_equilibrium	EGF	1.0921140793	86400.0
Bcl2c abundance	serum_fed_equilibrium	EGF	1.2028757054	172800.0
Bcl2c abundance	serum_fed_equilibrium	HGF only	0.9366734454	0.0
Bcl2c abundance	serum_fed_equilibrium	HGF only	0.9631694963	3600.0
Bcl2c abundance	serum_fed_equilibrium	HGF only	0.9777829463	14400.0
Bcl2c abundance	serum_fed_equilibrium	HGF only	0.9746151472	28800.0
Bcl2c abundance	serum_fed_equilibrium	HGF only	1.0553770844	86400.0
Bcl2c abundance	serum_fed_equilibrium	HGF only	1.258217678	172800.0
Bcl2c abundance	serum_fed_equilibrium	IFNG_EGF	0.9366734454	0.0
Bcl2c abundance	serum_fed_equilibrium	IFNG_EGF	0.9425291252	3600.0
Bcl2c abundance	serum_fed_equilibrium	IFNG_EGF	0.9526269703	14400.0
Bcl2c abundance	serum_fed_equilibrium	IFNG_EGF	1.0240927173	28800.0
Bcl2c abundance	serum_fed_equilibrium	IFNG_EGF	1.1242015432	86400.0
Bcl2c abundance	serum_fed_equilibrium	IFNG_EGF	1.1115270631	172800.0
Bcl2c abundance	serum_fed_equilibrium	PBS only	0.9366734454	0.0
Bcl2c abundance	serum_fed_equilibrium	PBS only	1.0004923898	3600.0
Bcl2c abundance	serum_fed_equilibrium	PBS only	0.9841377829	14400.0
Bcl2c abundance	serum_fed_equilibrium	PBS only	0.9659140948	28800.0
Bcl2c abundance	serum_fed_equilibrium	PBS only	0.8935624219	86400.0
Bcl2c abundance	serum_fed_equilibrium	PBS only	0.8573904148	172800.0
Bcl2 abundance	serum_fed_equilibrium	EGF	1.0588023416	0.0
Bcl2 abundance	serum_fed_equilibrium	EGF	1.04986651	3600.0
Bcl2 abundance	serum_fed_equilibrium	EGF	1.0126826322	14400.0
Bcl2 abundance	serum_fed_equilibrium	EGF	1.0042544923	28800.0
Bcl2 abundance	serum_fed_equilibrium	EGF	1.0634495079	86400.0
Bcl2 abundance	serum_fed_equilibrium	EGF	1.0469631468	172800.0
Bcl2 abundance	serum_fed_equilibrium	HGF only	1.0588023416	0.0
Bcl2 abundance	serum_fed_equilibrium	HGF only	1.0385093967	3600.0
Bcl2 abundance	serum_fed_equilibrium	HGF only	1.0259498824	14400.0
Bcl2 abundance	serum_fed_equilibrium	HGF only	1.0045635915	28800.0
Bcl2 abundance	serum_fed_equilibrium	HGF only	1.0782497583	86400.0
Bcl2 abundance	serum_fed_equilibrium	HGF only	1.0643731871	172800.0
Bcl2 abundance	serum_fed_equilibrium	IFNG_EGF	1.0588023416	0.0
Bcl2 abundance	serum_fed_equilibrium	IFNG_EGF	1.0310448028	3600.0
Bcl2 abundance	serum_fed_equilibrium	IFNG_EGF	0.9809196705	14400.0
Bcl2 abundance	serum_fed_equilibrium	IFNG_EGF	0.9999497926	28800.0
Bcl2 abundance	serum_fed_equilibrium	IFNG_EGF	1.0407210631	86400.0
Bcl2 abundance	serum_fed_equilibrium	IFNG_EGF	1.0311383252	172800.0
Bcl2 abundance	serum_fed_equilibrium	PBS only	1.0588023416	0.0
Bcl2 abundance	serum_fed_equilibrium	PBS only	1.0586751187	3600.0
Bcl2 abundance	serum_fed_equilibrium	PBS only	1.0324404379	14400.0
Bcl2 abundance	serum_fed_equilibrium	PBS only	1.0766017751	28800.0
Bcl2 abundance	serum_fed_equilibrium	PBS only	1.0221461986	86400.0
Bcl2 abundance	serum_fed_equilibrium	PBS only	1.0201783701	172800.0
Bid abundance	serum_fed_equilibrium	EGF	1.0354859641	0.0
Bid abundance	serum_fed_equilibrium	EGF	1.0248031108	3600.0
Bid abundance	serum_fed_equilibrium	EGF	1.0277513754	14400.0
Bid abundance	serum_fed_equilibrium	EGF	0.974040179	28800.0
Bid abundance	serum_fed_equilibrium	EGF	0.9701604115	86400.0
Bid abundance	serum_fed_equilibrium	EGF	0.9593722878	172800.0
Bid abundance	serum_fed_equilibrium	HGF only	1.0354859641	0.0
Bid abundance	serum_fed_equilibrium	HGF only	1.0083588449	3600.0
Bid abundance	serum_fed_equilibrium	HGF only	1.0952347723	14400.0
Bid abundance	serum_fed_equilibrium	HGF only	1.0974198411	28800.0
Bid abundance	serum_fed_equilibrium	HGF only	1.3116424611	86400.0
Bid abundance	serum_fed_equilibrium	HGF only	1.5783554374	172800.0
Bid abundance	serum_fed_equilibrium	IFNG_EGF	1.0354859641	0.0
Bid abundance	serum_fed_equilibrium	IFNG_EGF	0.9786437367	3600.0
Bid abundance	serum_fed_equilibrium	IFNG_EGF	0.9550770927	14400.0
Bid abundance	serum_fed_equilibrium	IFNG_EGF	0.9457720625	28800.0
Bid abundance	serum_fed_equilibrium	IFNG_EGF	0.9302789552	86400.0
Bid abundance	serum_fed_equilibrium	IFNG_EGF	1.2793029141	172800.0
Bid abundance	serum_fed_equilibrium	PBS only	1.0354859641	0.0
Bid abundance	serum_fed_equilibrium	PBS only	1.1266988018	3600.0
Bid abundance	serum_fed_equilibrium	PBS only	1.1917780509	14400.0
Bid abundance	serum_fed_equilibrium	PBS only	1.2971099609	28800.0
Bid abundance	serum_fed_equilibrium	PBS only	2.0181971925	86400.0
Bid abundance	serum_fed_equilibrium	PBS only	2.1073019652	172800.0
BIM abundance	serum_fed_equilibrium	EGF	0.9459514138	0.0
BIM abundance	serum_fed_equilibrium	EGF	0.9606986481	3600.0
BIM abundance	serum_fed_equilibrium	EGF	0.9347848095	14400.0
BIM abundance	serum_fed_equilibrium	EGF	0.938615847	28800.0
BIM abundance	serum_fed_equilibrium	EGF	0.909181906	86400.0
BIM abundance	serum_fed_equilibrium	EGF	1.0046686161	172800.0
BIM abundance	serum_fed_equilibrium	HGF only	0.9459514138	0.0
BIM abundance	serum_fed_equilibrium	HGF only	0.9584466629	3600.0
BIM abundance	serum_fed_equilibrium	HGF only	0.9602642197	14400.0
BIM abundance	serum_fed_equilibrium	HGF only	0.9778424017	28800.0
BIM abundance	serum_fed_equilibrium	HGF only	1.0106342996	86400.0
BIM abundance	serum_fed_equilibrium	HGF only	1.0388222328	172800.0
BIM abundance	serum_fed_equilibrium	IFNG_EGF	0.9459514138	0.0
BIM abundance	serum_fed_equilibrium	IFNG_EGF	0.9484745318	3600.0
BIM abundance	serum_fed_equilibrium	IFNG_EGF	0.9730445178	14400.0
BIM abundance	serum_fed_equilibrium	IFNG_EGF	0.9081840771	28800.0
BIM abundance	serum_fed_equilibrium	IFNG_EGF	0.9254429648	86400.0
BIM abundance	serum_fed_equilibrium	IFNG_EGF	1.000747266	172800.0
BIM abundance	serum_fed_equilibrium	PBS only	0.9459514138	0.0
BIM abundance	serum_fed_equilibrium	PBS only	1.0278971599	3600.0
BIM abundance	serum_fed_equilibrium	PBS only	1.0166348185	14400.0
BIM abundance	serum_fed_equilibrium	PBS only	0.9683217292	28800.0
BIM abundance	serum_fed_equilibrium	PBS only	1.0360670253	86400.0
BIM abundance	serum_fed_equilibrium	PBS only	0.9248349083	172800.0
cJun abundance	serum_fed_equilibrium	EGF	0.9538047397	0.0
cJun abundance	serum_fed_equilibrium	EGF	1.0146119883	3600.0
cJun abundance	serum_fed_equilibrium	EGF	1.0064796335	14400.0
cJun abundance	serum_fed_equilibrium	EGF	1.0183026206	28800.0
cJun abundance	serum_fed_equilibrium	EGF	1.0871801696	86400.0
cJun abundance	serum_fed_equilibrium	EGF	1.0948088284	172800.0
cJun abundance	serum_fed_equilibrium	HGF only	0.9538047397	0.0
cJun abundance	serum_fed_equilibrium	HGF only	0.9762148142	3600.0
cJun abundance	serum_fed_equilibrium	HGF only	1.0227307628	14400.0
cJun abundance	serum_fed_equilibrium	HGF only	1.0264187577	28800.0
cJun abundance	serum_fed_equilibrium	HGF only	1.0915319076	86400.0
cJun abundance	serum_fed_equilibrium	HGF only	1.136584623	172800.0
cJun abundance	serum_fed_equilibrium	IFNG_EGF	0.9538047397	0.0
cJun abundance	serum_fed_equilibrium	IFNG_EGF	1.0156322643	3600.0
cJun abundance	serum_fed_equilibrium	IFNG_EGF	0.9879701955	14400.0
cJun abundance	serum_fed_equilibrium	IFNG_EGF	1.0110914118	28800.0
cJun abundance	serum_fed_equilibrium	IFNG_EGF	0.9970143476	86400.0
cJun abundance	serum_fed_equilibrium	IFNG_EGF	1.0417760551	172800.0
cJun abundance	serum_fed_equilibrium	PBS only	0.9538047397	0.0
cJun abundance	serum_fed_equilibrium	PBS only	1.0313932619	3600.0
cJun abundance	serum_fed_equilibrium	PBS only	1.0028023055	14400.0
cJun abundance	serum_fed_equilibrium	PBS only	1.0226593637	28800.0
cJun abundance	serum_fed_equilibrium	PBS only	1.0271123922	86400.0
cJun abundance	serum_fed_equilibrium	PBS only	0.9037883071	172800.0
cMyc abundance	serum_fed_equilibrium	EGF	0.9943057668	0.0
cMyc abundance	serum_fed_equilibrium	EGF	0.9850385829	3600.0
cMyc abundance	serum_fed_equilibrium	EGF	1.0023537456	14400.0
cMyc abundance	serum_fed_equilibrium	EGF	0.9963684775	28800.0
cMyc abundance	serum_fed_equilibrium	EGF	0.9629160489	86400.0
cMyc abundance	serum_fed_equilibrium	EGF	0.9192234073	172800.0
cMyc abundance	serum_fed_equilibrium	HGF only	0.9943057668	0.0
cMyc abundance	serum_fed_equilibrium	HGF only	0.9660590964	3600.0
cMyc abundance	serum_fed_equilibrium	HGF only	1.0502877751	14400.0
cMyc abundance	serum_fed_equilibrium	HGF only	1.0068997358	28800.0
cMyc abundance	serum_fed_equilibrium	HGF only	1.0043462697	86400.0
cMyc abundance	serum_fed_equilibrium	HGF only	1.0660871982	172800.0
cMyc abundance	serum_fed_equilibrium	IFNG_EGF	0.9943057668	0.0
cMyc abundance	serum_fed_equilibrium	IFNG_EGF	1.0192253486	3600.0
cMyc abundance	serum_fed_equilibrium	IFNG_EGF	0.9750026216	14400.0
cMyc abundance	serum_fed_equilibrium	IFNG_EGF	0.9875627742	28800.0
cMyc abundance	serum_fed_equilibrium	IFNG_EGF	0.9209904886	86400.0
cMyc abundance	serum_fed_equilibrium	IFNG_EGF	1.7164531358	172800.0
cMyc abundance	serum_fed_equilibrium	PBS only	0.9943057668	0.0
cMyc abundance	serum_fed_equilibrium	PBS only	1.0132642798	3600.0
cMyc abundance	serum_fed_equilibrium	PBS only	1.0493985521	14400.0
cMyc abundance	serum_fed_equilibrium	PBS only	1.0476921506	28800.0
cMyc abundance	serum_fed_equilibrium	PBS only	1.5558629904	86400.0
cMyc abundance	serum_fed_equilibrium	PBS only	2.1909718976	172800.0
CRaf abundance	serum_fed_equilibrium	EGF	1.0638266345	0.0
CRaf abundance	serum_fed_equilibrium	EGF	1.0223343021	3600.0
CRaf abundance	serum_fed_equilibrium	EGF	1.0009984518	14400.0
CRaf abundance	serum_fed_equilibrium	EGF	0.997541801	28800.0
CRaf abundance	serum_fed_equilibrium	EGF	1.0075263917	86400.0
CRaf abundance	serum_fed_equilibrium	EGF	0.986044767	172800.0
CRaf abundance	serum_fed_equilibrium	HGF only	1.0638266345	0.0
CRaf abundance	serum_fed_equilibrium	HGF only	0.9932802198	3600.0
CRaf abundance	serum_fed_equilibrium	HGF only	1.0105537381	14400.0
CRaf abundance	serum_fed_equilibrium	HGF only	0.9954381996	28800.0
CRaf abundance	serum_fed_equilibrium	HGF only	1.039505639	86400.0
CRaf abundance	serum_fed_equilibrium	HGF only	1.0034566093	172800.0
CRaf abundance	serum_fed_equilibrium	IFNG_EGF	1.0638266345	0.0
CRaf abundance	serum_fed_equilibrium	IFNG_EGF	1.0075428629	3600.0
CRaf abundance	serum_fed_equilibrium	IFNG_EGF	0.9763891442	14400.0
CRaf abundance	serum_fed_equilibrium	IFNG_EGF	1.0521729696	28800.0
CRaf abundance	serum_fed_equilibrium	IFNG_EGF	1.3384790123	86400.0
CRaf abundance	serum_fed_equilibrium	IFNG_EGF	1.4036544453	172800.0
CRaf abundance	serum_fed_equilibrium	PBS only	1.0638266345	0.0
CRaf abundance	serum_fed_equilibrium	PBS only	1.0832465834	3600.0
CRaf abundance	serum_fed_equilibrium	PBS only	1.0551591151	14400.0
CRaf abundance	serum_fed_equilibrium	PBS only	1.0291073122	28800.0
CRaf abundance	serum_fed_equilibrium	PBS only	1.0723763642	86400.0
CRaf abundance	serum_fed_equilibrium	PBS only	1.0796198515	172800.0
RasT_CRaf abundance	serum_fed_equilibrium	EGF	0.9637259369	0.0
RasT_CRaf abundance	serum_fed_equilibrium	EGF	0.9699861271	3600.0
RasT_CRaf abundance	serum_fed_equilibrium	EGF	0.9624607205	14400.0
RasT_CRaf abundance	serum_fed_equilibrium	EGF	0.9721010049	28800.0
RasT_CRaf abundance	serum_fed_equilibrium	EGF	1.2091050556	86400.0
RasT_CRaf abundance	serum_fed_equilibrium	EGF	1.2672509113	172800.0
RasT_CRaf abundance	serum_fed_equilibrium	HGF only	0.9637259369	0.0
RasT_CRaf abundance	serum_fed_equilibrium	HGF only	0.9925581232	3600.0
RasT_CRaf abundance	serum_fed_equilibrium	HGF only	0.9922046824	14400.0
RasT_CRaf abundance	serum_fed_equilibrium	HGF only	1.076250408	28800.0
RasT_CRaf abundance	serum_fed_equilibrium	HGF only	1.053210567	86400.0
RasT_CRaf abundance	serum_fed_equilibrium	HGF only	0.8684833903	172800.0
RasT_CRaf abundance	serum_fed_equilibrium	IFNG_EGF	0.9637259369	0.0
RasT_CRaf abundance	serum_fed_equilibrium	IFNG_EGF	1.0109649649	3600.0
RasT_CRaf abundance	serum_fed_equilibrium	IFNG_EGF	0.9983318884	14400.0
RasT_CRaf abundance	serum_fed_equilibrium	IFNG_EGF	0.9533988966	28800.0
RasT_CRaf abundance	serum_fed_equilibrium	IFNG_EGF	1.0129619148	86400.0
RasT_CRaf abundance	serum_fed_equilibrium	IFNG_EGF	1.0399802975	172800.0
RasT_CRaf abundance	serum_fed_equilibrium	PBS only	0.9637259369	0.0
RasT_CRaf abundance	serum_fed_equilibrium	PBS only	0.9910931101	3600.0
RasT_CRaf abundance	serum_fed_equilibrium	PBS only	0.998450425	14400.0
RasT_CRaf abundance	serum_fed_equilibrium	PBS only	1.1386018191	28800.0
RasT_CRaf abundance	serum_fed_equilibrium	PBS only	0.7444117803	86400.0
RasT_CRaf abundance	serum_fed_equilibrium	PBS only	0.3462605413	172800.0
C3 abundance	serum_fed_equilibrium	EGF	1.0230997733	0.0
C3 abundance	serum_fed_equilibrium	EGF	0.8465559658	3600.0
C3 abundance	serum_fed_equilibrium	EGF	1.0493035131	14400.0
C3 abundance	serum_fed_equilibrium	EGF	1.0783246537	28800.0
C3 abundance	serum_fed_equilibrium	EGF	0.934732367	86400.0
C3 abundance	serum_fed_equilibrium	EGF	1.2198913189	172800.0
C3 abundance	serum_fed_equilibrium	HGF only	1.0230997733	0.0
C3 abundance	serum_fed_equilibrium	HGF only	1.090446509	3600.0
C3 abundance	serum_fed_equilibrium	HGF only	1.0896499992	14400.0
C3 abundance	serum_fed_equilibrium	HGF only	1.0278887533	28800.0
C3 abundance	serum_fed_equilibrium	HGF only	0.9421645993	86400.0
C3 abundance	serum_fed_equilibrium	HGF only	0.757648556	172800.0
C3 abundance	serum_fed_equilibrium	IFNG_EGF	1.0230997733	0.0
C3 abundance	serum_fed_equilibrium	IFNG_EGF	1.04567463	3600.0
C3 abundance	serum_fed_equilibrium	IFNG_EGF	1.0803825503	14400.0
C3 abundance	serum_fed_equilibrium	IFNG_EGF	1.0233303416	28800.0
C3 abundance	serum_fed_equilibrium	IFNG_EGF	1.1639516973	86400.0
C3 abundance	serum_fed_equilibrium	IFNG_EGF	0.7353232431	172800.0
C3 abundance	serum_fed_equilibrium	PBS only	1.0230997733	0.0
C3 abundance	serum_fed_equilibrium	PBS only	1.0893235811	3600.0
C3 abundance	serum_fed_equilibrium	PBS only	0.815566178	14400.0
C3 abundance	serum_fed_equilibrium	PBS only	1.0225218266	28800.0
C3 abundance	serum_fed_equilibrium	PBS only	0.6173658227	86400.0
C3 abundance	serum_fed_equilibrium	PBS only	0.4743733621	172800.0
C8 abundance	serum_fed_equilibrium	EGF	1.0284480378	0.0
C8 abundance	serum_fed_equilibrium	EGF	1.0522814259	3600.0
C8 abundance	serum_fed_equilibrium	EGF	1.0363079636	14400.0
C8 abundance	serum_fed_equilibrium	EGF	1.0277547019	28800.0
C8 abundance	serum_fed_equilibrium	EGF	1.1250303213	86400.0
C8 abundance	serum_fed_equilibrium	EGF	1.0883426507	172800.0
C8 abundance	serum_fed_equilibrium	HGF only	1.0284480378	0.0
C8 abundance	serum_fed_equilibrium	HGF only	1.0038606735	3600.0
C8 abundance	serum_fed_equilibrium	HGF only	1.0173439588	14400.0
C8 abundance	serum_fed_equilibrium	HGF only	1.0262161557	28800.0
C8 abundance	serum_fed_equilibrium	HGF only	1.0254223945	86400.0
C8 abundance	serum_fed_equilibrium	HGF only	1.1304762274	172800.0
C8 abundance	serum_fed_equilibrium	IFNG_EGF	1.0284480378	0.0
C8 abundance	serum_fed_equilibrium	IFNG_EGF	1.0236429397	3600.0
C8 abundance	serum_fed_equilibrium	IFNG_EGF	0.9666753619	14400.0
C8 abundance	serum_fed_equilibrium	IFNG_EGF	0.9931741498	28800.0
C8 abundance	serum_fed_equilibrium	IFNG_EGF	1.0567789272	86400.0
C8 abundance	serum_fed_equilibrium	IFNG_EGF	1.1487471168	172800.0
C8 abundance	serum_fed_equilibrium	PBS only	1.0284480378	0.0
C8 abundance	serum_fed_equilibrium	PBS only	1.0258240851	3600.0
C8 abundance	serum_fed_equilibrium	PBS only	1.031364679	14400.0
C8 abundance	serum_fed_equilibrium	PBS only	1.0557055301	28800.0
C8 abundance	serum_fed_equilibrium	PBS only	1.122448859	86400.0
C8 abundance	serum_fed_equilibrium	PBS only	1.1189390713	172800.0
Pb abundance	serum_fed_equilibrium	EGF	1.1563474658	0.0
Pb abundance	serum_fed_equilibrium	EGF	1.0284353332	3600.0
Pb abundance	serum_fed_equilibrium	EGF	1.0549559349	14400.0
Pb abundance	serum_fed_equilibrium	EGF	1.1354364159	28800.0
Pb abundance	serum_fed_equilibrium	EGF	1.2640467001	86400.0
Pb abundance	serum_fed_equilibrium	EGF	1.3073624829	172800.0
Pb abundance	serum_fed_equilibrium	HGF only	1.1563474658	0.0
Pb abundance	serum_fed_equilibrium	HGF only	1.0429246612	3600.0
Pb abundance	serum_fed_equilibrium	HGF only	0.9279577937	14400.0
Pb abundance	serum_fed_equilibrium	HGF only	1.0902846228	28800.0
Pb abundance	serum_fed_equilibrium	HGF only	1.11547887	86400.0
Pb abundance	serum_fed_equilibrium	HGF only	0.978591802	172800.0
Pb abundance	serum_fed_equilibrium	IFNG_EGF	1.1563474658	0.0
Pb abundance	serum_fed_equilibrium	IFNG_EGF	1.0598296677	3600.0
Pb abundance	serum_fed_equilibrium	IFNG_EGF	1.0083303608	14400.0
Pb abundance	serum_fed_equilibrium	IFNG_EGF	1.0432542059	28800.0
Pb abundance	serum_fed_equilibrium	IFNG_EGF	1.1014709969	86400.0
Pb abundance	serum_fed_equilibrium	IFNG_EGF	0.6781817934	172800.0
Pb abundance	serum_fed_equilibrium	PBS only	1.1563474658	0.0
Pb abundance	serum_fed_equilibrium	PBS only	0.9822840397	3600.0
Pb abundance	serum_fed_equilibrium	PBS only	0.7879581989	14400.0
Pb abundance	serum_fed_equilibrium	PBS only	0.8550913731	28800.0
Pb abundance	serum_fed_equilibrium	PBS only	0.8068091876	86400.0
Pb abundance	serum_fed_equilibrium	PBS only	0.7994977065	172800.0
Chk1 abundance	serum_fed_equilibrium	EGF	0.964037195	0.0
Chk1 abundance	serum_fed_equilibrium	EGF	0.9567265732	3600.0
Chk1 abundance	serum_fed_equilibrium	EGF	0.9514492946	14400.0
Chk1 abundance	serum_fed_equilibrium	EGF	0.966048212	28800.0
Chk1 abundance	serum_fed_equilibrium	EGF	1.0312646475	86400.0
Chk1 abundance	serum_fed_equilibrium	EGF	1.097029138	172800.0
Chk1 abundance	serum_fed_equilibrium	HGF only	0.964037195	0.0
Chk1 abundance	serum_fed_equilibrium	HGF only	0.999981837	3600.0
Chk1 abundance	serum_fed_equilibrium	HGF only	0.96916587	14400.0
Chk1 abundance	serum_fed_equilibrium	HGF only	0.9911695208	28800.0
Chk1 abundance	serum_fed_equilibrium	HGF only	1.0265590155	86400.0
Chk1 abundance	serum_fed_equilibrium	HGF only	1.0975666997	172800.0
Chk1 abundance	serum_fed_equilibrium	IFNG_EGF	0.964037195	0.0
Chk1 abundance	serum_fed_equilibrium	IFNG_EGF	0.9605412548	3600.0
Chk1 abundance	serum_fed_equilibrium	IFNG_EGF	0.9710394451	14400.0
Chk1 abundance	serum_fed_equilibrium	IFNG_EGF	0.9621963298	28800.0
Chk1 abundance	serum_fed_equilibrium	IFNG_EGF	1.0803875366	86400.0
Chk1 abundance	serum_fed_equilibrium	IFNG_EGF	1.1293077139	172800.0
Chk1 abundance	serum_fed_equilibrium	PBS only	0.964037195	0.0
Chk1 abundance	serum_fed_equilibrium	PBS only	0.9833790248	3600.0
Chk1 abundance	serum_fed_equilibrium	PBS only	0.9641510277	14400.0
Chk1 abundance	serum_fed_equilibrium	PBS only	0.9607808199	28800.0
Chk1 abundance	serum_fed_equilibrium	PBS only	1.0505411115	86400.0
Chk1 abundance	serum_fed_equilibrium	PBS only	0.9615244449	172800.0
Cb abundance	serum_fed_equilibrium	EGF	1.088937432	0.0
Cb abundance	serum_fed_equilibrium	EGF	1.171754847	3600.0
Cb abundance	serum_fed_equilibrium	EGF	1.1636318147	14400.0
Cb abundance	serum_fed_equilibrium	EGF	1.2349215797	28800.0
Cb abundance	serum_fed_equilibrium	EGF	1.3018928906	86400.0
Cb abundance	serum_fed_equilibrium	EGF	1.0103833338	172800.0
Cb abundance	serum_fed_equilibrium	HGF only	1.088937432	0.0
Cb abundance	serum_fed_equilibrium	HGF only	0.9709461157	3600.0
Cb abundance	serum_fed_equilibrium	HGF only	0.9085424034	14400.0
Cb abundance	serum_fed_equilibrium	HGF only	0.9584396598	28800.0
Cb abundance	serum_fed_equilibrium	HGF only	0.8981921086	86400.0
Cb abundance	serum_fed_equilibrium	HGF only	0.681017711	172800.0
Cb abundance	serum_fed_equilibrium	IFNG_EGF	1.088937432	0.0
Cb abundance	serum_fed_equilibrium	IFNG_EGF	0.9929301165	3600.0
Cb abundance	serum_fed_equilibrium	IFNG_EGF	1.1585395694	14400.0
Cb abundance	serum_fed_equilibrium	IFNG_EGF	1.1838700082	28800.0
Cb abundance	serum_fed_equilibrium	IFNG_EGF	1.2021405917	86400.0
Cb abundance	serum_fed_equilibrium	IFNG_EGF	0.8227785879	172800.0
Cb abundance	serum_fed_equilibrium	PBS only	1.088937432	0.0
Cb abundance	serum_fed_equilibrium	PBS only	0.6701455803	3600.0
Cb abundance	serum_fed_equilibrium	PBS only	0.761773166	14400.0
Cb abundance	serum_fed_equilibrium	PBS only	0.7037863898	28800.0
Cb abundance	serum_fed_equilibrium	PBS only	0.5892895455	86400.0
Cb abundance	serum_fed_equilibrium	PBS only	0.6383036491	172800.0
Cd abundance	serum_fed_equilibrium	EGF	0.8166129917	0.0
Cd abundance	serum_fed_equilibrium	EGF	0.9223554142	3600.0
Cd abundance	serum_fed_equilibrium	EGF	1.1262553574	14400.0
Cd abundance	serum_fed_equilibrium	EGF	1.0925443177	28800.0
Cd abundance	serum_fed_equilibrium	EGF	1.5716871345	86400.0
Cd abundance	serum_fed_equilibrium	EGF	1.6046803233	172800.0
Cd abundance	serum_fed_equilibrium	HGF only	0.8166129917	0.0
Cd abundance	serum_fed_equilibrium	HGF only	0.9793123654	3600.0
Cd abundance	serum_fed_equilibrium	HGF only	1.089372554	14400.0
Cd abundance	serum_fed_equilibrium	HGF only	1.0754600137	28800.0
Cd abundance	serum_fed_equilibrium	HGF only	0.9651672768	86400.0
Cd abundance	serum_fed_equilibrium	HGF only	0.5480501361	172800.0
Cd abundance	serum_fed_equilibrium	IFNG_EGF	0.8166129917	0.0
Cd abundance	serum_fed_equilibrium	IFNG_EGF	0.9990048183	3600.0
Cd abundance	serum_fed_equilibrium	IFNG_EGF	1.198713393	14400.0
Cd abundance	serum_fed_equilibrium	IFNG_EGF	1.1510332048	28800.0
Cd abundance	serum_fed_equilibrium	IFNG_EGF	1.3788727291	86400.0
Cd abundance	serum_fed_equilibrium	IFNG_EGF	0.6771496032	172800.0
Cd abundance	serum_fed_equilibrium	PBS only	0.8166129917	0.0
Cd abundance	serum_fed_equilibrium	PBS only	0.9041440562	3600.0
Cd abundance	serum_fed_equilibrium	PBS only	0.936214423	14400.0
Cd abundance	serum_fed_equilibrium	PBS only	0.8837020517	28800.0
Cd abundance	serum_fed_equilibrium	PBS only	0.1909844203	86400.0
Cd abundance	serum_fed_equilibrium	PBS only	0.0620880578	172800.0
Ce abundance	serum_fed_equilibrium	EGF	1.0322709506	0.0
Ce abundance	serum_fed_equilibrium	EGF	0.9314506838	3600.0
Ce abundance	serum_fed_equilibrium	EGF	0.9506230103	14400.0
Ce abundance	serum_fed_equilibrium	EGF	0.9437455024	28800.0
Ce abundance	serum_fed_equilibrium	EGF	0.8681960831	86400.0
Ce abundance	serum_fed_equilibrium	EGF	0.8080155835	172800.0
Ce abundance	serum_fed_equilibrium	HGF only	1.0322709506	0.0
Ce abundance	serum_fed_equilibrium	HGF only	0.9836004475	3600.0
Ce abundance	serum_fed_equilibrium	HGF only	0.9550190834	14400.0
Ce abundance	serum_fed_equilibrium	HGF only	0.931901346	28800.0
Ce abundance	serum_fed_equilibrium	HGF only	0.8843242561	86400.0
Ce abundance	serum_fed_equilibrium	HGF only	0.8863581896	172800.0
Ce abundance	serum_fed_equilibrium	IFNG_EGF	1.0322709506	0.0
Ce abundance	serum_fed_equilibrium	IFNG_EGF	0.9850393774	3600.0
Ce abundance	serum_fed_equilibrium	IFNG_EGF	0.9820962576	14400.0
Ce abundance	serum_fed_equilibrium	IFNG_EGF	0.9451710699	28800.0
Ce abundance	serum_fed_equilibrium	IFNG_EGF	0.8976709396	86400.0
Ce abundance	serum_fed_equilibrium	IFNG_EGF	0.9062331437	172800.0
Ce abundance	serum_fed_equilibrium	PBS only	1.0322709506	0.0
Ce abundance	serum_fed_equilibrium	PBS only	1.0281989365	3600.0
Ce abundance	serum_fed_equilibrium	PBS only	1.0364734113	14400.0
Ce abundance	serum_fed_equilibrium	PBS only	1.0775037235	28800.0
Ce abundance	serum_fed_equilibrium	PBS only	1.0988711536	86400.0
Ce abundance	serum_fed_equilibrium	PBS only	1.3495801028	172800.0
E2F abundance	serum_fed_equilibrium	EGF	1.0321048822	0.0
E2F abundance	serum_fed_equilibrium	EGF	1.022520104	3600.0
E2F abundance	serum_fed_equilibrium	EGF	1.0047470375	14400.0
E2F abundance	serum_fed_equilibrium	EGF	1.0060835594	28800.0
E2F abundance	serum_fed_equilibrium	EGF	0.9507807866	86400.0
E2F abundance	serum_fed_equilibrium	EGF	0.9350090908	172800.0
E2F abundance	serum_fed_equilibrium	HGF only	1.0321048822	0.0
E2F abundance	serum_fed_equilibrium	HGF only	0.9760862107	3600.0
E2F abundance	serum_fed_equilibrium	HGF only	1.0322556595	14400.0
E2F abundance	serum_fed_equilibrium	HGF only	1.0106533123	28800.0
E2F abundance	serum_fed_equilibrium	HGF only	1.0641130872	86400.0
E2F abundance	serum_fed_equilibrium	HGF only	1.0274342993	172800.0
E2F abundance	serum_fed_equilibrium	IFNG_EGF	1.0321048822	0.0
E2F abundance	serum_fed_equilibrium	IFNG_EGF	0.970665183	3600.0
E2F abundance	serum_fed_equilibrium	IFNG_EGF	1.0113653264	14400.0
E2F abundance	serum_fed_equilibrium	IFNG_EGF	0.9432119289	28800.0
E2F abundance	serum_fed_equilibrium	IFNG_EGF	0.9370007139	86400.0
E2F abundance	serum_fed_equilibrium	IFNG_EGF	0.8685590286	172800.0
E2F abundance	serum_fed_equilibrium	PBS only	1.0321048822	0.0
E2F abundance	serum_fed_equilibrium	PBS only	1.0812868122	3600.0
E2F abundance	serum_fed_equilibrium	PBS only	1.0873424647	14400.0
E2F abundance	serum_fed_equilibrium	PBS only	1.0116434231	28800.0
E2F abundance	serum_fed_equilibrium	PBS only	1.0440713033	86400.0
E2F abundance	serum_fed_equilibrium	PBS only	0.9643242049	172800.0
EGFR abundance	serum_fed_equilibrium	EGF	1.0115851669	0.0
EGFR abundance	serum_fed_equilibrium	EGF	1.030797011	3600.0
EGFR abundance	serum_fed_equilibrium	EGF	1.0123155016	14400.0
EGFR abundance	serum_fed_equilibrium	EGF	1.006227916	28800.0
EGFR abundance	serum_fed_equilibrium	EGF	0.9908652793	86400.0
EGFR abundance	serum_fed_equilibrium	EGF	0.9322863728	172800.0
EGFR abundance	serum_fed_equilibrium	HGF only	1.0115851669	0.0
EGFR abundance	serum_fed_equilibrium	HGF only	0.986680918	3600.0
EGFR abundance	serum_fed_equilibrium	HGF only	1.0268559534	14400.0
EGFR abundance	serum_fed_equilibrium	HGF only	1.0371691556	28800.0
EGFR abundance	serum_fed_equilibrium	HGF only	0.9906125886	86400.0
EGFR abundance	serum_fed_equilibrium	HGF only	0.8997447677	172800.0
EGFR abundance	serum_fed_equilibrium	IFNG_EGF	1.0115851669	0.0
EGFR abundance	serum_fed_equilibrium	IFNG_EGF	1.0180154522	3600.0
EGFR abundance	serum_fed_equilibrium	IFNG_EGF	0.9742097175	14400.0
EGFR abundance	serum_fed_equilibrium	IFNG_EGF	1.0167196484	28800.0
EGFR abundance	serum_fed_equilibrium	IFNG_EGF	0.9620644981	86400.0
EGFR abundance	serum_fed_equilibrium	IFNG_EGF	0.9863699401	172800.0
EGFR abundance	serum_fed_equilibrium	PBS only	1.0115851669	0.0
EGFR abundance	serum_fed_equilibrium	PBS only	1.0611774989	3600.0
EGFR abundance	serum_fed_equilibrium	PBS only	1.0774352874	14400.0
EGFR abundance	serum_fed_equilibrium	PBS only	1.0580299505	28800.0
EGFR abundance	serum_fed_equilibrium	PBS only	1.0069305036	86400.0
EGFR abundance	serum_fed_equilibrium	PBS only	1.0273632804	172800.0
pE1 abundance	serum_fed_equilibrium	EGF	1.0200808143	0.0
pE1 abundance	serum_fed_equilibrium	EGF	0.9419900803	3600.0
pE1 abundance	serum_fed_equilibrium	EGF	0.8660835245	14400.0
pE1 abundance	serum_fed_equilibrium	EGF	0.8896885009	28800.0
pE1 abundance	serum_fed_equilibrium	EGF	0.8825276075	86400.0
pE1 abundance	serum_fed_equilibrium	EGF	0.7907702326	172800.0
pE1 abundance	serum_fed_equilibrium	HGF only	1.0200808143	0.0
pE1 abundance	serum_fed_equilibrium	HGF only	1.0766725875	3600.0
pE1 abundance	serum_fed_equilibrium	HGF only	1.187336404	14400.0
pE1 abundance	serum_fed_equilibrium	HGF only	1.3303213273	28800.0
pE1 abundance	serum_fed_equilibrium	HGF only	1.6752577035	86400.0
pE1 abundance	serum_fed_equilibrium	HGF only	1.8648478445	172800.0
pE1 abundance	serum_fed_equilibrium	IFNG_EGF	1.0200808143	0.0
pE1 abundance	serum_fed_equilibrium	IFNG_EGF	0.9286789097	3600.0
pE1 abundance	serum_fed_equilibrium	IFNG_EGF	0.8469746371	14400.0
pE1 abundance	serum_fed_equilibrium	IFNG_EGF	0.7719702258	28800.0
pE1 abundance	serum_fed_equilibrium	IFNG_EGF	0.6165347925	86400.0
pE1 abundance	serum_fed_equilibrium	IFNG_EGF	0.5454311362	172800.0
pE1 abundance	serum_fed_equilibrium	PBS only	1.0200808143	0.0
pE1 abundance	serum_fed_equilibrium	PBS only	1.0676765941	3600.0
pE1 abundance	serum_fed_equilibrium	PBS only	1.1587692182	14400.0
pE1 abundance	serum_fed_equilibrium	PBS only	1.2537531723	28800.0
pE1 abundance	serum_fed_equilibrium	PBS only	1.2941525986	86400.0
pE1 abundance	serum_fed_equilibrium	PBS only	1.109451788	172800.0
EIF4E abundance	serum_fed_equilibrium	EGF	0.9863284855	0.0
EIF4E abundance	serum_fed_equilibrium	EGF	1.1341601331	3600.0
EIF4E abundance	serum_fed_equilibrium	EGF	1.0179550733	14400.0
EIF4E abundance	serum_fed_equilibrium	EGF	1.0291482649	28800.0
EIF4E abundance	serum_fed_equilibrium	EGF	0.9792815607	86400.0
EIF4E abundance	serum_fed_equilibrium	EGF	0.9746655103	172800.0
EIF4E abundance	serum_fed_equilibrium	HGF only	0.9863284855	0.0
EIF4E abundance	serum_fed_equilibrium	HGF only	0.957470597	3600.0
EIF4E abundance	serum_fed_equilibrium	HGF only	0.9533161253	14400.0
EIF4E abundance	serum_fed_equilibrium	HGF only	0.9191998978	28800.0
EIF4E abundance	serum_fed_equilibrium	HGF only	0.9017921241	86400.0
EIF4E abundance	serum_fed_equilibrium	HGF only	0.9226347775	172800.0
EIF4E abundance	serum_fed_equilibrium	IFNG_EGF	0.9863284855	0.0
EIF4E abundance	serum_fed_equilibrium	IFNG_EGF	1.1044085381	3600.0
EIF4E abundance	serum_fed_equilibrium	IFNG_EGF	1.0212606002	14400.0
EIF4E abundance	serum_fed_equilibrium	IFNG_EGF	0.9943596079	28800.0
EIF4E abundance	serum_fed_equilibrium	IFNG_EGF	0.9547246533	86400.0
EIF4E abundance	serum_fed_equilibrium	IFNG_EGF	0.9767218997	172800.0
EIF4E abundance	serum_fed_equilibrium	PBS only	0.9863284855	0.0
EIF4E abundance	serum_fed_equilibrium	PBS only	0.9628614625	3600.0
EIF4E abundance	serum_fed_equilibrium	PBS only	0.8638398476	14400.0
EIF4E abundance	serum_fed_equilibrium	PBS only	0.9374316429	28800.0
EIF4E abundance	serum_fed_equilibrium	PBS only	0.8979296978	86400.0
EIF4E abundance	serum_fed_equilibrium	PBS only	0.9212954255	172800.0
FOXO abundance	serum_fed_equilibrium	EGF	0.9780738186	0.0
FOXO abundance	serum_fed_equilibrium	EGF	0.9796822559	3600.0
FOXO abundance	serum_fed_equilibrium	EGF	0.9899556796	14400.0
FOXO abundance	serum_fed_equilibrium	EGF	0.984871256	28800.0
FOXO abundance	serum_fed_equilibrium	EGF	1.0987277096	86400.0
FOXO abundance	serum_fed_equilibrium	EGF	1.0933424518	172800.0
FOXO abundance	serum_fed_equilibrium	HGF only	0.9780738186	0.0
FOXO abundance	serum_fed_equilibrium	HGF only	1.0459629988	3600.0
FOXO abundance	serum_fed_equilibrium	HGF only	1.0063072428	14400.0
FOXO abundance	serum_fed_equilibrium	HGF only	1.0177596685	28800.0
FOXO abundance	serum_fed_equilibrium	HGF only	1.0655460501	86400.0
FOXO abundance	serum_fed_equilibrium	HGF only	1.1085877364	172800.0
FOXO abundance	serum_fed_equilibrium	IFNG_EGF	0.9780738186	0.0
FOXO abundance	serum_fed_equilibrium	IFNG_EGF	0.9854461763	3600.0
FOXO abundance	serum_fed_equilibrium	IFNG_EGF	0.9641321205	14400.0
FOXO abundance	serum_fed_equilibrium	IFNG_EGF	0.9873100399	28800.0
FOXO abundance	serum_fed_equilibrium	IFNG_EGF	1.0666034926	86400.0
FOXO abundance	serum_fed_equilibrium	IFNG_EGF	1.0890863614	172800.0
FOXO abundance	serum_fed_equilibrium	PBS only	0.9780738186	0.0
FOXO abundance	serum_fed_equilibrium	PBS only	0.9968750985	3600.0
FOXO abundance	serum_fed_equilibrium	PBS only	0.9687716921	14400.0
FOXO abundance	serum_fed_equilibrium	PBS only	0.9869605422	28800.0
FOXO abundance	serum_fed_equilibrium	PBS only	1.0804205352	86400.0
FOXO abundance	serum_fed_equilibrium	PBS only	0.9863609414	172800.0
pFOXO abundance	serum_fed_equilibrium	EGF	1.0129401235	0.0
pFOXO abundance	serum_fed_equilibrium	EGF	1.0286381455	3600.0
pFOXO abundance	serum_fed_equilibrium	EGF	1.0107041143	14400.0
pFOXO abundance	serum_fed_equilibrium	EGF	0.990929302	28800.0
pFOXO abundance	serum_fed_equilibrium	EGF	0.9657539631	86400.0
pFOXO abundance	serum_fed_equilibrium	EGF	0.9136679179	172800.0
pFOXO abundance	serum_fed_equilibrium	HGF only	1.0129401235	0.0
pFOXO abundance	serum_fed_equilibrium	HGF only	1.0098703838	3600.0
pFOXO abundance	serum_fed_equilibrium	HGF only	1.015003396	14400.0
pFOXO abundance	serum_fed_equilibrium	HGF only	1.0060544287	28800.0
pFOXO abundance	serum_fed_equilibrium	HGF only	1.0597476653	86400.0
pFOXO abundance	serum_fed_equilibrium	HGF only	1.0554270545	172800.0
pFOXO abundance	serum_fed_equilibrium	IFNG_EGF	1.0129401235	0.0
pFOXO abundance	serum_fed_equilibrium	IFNG_EGF	0.9962621478	3600.0
pFOXO abundance	serum_fed_equilibrium	IFNG_EGF	0.9883814352	14400.0
pFOXO abundance	serum_fed_equilibrium	IFNG_EGF	0.9890789795	28800.0
pFOXO abundance	serum_fed_equilibrium	IFNG_EGF	0.8872615664	86400.0
pFOXO abundance	serum_fed_equilibrium	IFNG_EGF	0.9642814969	172800.0
pFOXO abundance	serum_fed_equilibrium	PBS only	1.0129401235	0.0
pFOXO abundance	serum_fed_equilibrium	PBS only	1.0498024138	3600.0
pFOXO abundance	serum_fed_equilibrium	PBS only	1.0715786397	14400.0
pFOXO abundance	serum_fed_equilibrium	PBS only	1.0549163402	28800.0
pFOXO abundance	serum_fed_equilibrium	PBS only	1.1525896574	86400.0
pFOXO abundance	serum_fed_equilibrium	PBS only	1.3346567627	172800.0
GSK3b abundance	serum_fed_equilibrium	EGF	1.0580978358	0.0
GSK3b abundance	serum_fed_equilibrium	EGF	1.0682218432	3600.0
GSK3b abundance	serum_fed_equilibrium	EGF	1.0357124289	14400.0
GSK3b abundance	serum_fed_equilibrium	EGF	1.0150981034	28800.0
GSK3b abundance	serum_fed_equilibrium	EGF	0.9971389509	86400.0
GSK3b abundance	serum_fed_equilibrium	EGF	1.0480700665	172800.0
GSK3b abundance	serum_fed_equilibrium	HGF only	1.0580978358	0.0
GSK3b abundance	serum_fed_equilibrium	HGF only	1.0635619902	3600.0
GSK3b abundance	serum_fed_equilibrium	HGF only	1.0549764116	14400.0
GSK3b abundance	serum_fed_equilibrium	HGF only	1.0328544502	28800.0
GSK3b abundance	serum_fed_equilibrium	HGF only	1.0856212653	86400.0
GSK3b abundance	serum_fed_equilibrium	HGF only	1.1342926295	172800.0
GSK3b abundance	serum_fed_equilibrium	IFNG_EGF	1.0580978358	0.0
GSK3b abundance	serum_fed_equilibrium	IFNG_EGF	1.0607231839	3600.0
GSK3b abundance	serum_fed_equilibrium	IFNG_EGF	0.9928301276	14400.0
GSK3b abundance	serum_fed_equilibrium	IFNG_EGF	0.9696912283	28800.0
GSK3b abundance	serum_fed_equilibrium	IFNG_EGF	0.9158848266	86400.0
GSK3b abundance	serum_fed_equilibrium	IFNG_EGF	1.0791820306	172800.0
GSK3b abundance	serum_fed_equilibrium	PBS only	1.0580978358	0.0
GSK3b abundance	serum_fed_equilibrium	PBS only	0.9880241371	3600.0
GSK3b abundance	serum_fed_equilibrium	PBS only	1.0364068316	14400.0
GSK3b abundance	serum_fed_equilibrium	PBS only	1.0749730456	28800.0
GSK3b abundance	serum_fed_equilibrium	PBS only	1.1394205358	86400.0
GSK3b abundance	serum_fed_equilibrium	PBS only	1.2232019029	172800.0
pGSK3b abundance	serum_fed_equilibrium	EGF	0.9715850738	0.0
pGSK3b abundance	serum_fed_equilibrium	EGF	0.9861927638	3600.0
pGSK3b abundance	serum_fed_equilibrium	EGF	0.9754091339	14400.0
pGSK3b abundance	serum_fed_equilibrium	EGF	1.0082489858	28800.0
pGSK3b abundance	serum_fed_equilibrium	EGF	1.0904460647	86400.0
pGSK3b abundance	serum_fed_equilibrium	EGF	1.1501750737	172800.0
pGSK3b abundance	serum_fed_equilibrium	HGF only	0.9715850738	0.0
pGSK3b abundance	serum_fed_equilibrium	HGF only	0.9970774969	3600.0
pGSK3b abundance	serum_fed_equilibrium	HGF only	1.0281594186	14400.0
pGSK3b abundance	serum_fed_equilibrium	HGF only	1.0130933269	28800.0
pGSK3b abundance	serum_fed_equilibrium	HGF only	1.0187177773	86400.0
pGSK3b abundance	serum_fed_equilibrium	HGF only	1.0595380699	172800.0
pGSK3b abundance	serum_fed_equilibrium	IFNG_EGF	0.9715850738	0.0
pGSK3b abundance	serum_fed_equilibrium	IFNG_EGF	0.9826957381	3600.0
pGSK3b abundance	serum_fed_equilibrium	IFNG_EGF	1.0171748649	14400.0
pGSK3b abundance	serum_fed_equilibrium	IFNG_EGF	0.9790931915	28800.0
pGSK3b abundance	serum_fed_equilibrium	IFNG_EGF	1.0212007884	86400.0
pGSK3b abundance	serum_fed_equilibrium	IFNG_EGF	0.9819883633	172800.0
pGSK3b abundance	serum_fed_equilibrium	PBS only	0.9715850738	0.0
pGSK3b abundance	serum_fed_equilibrium	PBS only	1.0129901731	3600.0
pGSK3b abundance	serum_fed_equilibrium	PBS only	0.9699692651	14400.0
pGSK3b abundance	serum_fed_equilibrium	PBS only	0.9469167114	28800.0
pGSK3b abundance	serum_fed_equilibrium	PBS only	0.917181332	86400.0
pGSK3b abundance	serum_fed_equilibrium	PBS only	0.8389086042	172800.0
E2 abundance	serum_fed_equilibrium	EGF	1.1543333449	0.0
E2 abundance	serum_fed_equilibrium	EGF	1.1236242556	3600.0
E2 abundance	serum_fed_equilibrium	EGF	1.0951728652	14400.0
E2 abundance	serum_fed_equilibrium	EGF	1.1395755945	28800.0
E2 abundance	serum_fed_equilibrium	EGF	1.0610051801	86400.0
E2 abundance	serum_fed_equilibrium	EGF	1.0364700645	172800.0
E2 abundance	serum_fed_equilibrium	HGF only	1.1543333449	0.0
E2 abundance	serum_fed_equilibrium	HGF only	1.0027832466	3600.0
E2 abundance	serum_fed_equilibrium	HGF only	0.9533894737	14400.0
E2 abundance	serum_fed_equilibrium	HGF only	0.9041204194	28800.0
E2 abundance	serum_fed_equilibrium	HGF only	0.8219560811	86400.0
E2 abundance	serum_fed_equilibrium	HGF only	0.8863924425	172800.0
E2 abundance	serum_fed_equilibrium	IFNG_EGF	1.1543333449	0.0
E2 abundance	serum_fed_equilibrium	IFNG_EGF	1.0152873959	3600.0
E2 abundance	serum_fed_equilibrium	IFNG_EGF	1.1226713666	14400.0
E2 abundance	serum_fed_equilibrium	IFNG_EGF	1.0995196411	28800.0
E2 abundance	serum_fed_equilibrium	IFNG_EGF	0.9768212629	86400.0
E2 abundance	serum_fed_equilibrium	IFNG_EGF	0.8611650815	172800.0
E2 abundance	serum_fed_equilibrium	PBS only	1.1543333449	0.0
E2 abundance	serum_fed_equilibrium	PBS only	0.6863650643	3600.0
E2 abundance	serum_fed_equilibrium	PBS only	0.8665771836	14400.0
E2 abundance	serum_fed_equilibrium	PBS only	0.8662700297	28800.0
E2 abundance	serum_fed_equilibrium	PBS only	0.8255461163	86400.0
E2 abundance	serum_fed_equilibrium	PBS only	0.8102981578	172800.0
pE2 abundance	serum_fed_equilibrium	EGF	1.0246166452	0.0
pE2 abundance	serum_fed_equilibrium	EGF	0.9730166476	3600.0
pE2 abundance	serum_fed_equilibrium	EGF	0.9707629185	14400.0
pE2 abundance	serum_fed_equilibrium	EGF	0.94522884	28800.0
pE2 abundance	serum_fed_equilibrium	EGF	0.883314656	86400.0
pE2 abundance	serum_fed_equilibrium	EGF	0.7828958372	172800.0
pE2 abundance	serum_fed_equilibrium	HGF only	1.0246166452	0.0
pE2 abundance	serum_fed_equilibrium	HGF only	0.9452629518	3600.0
pE2 abundance	serum_fed_equilibrium	HGF only	1.0241832138	14400.0
pE2 abundance	serum_fed_equilibrium	HGF only	1.0910742733	28800.0
pE2 abundance	serum_fed_equilibrium	HGF only	1.2152978317	86400.0
pE2 abundance	serum_fed_equilibrium	HGF only	1.4268918406	172800.0
pE2 abundance	serum_fed_equilibrium	IFNG_EGF	1.0246166452	0.0
pE2 abundance	serum_fed_equilibrium	IFNG_EGF	0.9731183171	3600.0
pE2 abundance	serum_fed_equilibrium	IFNG_EGF	0.95435187	14400.0
pE2 abundance	serum_fed_equilibrium	IFNG_EGF	1.0160786052	28800.0
pE2 abundance	serum_fed_equilibrium	IFNG_EGF	0.8192225895	86400.0
pE2 abundance	serum_fed_equilibrium	IFNG_EGF	0.5847573657	172800.0
pE2 abundance	serum_fed_equilibrium	PBS only	1.0246166452	0.0
pE2 abundance	serum_fed_equilibrium	PBS only	1.0400718143	3600.0
pE2 abundance	serum_fed_equilibrium	PBS only	1.1165943163	14400.0
pE2 abundance	serum_fed_equilibrium	PBS only	1.1050805598	28800.0
pE2 abundance	serum_fed_equilibrium	PBS only	1.2525198204	86400.0
pE2 abundance	serum_fed_equilibrium	PBS only	1.2190280694	172800.0
E3 abundance	serum_fed_equilibrium	EGF	1.0039938993	0.0
E3 abundance	serum_fed_equilibrium	EGF	1.5229202348	3600.0
E3 abundance	serum_fed_equilibrium	EGF	1.2095088289	14400.0
E3 abundance	serum_fed_equilibrium	EGF	1.1675060945	28800.0
E3 abundance	serum_fed_equilibrium	EGF	1.1202518268	86400.0
E3 abundance	serum_fed_equilibrium	EGF	1.0220305458	172800.0
E3 abundance	serum_fed_equilibrium	HGF only	1.0039938993	0.0
E3 abundance	serum_fed_equilibrium	HGF only	0.7889165334	3600.0
E3 abundance	serum_fed_equilibrium	HGF only	0.6969618041	14400.0
E3 abundance	serum_fed_equilibrium	HGF only	0.6938113711	28800.0
E3 abundance	serum_fed_equilibrium	HGF only	0.6846066449	86400.0
E3 abundance	serum_fed_equilibrium	HGF only	0.7011751264	172800.0
E3 abundance	serum_fed_equilibrium	IFNG_EGF	1.0039938993	0.0
E3 abundance	serum_fed_equilibrium	IFNG_EGF	1.3534934337	3600.0
E3 abundance	serum_fed_equilibrium	IFNG_EGF	1.1514310359	14400.0
E3 abundance	serum_fed_equilibrium	IFNG_EGF	1.019669266	28800.0
E3 abundance	serum_fed_equilibrium	IFNG_EGF	0.8996092638	86400.0
E3 abundance	serum_fed_equilibrium	IFNG_EGF	0.6155030656	172800.0
E3 abundance	serum_fed_equilibrium	PBS only	1.0039938993	0.0
E3 abundance	serum_fed_equilibrium	PBS only	0.7088708218	3600.0
E3 abundance	serum_fed_equilibrium	PBS only	0.7037382068	14400.0
E3 abundance	serum_fed_equilibrium	PBS only	0.69046135	28800.0
E3 abundance	serum_fed_equilibrium	PBS only	0.6038147154	86400.0
E3 abundance	serum_fed_equilibrium	PBS only	0.6540376494	172800.0
pE3 abundance	serum_fed_equilibrium	EGF	1.3126170747	0.0
pE3 abundance	serum_fed_equilibrium	EGF	1.0835395161	3600.0
pE3 abundance	serum_fed_equilibrium	EGF	1.0883262049	14400.0
pE3 abundance	serum_fed_equilibrium	EGF	1.0671597505	28800.0
pE3 abundance	serum_fed_equilibrium	EGF	0.8323164412	86400.0
pE3 abundance	serum_fed_equilibrium	EGF	0.5940672521	172800.0
pE3 abundance	serum_fed_equilibrium	HGF only	1.3126170747	0.0
pE3 abundance	serum_fed_equilibrium	HGF only	1.1061681972	3600.0
pE3 abundance	serum_fed_equilibrium	HGF only	1.0873946872	14400.0
pE3 abundance	serum_fed_equilibrium	HGF only	1.0395508544	28800.0
pE3 abundance	serum_fed_equilibrium	HGF only	0.942534989	86400.0
pE3 abundance	serum_fed_equilibrium	HGF only	0.7883377429	172800.0
pE3 abundance	serum_fed_equilibrium	IFNG_EGF	1.3126170747	0.0
pE3 abundance	serum_fed_equilibrium	IFNG_EGF	1.1371497587	3600.0
pE3 abundance	serum_fed_equilibrium	IFNG_EGF	1.1165596932	14400.0
pE3 abundance	serum_fed_equilibrium	IFNG_EGF	1.009442543	28800.0
pE3 abundance	serum_fed_equilibrium	IFNG_EGF	0.8538493147	86400.0
pE3 abundance	serum_fed_equilibrium	IFNG_EGF	0.6899478845	172800.0
pE3 abundance	serum_fed_equilibrium	PBS only	1.3126170747	0.0
pE3 abundance	serum_fed_equilibrium	PBS only	1.2773760592	3600.0
pE3 abundance	serum_fed_equilibrium	PBS only	1.2697951058	14400.0
pE3 abundance	serum_fed_equilibrium	PBS only	1.311667971	28800.0
pE3 abundance	serum_fed_equilibrium	PBS only	1.4583805658	86400.0
pE3 abundance	serum_fed_equilibrium	PBS only	1.8142311558	172800.0
Ir abundance	serum_fed_equilibrium	EGF	0.9305216333	0.0
Ir abundance	serum_fed_equilibrium	EGF	0.9494096162	3600.0
Ir abundance	serum_fed_equilibrium	EGF	1.0084955683	14400.0
Ir abundance	serum_fed_equilibrium	EGF	0.978901883	28800.0
Ir abundance	serum_fed_equilibrium	EGF	1.013088531	86400.0
Ir abundance	serum_fed_equilibrium	EGF	0.9956339716	172800.0
Ir abundance	serum_fed_equilibrium	HGF only	0.9305216333	0.0
Ir abundance	serum_fed_equilibrium	HGF only	1.013789347	3600.0
Ir abundance	serum_fed_equilibrium	HGF only	1.0074535056	14400.0
Ir abundance	serum_fed_equilibrium	HGF only	1.0288296787	28800.0
Ir abundance	serum_fed_equilibrium	HGF only	1.058555339	86400.0
Ir abundance	serum_fed_equilibrium	HGF only	1.118483419	172800.0
Ir abundance	serum_fed_equilibrium	IFNG_EGF	0.9305216333	0.0
Ir abundance	serum_fed_equilibrium	IFNG_EGF	0.9667288885	3600.0
Ir abundance	serum_fed_equilibrium	IFNG_EGF	0.9529487321	14400.0
Ir abundance	serum_fed_equilibrium	IFNG_EGF	0.9707688126	28800.0
Ir abundance	serum_fed_equilibrium	IFNG_EGF	1.2358412569	86400.0
Ir abundance	serum_fed_equilibrium	IFNG_EGF	1.2423021113	172800.0
Ir abundance	serum_fed_equilibrium	PBS only	0.9305216333	0.0
Ir abundance	serum_fed_equilibrium	PBS only	0.9636663908	3600.0
Ir abundance	serum_fed_equilibrium	PBS only	0.9794157442	14400.0
Ir abundance	serum_fed_equilibrium	PBS only	0.9720300289	28800.0
Ir abundance	serum_fed_equilibrium	PBS only	1.0460228491	86400.0
Ir abundance	serum_fed_equilibrium	PBS only	0.9550630468	172800.0
pIr abundance	serum_fed_equilibrium	EGF	1.0741934117	0.0
pIr abundance	serum_fed_equilibrium	EGF	0.9971162936	3600.0
pIr abundance	serum_fed_equilibrium	EGF	0.9855416846	14400.0
pIr abundance	serum_fed_equilibrium	EGF	0.99406251	28800.0
pIr abundance	serum_fed_equilibrium	EGF	1.0050575591	86400.0
pIr abundance	serum_fed_equilibrium	EGF	0.9475400997	172800.0
pIr abundance	serum_fed_equilibrium	HGF only	1.0741934117	0.0
pIr abundance	serum_fed_equilibrium	HGF only	0.9905776742	3600.0
pIr abundance	serum_fed_equilibrium	HGF only	1.0057335984	14400.0
pIr abundance	serum_fed_equilibrium	HGF only	0.9988342311	28800.0
pIr abundance	serum_fed_equilibrium	HGF only	0.9707001286	86400.0
pIr abundance	serum_fed_equilibrium	HGF only	0.9956487286	172800.0
pIr abundance	serum_fed_equilibrium	IFNG_EGF	1.0741934117	0.0
pIr abundance	serum_fed_equilibrium	IFNG_EGF	1.0114842509	3600.0
pIr abundance	serum_fed_equilibrium	IFNG_EGF	0.9906224399	14400.0
pIr abundance	serum_fed_equilibrium	IFNG_EGF	0.9999726198	28800.0
pIr abundance	serum_fed_equilibrium	IFNG_EGF	1.0349522114	86400.0
pIr abundance	serum_fed_equilibrium	IFNG_EGF	1.0434810381	172800.0
pIr abundance	serum_fed_equilibrium	PBS only	1.0741934117	0.0
pIr abundance	serum_fed_equilibrium	PBS only	1.0348853727	3600.0
pIr abundance	serum_fed_equilibrium	PBS only	1.0438292361	14400.0
pIr abundance	serum_fed_equilibrium	PBS only	1.024045201	28800.0
pIr abundance	serum_fed_equilibrium	PBS only	1.0237517214	86400.0
pIr abundance	serum_fed_equilibrium	PBS only	1.1806845935	172800.0
Isr abundance	serum_fed_equilibrium	EGF	0.9151802503	0.0
Isr abundance	serum_fed_equilibrium	EGF	0.894483079	3600.0
Isr abundance	serum_fed_equilibrium	EGF	0.9216105917	14400.0
Isr abundance	serum_fed_equilibrium	EGF	0.8983264127	28800.0
Isr abundance	serum_fed_equilibrium	EGF	0.940969505	86400.0
Isr abundance	serum_fed_equilibrium	EGF	0.9475755167	172800.0
Isr abundance	serum_fed_equilibrium	HGF only	0.9151802503	0.0
Isr abundance	serum_fed_equilibrium	HGF only	0.9534733291	3600.0
Isr abundance	serum_fed_equilibrium	HGF only	0.9339218603	14400.0
Isr abundance	serum_fed_equilibrium	HGF only	0.9357542903	28800.0
Isr abundance	serum_fed_equilibrium	HGF only	0.9562074783	86400.0
Isr abundance	serum_fed_equilibrium	HGF only	0.9422397754	172800.0
Isr abundance	serum_fed_equilibrium	IFNG_EGF	0.9151802503	0.0
Isr abundance	serum_fed_equilibrium	IFNG_EGF	0.9285144891	3600.0
Isr abundance	serum_fed_equilibrium	IFNG_EGF	0.9589626313	14400.0
Isr abundance	serum_fed_equilibrium	IFNG_EGF	0.9709379162	28800.0
Isr abundance	serum_fed_equilibrium	IFNG_EGF	0.9985806887	86400.0
Isr abundance	serum_fed_equilibrium	IFNG_EGF	0.9789667392	172800.0
Isr abundance	serum_fed_equilibrium	PBS only	0.9151802503	0.0
Isr abundance	serum_fed_equilibrium	PBS only	0.9257369123	3600.0
Isr abundance	serum_fed_equilibrium	PBS only	0.9574263858	14400.0
Isr abundance	serum_fed_equilibrium	PBS only	0.9304082752	28800.0
Isr abundance	serum_fed_equilibrium	PBS only	0.9211798817	86400.0
Isr abundance	serum_fed_equilibrium	PBS only	0.9128039587	172800.0
IRS abundance	serum_fed_equilibrium	EGF	0.9682119058	0.0
IRS abundance	serum_fed_equilibrium	EGF	0.9413061545	3600.0
IRS abundance	serum_fed_equilibrium	EGF	0.9883775395	14400.0
IRS abundance	serum_fed_equilibrium	EGF	0.9905413542	28800.0
IRS abundance	serum_fed_equilibrium	EGF	1.0568408872	86400.0
IRS abundance	serum_fed_equilibrium	EGF	1.0260887406	172800.0
IRS abundance	serum_fed_equilibrium	HGF only	0.9682119058	0.0
IRS abundance	serum_fed_equilibrium	HGF only	0.9112396551	3600.0
IRS abundance	serum_fed_equilibrium	HGF only	0.9760899718	14400.0
IRS abundance	serum_fed_equilibrium	HGF only	1.0352660007	28800.0
IRS abundance	serum_fed_equilibrium	HGF only	1.104573472	86400.0
IRS abundance	serum_fed_equilibrium	HGF only	1.0662802398	172800.0
IRS abundance	serum_fed_equilibrium	IFNG_EGF	0.9682119058	0.0
IRS abundance	serum_fed_equilibrium	IFNG_EGF	0.9243236506	3600.0
IRS abundance	serum_fed_equilibrium	IFNG_EGF	0.9383086239	14400.0
IRS abundance	serum_fed_equilibrium	IFNG_EGF	0.9766690591	28800.0
IRS abundance	serum_fed_equilibrium	IFNG_EGF	0.8565186851	86400.0
IRS abundance	serum_fed_equilibrium	IFNG_EGF	0.8694667625	172800.0
IRS abundance	serum_fed_equilibrium	PBS only	0.9682119058	0.0
IRS abundance	serum_fed_equilibrium	PBS only	1.0200070005	3600.0
IRS abundance	serum_fed_equilibrium	PBS only	1.0723589155	14400.0
IRS abundance	serum_fed_equilibrium	PBS only	1.1354122845	28800.0
IRS abundance	serum_fed_equilibrium	PBS only	1.1041374387	86400.0
IRS abundance	serum_fed_equilibrium	PBS only	1.2313732405	172800.0
ppERK abundance	serum_fed_equilibrium	EGF	0.9917732231	0.0
ppERK abundance	serum_fed_equilibrium	EGF	0.9835180949	3600.0
ppERK abundance	serum_fed_equilibrium	EGF	0.9810838628	14400.0
ppERK abundance	serum_fed_equilibrium	EGF	0.9712472316	28800.0
ppERK abundance	serum_fed_equilibrium	EGF	0.9503409167	86400.0
ppERK abundance	serum_fed_equilibrium	EGF	0.9499420472	172800.0
ppERK abundance	serum_fed_equilibrium	HGF only	0.9917732231	0.0
ppERK abundance	serum_fed_equilibrium	HGF only	0.9934826519	3600.0
ppERK abundance	serum_fed_equilibrium	HGF only	0.9982716437	14400.0
ppERK abundance	serum_fed_equilibrium	HGF only	0.972434392	28800.0
ppERK abundance	serum_fed_equilibrium	HGF only	0.976700339	86400.0
ppERK abundance	serum_fed_equilibrium	HGF only	0.9273541267	172800.0
ppERK abundance	serum_fed_equilibrium	IFNG_EGF	0.9917732231	0.0
ppERK abundance	serum_fed_equilibrium	IFNG_EGF	0.9613220892	3600.0
ppERK abundance	serum_fed_equilibrium	IFNG_EGF	0.9827196584	14400.0
ppERK abundance	serum_fed_equilibrium	IFNG_EGF	0.9519424332	28800.0
ppERK abundance	serum_fed_equilibrium	IFNG_EGF	0.8727388705	86400.0
ppERK abundance	serum_fed_equilibrium	IFNG_EGF	0.9409408264	172800.0
ppERK abundance	serum_fed_equilibrium	PBS only	0.9917732231	0.0
ppERK abundance	serum_fed_equilibrium	PBS only	1.0067435896	3600.0
ppERK abundance	serum_fed_equilibrium	PBS only	1.0321619738	14400.0
ppERK abundance	serum_fed_equilibrium	PBS only	1.0046465244	28800.0
ppERK abundance	serum_fed_equilibrium	PBS only	0.978822043	86400.0
ppERK abundance	serum_fed_equilibrium	PBS only	1.0833990696	172800.0
pMdm2 abundance	serum_fed_equilibrium	EGF	1.4450978678	0.0
pMdm2 abundance	serum_fed_equilibrium	EGF	1.2953922357	3600.0
pMdm2 abundance	serum_fed_equilibrium	EGF	1.3468329307	14400.0
pMdm2 abundance	serum_fed_equilibrium	EGF	1.2942901594	28800.0
pMdm2 abundance	serum_fed_equilibrium	EGF	1.0748393351	86400.0
pMdm2 abundance	serum_fed_equilibrium	EGF	0.7942418949	172800.0
pMdm2 abundance	serum_fed_equilibrium	HGF only	1.4450978678	0.0
pMdm2 abundance	serum_fed_equilibrium	HGF only	0.9216961608	3600.0
pMdm2 abundance	serum_fed_equilibrium	HGF only	0.9567370524	14400.0
pMdm2 abundance	serum_fed_equilibrium	HGF only	0.907202025	28800.0
pMdm2 abundance	serum_fed_equilibrium	HGF only	0.8127140839	86400.0
pMdm2 abundance	serum_fed_equilibrium	HGF only	0.761492778	172800.0
pMdm2 abundance	serum_fed_equilibrium	IFNG_EGF	1.4450978678	0.0
pMdm2 abundance	serum_fed_equilibrium	IFNG_EGF	1.0686465361	3600.0
pMdm2 abundance	serum_fed_equilibrium	IFNG_EGF	1.1050559428	14400.0
pMdm2 abundance	serum_fed_equilibrium	IFNG_EGF	1.1638935648	28800.0
pMdm2 abundance	serum_fed_equilibrium	IFNG_EGF	0.8442390532	86400.0
pMdm2 abundance	serum_fed_equilibrium	IFNG_EGF	0.8178390086	172800.0
pMdm2 abundance	serum_fed_equilibrium	PBS only	1.4450978678	0.0
pMdm2 abundance	serum_fed_equilibrium	PBS only	0.6804731646	3600.0
pMdm2 abundance	serum_fed_equilibrium	PBS only	0.8454390494	14400.0
pMdm2 abundance	serum_fed_equilibrium	PBS only	0.7618449959	28800.0
pMdm2 abundance	serum_fed_equilibrium	PBS only	0.6791188403	86400.0
pMdm2 abundance	serum_fed_equilibrium	PBS only	0.729921331	172800.0
MEK abundance	serum_fed_equilibrium	EGF	0.9673480611	0.0
MEK abundance	serum_fed_equilibrium	EGF	1.0444678201	3600.0
MEK abundance	serum_fed_equilibrium	EGF	1.0072801309	14400.0
MEK abundance	serum_fed_equilibrium	EGF	1.0311610431	28800.0
MEK abundance	serum_fed_equilibrium	EGF	1.0808079667	86400.0
MEK abundance	serum_fed_equilibrium	EGF	1.1048872457	172800.0
MEK abundance	serum_fed_equilibrium	HGF only	0.9673480611	0.0
MEK abundance	serum_fed_equilibrium	HGF only	0.9937876398	3600.0
MEK abundance	serum_fed_equilibrium	HGF only	0.9080057207	14400.0
MEK abundance	serum_fed_equilibrium	HGF only	0.9354038146	28800.0
MEK abundance	serum_fed_equilibrium	HGF only	0.9614814054	86400.0
MEK abundance	serum_fed_equilibrium	HGF only	1.0023776217	172800.0
MEK abundance	serum_fed_equilibrium	IFNG_EGF	0.9673480611	0.0
MEK abundance	serum_fed_equilibrium	IFNG_EGF	1.0601961207	3600.0
MEK abundance	serum_fed_equilibrium	IFNG_EGF	1.056810851	14400.0
MEK abundance	serum_fed_equilibrium	IFNG_EGF	1.0646973733	28800.0
MEK abundance	serum_fed_equilibrium	IFNG_EGF	1.1230934704	86400.0
MEK abundance	serum_fed_equilibrium	IFNG_EGF	0.9775840857	172800.0
MEK abundance	serum_fed_equilibrium	PBS only	0.9673480611	0.0
MEK abundance	serum_fed_equilibrium	PBS only	0.8006049297	3600.0
MEK abundance	serum_fed_equilibrium	PBS only	0.7999466921	14400.0
MEK abundance	serum_fed_equilibrium	PBS only	0.7834730709	28800.0
MEK abundance	serum_fed_equilibrium	PBS only	0.7911835816	86400.0
MEK abundance	serum_fed_equilibrium	PBS only	0.7692154109	172800.0
ppMEK abundance	serum_fed_equilibrium	EGF	0.9690360946	0.0
ppMEK abundance	serum_fed_equilibrium	EGF	1.0107040723	3600.0
ppMEK abundance	serum_fed_equilibrium	EGF	0.9993640658	14400.0
ppMEK abundance	serum_fed_equilibrium	EGF	0.9107521264	28800.0
ppMEK abundance	serum_fed_equilibrium	EGF	1.20705981	86400.0
ppMEK abundance	serum_fed_equilibrium	EGF	1.0860211492	172800.0
ppMEK abundance	serum_fed_equilibrium	HGF only	0.9690360946	0.0
ppMEK abundance	serum_fed_equilibrium	HGF only	1.0303783698	3600.0
ppMEK abundance	serum_fed_equilibrium	HGF only	1.0142127408	14400.0
ppMEK abundance	serum_fed_equilibrium	HGF only	0.991308627	28800.0
ppMEK abundance	serum_fed_equilibrium	HGF only	0.9301205298	86400.0
ppMEK abundance	serum_fed_equilibrium	HGF only	0.9492073451	172800.0
ppMEK abundance	serum_fed_equilibrium	IFNG_EGF	0.9690360946	0.0
ppMEK abundance	serum_fed_equilibrium	IFNG_EGF	1.0388586126	3600.0
ppMEK abundance	serum_fed_equilibrium	IFNG_EGF	0.9535236704	14400.0
ppMEK abundance	serum_fed_equilibrium	IFNG_EGF	0.9939162432	28800.0
ppMEK abundance	serum_fed_equilibrium	IFNG_EGF	1.2820632409	86400.0
ppMEK abundance	serum_fed_equilibrium	IFNG_EGF	1.1964113509	172800.0
ppMEK abundance	serum_fed_equilibrium	PBS only	0.9690360946	0.0
ppMEK abundance	serum_fed_equilibrium	PBS only	0.8903471609	3600.0
ppMEK abundance	serum_fed_equilibrium	PBS only	0.8754441753	14400.0
ppMEK abundance	serum_fed_equilibrium	PBS only	0.9409506798	28800.0
ppMEK abundance	serum_fed_equilibrium	PBS only	0.8968461258	86400.0
ppMEK abundance	serum_fed_equilibrium	PBS only	0.8149041732	172800.0
MSH6 abundance	serum_fed_equilibrium	EGF	0.9834114644	0.0
MSH6 abundance	serum_fed_equilibrium	EGF	1.0280125431	3600.0
MSH6 abundance	serum_fed_equilibrium	EGF	1.0079198107	14400.0
MSH6 abundance	serum_fed_equilibrium	EGF	1.0355843417	28800.0
MSH6 abundance	serum_fed_equilibrium	EGF	1.0791835631	86400.0
MSH6 abundance	serum_fed_equilibrium	EGF	1.0544646834	172800.0
MSH6 abundance	serum_fed_equilibrium	HGF only	0.9834114644	0.0
MSH6 abundance	serum_fed_equilibrium	HGF only	1.0140374955	3600.0
MSH6 abundance	serum_fed_equilibrium	HGF only	0.9256595385	14400.0
MSH6 abundance	serum_fed_equilibrium	HGF only	0.9412505513	28800.0
MSH6 abundance	serum_fed_equilibrium	HGF only	0.9963398455	86400.0
MSH6 abundance	serum_fed_equilibrium	HGF only	1.0105085703	172800.0
MSH6 abundance	serum_fed_equilibrium	IFNG_EGF	0.9834114644	0.0
MSH6 abundance	serum_fed_equilibrium	IFNG_EGF	1.0405238774	3600.0
MSH6 abundance	serum_fed_equilibrium	IFNG_EGF	1.0025456327	14400.0
MSH6 abundance	serum_fed_equilibrium	IFNG_EGF	1.0353446576	28800.0
MSH6 abundance	serum_fed_equilibrium	IFNG_EGF	1.1681378762	86400.0
MSH6 abundance	serum_fed_equilibrium	IFNG_EGF	0.9496685898	172800.0
MSH6 abundance	serum_fed_equilibrium	PBS only	0.9834114644	0.0
MSH6 abundance	serum_fed_equilibrium	PBS only	0.8927951162	3600.0
MSH6 abundance	serum_fed_equilibrium	PBS only	0.8983075928	14400.0
MSH6 abundance	serum_fed_equilibrium	PBS only	0.8999453304	28800.0
MSH6 abundance	serum_fed_equilibrium	PBS only	0.9258049468	86400.0
MSH6 abundance	serum_fed_equilibrium	PBS only	0.9128531845	172800.0
mTOR abundance	serum_fed_equilibrium	EGF	0.9673863545	0.0
mTOR abundance	serum_fed_equilibrium	EGF	0.9743771507	3600.0
mTOR abundance	serum_fed_equilibrium	EGF	1.0133823117	14400.0
mTOR abundance	serum_fed_equilibrium	EGF	1.0015700763	28800.0
mTOR abundance	serum_fed_equilibrium	EGF	1.1818194619	86400.0
mTOR abundance	serum_fed_equilibrium	EGF	1.2960460993	172800.0
mTOR abundance	serum_fed_equilibrium	HGF only	0.9673863545	0.0
mTOR abundance	serum_fed_equilibrium	HGF only	1.0196982256	3600.0
mTOR abundance	serum_fed_equilibrium	HGF only	1.027574486	14400.0
mTOR abundance	serum_fed_equilibrium	HGF only	1.0228209752	28800.0
mTOR abundance	serum_fed_equilibrium	HGF only	1.0605307968	86400.0
mTOR abundance	serum_fed_equilibrium	HGF only	1.0520551034	172800.0
mTOR abundance	serum_fed_equilibrium	IFNG_EGF	0.9673863545	0.0
mTOR abundance	serum_fed_equilibrium	IFNG_EGF	1.0065528122	3600.0
mTOR abundance	serum_fed_equilibrium	IFNG_EGF	1.0019838884	14400.0
mTOR abundance	serum_fed_equilibrium	IFNG_EGF	0.986589976	28800.0
mTOR abundance	serum_fed_equilibrium	IFNG_EGF	1.0993757044	86400.0
mTOR abundance	serum_fed_equilibrium	IFNG_EGF	1.0937910748	172800.0
mTOR abundance	serum_fed_equilibrium	PBS only	0.9673863545	0.0
mTOR abundance	serum_fed_equilibrium	PBS only	0.9966258333	3600.0
mTOR abundance	serum_fed_equilibrium	PBS only	1.0117666249	14400.0
mTOR abundance	serum_fed_equilibrium	PBS only	1.0147975708	28800.0
mTOR abundance	serum_fed_equilibrium	PBS only	0.8692240766	86400.0
mTOR abundance	serum_fed_equilibrium	PBS only	0.5566001213	172800.0
RasD abundance	serum_fed_equilibrium	EGF	0.9532712858	0.0
RasD abundance	serum_fed_equilibrium	EGF	0.9842601575	3600.0
RasD abundance	serum_fed_equilibrium	EGF	0.9821045364	14400.0
RasD abundance	serum_fed_equilibrium	EGF	0.9869143354	28800.0
RasD abundance	serum_fed_equilibrium	EGF	0.9950162661	86400.0
RasD abundance	serum_fed_equilibrium	EGF	1.2389725183	172800.0
RasD abundance	serum_fed_equilibrium	HGF only	0.9532712858	0.0
RasD abundance	serum_fed_equilibrium	HGF only	0.9924106942	3600.0
RasD abundance	serum_fed_equilibrium	HGF only	1.0257169699	14400.0
RasD abundance	serum_fed_equilibrium	HGF only	1.0223058046	28800.0
RasD abundance	serum_fed_equilibrium	HGF only	1.1634593632	86400.0
RasD abundance	serum_fed_equilibrium	HGF only	1.207654015	172800.0
RasD abundance	serum_fed_equilibrium	IFNG_EGF	0.9532712858	0.0
RasD abundance	serum_fed_equilibrium	IFNG_EGF	0.9882650186	3600.0
RasD abundance	serum_fed_equilibrium	IFNG_EGF	1.0713340742	14400.0
RasD abundance	serum_fed_equilibrium	IFNG_EGF	0.9186195855	28800.0
RasD abundance	serum_fed_equilibrium	IFNG_EGF	1.1881089973	86400.0
RasD abundance	serum_fed_equilibrium	IFNG_EGF	1.3570570753	172800.0
RasD abundance	serum_fed_equilibrium	PBS only	0.9532712858	0.0
RasD abundance	serum_fed_equilibrium	PBS only	0.9501810234	3600.0
RasD abundance	serum_fed_equilibrium	PBS only	0.9759357826	14400.0
RasD abundance	serum_fed_equilibrium	PBS only	0.9664787674	28800.0
RasD abundance	serum_fed_equilibrium	PBS only	1.0937014293	86400.0
RasD abundance	serum_fed_equilibrium	PBS only	0.9931218894	172800.0
MET abundance	serum_fed_equilibrium	EGF	1.0420529933	0.0
MET abundance	serum_fed_equilibrium	EGF	1.0296629466	3600.0
MET abundance	serum_fed_equilibrium	EGF	1.0071350374	14400.0
MET abundance	serum_fed_equilibrium	EGF	1.0182098777	28800.0
MET abundance	serum_fed_equilibrium	EGF	1.0168898165	86400.0
MET abundance	serum_fed_equilibrium	EGF	0.9553747074	172800.0
MET abundance	serum_fed_equilibrium	HGF only	1.0420529933	0.0
MET abundance	serum_fed_equilibrium	HGF only	1.0216671525	3600.0
MET abundance	serum_fed_equilibrium	HGF only	1.0422697246	14400.0
MET abundance	serum_fed_equilibrium	HGF only	1.0210747838	28800.0
MET abundance	serum_fed_equilibrium	HGF only	1.0453650166	86400.0
MET abundance	serum_fed_equilibrium	HGF only	0.9731072031	172800.0
MET abundance	serum_fed_equilibrium	IFNG_EGF	1.0420529933	0.0
MET abundance	serum_fed_equilibrium	IFNG_EGF	1.0201845877	3600.0
MET abundance	serum_fed_equilibrium	IFNG_EGF	0.9815615613	14400.0
MET abundance	serum_fed_equilibrium	IFNG_EGF	1.0013013616	28800.0
MET abundance	serum_fed_equilibrium	IFNG_EGF	1.0041664175	86400.0
MET abundance	serum_fed_equilibrium	IFNG_EGF	1.0400962591	172800.0
MET abundance	serum_fed_equilibrium	PBS only	1.0420529933	0.0
MET abundance	serum_fed_equilibrium	PBS only	0.9897662447	3600.0
MET abundance	serum_fed_equilibrium	PBS only	1.1371265002	14400.0
MET abundance	serum_fed_equilibrium	PBS only	1.0830992619	28800.0
MET abundance	serum_fed_equilibrium	PBS only	1.0962946514	86400.0
MET abundance	serum_fed_equilibrium	PBS only	1.1692222265	172800.0
p21 abundance	serum_fed_equilibrium	EGF	1.3777951465	0.0
p21 abundance	serum_fed_equilibrium	EGF	1.1561293314	3600.0
p21 abundance	serum_fed_equilibrium	EGF	1.0928997428	14400.0
p21 abundance	serum_fed_equilibrium	EGF	1.0417802754	28800.0
p21 abundance	serum_fed_equilibrium	EGF	0.8407676517	86400.0
p21 abundance	serum_fed_equilibrium	EGF	0.5602844386	172800.0
p21 abundance	serum_fed_equilibrium	HGF only	1.3777951465	0.0
p21 abundance	serum_fed_equilibrium	HGF only	1.1322263512	3600.0
p21 abundance	serum_fed_equilibrium	HGF only	1.0333493145	14400.0
p21 abundance	serum_fed_equilibrium	HGF only	1.0270626853	28800.0
p21 abundance	serum_fed_equilibrium	HGF only	0.8137495746	86400.0
p21 abundance	serum_fed_equilibrium	HGF only	0.7195024842	172800.0
p21 abundance	serum_fed_equilibrium	IFNG_EGF	1.3777951465	0.0
p21 abundance	serum_fed_equilibrium	IFNG_EGF	1.1603106061	3600.0
p21 abundance	serum_fed_equilibrium	IFNG_EGF	1.0623708792	14400.0
p21 abundance	serum_fed_equilibrium	IFNG_EGF	1.0292825172	28800.0
p21 abundance	serum_fed_equilibrium	IFNG_EGF	0.7925434243	86400.0
p21 abundance	serum_fed_equilibrium	IFNG_EGF	0.6613364423	172800.0
p21 abundance	serum_fed_equilibrium	PBS only	1.3777951465	0.0
p21 abundance	serum_fed_equilibrium	PBS only	1.4733189181	3600.0
p21 abundance	serum_fed_equilibrium	PBS only	1.4553633047	14400.0
p21 abundance	serum_fed_equilibrium	PBS only	1.4719353394	28800.0
p21 abundance	serum_fed_equilibrium	PBS only	1.6421260802	86400.0
p21 abundance	serum_fed_equilibrium	PBS only	2.1685055431	172800.0
p27 abundance	serum_fed_equilibrium	EGF	1.0070602657	0.0
p27 abundance	serum_fed_equilibrium	EGF	0.9972730763	3600.0
p27 abundance	serum_fed_equilibrium	EGF	0.9783106265	14400.0
p27 abundance	serum_fed_equilibrium	EGF	0.9812406319	28800.0
p27 abundance	serum_fed_equilibrium	EGF	0.9595701749	86400.0
p27 abundance	serum_fed_equilibrium	EGF	0.9973048279	172800.0
p27 abundance	serum_fed_equilibrium	HGF only	1.0070602657	0.0
p27 abundance	serum_fed_equilibrium	HGF only	0.996900352	3600.0
p27 abundance	serum_fed_equilibrium	HGF only	0.988518933	14400.0
p27 abundance	serum_fed_equilibrium	HGF only	1.0067474607	28800.0
p27 abundance	serum_fed_equilibrium	HGF only	1.0353228586	86400.0
p27 abundance	serum_fed_equilibrium	HGF only	1.1152722965	172800.0
p27 abundance	serum_fed_equilibrium	IFNG_EGF	1.0070602657	0.0
p27 abundance	serum_fed_equilibrium	IFNG_EGF	0.9685235218	3600.0
p27 abundance	serum_fed_equilibrium	IFNG_EGF	0.9496982966	14400.0
p27 abundance	serum_fed_equilibrium	IFNG_EGF	0.9830287384	28800.0
p27 abundance	serum_fed_equilibrium	IFNG_EGF	0.9292076518	86400.0
p27 abundance	serum_fed_equilibrium	IFNG_EGF	1.025395317	172800.0
p27 abundance	serum_fed_equilibrium	PBS only	1.0070602657	0.0
p27 abundance	serum_fed_equilibrium	PBS only	1.0397641052	3600.0
p27 abundance	serum_fed_equilibrium	PBS only	1.0525934603	14400.0
p27 abundance	serum_fed_equilibrium	PBS only	1.0613628618	28800.0
p27 abundance	serum_fed_equilibrium	PBS only	1.1933244563	86400.0
p27 abundance	serum_fed_equilibrium	PBS only	1.3187770691	172800.0
ERK abundance	serum_fed_equilibrium	EGF	0.9749440884	0.0
ERK abundance	serum_fed_equilibrium	EGF	0.9756738445	3600.0
ERK abundance	serum_fed_equilibrium	EGF	1.0140107076	14400.0
ERK abundance	serum_fed_equilibrium	EGF	0.9942045268	28800.0
ERK abundance	serum_fed_equilibrium	EGF	1.0565961832	86400.0
ERK abundance	serum_fed_equilibrium	EGF	0.99993356	172800.0
ERK abundance	serum_fed_equilibrium	HGF only	0.9749440884	0.0
ERK abundance	serum_fed_equilibrium	HGF only	1.0079752622	3600.0
ERK abundance	serum_fed_equilibrium	HGF only	1.0222915781	14400.0
ERK abundance	serum_fed_equilibrium	HGF only	1.0056341625	28800.0
ERK abundance	serum_fed_equilibrium	HGF only	1.0389551601	86400.0
ERK abundance	serum_fed_equilibrium	HGF only	1.1130428752	172800.0
ERK abundance	serum_fed_equilibrium	IFNG_EGF	0.9749440884	0.0
ERK abundance	serum_fed_equilibrium	IFNG_EGF	1.0174545063	3600.0
ERK abundance	serum_fed_equilibrium	IFNG_EGF	0.9768533214	14400.0
ERK abundance	serum_fed_equilibrium	IFNG_EGF	0.9892842481	28800.0
ERK abundance	serum_fed_equilibrium	IFNG_EGF	1.0515372291	86400.0
ERK abundance	serum_fed_equilibrium	IFNG_EGF	1.1003995174	172800.0
ERK abundance	serum_fed_equilibrium	PBS only	0.9749440884	0.0
ERK abundance	serum_fed_equilibrium	PBS only	0.9997385798	3600.0
ERK abundance	serum_fed_equilibrium	PBS only	0.9902165239	14400.0
ERK abundance	serum_fed_equilibrium	PBS only	0.9759256503	28800.0
ERK abundance	serum_fed_equilibrium	PBS only	1.020387468	86400.0
ERK abundance	serum_fed_equilibrium	PBS only	0.9687336859	172800.0
p53 abundance	serum_fed_equilibrium	EGF	1.0250151223	0.0
p53 abundance	serum_fed_equilibrium	EGF	0.9404656861	3600.0
p53 abundance	serum_fed_equilibrium	EGF	1.0066663807	14400.0
p53 abundance	serum_fed_equilibrium	EGF	0.941506334	28800.0
p53 abundance	serum_fed_equilibrium	EGF	0.9620433346	86400.0
p53 abundance	serum_fed_equilibrium	EGF	0.9522968569	172800.0
p53 abundance	serum_fed_equilibrium	HGF only	1.0250151223	0.0
p53 abundance	serum_fed_equilibrium	HGF only	1.0381412862	3600.0
p53 abundance	serum_fed_equilibrium	HGF only	0.9980009331	14400.0
p53 abundance	serum_fed_equilibrium	HGF only	1.0060936754	28800.0
p53 abundance	serum_fed_equilibrium	HGF only	1.0424373195	86400.0
p53 abundance	serum_fed_equilibrium	HGF only	0.9941314467	172800.0
p53 abundance	serum_fed_equilibrium	IFNG_EGF	1.0250151223	0.0
p53 abundance	serum_fed_equilibrium	IFNG_EGF	0.9409580466	3600.0
p53 abundance	serum_fed_equilibrium	IFNG_EGF	0.949381481	14400.0
p53 abundance	serum_fed_equilibrium	IFNG_EGF	0.9553041666	28800.0
p53 abundance	serum_fed_equilibrium	IFNG_EGF	0.9287411096	86400.0
p53 abundance	serum_fed_equilibrium	IFNG_EGF	0.9899128453	172800.0
p53 abundance	serum_fed_equilibrium	PBS only	1.0250151223	0.0
p53 abundance	serum_fed_equilibrium	PBS only	1.0533059794	3600.0
p53 abundance	serum_fed_equilibrium	PBS only	1.0924839591	14400.0
p53 abundance	serum_fed_equilibrium	PBS only	1.0332819288	28800.0
p53 abundance	serum_fed_equilibrium	PBS only	1.0066752852	86400.0
p53 abundance	serum_fed_equilibrium	PBS only	1.0965743804	172800.0
pS6K abundance	serum_fed_equilibrium	EGF	0.935211524	0.0
pS6K abundance	serum_fed_equilibrium	EGF	0.983060906	3600.0
pS6K abundance	serum_fed_equilibrium	EGF	0.9805029425	14400.0
pS6K abundance	serum_fed_equilibrium	EGF	0.9666785197	28800.0
pS6K abundance	serum_fed_equilibrium	EGF	1.0523720394	86400.0
pS6K abundance	serum_fed_equilibrium	EGF	1.1871420004	172800.0
pS6K abundance	serum_fed_equilibrium	HGF only	0.935211524	0.0
pS6K abundance	serum_fed_equilibrium	HGF only	0.9860678719	3600.0
pS6K abundance	serum_fed_equilibrium	HGF only	1.0215895556	14400.0
pS6K abundance	serum_fed_equilibrium	HGF only	1.0181679901	28800.0
pS6K abundance	serum_fed_equilibrium	HGF only	1.1721735488	86400.0
pS6K abundance	serum_fed_equilibrium	HGF only	1.3392634943	172800.0
pS6K abundance	serum_fed_equilibrium	IFNG_EGF	0.935211524	0.0
pS6K abundance	serum_fed_equilibrium	IFNG_EGF	0.9516580653	3600.0
pS6K abundance	serum_fed_equilibrium	IFNG_EGF	0.9588146834	14400.0
pS6K abundance	serum_fed_equilibrium	IFNG_EGF	0.9267880032	28800.0
pS6K abundance	serum_fed_equilibrium	IFNG_EGF	1.0197644454	86400.0
pS6K abundance	serum_fed_equilibrium	IFNG_EGF	1.1317624861	172800.0
pS6K abundance	serum_fed_equilibrium	PBS only	0.935211524	0.0
pS6K abundance	serum_fed_equilibrium	PBS only	1.0392903736	3600.0
pS6K abundance	serum_fed_equilibrium	PBS only	0.994853138	14400.0
pS6K abundance	serum_fed_equilibrium	PBS only	0.996154385	28800.0
pS6K abundance	serum_fed_equilibrium	PBS only	1.1326821805	86400.0
pS6K abundance	serum_fed_equilibrium	PBS only	0.9917921689	172800.0
S6K abundance	serum_fed_equilibrium	EGF	1.0341122038	0.0
S6K abundance	serum_fed_equilibrium	EGF	1.0065458197	3600.0
S6K abundance	serum_fed_equilibrium	EGF	1.0790503728	14400.0
S6K abundance	serum_fed_equilibrium	EGF	1.3010074606	28800.0
S6K abundance	serum_fed_equilibrium	EGF	1.2742075969	86400.0
S6K abundance	serum_fed_equilibrium	EGF	1.1223660093	172800.0
S6K abundance	serum_fed_equilibrium	HGF only	1.0341122038	0.0
S6K abundance	serum_fed_equilibrium	HGF only	0.9341677109	3600.0
S6K abundance	serum_fed_equilibrium	HGF only	0.8902697631	14400.0
S6K abundance	serum_fed_equilibrium	HGF only	0.9303756743	28800.0
S6K abundance	serum_fed_equilibrium	HGF only	0.8844935465	86400.0
S6K abundance	serum_fed_equilibrium	HGF only	0.7688631691	172800.0
S6K abundance	serum_fed_equilibrium	IFNG_EGF	1.0341122038	0.0
S6K abundance	serum_fed_equilibrium	IFNG_EGF	0.9535062217	3600.0
S6K abundance	serum_fed_equilibrium	IFNG_EGF	1.3261142887	14400.0
S6K abundance	serum_fed_equilibrium	IFNG_EGF	1.4301967655	28800.0
S6K abundance	serum_fed_equilibrium	IFNG_EGF	1.3078327766	86400.0
S6K abundance	serum_fed_equilibrium	IFNG_EGF	0.7800813058	172800.0
S6K abundance	serum_fed_equilibrium	PBS only	1.0341122038	0.0
S6K abundance	serum_fed_equilibrium	PBS only	0.6144301947	3600.0
S6K abundance	serum_fed_equilibrium	PBS only	0.7592289213	14400.0
S6K abundance	serum_fed_equilibrium	PBS only	0.7029636852	28800.0
S6K abundance	serum_fed_equilibrium	PBS only	0.5523712428	86400.0
S6K abundance	serum_fed_equilibrium	PBS only	0.5961951671	172800.0
pRSK abundance	serum_fed_equilibrium	EGF	0.9735691382	0.0
pRSK abundance	serum_fed_equilibrium	EGF	0.9847999325	3600.0
pRSK abundance	serum_fed_equilibrium	EGF	0.9771842851	14400.0
pRSK abundance	serum_fed_equilibrium	EGF	0.9544752613	28800.0
pRSK abundance	serum_fed_equilibrium	EGF	0.9643475463	86400.0
pRSK abundance	serum_fed_equilibrium	EGF	1.1254267508	172800.0
pRSK abundance	serum_fed_equilibrium	HGF only	0.9735691382	0.0
pRSK abundance	serum_fed_equilibrium	HGF only	1.0132966291	3600.0
pRSK abundance	serum_fed_equilibrium	HGF only	1.0021857163	14400.0
pRSK abundance	serum_fed_equilibrium	HGF only	1.0064669059	28800.0
pRSK abundance	serum_fed_equilibrium	HGF only	1.0540035616	86400.0
pRSK abundance	serum_fed_equilibrium	HGF only	1.1328631972	172800.0
pRSK abundance	serum_fed_equilibrium	IFNG_EGF	0.9735691382	0.0
pRSK abundance	serum_fed_equilibrium	IFNG_EGF	0.9282927208	3600.0
pRSK abundance	serum_fed_equilibrium	IFNG_EGF	0.9854460282	14400.0
pRSK abundance	serum_fed_equilibrium	IFNG_EGF	0.9464308079	28800.0
pRSK abundance	serum_fed_equilibrium	IFNG_EGF	1.0085862124	86400.0
pRSK abundance	serum_fed_equilibrium	IFNG_EGF	1.1898649378	172800.0
pRSK abundance	serum_fed_equilibrium	PBS only	0.9735691382	0.0
pRSK abundance	serum_fed_equilibrium	PBS only	1.0385248005	3600.0
pRSK abundance	serum_fed_equilibrium	PBS only	1.0314264189	14400.0
pRSK abundance	serum_fed_equilibrium	PBS only	1.0012033996	28800.0
pRSK abundance	serum_fed_equilibrium	PBS only	0.9605241675	86400.0
pRSK abundance	serum_fed_equilibrium	PBS only	0.8199083378	172800.0
PARP abundance	serum_fed_equilibrium	EGF	1.1314923568	0.0
PARP abundance	serum_fed_equilibrium	EGF	0.9785289494	3600.0
PARP abundance	serum_fed_equilibrium	EGF	0.9869213386	14400.0
PARP abundance	serum_fed_equilibrium	EGF	1.0080972448	28800.0
PARP abundance	serum_fed_equilibrium	EGF	1.2477924799	86400.0
PARP abundance	serum_fed_equilibrium	EGF	1.0083251199	172800.0
PARP abundance	serum_fed_equilibrium	HGF only	1.1314923568	0.0
PARP abundance	serum_fed_equilibrium	HGF only	0.9978860917	3600.0
PARP abundance	serum_fed_equilibrium	HGF only	1.022733688	14400.0
PARP abundance	serum_fed_equilibrium	HGF only	0.8825250466	28800.0
PARP abundance	serum_fed_equilibrium	HGF only	1.1915635615	86400.0
PARP abundance	serum_fed_equilibrium	HGF only	1.0710192273	172800.0
PARP abundance	serum_fed_equilibrium	IFNG_EGF	1.1314923568	0.0
PARP abundance	serum_fed_equilibrium	IFNG_EGF	1.0087261993	3600.0
PARP abundance	serum_fed_equilibrium	IFNG_EGF	1.0436793271	14400.0
PARP abundance	serum_fed_equilibrium	IFNG_EGF	0.9639785615	28800.0
PARP abundance	serum_fed_equilibrium	IFNG_EGF	0.941199708	86400.0
PARP abundance	serum_fed_equilibrium	IFNG_EGF	0.9081234458	172800.0
PARP abundance	serum_fed_equilibrium	PBS only	1.1314923568	0.0
PARP abundance	serum_fed_equilibrium	PBS only	1.2120270793	3600.0
PARP abundance	serum_fed_equilibrium	PBS only	1.229331454	14400.0
PARP abundance	serum_fed_equilibrium	PBS only	1.4981285042	28800.0
PARP abundance	serum_fed_equilibrium	PBS only	1.2306256602	86400.0
PARP abundance	serum_fed_equilibrium	PBS only	1.2310212353	172800.0
Pr abundance	serum_fed_equilibrium	EGF	0.9919959344	0.0
Pr abundance	serum_fed_equilibrium	EGF	1.0114580455	3600.0
Pr abundance	serum_fed_equilibrium	EGF	1.0124370768	14400.0
Pr abundance	serum_fed_equilibrium	EGF	1.0003874361	28800.0
Pr abundance	serum_fed_equilibrium	EGF	1.0630296645	86400.0
Pr abundance	serum_fed_equilibrium	EGF	1.0645855572	172800.0
Pr abundance	serum_fed_equilibrium	HGF only	0.9919959344	0.0
Pr abundance	serum_fed_equilibrium	HGF only	0.9673652995	3600.0
Pr abundance	serum_fed_equilibrium	HGF only	1.0317008086	14400.0
Pr abundance	serum_fed_equilibrium	HGF only	0.9883987017	28800.0
Pr abundance	serum_fed_equilibrium	HGF only	1.0652881462	86400.0
Pr abundance	serum_fed_equilibrium	HGF only	1.1799332004	172800.0
Pr abundance	serum_fed_equilibrium	IFNG_EGF	0.9919959344	0.0
Pr abundance	serum_fed_equilibrium	IFNG_EGF	0.9907233915	3600.0
Pr abundance	serum_fed_equilibrium	IFNG_EGF	1.0045423894	14400.0
Pr abundance	serum_fed_equilibrium	IFNG_EGF	0.998334497	28800.0
Pr abundance	serum_fed_equilibrium	IFNG_EGF	1.0971144683	86400.0
Pr abundance	serum_fed_equilibrium	IFNG_EGF	1.1212403438	172800.0
Pr abundance	serum_fed_equilibrium	PBS only	0.9919959344	0.0
Pr abundance	serum_fed_equilibrium	PBS only	1.0322013052	3600.0
Pr abundance	serum_fed_equilibrium	PBS only	1.0181326484	14400.0
Pr abundance	serum_fed_equilibrium	PBS only	1.0056778287	28800.0
Pr abundance	serum_fed_equilibrium	PBS only	0.9977080075	86400.0
Pr abundance	serum_fed_equilibrium	PBS only	1.0224176508	172800.0
PDK1 abundance	serum_fed_equilibrium	EGF	1.0214912912	0.0
PDK1 abundance	serum_fed_equilibrium	EGF	1.0082267529	3600.0
PDK1 abundance	serum_fed_equilibrium	EGF	1.0029238596	14400.0
PDK1 abundance	serum_fed_equilibrium	EGF	1.0106284806	28800.0
PDK1 abundance	serum_fed_equilibrium	EGF	0.9831536735	86400.0
PDK1 abundance	serum_fed_equilibrium	EGF	0.9405687827	172800.0
PDK1 abundance	serum_fed_equilibrium	HGF only	1.0214912912	0.0
PDK1 abundance	serum_fed_equilibrium	HGF only	1.0022646943	3600.0
PDK1 abundance	serum_fed_equilibrium	HGF only	1.0367476108	14400.0
PDK1 abundance	serum_fed_equilibrium	HGF only	1.0155506578	28800.0
PDK1 abundance	serum_fed_equilibrium	HGF only	0.9863980779	86400.0
PDK1 abundance	serum_fed_equilibrium	HGF only	1.0026126424	172800.0
PDK1 abundance	serum_fed_equilibrium	IFNG_EGF	1.0214912912	0.0
PDK1 abundance	serum_fed_equilibrium	IFNG_EGF	1.0227851389	3600.0
PDK1 abundance	serum_fed_equilibrium	IFNG_EGF	0.954237798	14400.0
PDK1 abundance	serum_fed_equilibrium	IFNG_EGF	0.995028458	28800.0
PDK1 abundance	serum_fed_equilibrium	IFNG_EGF	0.9821493384	86400.0
PDK1 abundance	serum_fed_equilibrium	IFNG_EGF	1.0472378199	172800.0
PDK1 abundance	serum_fed_equilibrium	PBS only	1.0214912912	0.0
PDK1 abundance	serum_fed_equilibrium	PBS only	1.0300102702	3600.0
PDK1 abundance	serum_fed_equilibrium	PBS only	1.017475447	14400.0
PDK1 abundance	serum_fed_equilibrium	PBS only	0.9985509244	28800.0
PDK1 abundance	serum_fed_equilibrium	PBS only	1.0258890992	86400.0
PDK1 abundance	serum_fed_equilibrium	PBS only	1.0661629405	172800.0
PI3KC1 + PI3K1 abundance	serum_fed_equilibrium	EGF	0.890769756	0.0
PI3KC1 + PI3K1 abundance	serum_fed_equilibrium	EGF	0.89636548	3600.0
PI3KC1 + PI3K1 abundance	serum_fed_equilibrium	EGF	0.953929622	14400.0
PI3KC1 + PI3K1 abundance	serum_fed_equilibrium	EGF	0.930524819	28800.0
PI3KC1 + PI3K1 abundance	serum_fed_equilibrium	EGF	0.880933435	86400.0
PI3KC1 + PI3K1 abundance	serum_fed_equilibrium	EGF	0.937297333	172800.0
PI3KC1 + PI3K1 abundance	serum_fed_equilibrium	HGF only	0.890769756	0.0
PI3KC1 + PI3K1 abundance	serum_fed_equilibrium	HGF only	0.920790582	3600.0
PI3KC1 + PI3K1 abundance	serum_fed_equilibrium	HGF only	0.947137421	14400.0
PI3KC1 + PI3K1 abundance	serum_fed_equilibrium	HGF only	0.922904016	28800.0
PI3KC1 + PI3K1 abundance	serum_fed_equilibrium	HGF only	1.0	86400.0
PI3KC1 + PI3K1 abundance	serum_fed_equilibrium	HGF only	0.980868806	172800.0
PI3KC1 + PI3K1 abundance	serum_fed_equilibrium	PBS only	0.890769756	0.0
PI3KC1 + PI3K1 abundance	serum_fed_equilibrium	IFNG_EGF	0.903704142	0.0
PI3KC1 + PI3K1 abundance	serum_fed_equilibrium	IFNG_EGF	0.846690731	3600.0
PI3KC1 + PI3K1 abundance	serum_fed_equilibrium	IFNG_EGF	0.833323174	14400.0
PI3KC1 + PI3K1 abundance	serum_fed_equilibrium	IFNG_EGF	0.881376449	28800.0
PI3KC1 + PI3K1 abundance	serum_fed_equilibrium	IFNG_EGF	0.830450147	86400.0
PI3KC1 + PI3K1 abundance	serum_fed_equilibrium	IFNG_EGF	0.890769756	172800.0
PI3KC1 + PI3K1 abundance	serum_fed_equilibrium	PBS only	0.904278542	3600.0
PI3KC1 + PI3K1 abundance	serum_fed_equilibrium	PBS only	0.910584325	14400.0
PI3KC1 + PI3K1 abundance	serum_fed_equilibrium	PBS only	0.924806098	28800.0
PI3KC1 + PI3K1 abundance	serum_fed_equilibrium	PBS only	0.939292701	86400.0
PI3KC1 + PI3K1 abundance	serum_fed_equilibrium	PBS only	0.957431699	172800.0
PI3KR1 + PI3K1 abundance	serum_fed_equilibrium	EGF	0.9776665483	0.0
PI3KR1 + PI3K1 abundance	serum_fed_equilibrium	EGF	0.9618360548	3600.0
PI3KR1 + PI3K1 abundance	serum_fed_equilibrium	EGF	0.9698226062	14400.0
PI3KR1 + PI3K1 abundance	serum_fed_equilibrium	EGF	0.9670920064	28800.0
PI3KR1 + PI3K1 abundance	serum_fed_equilibrium	EGF	0.9652312908	86400.0
PI3KR1 + PI3K1 abundance	serum_fed_equilibrium	EGF	0.9546309872	172800.0
PI3KR1 + PI3K1 abundance	serum_fed_equilibrium	HGF only	0.9776665483	0.0
PI3KR1 + PI3K1 abundance	serum_fed_equilibrium	HGF only	0.9386011292	3600.0
PI3KR1 + PI3K1 abundance	serum_fed_equilibrium	HGF only	0.9916778157	14400.0
PI3KR1 + PI3K1 abundance	serum_fed_equilibrium	HGF only	0.993526083	28800.0
PI3KR1 + PI3K1 abundance	serum_fed_equilibrium	HGF only	1.0637442532	86400.0
PI3KR1 + PI3K1 abundance	serum_fed_equilibrium	HGF only	1.0162116511	172800.0
PI3KR1 + PI3K1 abundance	serum_fed_equilibrium	IFNG_EGF	0.9776665483	0.0
PI3KR1 + PI3K1 abundance	serum_fed_equilibrium	IFNG_EGF	0.9696546176	3600.0
PI3KR1 + PI3K1 abundance	serum_fed_equilibrium	IFNG_EGF	0.9725711121	14400.0
PI3KR1 + PI3K1 abundance	serum_fed_equilibrium	IFNG_EGF	0.9748583696	28800.0
PI3KR1 + PI3K1 abundance	serum_fed_equilibrium	IFNG_EGF	0.8897658776	86400.0
PI3KR1 + PI3K1 abundance	serum_fed_equilibrium	IFNG_EGF	1.0102765555	172800.0
PI3KR1 + PI3K1 abundance	serum_fed_equilibrium	PBS only	0.9776665483	0.0
PI3KR1 + PI3K1 abundance	serum_fed_equilibrium	PBS only	1.0235256531	3600.0
PI3KR1 + PI3K1 abundance	serum_fed_equilibrium	PBS only	0.9290574841	14400.0
PI3KR1 + PI3K1 abundance	serum_fed_equilibrium	PBS only	1.0237817981	28800.0
PI3KR1 + PI3K1 abundance	serum_fed_equilibrium	PBS only	1.0392366077	86400.0
PI3KR1 + PI3K1 abundance	serum_fed_equilibrium	PBS only	0.993092555	172800.0
PKC abundance	serum_fed_equilibrium	EGF	0.9865702353	0.0
PKC abundance	serum_fed_equilibrium	EGF	1.0275461079	3600.0
PKC abundance	serum_fed_equilibrium	EGF	1.0196167929	14400.0
PKC abundance	serum_fed_equilibrium	EGF	1.0144842769	28800.0
PKC abundance	serum_fed_equilibrium	EGF	1.0267750883	86400.0
PKC abundance	serum_fed_equilibrium	EGF	1.0646836568	172800.0
PKC abundance	serum_fed_equilibrium	HGF only	0.9865702353	0.0
PKC abundance	serum_fed_equilibrium	HGF only	1.16744106	3600.0
PKC abundance	serum_fed_equilibrium	HGF only	1.0226799072	14400.0
PKC abundance	serum_fed_equilibrium	HGF only	0.9951823108	28800.0
PKC abundance	serum_fed_equilibrium	HGF only	1.0503760898	86400.0
PKC abundance	serum_fed_equilibrium	HGF only	1.0612474957	172800.0
PKC abundance	serum_fed_equilibrium	IFNG_EGF	0.9865702353	0.0
PKC abundance	serum_fed_equilibrium	IFNG_EGF	1.0015378751	3600.0
PKC abundance	serum_fed_equilibrium	IFNG_EGF	0.982489126	14400.0
PKC abundance	serum_fed_equilibrium	IFNG_EGF	1.0163204836	28800.0
PKC abundance	serum_fed_equilibrium	IFNG_EGF	1.177624813	86400.0
PKC abundance	serum_fed_equilibrium	IFNG_EGF	1.1810751866	172800.0
PKC abundance	serum_fed_equilibrium	PBS only	0.9865702353	0.0
PKC abundance	serum_fed_equilibrium	PBS only	1.0347721239	3600.0
PKC abundance	serum_fed_equilibrium	PBS only	1.0062592544	14400.0
PKC abundance	serum_fed_equilibrium	PBS only	1.0116316425	28800.0
PKC abundance	serum_fed_equilibrium	PBS only	1.0036936172	86400.0
PKC abundance	serum_fed_equilibrium	PBS only	1.0430792729	172800.0
PTEN abundance	serum_fed_equilibrium	EGF	1.0065210628	0.0
PTEN abundance	serum_fed_equilibrium	EGF	0.9879213777	3600.0
PTEN abundance	serum_fed_equilibrium	EGF	0.9669532802	14400.0
PTEN abundance	serum_fed_equilibrium	EGF	0.9866120162	28800.0
PTEN abundance	serum_fed_equilibrium	EGF	0.9864016458	86400.0
PTEN abundance	serum_fed_equilibrium	EGF	1.0163476578	172800.0
PTEN abundance	serum_fed_equilibrium	HGF only	1.0065210628	0.0
PTEN abundance	serum_fed_equilibrium	HGF only	0.9806749825	3600.0
PTEN abundance	serum_fed_equilibrium	HGF only	1.0126149108	14400.0
PTEN abundance	serum_fed_equilibrium	HGF only	1.0008151211	28800.0
PTEN abundance	serum_fed_equilibrium	HGF only	1.0421429521	86400.0
PTEN abundance	serum_fed_equilibrium	HGF only	1.1183874667	172800.0
PTEN abundance	serum_fed_equilibrium	IFNG_EGF	1.0065210628	0.0
PTEN abundance	serum_fed_equilibrium	IFNG_EGF	1.041006953	3600.0
PTEN abundance	serum_fed_equilibrium	IFNG_EGF	0.9922650434	14400.0
PTEN abundance	serum_fed_equilibrium	IFNG_EGF	0.9815492215	28800.0
PTEN abundance	serum_fed_equilibrium	IFNG_EGF	1.0062067681	86400.0
PTEN abundance	serum_fed_equilibrium	IFNG_EGF	1.2282467075	172800.0
PTEN abundance	serum_fed_equilibrium	PBS only	1.0065210628	0.0
PTEN abundance	serum_fed_equilibrium	PBS only	1.0115059908	3600.0
PTEN abundance	serum_fed_equilibrium	PBS only	1.0153746408	14400.0
PTEN abundance	serum_fed_equilibrium	PBS only	0.9597914645	28800.0
PTEN abundance	serum_fed_equilibrium	PBS only	1.0106759367	86400.0
PTEN abundance	serum_fed_equilibrium	PBS only	0.9201730454	172800.0
Raptor abundance	serum_fed_equilibrium	EGF	0.9840712247	0.0
Raptor abundance	serum_fed_equilibrium	EGF	1.0078549159	3600.0
Raptor abundance	serum_fed_equilibrium	EGF	0.9949355008	14400.0
Raptor abundance	serum_fed_equilibrium	EGF	0.9931062039	28800.0
Raptor abundance	serum_fed_equilibrium	EGF	1.0276714273	86400.0
Raptor abundance	serum_fed_equilibrium	EGF	1.1255894473	172800.0
Raptor abundance	serum_fed_equilibrium	HGF only	0.9840712247	0.0
Raptor abundance	serum_fed_equilibrium	HGF only	1.0492804112	3600.0
Raptor abundance	serum_fed_equilibrium	HGF only	1.0146359739	14400.0
Raptor abundance	serum_fed_equilibrium	HGF only	1.0026694268	28800.0
Raptor abundance	serum_fed_equilibrium	HGF only	1.0974431835	86400.0
Raptor abundance	serum_fed_equilibrium	HGF only	1.2129697078	172800.0
Raptor abundance	serum_fed_equilibrium	IFNG_EGF	0.9840712247	0.0
Raptor abundance	serum_fed_equilibrium	IFNG_EGF	1.0047448063	3600.0
Raptor abundance	serum_fed_equilibrium	IFNG_EGF	0.9921159994	14400.0
Raptor abundance	serum_fed_equilibrium	IFNG_EGF	0.9916187305	28800.0
Raptor abundance	serum_fed_equilibrium	IFNG_EGF	1.0794743284	86400.0
Raptor abundance	serum_fed_equilibrium	IFNG_EGF	1.2116232308	172800.0
Raptor abundance	serum_fed_equilibrium	PBS only	0.9840712247	0.0
Raptor abundance	serum_fed_equilibrium	PBS only	0.9921849849	3600.0
Raptor abundance	serum_fed_equilibrium	PBS only	0.9788993838	14400.0
Raptor abundance	serum_fed_equilibrium	PBS only	0.9865617251	28800.0
Raptor abundance	serum_fed_equilibrium	PBS only	1.050806701	86400.0
Raptor abundance	serum_fed_equilibrium	PBS only	1.0599657471	172800.0
pRb abundance	serum_fed_equilibrium	EGF	1.011279337	0.0
pRb abundance	serum_fed_equilibrium	EGF	0.9708990071	3600.0
pRb abundance	serum_fed_equilibrium	EGF	0.9738652136	14400.0
pRb abundance	serum_fed_equilibrium	EGF	0.9964241068	28800.0
pRb abundance	serum_fed_equilibrium	EGF	1.0146939722	86400.0
pRb abundance	serum_fed_equilibrium	EGF	0.9564345411	172800.0
pRb abundance	serum_fed_equilibrium	HGF only	1.011279337	0.0
pRb abundance	serum_fed_equilibrium	HGF only	0.9804673384	3600.0
pRb abundance	serum_fed_equilibrium	HGF only	0.9592503337	14400.0
pRb abundance	serum_fed_equilibrium	HGF only	0.9793853736	28800.0
pRb abundance	serum_fed_equilibrium	HGF only	1.0043851576	86400.0
pRb abundance	serum_fed_equilibrium	HGF only	0.9876428978	172800.0
pRb abundance	serum_fed_equilibrium	IFNG_EGF	1.011279337	0.0
pRb abundance	serum_fed_equilibrium	IFNG_EGF	0.9774019708	3600.0
pRb abundance	serum_fed_equilibrium	IFNG_EGF	0.9954067076	14400.0
pRb abundance	serum_fed_equilibrium	IFNG_EGF	0.9842945959	28800.0
pRb abundance	serum_fed_equilibrium	IFNG_EGF	1.1001089487	86400.0
pRb abundance	serum_fed_equilibrium	IFNG_EGF	1.0695331457	172800.0
pRb abundance	serum_fed_equilibrium	PBS only	1.011279337	0.0
pRb abundance	serum_fed_equilibrium	PBS only	1.029256123	3600.0
pRb abundance	serum_fed_equilibrium	PBS only	1.0083023675	14400.0
pRb abundance	serum_fed_equilibrium	PBS only	0.9841159376	28800.0
pRb abundance	serum_fed_equilibrium	PBS only	1.0255368714	86400.0
pRb abundance	serum_fed_equilibrium	PBS only	1.0405547327	172800.0
pRbp + pRbc2 abundance	serum_fed_equilibrium	EGF	0.900380285	0.0
pRbp + pRbc2 abundance	serum_fed_equilibrium	EGF	0.9638280064	3600.0
pRbp + pRbc2 abundance	serum_fed_equilibrium	EGF	0.9944484657	14400.0
pRbp + pRbc2 abundance	serum_fed_equilibrium	EGF	1.0885583155	28800.0
pRbp + pRbc2 abundance	serum_fed_equilibrium	EGF	1.5820516107	86400.0
pRbp + pRbc2 abundance	serum_fed_equilibrium	EGF	1.5571782973	172800.0
pRbp + pRbc2 abundance	serum_fed_equilibrium	HGF only	0.900380285	0.0
pRbp + pRbc2 abundance	serum_fed_equilibrium	HGF only	1.0115670278	3600.0
pRbp + pRbc2 abundance	serum_fed_equilibrium	HGF only	1.0238973492	14400.0
pRbp + pRbc2 abundance	serum_fed_equilibrium	HGF only	0.9771429647	28800.0
pRbp + pRbc2 abundance	serum_fed_equilibrium	HGF only	0.9093508382	86400.0
pRbp + pRbc2 abundance	serum_fed_equilibrium	HGF only	0.586110672	172800.0
pRbp + pRbc2 abundance	serum_fed_equilibrium	IFNG_EGF	0.900380285	0.0
pRbp + pRbc2 abundance	serum_fed_equilibrium	IFNG_EGF	1.0578353972	3600.0
pRbp + pRbc2 abundance	serum_fed_equilibrium	IFNG_EGF	1.0252277897	14400.0
pRbp + pRbc2 abundance	serum_fed_equilibrium	IFNG_EGF	1.0648431785	28800.0
pRbp + pRbc2 abundance	serum_fed_equilibrium	IFNG_EGF	1.6382747742	86400.0
pRbp + pRbc2 abundance	serum_fed_equilibrium	IFNG_EGF	0.8116225366	172800.0
pRbp + pRbc2 abundance	serum_fed_equilibrium	PBS only	0.900380285	0.0
pRbp + pRbc2 abundance	serum_fed_equilibrium	PBS only	0.9314727124	3600.0
pRbp + pRbc2 abundance	serum_fed_equilibrium	PBS only	0.9035995471	14400.0
pRbp + pRbc2 abundance	serum_fed_equilibrium	PBS only	0.7829439164	28800.0
pRbp + pRbc2 abundance	serum_fed_equilibrium	PBS only	0.1887044444	86400.0
pRbp + pRbc2 abundance	serum_fed_equilibrium	PBS only	0.1220465207	172800.0
Rheb abundance	serum_fed_equilibrium	EGF	1.0031936017	0.0
Rheb abundance	serum_fed_equilibrium	EGF	1.0102440733	3600.0
Rheb abundance	serum_fed_equilibrium	EGF	0.984168636	14400.0
Rheb abundance	serum_fed_equilibrium	EGF	0.9976562008	28800.0
Rheb abundance	serum_fed_equilibrium	EGF	0.9766755983	86400.0
Rheb abundance	serum_fed_equilibrium	EGF	1.096285839	172800.0
Rheb abundance	serum_fed_equilibrium	HGF only	1.0031936017	0.0
Rheb abundance	serum_fed_equilibrium	HGF only	1.0673007065	3600.0
Rheb abundance	serum_fed_equilibrium	HGF only	1.0218733553	14400.0
Rheb abundance	serum_fed_equilibrium	HGF only	1.0095909071	28800.0
Rheb abundance	serum_fed_equilibrium	HGF only	0.9003058057	86400.0
Rheb abundance	serum_fed_equilibrium	HGF only	1.5396088065	172800.0
Rheb abundance	serum_fed_equilibrium	IFNG_EGF	1.0031936017	0.0
Rheb abundance	serum_fed_equilibrium	IFNG_EGF	1.0526343942	3600.0
Rheb abundance	serum_fed_equilibrium	IFNG_EGF	1.0317874802	14400.0
Rheb abundance	serum_fed_equilibrium	IFNG_EGF	0.9976901794	28800.0
Rheb abundance	serum_fed_equilibrium	IFNG_EGF	1.0755022636	86400.0
Rheb abundance	serum_fed_equilibrium	IFNG_EGF	1.2165728214	172800.0
Rheb abundance	serum_fed_equilibrium	PBS only	1.0031936017	0.0
Rheb abundance	serum_fed_equilibrium	PBS only	0.9502935162	3600.0
Rheb abundance	serum_fed_equilibrium	PBS only	0.9250875182	14400.0
Rheb abundance	serum_fed_equilibrium	PBS only	0.9119834915	28800.0
Rheb abundance	serum_fed_equilibrium	PBS only	0.9940743637	86400.0
Rheb abundance	serum_fed_equilibrium	PBS only	1.061977681	172800.0
Rictor abundance	serum_fed_equilibrium	EGF	0.92791841	0.0
Rictor abundance	serum_fed_equilibrium	EGF	0.9611255894	3600.0
Rictor abundance	serum_fed_equilibrium	EGF	0.9736056591	14400.0
Rictor abundance	serum_fed_equilibrium	EGF	1.0260509879	28800.0
Rictor abundance	serum_fed_equilibrium	EGF	1.1519609125	86400.0
Rictor abundance	serum_fed_equilibrium	EGF	1.1505181985	172800.0
Rictor abundance	serum_fed_equilibrium	HGF only	0.92791841	0.0
Rictor abundance	serum_fed_equilibrium	HGF only	0.9644668703	3600.0
Rictor abundance	serum_fed_equilibrium	HGF only	0.9942273314	14400.0
Rictor abundance	serum_fed_equilibrium	HGF only	1.0086021168	28800.0
Rictor abundance	serum_fed_equilibrium	HGF only	1.1368868827	86400.0
Rictor abundance	serum_fed_equilibrium	HGF only	1.1284277345	172800.0
Rictor abundance	serum_fed_equilibrium	IFNG_EGF	0.92791841	0.0
Rictor abundance	serum_fed_equilibrium	IFNG_EGF	0.9497673142	3600.0
Rictor abundance	serum_fed_equilibrium	IFNG_EGF	1.0065878425	14400.0
Rictor abundance	serum_fed_equilibrium	IFNG_EGF	0.9353661266	28800.0
Rictor abundance	serum_fed_equilibrium	IFNG_EGF	1.1624274884	86400.0
Rictor abundance	serum_fed_equilibrium	IFNG_EGF	1.2664774509	172800.0
Rictor abundance	serum_fed_equilibrium	PBS only	0.92791841	0.0
Rictor abundance	serum_fed_equilibrium	PBS only	1.0080048974	3600.0
Rictor abundance	serum_fed_equilibrium	PBS only	0.9726918148	14400.0
Rictor abundance	serum_fed_equilibrium	PBS only	1.028370438	28800.0
Rictor abundance	serum_fed_equilibrium	PBS only	1.0403910083	86400.0
Rictor abundance	serum_fed_equilibrium	PBS only	0.8637612726	172800.0
RSK abundance	serum_fed_equilibrium	EGF	0.9324411493	0.0
RSK abundance	serum_fed_equilibrium	EGF	0.9543866334	3600.0
RSK abundance	serum_fed_equilibrium	EGF	0.9428347834	14400.0
RSK abundance	serum_fed_equilibrium	EGF	0.9684864529	28800.0
RSK abundance	serum_fed_equilibrium	EGF	1.0016480064	86400.0
RSK abundance	serum_fed_equilibrium	EGF	1.0295998172	172800.0
RSK abundance	serum_fed_equilibrium	HGF only	0.9324411493	0.0
RSK abundance	serum_fed_equilibrium	HGF only	0.9631398488	3600.0
RSK abundance	serum_fed_equilibrium	HGF only	0.9614843845	14400.0
RSK abundance	serum_fed_equilibrium	HGF only	0.9594742927	28800.0
RSK abundance	serum_fed_equilibrium	HGF only	1.0521578953	86400.0
RSK abundance	serum_fed_equilibrium	HGF only	1.1483640589	172800.0
RSK abundance	serum_fed_equilibrium	IFNG_EGF	0.9324411493	0.0
RSK abundance	serum_fed_equilibrium	IFNG_EGF	0.9379790868	3600.0
RSK abundance	serum_fed_equilibrium	IFNG_EGF	0.9736078925	14400.0
RSK abundance	serum_fed_equilibrium	IFNG_EGF	0.9473172524	28800.0
RSK abundance	serum_fed_equilibrium	IFNG_EGF	1.1585378461	86400.0
RSK abundance	serum_fed_equilibrium	IFNG_EGF	1.2256987691	172800.0
RSK abundance	serum_fed_equilibrium	PBS only	0.9324411493	0.0
RSK abundance	serum_fed_equilibrium	PBS only	1.024578861	3600.0
RSK abundance	serum_fed_equilibrium	PBS only	0.9818623243	14400.0
RSK abundance	serum_fed_equilibrium	PBS only	0.985285097	28800.0
RSK abundance	serum_fed_equilibrium	PBS only	1.0505069061	86400.0
RSK abundance	serum_fed_equilibrium	PBS only	0.9326434692	172800.0
Smac abundance	serum_fed_equilibrium	EGF	1.101658846	0.0
Smac abundance	serum_fed_equilibrium	EGF	1.0559480051	3600.0
Smac abundance	serum_fed_equilibrium	EGF	1.0807891462	14400.0
Smac abundance	serum_fed_equilibrium	EGF	1.023521178	28800.0
Smac abundance	serum_fed_equilibrium	EGF	1.0427706088	86400.0
Smac abundance	serum_fed_equilibrium	EGF	0.984594107	172800.0
Smac abundance	serum_fed_equilibrium	HGF only	1.101658846	0.0
Smac abundance	serum_fed_equilibrium	HGF only	1.04965008	3600.0
Smac abundance	serum_fed_equilibrium	HGF only	1.0662060168	14400.0
Smac abundance	serum_fed_equilibrium	HGF only	1.0561578309	28800.0
Smac abundance	serum_fed_equilibrium	HGF only	1.00133437	86400.0
Smac abundance	serum_fed_equilibrium	HGF only	1.2092537728	172800.0
Smac abundance	serum_fed_equilibrium	IFNG_EGF	1.101658846	0.0
Smac abundance	serum_fed_equilibrium	IFNG_EGF	1.0637983211	3600.0
Smac abundance	serum_fed_equilibrium	IFNG_EGF	1.0031845781	14400.0
Smac abundance	serum_fed_equilibrium	IFNG_EGF	0.9967304234	28800.0
Smac abundance	serum_fed_equilibrium	IFNG_EGF	1.0046425967	86400.0
Smac abundance	serum_fed_equilibrium	IFNG_EGF	0.9966091527	172800.0
Smac abundance	serum_fed_equilibrium	PBS only	1.101658846	0.0
Smac abundance	serum_fed_equilibrium	PBS only	1.1252769377	3600.0
Smac abundance	serum_fed_equilibrium	PBS only	1.106626237	14400.0
Smac abundance	serum_fed_equilibrium	PBS only	1.1050049971	28800.0
Smac abundance	serum_fed_equilibrium	PBS only	1.2585397596	86400.0
Smac abundance	serum_fed_equilibrium	PBS only	1.2777211668	172800.0
TSC1 abundance	serum_fed_equilibrium	EGF	0.9667519848	0.0
TSC1 abundance	serum_fed_equilibrium	EGF	0.9865163356	3600.0
TSC1 abundance	serum_fed_equilibrium	EGF	0.9756023548	14400.0
TSC1 abundance	serum_fed_equilibrium	EGF	0.9944700475	28800.0
TSC1 abundance	serum_fed_equilibrium	EGF	1.0996866959	86400.0
TSC1 abundance	serum_fed_equilibrium	EGF	1.0618649372	172800.0
TSC1 abundance	serum_fed_equilibrium	HGF only	0.9667519848	0.0
TSC1 abundance	serum_fed_equilibrium	HGF only	0.9835951296	3600.0
TSC1 abundance	serum_fed_equilibrium	HGF only	1.0023245469	14400.0
TSC1 abundance	serum_fed_equilibrium	HGF only	1.016897657	28800.0
TSC1 abundance	serum_fed_equilibrium	HGF only	1.0699316263	86400.0
TSC1 abundance	serum_fed_equilibrium	HGF only	1.1032146313	172800.0
TSC1 abundance	serum_fed_equilibrium	IFNG_EGF	0.9667519848	0.0
TSC1 abundance	serum_fed_equilibrium	IFNG_EGF	0.9623118127	3600.0
TSC1 abundance	serum_fed_equilibrium	IFNG_EGF	0.9747769263	14400.0
TSC1 abundance	serum_fed_equilibrium	IFNG_EGF	0.9645161611	28800.0
TSC1 abundance	serum_fed_equilibrium	IFNG_EGF	1.1088532904	86400.0
TSC1 abundance	serum_fed_equilibrium	IFNG_EGF	1.1766073555	172800.0
TSC1 abundance	serum_fed_equilibrium	PBS only	0.9667519848	0.0
TSC1 abundance	serum_fed_equilibrium	PBS only	0.9990387593	3600.0
TSC1 abundance	serum_fed_equilibrium	PBS only	0.9960896998	14400.0
TSC1 abundance	serum_fed_equilibrium	PBS only	1.014866093	28800.0
TSC1 abundance	serum_fed_equilibrium	PBS only	1.0242106578	86400.0
TSC1 abundance	serum_fed_equilibrium	PBS only	0.9434110481	172800.0
TSC2 abundance	serum_fed_equilibrium	EGF	0.9840139748	0.0
TSC2 abundance	serum_fed_equilibrium	EGF	0.9910812969	3600.0
TSC2 abundance	serum_fed_equilibrium	EGF	0.9905972835	14400.0
TSC2 abundance	serum_fed_equilibrium	EGF	0.9892504601	28800.0
TSC2 abundance	serum_fed_equilibrium	EGF	1.0079354855	86400.0
TSC2 abundance	serum_fed_equilibrium	EGF	1.02294956	172800.0
TSC2 abundance	serum_fed_equilibrium	HGF only	0.9840139748	0.0
TSC2 abundance	serum_fed_equilibrium	HGF only	0.980099428	3600.0
TSC2 abundance	serum_fed_equilibrium	HGF only	0.988697739	14400.0
TSC2 abundance	serum_fed_equilibrium	HGF only	0.9885336511	28800.0
TSC2 abundance	serum_fed_equilibrium	HGF only	1.0665213985	86400.0
TSC2 abundance	serum_fed_equilibrium	HGF only	1.0033438768	172800.0
TSC2 abundance	serum_fed_equilibrium	IFNG_EGF	0.9840139748	0.0
TSC2 abundance	serum_fed_equilibrium	IFNG_EGF	0.972508979	3600.0
TSC2 abundance	serum_fed_equilibrium	IFNG_EGF	1.0141967362	14400.0
TSC2 abundance	serum_fed_equilibrium	IFNG_EGF	0.9737658957	28800.0
TSC2 abundance	serum_fed_equilibrium	IFNG_EGF	0.9642151947	86400.0
TSC2 abundance	serum_fed_equilibrium	IFNG_EGF	0.9263095885	172800.0
TSC2 abundance	serum_fed_equilibrium	PBS only	0.9840139748	0.0
TSC2 abundance	serum_fed_equilibrium	PBS only	1.0194663802	3600.0
TSC2 abundance	serum_fed_equilibrium	PBS only	0.9927471123	14400.0
TSC2 abundance	serum_fed_equilibrium	PBS only	0.9747066416	28800.0
TSC2 abundance	serum_fed_equilibrium	PBS only	0.9364193427	86400.0
TSC2 abundance	serum_fed_equilibrium	PBS only	0.9767235091	172800.0
pTSC2 abunance	serum_fed_equilibrium	EGF	1.1481648502	0.0
pTSC2 abunance	serum_fed_equilibrium	EGF	1.0524617688	3600.0
pTSC2 abunance	serum_fed_equilibrium	EGF	1.0245190358	14400.0
pTSC2 abunance	serum_fed_equilibrium	EGF	0.9977264021	28800.0
pTSC2 abunance	serum_fed_equilibrium	EGF	0.999137205	86400.0
pTSC2 abunance	serum_fed_equilibrium	EGF	1.1277880759	172800.0
pTSC2 abunance	serum_fed_equilibrium	HGF only	1.1481648502	0.0
pTSC2 abunance	serum_fed_equilibrium	HGF only	1.0339221172	3600.0
pTSC2 abunance	serum_fed_equilibrium	HGF only	1.0112502578	14400.0
pTSC2 abunance	serum_fed_equilibrium	HGF only	0.9926970616	28800.0
pTSC2 abunance	serum_fed_equilibrium	HGF only	1.0669490058	86400.0
pTSC2 abunance	serum_fed_equilibrium	HGF only	1.1459316121	172800.0
pTSC2 abunance	serum_fed_equilibrium	IFNG_EGF	1.1481648502	0.0
pTSC2 abunance	serum_fed_equilibrium	IFNG_EGF	0.9114263958	3600.0
pTSC2 abunance	serum_fed_equilibrium	IFNG_EGF	0.8815309392	14400.0
pTSC2 abunance	serum_fed_equilibrium	IFNG_EGF	0.9030048566	28800.0
pTSC2 abunance	serum_fed_equilibrium	IFNG_EGF	0.8897059053	86400.0
pTSC2 abunance	serum_fed_equilibrium	IFNG_EGF	1.1106689718	172800.0
pTSC2 abunance	serum_fed_equilibrium	PBS only	1.1481648502	0.0
pTSC2 abunance	serum_fed_equilibrium	PBS only	0.9294012324	3600.0
pTSC2 abunance	serum_fed_equilibrium	PBS only	1.0564393796	14400.0
pTSC2 abunance	serum_fed_equilibrium	PBS only	1.0572227263	28800.0
pTSC2 abunance	serum_fed_equilibrium	PBS only	1.1265435624	86400.0
pTSC2 abunance	serum_fed_equilibrium	PBS only	1.2167036783	172800.0
wee1 abundance	serum_fed_equilibrium	EGF	1.0353832786	0.0
wee1 abundance	serum_fed_equilibrium	EGF	1.0531411703	3600.0
wee1 abundance	serum_fed_equilibrium	EGF	1.0956087765	14400.0
wee1 abundance	serum_fed_equilibrium	EGF	1.0426546484	28800.0
wee1 abundance	serum_fed_equilibrium	EGF	1.100974825	86400.0
wee1 abundance	serum_fed_equilibrium	EGF	1.066168212	172800.0
wee1 abundance	serum_fed_equilibrium	HGF only	1.0353832786	0.0
wee1 abundance	serum_fed_equilibrium	HGF only	1.0410335855	3600.0
wee1 abundance	serum_fed_equilibrium	HGF only	1.1215268113	14400.0
wee1 abundance	serum_fed_equilibrium	HGF only	1.0703524238	28800.0
wee1 abundance	serum_fed_equilibrium	HGF only	0.9687091962	86400.0
wee1 abundance	serum_fed_equilibrium	HGF only	0.8071124541	172800.0
wee1 abundance	serum_fed_equilibrium	IFNG_EGF	1.0353832786	0.0
wee1 abundance	serum_fed_equilibrium	IFNG_EGF	1.0366258693	3600.0
wee1 abundance	serum_fed_equilibrium	IFNG_EGF	1.0327523748	14400.0
wee1 abundance	serum_fed_equilibrium	IFNG_EGF	0.983242546	28800.0
wee1 abundance	serum_fed_equilibrium	IFNG_EGF	0.9991940378	86400.0
wee1 abundance	serum_fed_equilibrium	IFNG_EGF	0.8546233419	172800.0
wee1 abundance	serum_fed_equilibrium	PBS only	1.0353832786	0.0
wee1 abundance	serum_fed_equilibrium	PBS only	1.0267641299	3600.0
wee1 abundance	serum_fed_equilibrium	PBS only	1.1508333193	14400.0
wee1 abundance	serum_fed_equilibrium	PBS only	1.032964041	28800.0
wee1 abundance	serum_fed_equilibrium	PBS only	0.669250098	86400.0
wee1 abundance	serum_fed_equilibrium	PBS only	0.7208102065	172800.0
YWHAB abundance	serum_fed_equilibrium	EGF	1.0371445541	0.0
YWHAB abundance	serum_fed_equilibrium	EGF	0.9874144249	3600.0
YWHAB abundance	serum_fed_equilibrium	EGF	1.0118715445	14400.0
YWHAB abundance	serum_fed_equilibrium	EGF	0.9911560737	28800.0
YWHAB abundance	serum_fed_equilibrium	EGF	0.9449009676	86400.0
YWHAB abundance	serum_fed_equilibrium	EGF	0.8722549222	172800.0
YWHAB abundance	serum_fed_equilibrium	HGF only	1.0371445541	0.0
YWHAB abundance	serum_fed_equilibrium	HGF only	0.9734015512	3600.0
YWHAB abundance	serum_fed_equilibrium	HGF only	1.0066594031	14400.0
YWHAB abundance	serum_fed_equilibrium	HGF only	1.0102252563	28800.0
YWHAB abundance	serum_fed_equilibrium	HGF only	0.9627595176	86400.0
YWHAB abundance	serum_fed_equilibrium	HGF only	0.9461958334	172800.0
YWHAB abundance	serum_fed_equilibrium	IFNG_EGF	1.0371445541	0.0
YWHAB abundance	serum_fed_equilibrium	IFNG_EGF	0.9975480076	3600.0
YWHAB abundance	serum_fed_equilibrium	IFNG_EGF	1.0016291267	14400.0
YWHAB abundance	serum_fed_equilibrium	IFNG_EGF	1.0041920241	28800.0
YWHAB abundance	serum_fed_equilibrium	IFNG_EGF	0.9311233196	86400.0
YWHAB abundance	serum_fed_equilibrium	IFNG_EGF	0.9903412203	172800.0
YWHAB abundance	serum_fed_equilibrium	PBS only	1.0371445541	0.0
YWHAB abundance	serum_fed_equilibrium	PBS only	1.0886080356	3600.0
YWHAB abundance	serum_fed_equilibrium	PBS only	1.0810410494	14400.0
YWHAB abundance	serum_fed_equilibrium	PBS only	1.0577550485	28800.0
YWHAB abundance	serum_fed_equilibrium	PBS only	1.0600956233	86400.0
YWHAB abundance	serum_fed_equilibrium	PBS only	1.1281113137	172800.0
YWHAZ abundance	serum_fed_equilibrium	EGF	0.9973700156	0.0
YWHAZ abundance	serum_fed_equilibrium	EGF	0.9754638275	3600.0
YWHAZ abundance	serum_fed_equilibrium	EGF	1.0038863537	14400.0
YWHAZ abundance	serum_fed_equilibrium	EGF	0.9730646171	28800.0
YWHAZ abundance	serum_fed_equilibrium	EGF	0.9705174067	86400.0
YWHAZ abundance	serum_fed_equilibrium	EGF	0.9057022169	172800.0
YWHAZ abundance	serum_fed_equilibrium	HGF only	0.9973700156	0.0
YWHAZ abundance	serum_fed_equilibrium	HGF only	0.9816218715	3600.0
YWHAZ abundance	serum_fed_equilibrium	HGF only	1.0118468099	14400.0
YWHAZ abundance	serum_fed_equilibrium	HGF only	0.9968126488	28800.0
YWHAZ abundance	serum_fed_equilibrium	HGF only	1.0195740382	86400.0
YWHAZ abundance	serum_fed_equilibrium	HGF only	1.0329029678	172800.0
YWHAZ abundance	serum_fed_equilibrium	IFNG_EGF	0.9973700156	0.0
YWHAZ abundance	serum_fed_equilibrium	IFNG_EGF	1.0158244171	3600.0
YWHAZ abundance	serum_fed_equilibrium	IFNG_EGF	0.9841625595	14400.0
YWHAZ abundance	serum_fed_equilibrium	IFNG_EGF	0.9995701796	28800.0
YWHAZ abundance	serum_fed_equilibrium	IFNG_EGF	1.0306116145	86400.0
YWHAZ abundance	serum_fed_equilibrium	IFNG_EGF	1.0568157391	172800.0
YWHAZ abundance	serum_fed_equilibrium	PBS only	0.9973700156	0.0
YWHAZ abundance	serum_fed_equilibrium	PBS only	1.0051245042	3600.0
YWHAZ abundance	serum_fed_equilibrium	PBS only	1.010883292	14400.0
YWHAZ abundance	serum_fed_equilibrium	PBS only	1.0097234828	28800.0
YWHAZ abundance	serum_fed_equilibrium	PBS only	1.1130186568	86400.0
YWHAZ abundance	serum_fed_equilibrium	PBS only	1.1121268615	172800.0
TP53BP1 abundance	serum_fed_equilibrium	EGF	0.9406984012	0.0
TP53BP1 abundance	serum_fed_equilibrium	EGF	1.0179349956	3600.0
TP53BP1 abundance	serum_fed_equilibrium	EGF	0.9949276348	14400.0
TP53BP1 abundance	serum_fed_equilibrium	EGF	0.9884398569	28800.0
TP53BP1 abundance	serum_fed_equilibrium	EGF	1.0310004749	86400.0
TP53BP1 abundance	serum_fed_equilibrium	EGF	0.9949843055	172800.0
TP53BP1 abundance	serum_fed_equilibrium	HGF only	0.9406984012	0.0
TP53BP1 abundance	serum_fed_equilibrium	HGF only	1.0313345657	3600.0
TP53BP1 abundance	serum_fed_equilibrium	HGF only	0.9947833989	14400.0
TP53BP1 abundance	serum_fed_equilibrium	HGF only	1.0030209421	28800.0
TP53BP1 abundance	serum_fed_equilibrium	HGF only	0.9801615462	86400.0
TP53BP1 abundance	serum_fed_equilibrium	HGF only	1.1335339474	172800.0
TP53BP1 abundance	serum_fed_equilibrium	IFNG_EGF	0.9406984012	0.0
TP53BP1 abundance	serum_fed_equilibrium	IFNG_EGF	0.9769319826	3600.0
TP53BP1 abundance	serum_fed_equilibrium	IFNG_EGF	0.9707196118	14400.0
TP53BP1 abundance	serum_fed_equilibrium	IFNG_EGF	1.0359762859	28800.0
TP53BP1 abundance	serum_fed_equilibrium	IFNG_EGF	1.1142614382	86400.0
TP53BP1 abundance	serum_fed_equilibrium	IFNG_EGF	1.1699142269	172800.0
TP53BP1 abundance	serum_fed_equilibrium	PBS only	0.9406984012	0.0
TP53BP1 abundance	serum_fed_equilibrium	PBS only	0.9875264329	3600.0
TP53BP1 abundance	serum_fed_equilibrium	PBS only	0.9645802507	14400.0
TP53BP1 abundance	serum_fed_equilibrium	PBS only	0.9725088385	28800.0
TP53BP1 abundance	serum_fed_equilibrium	PBS only	1.055914035	86400.0
TP53BP1 abundance	serum_fed_equilibrium	PBS only	0.8618982408	172800.0
ACACA abundance	serum_fed_equilibrium	EGF	1.0396541169	0.0
ACACA abundance	serum_fed_equilibrium	EGF	1.0110594155	3600.0
ACACA abundance	serum_fed_equilibrium	EGF	1.0511663051	14400.0
ACACA abundance	serum_fed_equilibrium	EGF	0.9876911501	28800.0
ACACA abundance	serum_fed_equilibrium	EGF	1.3028776403	86400.0
ACACA abundance	serum_fed_equilibrium	EGF	1.405900025	172800.0
ACACA abundance	serum_fed_equilibrium	HGF only	1.0396541169	0.0
ACACA abundance	serum_fed_equilibrium	HGF only	1.0006432794	3600.0
ACACA abundance	serum_fed_equilibrium	HGF only	0.9869552063	14400.0
ACACA abundance	serum_fed_equilibrium	HGF only	1.0176442819	28800.0
ACACA abundance	serum_fed_equilibrium	HGF only	1.1024692383	86400.0
ACACA abundance	serum_fed_equilibrium	HGF only	1.1169317871	172800.0
ACACA abundance	serum_fed_equilibrium	IFNG_EGF	1.0396541169	0.0
ACACA abundance	serum_fed_equilibrium	IFNG_EGF	0.9859665122	3600.0
ACACA abundance	serum_fed_equilibrium	IFNG_EGF	0.9955543937	14400.0
ACACA abundance	serum_fed_equilibrium	IFNG_EGF	0.9776304408	28800.0
ACACA abundance	serum_fed_equilibrium	IFNG_EGF	1.17095388	86400.0
ACACA abundance	serum_fed_equilibrium	IFNG_EGF	1.1408006615	172800.0
ACACA abundance	serum_fed_equilibrium	PBS only	1.0396541169	0.0
ACACA abundance	serum_fed_equilibrium	PBS only	1.1897256718	3600.0
ACACA abundance	serum_fed_equilibrium	PBS only	1.1214336226	14400.0
ACACA abundance	serum_fed_equilibrium	PBS only	1.0104492896	28800.0
ACACA abundance	serum_fed_equilibrium	PBS only	0.8135170129	86400.0
ACACA abundance	serum_fed_equilibrium	PBS only	0.5355683047	172800.0
ADAR abundance	serum_fed_equilibrium	EGF	0.9560726003	0.0
ADAR abundance	serum_fed_equilibrium	EGF	1.013957617	3600.0
ADAR abundance	serum_fed_equilibrium	EGF	1.0084977779	14400.0
ADAR abundance	serum_fed_equilibrium	EGF	1.0162517119	28800.0
ADAR abundance	serum_fed_equilibrium	EGF	1.0704364943	86400.0
ADAR abundance	serum_fed_equilibrium	EGF	1.1139908486	172800.0
ADAR abundance	serum_fed_equilibrium	HGF only	0.9560726003	0.0
ADAR abundance	serum_fed_equilibrium	HGF only	1.0092388058	3600.0
ADAR abundance	serum_fed_equilibrium	HGF only	1.0409636918	14400.0
ADAR abundance	serum_fed_equilibrium	HGF only	1.0313163366	28800.0
ADAR abundance	serum_fed_equilibrium	HGF only	1.1387514006	86400.0
ADAR abundance	serum_fed_equilibrium	HGF only	1.1456635204	172800.0
ADAR abundance	serum_fed_equilibrium	IFNG_EGF	0.9560726003	0.0
ADAR abundance	serum_fed_equilibrium	IFNG_EGF	0.9706342951	3600.0
ADAR abundance	serum_fed_equilibrium	IFNG_EGF	0.9496339354	14400.0
ADAR abundance	serum_fed_equilibrium	IFNG_EGF	1.0439078126	28800.0
ADAR abundance	serum_fed_equilibrium	IFNG_EGF	1.4371381839	86400.0
ADAR abundance	serum_fed_equilibrium	IFNG_EGF	1.6207471881	172800.0
ADAR abundance	serum_fed_equilibrium	PBS only	0.9560726003	0.0
ADAR abundance	serum_fed_equilibrium	PBS only	0.9907629698	3600.0
ADAR abundance	serum_fed_equilibrium	PBS only	0.9080383395	14400.0
ADAR abundance	serum_fed_equilibrium	PBS only	0.9281051092	28800.0
ADAR abundance	serum_fed_equilibrium	PBS only	1.0993835993	86400.0
ADAR abundance	serum_fed_equilibrium	PBS only	0.9738560338	172800.0
PRKAA1 abundance	serum_fed_equilibrium	EGF	0.9598635883	0.0
PRKAA1 abundance	serum_fed_equilibrium	EGF	0.9894716313	3600.0
PRKAA1 abundance	serum_fed_equilibrium	EGF	0.9986787455	14400.0
PRKAA1 abundance	serum_fed_equilibrium	EGF	1.0210709879	28800.0
PRKAA1 abundance	serum_fed_equilibrium	EGF	1.011040767	86400.0
PRKAA1 abundance	serum_fed_equilibrium	EGF	1.0325497016	172800.0
PRKAA1 abundance	serum_fed_equilibrium	HGF only	0.9598635883	0.0
PRKAA1 abundance	serum_fed_equilibrium	HGF only	0.9678420004	3600.0
PRKAA1 abundance	serum_fed_equilibrium	HGF only	0.9830635472	14400.0
PRKAA1 abundance	serum_fed_equilibrium	HGF only	1.02599222	28800.0
PRKAA1 abundance	serum_fed_equilibrium	HGF only	1.0630400631	86400.0
PRKAA1 abundance	serum_fed_equilibrium	HGF only	1.1245057531	172800.0
PRKAA1 abundance	serum_fed_equilibrium	IFNG_EGF	0.9598635883	0.0
PRKAA1 abundance	serum_fed_equilibrium	IFNG_EGF	0.9678861926	3600.0
PRKAA1 abundance	serum_fed_equilibrium	IFNG_EGF	0.9634199641	14400.0
PRKAA1 abundance	serum_fed_equilibrium	IFNG_EGF	0.9957955646	28800.0
PRKAA1 abundance	serum_fed_equilibrium	IFNG_EGF	0.9374584435	86400.0
PRKAA1 abundance	serum_fed_equilibrium	IFNG_EGF	1.0099852298	172800.0
PRKAA1 abundance	serum_fed_equilibrium	PBS only	0.9598635883	0.0
PRKAA1 abundance	serum_fed_equilibrium	PBS only	1.0047053647	3600.0
PRKAA1 abundance	serum_fed_equilibrium	PBS only	0.9860610449	14400.0
PRKAA1 abundance	serum_fed_equilibrium	PBS only	0.9513945649	28800.0
PRKAA1 abundance	serum_fed_equilibrium	PBS only	1.0426303029	86400.0
PRKAA1 abundance	serum_fed_equilibrium	PBS only	1.0097439972	172800.0
ANXA1 abundance	serum_fed_equilibrium	EGF	0.9228141909	0.0
ANXA1 abundance	serum_fed_equilibrium	EGF	0.9146796636	3600.0
ANXA1 abundance	serum_fed_equilibrium	EGF	0.9467556736	14400.0
ANXA1 abundance	serum_fed_equilibrium	EGF	0.9328414459	28800.0
ANXA1 abundance	serum_fed_equilibrium	EGF	0.8508054886	86400.0
ANXA1 abundance	serum_fed_equilibrium	EGF	0.8459037143	172800.0
ANXA1 abundance	serum_fed_equilibrium	HGF only	0.9228141909	0.0
ANXA1 abundance	serum_fed_equilibrium	HGF only	0.9529059259	3600.0
ANXA1 abundance	serum_fed_equilibrium	HGF only	0.942213446	14400.0
ANXA1 abundance	serum_fed_equilibrium	HGF only	0.9364360428	28800.0
ANXA1 abundance	serum_fed_equilibrium	HGF only	0.9716951712	86400.0
ANXA1 abundance	serum_fed_equilibrium	HGF only	1.0429953325	172800.0
ANXA1 abundance	serum_fed_equilibrium	IFNG_EGF	0.9228141909	0.0
ANXA1 abundance	serum_fed_equilibrium	IFNG_EGF	0.9230127507	3600.0
ANXA1 abundance	serum_fed_equilibrium	IFNG_EGF	0.9434299133	14400.0
ANXA1 abundance	serum_fed_equilibrium	IFNG_EGF	0.9566235207	28800.0
ANXA1 abundance	serum_fed_equilibrium	IFNG_EGF	1.0061513475	86400.0
ANXA1 abundance	serum_fed_equilibrium	IFNG_EGF	0.9671843153	172800.0
ANXA1 abundance	serum_fed_equilibrium	PBS only	0.9228141909	0.0
ANXA1 abundance	serum_fed_equilibrium	PBS only	0.9341990059	3600.0
ANXA1 abundance	serum_fed_equilibrium	PBS only	0.9178217871	14400.0
ANXA1 abundance	serum_fed_equilibrium	PBS only	0.8974750685	28800.0
ANXA1 abundance	serum_fed_equilibrium	PBS only	1.0463496938	86400.0
ANXA1 abundance	serum_fed_equilibrium	PBS only	1.018322266	172800.0
ANXA7 abundance	serum_fed_equilibrium	EGF	1.0372306831	0.0
ANXA7 abundance	serum_fed_equilibrium	EGF	1.0243832004	3600.0
ANXA7 abundance	serum_fed_equilibrium	EGF	0.996695311	14400.0
ANXA7 abundance	serum_fed_equilibrium	EGF	1.0325789973	28800.0
ANXA7 abundance	serum_fed_equilibrium	EGF	0.9881726525	86400.0
ANXA7 abundance	serum_fed_equilibrium	EGF	0.9851138106	172800.0
ANXA7 abundance	serum_fed_equilibrium	HGF only	1.0372306831	0.0
ANXA7 abundance	serum_fed_equilibrium	HGF only	0.9970221083	3600.0
ANXA7 abundance	serum_fed_equilibrium	HGF only	1.0360187362	14400.0
ANXA7 abundance	serum_fed_equilibrium	HGF only	1.0219598419	28800.0
ANXA7 abundance	serum_fed_equilibrium	HGF only	1.0585847456	86400.0
ANXA7 abundance	serum_fed_equilibrium	HGF only	1.0604560723	172800.0
ANXA7 abundance	serum_fed_equilibrium	IFNG_EGF	1.0372306831	0.0
ANXA7 abundance	serum_fed_equilibrium	IFNG_EGF	1.0134341916	3600.0
ANXA7 abundance	serum_fed_equilibrium	IFNG_EGF	0.9895958668	14400.0
ANXA7 abundance	serum_fed_equilibrium	IFNG_EGF	1.0076574785	28800.0
ANXA7 abundance	serum_fed_equilibrium	IFNG_EGF	1.0607300945	86400.0
ANXA7 abundance	serum_fed_equilibrium	IFNG_EGF	1.141943132	172800.0
ANXA7 abundance	serum_fed_equilibrium	PBS only	1.0372306831	0.0
ANXA7 abundance	serum_fed_equilibrium	PBS only	1.0839117225	3600.0
ANXA7 abundance	serum_fed_equilibrium	PBS only	0.9799631218	14400.0
ANXA7 abundance	serum_fed_equilibrium	PBS only	1.0122229228	28800.0
ANXA7 abundance	serum_fed_equilibrium	PBS only	1.0624771698	86400.0
ANXA7 abundance	serum_fed_equilibrium	PBS only	1.0196466402	172800.0
AR abundance	serum_fed_equilibrium	EGF	0.9977065274	0.0
AR abundance	serum_fed_equilibrium	EGF	1.0704302558	3600.0
AR abundance	serum_fed_equilibrium	EGF	1.0060539521	14400.0
AR abundance	serum_fed_equilibrium	EGF	0.9831773183	28800.0
AR abundance	serum_fed_equilibrium	EGF	0.9463729853	86400.0
AR abundance	serum_fed_equilibrium	EGF	0.9778179739	172800.0
AR abundance	serum_fed_equilibrium	HGF only	0.9977065274	0.0
AR abundance	serum_fed_equilibrium	HGF only	0.9754410325	3600.0
AR abundance	serum_fed_equilibrium	HGF only	1.0017338498	14400.0
AR abundance	serum_fed_equilibrium	HGF only	1.0054344367	28800.0
AR abundance	serum_fed_equilibrium	HGF only	0.9931784319	86400.0
AR abundance	serum_fed_equilibrium	HGF only	1.0541800772	172800.0
AR abundance	serum_fed_equilibrium	IFNG_EGF	0.9977065274	0.0
AR abundance	serum_fed_equilibrium	IFNG_EGF	1.0305056007	3600.0
AR abundance	serum_fed_equilibrium	IFNG_EGF	0.9835872797	14400.0
AR abundance	serum_fed_equilibrium	IFNG_EGF	1.0241186186	28800.0
AR abundance	serum_fed_equilibrium	IFNG_EGF	0.8793846264	86400.0
AR abundance	serum_fed_equilibrium	IFNG_EGF	0.9401536286	172800.0
AR abundance	serum_fed_equilibrium	PBS only	0.9977065274	0.0
AR abundance	serum_fed_equilibrium	PBS only	1.2428469805	3600.0
AR abundance	serum_fed_equilibrium	PBS only	1.2370764336	14400.0
AR abundance	serum_fed_equilibrium	PBS only	1.0748205753	28800.0
AR abundance	serum_fed_equilibrium	PBS only	1.075322435	86400.0
AR abundance	serum_fed_equilibrium	PBS only	1.0582896384	172800.0
ARAF abundance	serum_fed_equilibrium	EGF	1.0591644535	0.0
ARAF abundance	serum_fed_equilibrium	EGF	1.0034330168	3600.0
ARAF abundance	serum_fed_equilibrium	EGF	1.0248313943	14400.0
ARAF abundance	serum_fed_equilibrium	EGF	1.0168930779	28800.0
ARAF abundance	serum_fed_equilibrium	EGF	0.988832391	86400.0
ARAF abundance	serum_fed_equilibrium	EGF	0.9925958927	172800.0
ARAF abundance	serum_fed_equilibrium	HGF only	1.0591644535	0.0
ARAF abundance	serum_fed_equilibrium	HGF only	0.9714879443	3600.0
ARAF abundance	serum_fed_equilibrium	HGF only	0.9771780332	14400.0
ARAF abundance	serum_fed_equilibrium	HGF only	0.9850227515	28800.0
ARAF abundance	serum_fed_equilibrium	HGF only	0.9956455816	86400.0
ARAF abundance	serum_fed_equilibrium	HGF only	0.9201811646	172800.0
ARAF abundance	serum_fed_equilibrium	IFNG_EGF	1.0591644535	0.0
ARAF abundance	serum_fed_equilibrium	IFNG_EGF	1.0013128163	3600.0
ARAF abundance	serum_fed_equilibrium	IFNG_EGF	0.9979856946	14400.0
ARAF abundance	serum_fed_equilibrium	IFNG_EGF	0.9800561549	28800.0
ARAF abundance	serum_fed_equilibrium	IFNG_EGF	0.9857107472	86400.0
ARAF abundance	serum_fed_equilibrium	IFNG_EGF	0.9612091101	172800.0
ARAF abundance	serum_fed_equilibrium	PBS only	1.0591644535	0.0
ARAF abundance	serum_fed_equilibrium	PBS only	0.9675409854	3600.0
ARAF abundance	serum_fed_equilibrium	PBS only	0.9888423397	14400.0
ARAF abundance	serum_fed_equilibrium	PBS only	0.9157964133	28800.0
ARAF abundance	serum_fed_equilibrium	PBS only	0.8124836069	86400.0
ARAF abundance	serum_fed_equilibrium	PBS only	0.8385649435	172800.0
ARID1A abundance	serum_fed_equilibrium	EGF	0.9665772307	0.0
ARID1A abundance	serum_fed_equilibrium	EGF	1.0058827604	3600.0
ARID1A abundance	serum_fed_equilibrium	EGF	0.9646268424	14400.0
ARID1A abundance	serum_fed_equilibrium	EGF	1.0066492909	28800.0
ARID1A abundance	serum_fed_equilibrium	EGF	1.1825261173	86400.0
ARID1A abundance	serum_fed_equilibrium	EGF	1.239199276	172800.0
ARID1A abundance	serum_fed_equilibrium	HGF only	0.9665772307	0.0
ARID1A abundance	serum_fed_equilibrium	HGF only	1.0341972735	3600.0
ARID1A abundance	serum_fed_equilibrium	HGF only	0.9999947824	14400.0
ARID1A abundance	serum_fed_equilibrium	HGF only	1.0301211463	28800.0
ARID1A abundance	serum_fed_equilibrium	HGF only	1.1666888198	86400.0
ARID1A abundance	serum_fed_equilibrium	HGF only	1.2221942885	172800.0
ARID1A abundance	serum_fed_equilibrium	IFNG_EGF	0.9665772307	0.0
ARID1A abundance	serum_fed_equilibrium	IFNG_EGF	0.9694230341	3600.0
ARID1A abundance	serum_fed_equilibrium	IFNG_EGF	0.9718470923	14400.0
ARID1A abundance	serum_fed_equilibrium	IFNG_EGF	0.956315665	28800.0
ARID1A abundance	serum_fed_equilibrium	IFNG_EGF	1.15628328	86400.0
ARID1A abundance	serum_fed_equilibrium	IFNG_EGF	1.3003924693	172800.0
ARID1A abundance	serum_fed_equilibrium	PBS only	0.9665772307	0.0
ARID1A abundance	serum_fed_equilibrium	PBS only	1.0484621882	3600.0
ARID1A abundance	serum_fed_equilibrium	PBS only	0.9868439939	14400.0
ARID1A abundance	serum_fed_equilibrium	PBS only	1.0297413668	28800.0
ARID1A abundance	serum_fed_equilibrium	PBS only	1.0725927362	86400.0
ARID1A abundance	serum_fed_equilibrium	PBS only	0.7597523429	172800.0
ATG3 abundance	serum_fed_equilibrium	EGF	1.0577540883	0.0
ATG3 abundance	serum_fed_equilibrium	EGF	1.0177974676	3600.0
ATG3 abundance	serum_fed_equilibrium	EGF	1.0276365262	14400.0
ATG3 abundance	serum_fed_equilibrium	EGF	1.0034853929	28800.0
ATG3 abundance	serum_fed_equilibrium	EGF	0.9648766592	86400.0
ATG3 abundance	serum_fed_equilibrium	EGF	0.9721429209	172800.0
ATG3 abundance	serum_fed_equilibrium	HGF only	1.0577540883	0.0
ATG3 abundance	serum_fed_equilibrium	HGF only	1.0076394041	3600.0
ATG3 abundance	serum_fed_equilibrium	HGF only	1.0258593269	14400.0
ATG3 abundance	serum_fed_equilibrium	HGF only	1.0217439294	28800.0
ATG3 abundance	serum_fed_equilibrium	HGF only	0.9961673074	86400.0
ATG3 abundance	serum_fed_equilibrium	HGF only	0.9427225916	172800.0
ATG3 abundance	serum_fed_equilibrium	IFNG_EGF	1.0577540883	0.0
ATG3 abundance	serum_fed_equilibrium	IFNG_EGF	1.0222092456	3600.0
ATG3 abundance	serum_fed_equilibrium	IFNG_EGF	0.9978578891	14400.0
ATG3 abundance	serum_fed_equilibrium	IFNG_EGF	0.9992752079	28800.0
ATG3 abundance	serum_fed_equilibrium	IFNG_EGF	0.9331498871	86400.0
ATG3 abundance	serum_fed_equilibrium	IFNG_EGF	1.0278033364	172800.0
ATG3 abundance	serum_fed_equilibrium	PBS only	1.0577540883	0.0
ATG3 abundance	serum_fed_equilibrium	PBS only	1.0696166696	3600.0
ATG3 abundance	serum_fed_equilibrium	PBS only	1.1041127846	14400.0
ATG3 abundance	serum_fed_equilibrium	PBS only	1.0500913683	28800.0
ATG3 abundance	serum_fed_equilibrium	PBS only	0.9567889971	86400.0
ATG3 abundance	serum_fed_equilibrium	PBS only	0.9170927531	172800.0
ATG7 abundance	serum_fed_equilibrium	EGF	1.013617099	0.0
ATG7 abundance	serum_fed_equilibrium	EGF	1.0164715839	3600.0
ATG7 abundance	serum_fed_equilibrium	EGF	1.0083866641	14400.0
ATG7 abundance	serum_fed_equilibrium	EGF	0.9994266113	28800.0
ATG7 abundance	serum_fed_equilibrium	EGF	1.0688801844	86400.0
ATG7 abundance	serum_fed_equilibrium	EGF	1.1026898886	172800.0
ATG7 abundance	serum_fed_equilibrium	HGF only	1.013617099	0.0
ATG7 abundance	serum_fed_equilibrium	HGF only	0.9948341706	3600.0
ATG7 abundance	serum_fed_equilibrium	HGF only	1.0145562032	14400.0
ATG7 abundance	serum_fed_equilibrium	HGF only	1.0090917253	28800.0
ATG7 abundance	serum_fed_equilibrium	HGF only	1.0670479694	86400.0
ATG7 abundance	serum_fed_equilibrium	HGF only	1.0095802477	172800.0
ATG7 abundance	serum_fed_equilibrium	IFNG_EGF	1.013617099	0.0
ATG7 abundance	serum_fed_equilibrium	IFNG_EGF	0.9964607633	3600.0
ATG7 abundance	serum_fed_equilibrium	IFNG_EGF	1.0133471886	14400.0
ATG7 abundance	serum_fed_equilibrium	IFNG_EGF	0.9767919483	28800.0
ATG7 abundance	serum_fed_equilibrium	IFNG_EGF	1.0527821361	86400.0
ATG7 abundance	serum_fed_equilibrium	IFNG_EGF	1.1606071419	172800.0
ATG7 abundance	serum_fed_equilibrium	PBS only	1.013617099	0.0
ATG7 abundance	serum_fed_equilibrium	PBS only	1.0519445188	3600.0
ATG7 abundance	serum_fed_equilibrium	PBS only	1.0303062799	14400.0
ATG7 abundance	serum_fed_equilibrium	PBS only	1.0448575843	28800.0
ATG7 abundance	serum_fed_equilibrium	PBS only	0.9515642996	86400.0
ATG7 abundance	serum_fed_equilibrium	PBS only	0.9480638939	172800.0
AURKB abundance	serum_fed_equilibrium	EGF	0.9597589817	0.0
AURKB abundance	serum_fed_equilibrium	EGF	0.9700186247	3600.0
AURKB abundance	serum_fed_equilibrium	EGF	1.0105222787	14400.0
AURKB abundance	serum_fed_equilibrium	EGF	1.0137762326	28800.0
AURKB abundance	serum_fed_equilibrium	EGF	1.0928497391	86400.0
AURKB abundance	serum_fed_equilibrium	EGF	1.0425595871	172800.0
AURKB abundance	serum_fed_equilibrium	HGF only	0.9597589817	0.0
AURKB abundance	serum_fed_equilibrium	HGF only	1.0278818005	3600.0
AURKB abundance	serum_fed_equilibrium	HGF only	1.0309726518	14400.0
AURKB abundance	serum_fed_equilibrium	HGF only	1.0199561658	28800.0
AURKB abundance	serum_fed_equilibrium	HGF only	0.9106666399	86400.0
AURKB abundance	serum_fed_equilibrium	HGF only	0.7705862153	172800.0
AURKB abundance	serum_fed_equilibrium	IFNG_EGF	0.9597589817	0.0
AURKB abundance	serum_fed_equilibrium	IFNG_EGF	0.9903722557	3600.0
AURKB abundance	serum_fed_equilibrium	IFNG_EGF	1.023282248	14400.0
AURKB abundance	serum_fed_equilibrium	IFNG_EGF	1.0604496946	28800.0
AURKB abundance	serum_fed_equilibrium	IFNG_EGF	1.0365130134	86400.0
AURKB abundance	serum_fed_equilibrium	IFNG_EGF	0.8694547865	172800.0
AURKB abundance	serum_fed_equilibrium	PBS only	0.9597589817	0.0
AURKB abundance	serum_fed_equilibrium	PBS only	0.9443118077	3600.0
AURKB abundance	serum_fed_equilibrium	PBS only	0.9928882948	14400.0
AURKB abundance	serum_fed_equilibrium	PBS only	0.9578050365	28800.0
AURKB abundance	serum_fed_equilibrium	PBS only	0.7183855005	86400.0
AURKB abundance	serum_fed_equilibrium	PBS only	0.7710022612	172800.0
AXL abundance	serum_fed_equilibrium	EGF	0.9710857189	0.0
AXL abundance	serum_fed_equilibrium	EGF	0.9700746866	3600.0
AXL abundance	serum_fed_equilibrium	EGF	1.0069554653	14400.0
AXL abundance	serum_fed_equilibrium	EGF	1.0928163279	28800.0
AXL abundance	serum_fed_equilibrium	EGF	1.5113516851	86400.0
AXL abundance	serum_fed_equilibrium	EGF	1.4972905111	172800.0
AXL abundance	serum_fed_equilibrium	HGF only	0.9710857189	0.0
AXL abundance	serum_fed_equilibrium	HGF only	0.9819485989	3600.0
AXL abundance	serum_fed_equilibrium	HGF only	0.9667295975	14400.0
AXL abundance	serum_fed_equilibrium	HGF only	1.0805660287	28800.0
AXL abundance	serum_fed_equilibrium	HGF only	1.1031660508	86400.0
AXL abundance	serum_fed_equilibrium	HGF only	1.0357078	172800.0
AXL abundance	serum_fed_equilibrium	IFNG_EGF	0.9710857189	0.0
AXL abundance	serum_fed_equilibrium	IFNG_EGF	1.031254197	3600.0
AXL abundance	serum_fed_equilibrium	IFNG_EGF	1.0077193643	14400.0
AXL abundance	serum_fed_equilibrium	IFNG_EGF	1.0153180313	28800.0
AXL abundance	serum_fed_equilibrium	IFNG_EGF	0.9776924124	86400.0
AXL abundance	serum_fed_equilibrium	IFNG_EGF	1.0781472808	172800.0
AXL abundance	serum_fed_equilibrium	PBS only	0.9710857189	0.0
AXL abundance	serum_fed_equilibrium	PBS only	1.1184466185	3600.0
AXL abundance	serum_fed_equilibrium	PBS only	1.1141750346	14400.0
AXL abundance	serum_fed_equilibrium	PBS only	1.3653108172	28800.0
AXL abundance	serum_fed_equilibrium	PBS only	1.0428773468	86400.0
AXL abundance	serum_fed_equilibrium	PBS only	0.691846973	172800.0
VTCN1 abundance	serum_fed_equilibrium	EGF	1.0345477824	0.0
VTCN1 abundance	serum_fed_equilibrium	EGF	1.0113126653	3600.0
VTCN1 abundance	serum_fed_equilibrium	EGF	1.0350266718	14400.0
VTCN1 abundance	serum_fed_equilibrium	EGF	0.9791351948	28800.0
VTCN1 abundance	serum_fed_equilibrium	EGF	0.9630150616	86400.0
VTCN1 abundance	serum_fed_equilibrium	EGF	0.9278430946	172800.0
VTCN1 abundance	serum_fed_equilibrium	HGF only	1.0345477824	0.0
VTCN1 abundance	serum_fed_equilibrium	HGF only	0.9630182141	3600.0
VTCN1 abundance	serum_fed_equilibrium	HGF only	1.0247499394	14400.0
VTCN1 abundance	serum_fed_equilibrium	HGF only	0.9632952068	28800.0
VTCN1 abundance	serum_fed_equilibrium	HGF only	0.9858742456	86400.0
VTCN1 abundance	serum_fed_equilibrium	HGF only	0.9616639991	172800.0
VTCN1 abundance	serum_fed_equilibrium	IFNG_EGF	1.0345477824	0.0
VTCN1 abundance	serum_fed_equilibrium	IFNG_EGF	0.9460846819	3600.0
VTCN1 abundance	serum_fed_equilibrium	IFNG_EGF	0.9450332665	14400.0
VTCN1 abundance	serum_fed_equilibrium	IFNG_EGF	0.9974806965	28800.0
VTCN1 abundance	serum_fed_equilibrium	IFNG_EGF	0.942668276	86400.0
VTCN1 abundance	serum_fed_equilibrium	IFNG_EGF	1.0266027438	172800.0
VTCN1 abundance	serum_fed_equilibrium	PBS only	1.0345477824	0.0
VTCN1 abundance	serum_fed_equilibrium	PBS only	1.0556690412	3600.0
VTCN1 abundance	serum_fed_equilibrium	PBS only	1.0958852731	14400.0
VTCN1 abundance	serum_fed_equilibrium	PBS only	1.0816495864	28800.0
VTCN1 abundance	serum_fed_equilibrium	PBS only	1.0354530495	86400.0
VTCN1 abundance	serum_fed_equilibrium	PBS only	1.1315770731	172800.0
ACTB abundance	serum_fed_equilibrium	EGF	0.9328090115	0.0
ACTB abundance	serum_fed_equilibrium	EGF	0.9540289064	3600.0
ACTB abundance	serum_fed_equilibrium	EGF	0.9856757704	14400.0
ACTB abundance	serum_fed_equilibrium	EGF	0.9736285577	28800.0
ACTB abundance	serum_fed_equilibrium	EGF	0.9783667057	86400.0
ACTB abundance	serum_fed_equilibrium	EGF	1.0036221735	172800.0
ACTB abundance	serum_fed_equilibrium	HGF only	0.9328090115	0.0
ACTB abundance	serum_fed_equilibrium	HGF only	0.9872423315	3600.0
ACTB abundance	serum_fed_equilibrium	HGF only	0.9735130153	14400.0
ACTB abundance	serum_fed_equilibrium	HGF only	0.9626475781	28800.0
ACTB abundance	serum_fed_equilibrium	HGF only	0.9468475198	86400.0
ACTB abundance	serum_fed_equilibrium	HGF only	1.0318159249	172800.0
ACTB abundance	serum_fed_equilibrium	IFNG_EGF	0.9328090115	0.0
ACTB abundance	serum_fed_equilibrium	IFNG_EGF	0.9952644226	3600.0
ACTB abundance	serum_fed_equilibrium	IFNG_EGF	1.0522656667	14400.0
ACTB abundance	serum_fed_equilibrium	IFNG_EGF	1.1161499959	28800.0
ACTB abundance	serum_fed_equilibrium	IFNG_EGF	1.1528100932	86400.0
ACTB abundance	serum_fed_equilibrium	IFNG_EGF	0.8593985881	172800.0
ACTB abundance	serum_fed_equilibrium	PBS only	0.9328090115	0.0
ACTB abundance	serum_fed_equilibrium	PBS only	0.9494413837	3600.0
ACTB abundance	serum_fed_equilibrium	PBS only	0.9657058861	14400.0
ACTB abundance	serum_fed_equilibrium	PBS only	0.9147488708	28800.0
ACTB abundance	serum_fed_equilibrium	PBS only	0.8342407773	86400.0
ACTB abundance	serum_fed_equilibrium	PBS only	0.7573195584	172800.0
BAK1 abundance	serum_fed_equilibrium	EGF	1.0253660329	0.0
BAK1 abundance	serum_fed_equilibrium	EGF	1.0038500533	3600.0
BAK1 abundance	serum_fed_equilibrium	EGF	1.023837096	14400.0
BAK1 abundance	serum_fed_equilibrium	EGF	1.0057322519	28800.0
BAK1 abundance	serum_fed_equilibrium	EGF	1.0175665104	86400.0
BAK1 abundance	serum_fed_equilibrium	EGF	1.0381148852	172800.0
BAK1 abundance	serum_fed_equilibrium	HGF only	1.0253660329	0.0
BAK1 abundance	serum_fed_equilibrium	HGF only	0.9784351957	3600.0
BAK1 abundance	serum_fed_equilibrium	HGF only	0.9982498001	14400.0
BAK1 abundance	serum_fed_equilibrium	HGF only	1.0077057938	28800.0
BAK1 abundance	serum_fed_equilibrium	HGF only	1.0639302069	86400.0
BAK1 abundance	serum_fed_equilibrium	HGF only	1.0233957192	172800.0
BAK1 abundance	serum_fed_equilibrium	IFNG_EGF	1.0253660329	0.0
BAK1 abundance	serum_fed_equilibrium	IFNG_EGF	0.9789897803	3600.0
BAK1 abundance	serum_fed_equilibrium	IFNG_EGF	0.9378984939	14400.0
BAK1 abundance	serum_fed_equilibrium	IFNG_EGF	0.9868942695	28800.0
BAK1 abundance	serum_fed_equilibrium	IFNG_EGF	1.0290574831	86400.0
BAK1 abundance	serum_fed_equilibrium	IFNG_EGF	1.0675319449	172800.0
BAK1 abundance	serum_fed_equilibrium	PBS only	1.0253660329	0.0
BAK1 abundance	serum_fed_equilibrium	PBS only	1.0768436236	3600.0
BAK1 abundance	serum_fed_equilibrium	PBS only	1.0512266397	14400.0
BAK1 abundance	serum_fed_equilibrium	PBS only	1.0825675695	28800.0
BAK1 abundance	serum_fed_equilibrium	PBS only	1.0740118619	86400.0
BAK1 abundance	serum_fed_equilibrium	PBS only	1.1157433258	172800.0
BAP1 abundance	serum_fed_equilibrium	EGF	1.0436225935	0.0
BAP1 abundance	serum_fed_equilibrium	EGF	1.0102704444	3600.0
BAP1 abundance	serum_fed_equilibrium	EGF	1.0067605003	14400.0
BAP1 abundance	serum_fed_equilibrium	EGF	0.994086167	28800.0
BAP1 abundance	serum_fed_equilibrium	EGF	0.9656518225	86400.0
BAP1 abundance	serum_fed_equilibrium	EGF	1.0168413256	172800.0
BAP1 abundance	serum_fed_equilibrium	HGF only	1.0436225935	0.0
BAP1 abundance	serum_fed_equilibrium	HGF only	1.0399773899	3600.0
BAP1 abundance	serum_fed_equilibrium	HGF only	1.032894688	14400.0
BAP1 abundance	serum_fed_equilibrium	HGF only	0.9970475087	28800.0
BAP1 abundance	serum_fed_equilibrium	HGF only	1.0383621365	86400.0
BAP1 abundance	serum_fed_equilibrium	HGF only	0.9823535782	172800.0
BAP1 abundance	serum_fed_equilibrium	IFNG_EGF	1.0436225935	0.0
BAP1 abundance	serum_fed_equilibrium	IFNG_EGF	1.0133890834	3600.0
BAP1 abundance	serum_fed_equilibrium	IFNG_EGF	0.970699987	14400.0
BAP1 abundance	serum_fed_equilibrium	IFNG_EGF	0.9892244039	28800.0
BAP1 abundance	serum_fed_equilibrium	IFNG_EGF	0.9911832248	86400.0
BAP1 abundance	serum_fed_equilibrium	IFNG_EGF	0.981218079	172800.0
BAP1 abundance	serum_fed_equilibrium	PBS only	1.0436225935	0.0
BAP1 abundance	serum_fed_equilibrium	PBS only	1.0154243747	3600.0
BAP1 abundance	serum_fed_equilibrium	PBS only	1.0013895155	14400.0
BAP1 abundance	serum_fed_equilibrium	PBS only	0.9869773389	28800.0
BAP1 abundance	serum_fed_equilibrium	PBS only	0.9690234163	86400.0
BAP1 abundance	serum_fed_equilibrium	PBS only	0.9361995109	172800.0
BECN1 abundance	serum_fed_equilibrium	EGF	1.0255249346	0.0
BECN1 abundance	serum_fed_equilibrium	EGF	1.0010606222	3600.0
BECN1 abundance	serum_fed_equilibrium	EGF	1.0258862973	14400.0
BECN1 abundance	serum_fed_equilibrium	EGF	1.001484255	28800.0
BECN1 abundance	serum_fed_equilibrium	EGF	0.9488044291	86400.0
BECN1 abundance	serum_fed_equilibrium	EGF	0.9455457624	172800.0
BECN1 abundance	serum_fed_equilibrium	HGF only	1.0255249346	0.0
BECN1 abundance	serum_fed_equilibrium	HGF only	1.0254515395	3600.0
BECN1 abundance	serum_fed_equilibrium	HGF only	1.0312219698	14400.0
BECN1 abundance	serum_fed_equilibrium	HGF only	1.0048461953	28800.0
BECN1 abundance	serum_fed_equilibrium	HGF only	0.9849526662	86400.0
BECN1 abundance	serum_fed_equilibrium	HGF only	0.9851302603	172800.0
BECN1 abundance	serum_fed_equilibrium	IFNG_EGF	1.0255249346	0.0
BECN1 abundance	serum_fed_equilibrium	IFNG_EGF	1.0245718553	3600.0
BECN1 abundance	serum_fed_equilibrium	IFNG_EGF	0.9705317056	14400.0
BECN1 abundance	serum_fed_equilibrium	IFNG_EGF	1.0117539006	28800.0
BECN1 abundance	serum_fed_equilibrium	IFNG_EGF	0.9716097702	86400.0
BECN1 abundance	serum_fed_equilibrium	IFNG_EGF	1.0404425093	172800.0
BECN1 abundance	serum_fed_equilibrium	PBS only	1.0255249346	0.0
BECN1 abundance	serum_fed_equilibrium	PBS only	1.0405791547	3600.0
BECN1 abundance	serum_fed_equilibrium	PBS only	1.0471435974	14400.0
BECN1 abundance	serum_fed_equilibrium	PBS only	1.0405438358	28800.0
BECN1 abundance	serum_fed_equilibrium	PBS only	1.0338953362	86400.0
BECN1 abundance	serum_fed_equilibrium	PBS only	0.9958608211	172800.0
HSPA5 abundance	serum_fed_equilibrium	EGF	1.0350791882	0.0
HSPA5 abundance	serum_fed_equilibrium	EGF	1.0466263004	3600.0
HSPA5 abundance	serum_fed_equilibrium	EGF	1.0324828487	14400.0
HSPA5 abundance	serum_fed_equilibrium	EGF	1.0098119809	28800.0
HSPA5 abundance	serum_fed_equilibrium	EGF	0.9329262693	86400.0
HSPA5 abundance	serum_fed_equilibrium	EGF	0.8881003432	172800.0
HSPA5 abundance	serum_fed_equilibrium	HGF only	1.0350791882	0.0
HSPA5 abundance	serum_fed_equilibrium	HGF only	1.0455609409	3600.0
HSPA5 abundance	serum_fed_equilibrium	HGF only	1.0389102517	14400.0
HSPA5 abundance	serum_fed_equilibrium	HGF only	1.0187901632	28800.0
HSPA5 abundance	serum_fed_equilibrium	HGF only	0.9253597626	86400.0
HSPA5 abundance	serum_fed_equilibrium	HGF only	0.9255412801	172800.0
HSPA5 abundance	serum_fed_equilibrium	IFNG_EGF	1.0350791882	0.0
HSPA5 abundance	serum_fed_equilibrium	IFNG_EGF	1.061329501	3600.0
HSPA5 abundance	serum_fed_equilibrium	IFNG_EGF	0.9835892097	14400.0
HSPA5 abundance	serum_fed_equilibrium	IFNG_EGF	1.0018832528	28800.0
HSPA5 abundance	serum_fed_equilibrium	IFNG_EGF	0.9357812944	86400.0
HSPA5 abundance	serum_fed_equilibrium	IFNG_EGF	1.0181113436	172800.0
HSPA5 abundance	serum_fed_equilibrium	PBS only	1.0350791882	0.0
HSPA5 abundance	serum_fed_equilibrium	PBS only	1.0469873013	3600.0
HSPA5 abundance	serum_fed_equilibrium	PBS only	1.0618861739	14400.0
HSPA5 abundance	serum_fed_equilibrium	PBS only	1.0592044275	28800.0
HSPA5 abundance	serum_fed_equilibrium	PBS only	0.9979939959	86400.0
HSPA5 abundance	serum_fed_equilibrium	PBS only	1.1027359378	172800.0
BRD4 abundance	serum_fed_equilibrium	EGF	0.9851767225	0.0
BRD4 abundance	serum_fed_equilibrium	EGF	0.9926541408	3600.0
BRD4 abundance	serum_fed_equilibrium	EGF	1.0134930617	14400.0
BRD4 abundance	serum_fed_equilibrium	EGF	0.9990307494	28800.0
BRD4 abundance	serum_fed_equilibrium	EGF	1.1405468051	86400.0
BRD4 abundance	serum_fed_equilibrium	EGF	1.220538614	172800.0
BRD4 abundance	serum_fed_equilibrium	HGF only	0.9851767225	0.0
BRD4 abundance	serum_fed_equilibrium	HGF only	1.1049491206	3600.0
BRD4 abundance	serum_fed_equilibrium	HGF only	1.0286806481	14400.0
BRD4 abundance	serum_fed_equilibrium	HGF only	1.0437344709	28800.0
BRD4 abundance	serum_fed_equilibrium	HGF only	1.1770182748	86400.0
BRD4 abundance	serum_fed_equilibrium	HGF only	1.1416824503	172800.0
BRD4 abundance	serum_fed_equilibrium	IFNG_EGF	0.9851767225	0.0
BRD4 abundance	serum_fed_equilibrium	IFNG_EGF	1.0104477684	3600.0
BRD4 abundance	serum_fed_equilibrium	IFNG_EGF	0.9664702746	14400.0
BRD4 abundance	serum_fed_equilibrium	IFNG_EGF	0.9609456784	28800.0
BRD4 abundance	serum_fed_equilibrium	IFNG_EGF	1.100459384	86400.0
BRD4 abundance	serum_fed_equilibrium	IFNG_EGF	1.0911443889	172800.0
BRD4 abundance	serum_fed_equilibrium	PBS only	0.9851767225	0.0
BRD4 abundance	serum_fed_equilibrium	PBS only	1.0211344424	3600.0
BRD4 abundance	serum_fed_equilibrium	PBS only	0.9827089711	14400.0
BRD4 abundance	serum_fed_equilibrium	PBS only	0.9801749433	28800.0
BRD4 abundance	serum_fed_equilibrium	PBS only	1.0301458434	86400.0
BRD4 abundance	serum_fed_equilibrium	PBS only	0.8902039215	172800.0
ABL1 abundance	serum_fed_equilibrium	EGF	0.9996316794	0.0
ABL1 abundance	serum_fed_equilibrium	EGF	0.9631235219	3600.0
ABL1 abundance	serum_fed_equilibrium	EGF	0.9794463689	14400.0
ABL1 abundance	serum_fed_equilibrium	EGF	0.9446684546	28800.0
ABL1 abundance	serum_fed_equilibrium	EGF	0.9187327328	86400.0
ABL1 abundance	serum_fed_equilibrium	EGF	0.9615739381	172800.0
ABL1 abundance	serum_fed_equilibrium	HGF only	0.9996316794	0.0
ABL1 abundance	serum_fed_equilibrium	HGF only	1.0003358389	3600.0
ABL1 abundance	serum_fed_equilibrium	HGF only	0.963960766	14400.0
ABL1 abundance	serum_fed_equilibrium	HGF only	0.9729362111	28800.0
ABL1 abundance	serum_fed_equilibrium	HGF only	0.9940733054	86400.0
ABL1 abundance	serum_fed_equilibrium	HGF only	0.9732341549	172800.0
ABL1 abundance	serum_fed_equilibrium	IFNG_EGF	0.9996316794	0.0
ABL1 abundance	serum_fed_equilibrium	IFNG_EGF	0.9563237439	3600.0
ABL1 abundance	serum_fed_equilibrium	IFNG_EGF	0.9898433814	14400.0
ABL1 abundance	serum_fed_equilibrium	IFNG_EGF	0.9630783701	28800.0
ABL1 abundance	serum_fed_equilibrium	IFNG_EGF	0.9076882375	86400.0
ABL1 abundance	serum_fed_equilibrium	IFNG_EGF	0.9648055526	172800.0
ABL1 abundance	serum_fed_equilibrium	PBS only	0.9996316794	0.0
ABL1 abundance	serum_fed_equilibrium	PBS only	0.9949387886	3600.0
ABL1 abundance	serum_fed_equilibrium	PBS only	1.0131849091	14400.0
ABL1 abundance	serum_fed_equilibrium	PBS only	0.9981139991	28800.0
ABL1 abundance	serum_fed_equilibrium	PBS only	0.938235347	86400.0
ABL1 abundance	serum_fed_equilibrium	PBS only	0.9909334754	172800.0
CAV1 abundance	serum_fed_equilibrium	EGF	0.879530592	0.0
CAV1 abundance	serum_fed_equilibrium	EGF	1.005509007	3600.0
CAV1 abundance	serum_fed_equilibrium	EGF	0.9261112955	14400.0
CAV1 abundance	serum_fed_equilibrium	EGF	1.0060101315	28800.0
CAV1 abundance	serum_fed_equilibrium	EGF	1.3528990219	86400.0
CAV1 abundance	serum_fed_equilibrium	EGF	1.9095418685	172800.0
CAV1 abundance	serum_fed_equilibrium	HGF only	0.879530592	0.0
CAV1 abundance	serum_fed_equilibrium	HGF only	1.0368323298	3600.0
CAV1 abundance	serum_fed_equilibrium	HGF only	0.981706493	14400.0
CAV1 abundance	serum_fed_equilibrium	HGF only	1.079417351	28800.0
CAV1 abundance	serum_fed_equilibrium	HGF only	1.5001602744	86400.0
CAV1 abundance	serum_fed_equilibrium	HGF only	2.1309885818	172800.0
CAV1 abundance	serum_fed_equilibrium	IFNG_EGF	0.879530592	0.0
CAV1 abundance	serum_fed_equilibrium	IFNG_EGF	0.9233837561	3600.0
CAV1 abundance	serum_fed_equilibrium	IFNG_EGF	0.9406897766	14400.0
CAV1 abundance	serum_fed_equilibrium	IFNG_EGF	0.9758150698	28800.0
CAV1 abundance	serum_fed_equilibrium	IFNG_EGF	0.9591885565	86400.0
CAV1 abundance	serum_fed_equilibrium	IFNG_EGF	1.0408089803	172800.0
CAV1 abundance	serum_fed_equilibrium	PBS only	0.879530592	0.0
CAV1 abundance	serum_fed_equilibrium	PBS only	0.8857263871	3600.0
CAV1 abundance	serum_fed_equilibrium	PBS only	0.8241532302	14400.0
CAV1 abundance	serum_fed_equilibrium	PBS only	0.9035477203	28800.0
CAV1 abundance	serum_fed_equilibrium	PBS only	1.2512356538	86400.0
CAV1 abundance	serum_fed_equilibrium	PBS only	1.0256857152	172800.0
TNFRSF4 abundance	serum_fed_equilibrium	EGF	1.0670394798	0.0
TNFRSF4 abundance	serum_fed_equilibrium	EGF	1.047864957	3600.0
TNFRSF4 abundance	serum_fed_equilibrium	EGF	1.0418445387	14400.0
TNFRSF4 abundance	serum_fed_equilibrium	EGF	1.0043806632	28800.0
TNFRSF4 abundance	serum_fed_equilibrium	EGF	1.0103156363	86400.0
TNFRSF4 abundance	serum_fed_equilibrium	EGF	0.9436868603	172800.0
TNFRSF4 abundance	serum_fed_equilibrium	HGF only	1.0670394798	0.0
TNFRSF4 abundance	serum_fed_equilibrium	HGF only	1.0215131618	3600.0
TNFRSF4 abundance	serum_fed_equilibrium	HGF only	1.0523337025	14400.0
TNFRSF4 abundance	serum_fed_equilibrium	HGF only	1.0245705005	28800.0
TNFRSF4 abundance	serum_fed_equilibrium	HGF only	0.9800638605	86400.0
TNFRSF4 abundance	serum_fed_equilibrium	HGF only	0.9920528019	172800.0
TNFRSF4 abundance	serum_fed_equilibrium	IFNG_EGF	1.0670394798	0.0
TNFRSF4 abundance	serum_fed_equilibrium	IFNG_EGF	1.0288734808	3600.0
TNFRSF4 abundance	serum_fed_equilibrium	IFNG_EGF	0.9811339303	14400.0
TNFRSF4 abundance	serum_fed_equilibrium	IFNG_EGF	1.0021925388	28800.0
TNFRSF4 abundance	serum_fed_equilibrium	IFNG_EGF	0.9246368286	86400.0
TNFRSF4 abundance	serum_fed_equilibrium	IFNG_EGF	0.9997589258	172800.0
TNFRSF4 abundance	serum_fed_equilibrium	PBS only	1.0670394798	0.0
TNFRSF4 abundance	serum_fed_equilibrium	PBS only	1.105132645	3600.0
TNFRSF4 abundance	serum_fed_equilibrium	PBS only	1.1540210909	14400.0
TNFRSF4 abundance	serum_fed_equilibrium	PBS only	1.1461701361	28800.0
TNFRSF4 abundance	serum_fed_equilibrium	PBS only	1.0408502834	86400.0
TNFRSF4 abundance	serum_fed_equilibrium	PBS only	1.1755156771	172800.0
L1CAM abundance	serum_fed_equilibrium	EGF	1.2209458709	0.0
L1CAM abundance	serum_fed_equilibrium	EGF	1.1250756127	3600.0
L1CAM abundance	serum_fed_equilibrium	EGF	1.0944063011	14400.0
L1CAM abundance	serum_fed_equilibrium	EGF	1.0169569171	28800.0
L1CAM abundance	serum_fed_equilibrium	EGF	0.9597905268	86400.0
L1CAM abundance	serum_fed_equilibrium	EGF	0.7336863283	172800.0
L1CAM abundance	serum_fed_equilibrium	HGF only	1.2209458709	0.0
L1CAM abundance	serum_fed_equilibrium	HGF only	1.1470891462	3600.0
L1CAM abundance	serum_fed_equilibrium	HGF only	1.1022001877	14400.0
L1CAM abundance	serum_fed_equilibrium	HGF only	1.0596481893	28800.0
L1CAM abundance	serum_fed_equilibrium	HGF only	0.8719249194	86400.0
L1CAM abundance	serum_fed_equilibrium	HGF only	0.6787503386	172800.0
L1CAM abundance	serum_fed_equilibrium	IFNG_EGF	1.2209458709	0.0
L1CAM abundance	serum_fed_equilibrium	IFNG_EGF	1.1204579747	3600.0
L1CAM abundance	serum_fed_equilibrium	IFNG_EGF	1.0848936057	14400.0
L1CAM abundance	serum_fed_equilibrium	IFNG_EGF	0.9609941034	28800.0
L1CAM abundance	serum_fed_equilibrium	IFNG_EGF	0.5774440917	86400.0
L1CAM abundance	serum_fed_equilibrium	IFNG_EGF	0.438720817	172800.0
L1CAM abundance	serum_fed_equilibrium	PBS only	1.2209458709	0.0
L1CAM abundance	serum_fed_equilibrium	PBS only	1.3656090493	3600.0
L1CAM abundance	serum_fed_equilibrium	PBS only	1.3798293226	14400.0
L1CAM abundance	serum_fed_equilibrium	PBS only	1.2787502708	28800.0
L1CAM abundance	serum_fed_equilibrium	PBS only	0.8242973532	86400.0
L1CAM abundance	serum_fed_equilibrium	PBS only	0.5439307449	172800.0
MS4A1 abundance	serum_fed_equilibrium	EGF	1.017999664	0.0
MS4A1 abundance	serum_fed_equilibrium	EGF	1.0308014632	3600.0
MS4A1 abundance	serum_fed_equilibrium	EGF	1.0072797681	14400.0
MS4A1 abundance	serum_fed_equilibrium	EGF	1.0043723944	28800.0
MS4A1 abundance	serum_fed_equilibrium	EGF	1.0078742904	86400.0
MS4A1 abundance	serum_fed_equilibrium	EGF	0.9935357537	172800.0
MS4A1 abundance	serum_fed_equilibrium	HGF only	1.017999664	0.0
MS4A1 abundance	serum_fed_equilibrium	HGF only	1.0447520131	3600.0
MS4A1 abundance	serum_fed_equilibrium	HGF only	1.0139629144	14400.0
MS4A1 abundance	serum_fed_equilibrium	HGF only	1.0249732396	28800.0
MS4A1 abundance	serum_fed_equilibrium	HGF only	1.0171513785	86400.0
MS4A1 abundance	serum_fed_equilibrium	HGF only	0.995894601	172800.0
MS4A1 abundance	serum_fed_equilibrium	IFNG_EGF	1.017999664	0.0
MS4A1 abundance	serum_fed_equilibrium	IFNG_EGF	0.985640343	3600.0
MS4A1 abundance	serum_fed_equilibrium	IFNG_EGF	0.9569725253	14400.0
MS4A1 abundance	serum_fed_equilibrium	IFNG_EGF	1.0337015328	28800.0
MS4A1 abundance	serum_fed_equilibrium	IFNG_EGF	0.9366465872	86400.0
MS4A1 abundance	serum_fed_equilibrium	IFNG_EGF	0.9920119782	172800.0
MS4A1 abundance	serum_fed_equilibrium	PBS only	1.017999664	0.0
MS4A1 abundance	serum_fed_equilibrium	PBS only	1.0124091284	3600.0
MS4A1 abundance	serum_fed_equilibrium	PBS only	1.0392979393	14400.0
MS4A1 abundance	serum_fed_equilibrium	PBS only	1.0419777011	28800.0
MS4A1 abundance	serum_fed_equilibrium	PBS only	1.0139785345	86400.0
MS4A1 abundance	serum_fed_equilibrium	PBS only	1.1164901487	172800.0
ITGB1 abundance	serum_fed_equilibrium	EGF	1.0368297955	0.0
ITGB1 abundance	serum_fed_equilibrium	EGF	1.0595694654	3600.0
ITGB1 abundance	serum_fed_equilibrium	EGF	1.0497813389	14400.0
ITGB1 abundance	serum_fed_equilibrium	EGF	1.005757117	28800.0
ITGB1 abundance	serum_fed_equilibrium	EGF	1.0298690718	86400.0
ITGB1 abundance	serum_fed_equilibrium	EGF	0.9927488935	172800.0
ITGB1 abundance	serum_fed_equilibrium	HGF only	1.0368297955	0.0
ITGB1 abundance	serum_fed_equilibrium	HGF only	1.0608836609	3600.0
ITGB1 abundance	serum_fed_equilibrium	HGF only	1.0400276904	14400.0
ITGB1 abundance	serum_fed_equilibrium	HGF only	1.0311886114	28800.0
ITGB1 abundance	serum_fed_equilibrium	HGF only	0.9237234245	86400.0
ITGB1 abundance	serum_fed_equilibrium	HGF only	0.9709871337	172800.0
ITGB1 abundance	serum_fed_equilibrium	IFNG_EGF	1.0368297955	0.0
ITGB1 abundance	serum_fed_equilibrium	IFNG_EGF	1.0590998495	3600.0
ITGB1 abundance	serum_fed_equilibrium	IFNG_EGF	0.9986321801	14400.0
ITGB1 abundance	serum_fed_equilibrium	IFNG_EGF	1.0056315627	28800.0
ITGB1 abundance	serum_fed_equilibrium	IFNG_EGF	0.9387760441	86400.0
ITGB1 abundance	serum_fed_equilibrium	IFNG_EGF	0.9407284157	172800.0
ITGB1 abundance	serum_fed_equilibrium	PBS only	1.0368297955	0.0
ITGB1 abundance	serum_fed_equilibrium	PBS only	1.0422200004	3600.0
ITGB1 abundance	serum_fed_equilibrium	PBS only	1.0151394977	14400.0
ITGB1 abundance	serum_fed_equilibrium	PBS only	1.0272060942	28800.0
ITGB1 abundance	serum_fed_equilibrium	PBS only	1.0044523445	86400.0
ITGB1 abundance	serum_fed_equilibrium	PBS only	1.0303451068	172800.0
CD44 abundance	serum_fed_equilibrium	EGF	0.9486940889	0.0
CD44 abundance	serum_fed_equilibrium	EGF	0.9710690372	3600.0
CD44 abundance	serum_fed_equilibrium	EGF	0.9873582434	14400.0
CD44 abundance	serum_fed_equilibrium	EGF	0.9836331771	28800.0
CD44 abundance	serum_fed_equilibrium	EGF	0.9236485956	86400.0
CD44 abundance	serum_fed_equilibrium	EGF	0.9762173502	172800.0
CD44 abundance	serum_fed_equilibrium	HGF only	0.9486940889	0.0
CD44 abundance	serum_fed_equilibrium	HGF only	1.0205867577	3600.0
CD44 abundance	serum_fed_equilibrium	HGF only	0.9898186525	14400.0
CD44 abundance	serum_fed_equilibrium	HGF only	1.0026776959	28800.0
CD44 abundance	serum_fed_equilibrium	HGF only	0.8791868049	86400.0
CD44 abundance	serum_fed_equilibrium	HGF only	0.9474931661	172800.0
CD44 abundance	serum_fed_equilibrium	IFNG_EGF	0.9486940889	0.0
CD44 abundance	serum_fed_equilibrium	IFNG_EGF	1.0328422028	3600.0
CD44 abundance	serum_fed_equilibrium	IFNG_EGF	0.9671259664	14400.0
CD44 abundance	serum_fed_equilibrium	IFNG_EGF	1.0079039338	28800.0
CD44 abundance	serum_fed_equilibrium	IFNG_EGF	0.9897210216	86400.0
CD44 abundance	serum_fed_equilibrium	IFNG_EGF	0.9709410595	172800.0
CD44 abundance	serum_fed_equilibrium	PBS only	0.9486940889	0.0
CD44 abundance	serum_fed_equilibrium	PBS only	0.9287815147	3600.0
CD44 abundance	serum_fed_equilibrium	PBS only	0.9642429547	14400.0
CD44 abundance	serum_fed_equilibrium	PBS only	0.9086238161	28800.0
CD44 abundance	serum_fed_equilibrium	PBS only	0.8978946383	86400.0
CD44 abundance	serum_fed_equilibrium	PBS only	1.0404436067	172800.0
PTPRC abundance	serum_fed_equilibrium	EGF	1.0368041478	0.0
PTPRC abundance	serum_fed_equilibrium	EGF	1.0439689034	3600.0
PTPRC abundance	serum_fed_equilibrium	EGF	1.0220822358	14400.0
PTPRC abundance	serum_fed_equilibrium	EGF	1.0169510791	28800.0
PTPRC abundance	serum_fed_equilibrium	EGF	0.9598814966	86400.0
PTPRC abundance	serum_fed_equilibrium	EGF	0.999102636	172800.0
PTPRC abundance	serum_fed_equilibrium	HGF only	1.0368041478	0.0
PTPRC abundance	serum_fed_equilibrium	HGF only	1.0013161591	3600.0
PTPRC abundance	serum_fed_equilibrium	HGF only	1.0323722359	14400.0
PTPRC abundance	serum_fed_equilibrium	HGF only	1.0356855607	28800.0
PTPRC abundance	serum_fed_equilibrium	HGF only	1.0081400782	86400.0
PTPRC abundance	serum_fed_equilibrium	HGF only	1.0541198424	172800.0
PTPRC abundance	serum_fed_equilibrium	IFNG_EGF	1.0368041478	0.0
PTPRC abundance	serum_fed_equilibrium	IFNG_EGF	1.0051178949	3600.0
PTPRC abundance	serum_fed_equilibrium	IFNG_EGF	0.9737011505	14400.0
PTPRC abundance	serum_fed_equilibrium	IFNG_EGF	1.0332358055	28800.0
PTPRC abundance	serum_fed_equilibrium	IFNG_EGF	0.9974842438	86400.0
PTPRC abundance	serum_fed_equilibrium	IFNG_EGF	1.085527105	172800.0
PTPRC abundance	serum_fed_equilibrium	PBS only	1.0368041478	0.0
PTPRC abundance	serum_fed_equilibrium	PBS only	0.9949234257	3600.0
PTPRC abundance	serum_fed_equilibrium	PBS only	0.9943111886	14400.0
PTPRC abundance	serum_fed_equilibrium	PBS only	1.0154553173	28800.0
PTPRC abundance	serum_fed_equilibrium	PBS only	1.0345919105	86400.0
PTPRC abundance	serum_fed_equilibrium	PBS only	1.1750172103	172800.0
ITGA2 abundance	serum_fed_equilibrium	EGF	0.9737962072	0.0
ITGA2 abundance	serum_fed_equilibrium	EGF	0.9589251303	3600.0
ITGA2 abundance	serum_fed_equilibrium	EGF	0.9363001026	14400.0
ITGA2 abundance	serum_fed_equilibrium	EGF	0.99392203	28800.0
ITGA2 abundance	serum_fed_equilibrium	EGF	0.9711117449	86400.0
ITGA2 abundance	serum_fed_equilibrium	EGF	0.9431622819	172800.0
ITGA2 abundance	serum_fed_equilibrium	HGF only	0.9737962072	0.0
ITGA2 abundance	serum_fed_equilibrium	HGF only	0.992335568	3600.0
ITGA2 abundance	serum_fed_equilibrium	HGF only	0.9574929618	14400.0
ITGA2 abundance	serum_fed_equilibrium	HGF only	0.9096028304	28800.0
ITGA2 abundance	serum_fed_equilibrium	HGF only	0.8998055512	86400.0
ITGA2 abundance	serum_fed_equilibrium	HGF only	0.8775223759	172800.0
ITGA2 abundance	serum_fed_equilibrium	IFNG_EGF	0.9737962072	0.0
ITGA2 abundance	serum_fed_equilibrium	IFNG_EGF	1.0089840255	3600.0
ITGA2 abundance	serum_fed_equilibrium	IFNG_EGF	1.0188669598	14400.0
ITGA2 abundance	serum_fed_equilibrium	IFNG_EGF	1.018570454	28800.0
ITGA2 abundance	serum_fed_equilibrium	IFNG_EGF	0.8980644355	86400.0
ITGA2 abundance	serum_fed_equilibrium	IFNG_EGF	0.8463093013	172800.0
ITGA2 abundance	serum_fed_equilibrium	PBS only	0.9737962072	0.0
ITGA2 abundance	serum_fed_equilibrium	PBS only	0.9712811086	3600.0
ITGA2 abundance	serum_fed_equilibrium	PBS only	0.9499014789	14400.0
ITGA2 abundance	serum_fed_equilibrium	PBS only	0.8734010821	28800.0
ITGA2 abundance	serum_fed_equilibrium	PBS only	0.8089581446	86400.0
ITGA2 abundance	serum_fed_equilibrium	PBS only	0.8415409055	172800.0
CDC25C abundance	serum_fed_equilibrium	EGF	0.9637259369	0.0
CDC25C abundance	serum_fed_equilibrium	EGF	0.9699861271	3600.0
CDC25C abundance	serum_fed_equilibrium	EGF	0.9624607205	14400.0
CDC25C abundance	serum_fed_equilibrium	EGF	0.9721010049	28800.0
CDC25C abundance	serum_fed_equilibrium	EGF	1.2091050556	86400.0
CDC25C abundance	serum_fed_equilibrium	EGF	1.2672509113	172800.0
CDC25C abundance	serum_fed_equilibrium	HGF only	0.9637259369	0.0
CDC25C abundance	serum_fed_equilibrium	HGF only	0.9925581232	3600.0
CDC25C abundance	serum_fed_equilibrium	HGF only	0.9922046824	14400.0
CDC25C abundance	serum_fed_equilibrium	HGF only	1.076250408	28800.0
CDC25C abundance	serum_fed_equilibrium	HGF only	1.053210567	86400.0
CDC25C abundance	serum_fed_equilibrium	HGF only	0.8684833903	172800.0
CDC25C abundance	serum_fed_equilibrium	IFNG_EGF	0.9637259369	0.0
CDC25C abundance	serum_fed_equilibrium	IFNG_EGF	1.0109649649	3600.0
CDC25C abundance	serum_fed_equilibrium	IFNG_EGF	0.9983318884	14400.0
CDC25C abundance	serum_fed_equilibrium	IFNG_EGF	0.9533988966	28800.0
CDC25C abundance	serum_fed_equilibrium	IFNG_EGF	1.0129619148	86400.0
CDC25C abundance	serum_fed_equilibrium	IFNG_EGF	1.0399802975	172800.0
CDC25C abundance	serum_fed_equilibrium	PBS only	0.9637259369	0.0
CDC25C abundance	serum_fed_equilibrium	PBS only	0.9910931101	3600.0
CDC25C abundance	serum_fed_equilibrium	PBS only	0.998450425	14400.0
CDC25C abundance	serum_fed_equilibrium	PBS only	1.1386018191	28800.0
CDC25C abundance	serum_fed_equilibrium	PBS only	0.7444117803	86400.0
CDC25C abundance	serum_fed_equilibrium	PBS only	0.3462605413	172800.0
CDK1 abundance	serum_fed_equilibrium	EGF	0.9133972035	0.0
CDK1 abundance	serum_fed_equilibrium	EGF	0.8993316391	3600.0
CDK1 abundance	serum_fed_equilibrium	EGF	1.0830568168	14400.0
CDK1 abundance	serum_fed_equilibrium	EGF	1.0752219814	28800.0
CDK1 abundance	serum_fed_equilibrium	EGF	1.5318199604	86400.0
CDK1 abundance	serum_fed_equilibrium	EGF	1.5062729225	172800.0
CDK1 abundance	serum_fed_equilibrium	HGF only	0.9133972035	0.0
CDK1 abundance	serum_fed_equilibrium	HGF only	0.9786540133	3600.0
CDK1 abundance	serum_fed_equilibrium	HGF only	1.1249113695	14400.0
CDK1 abundance	serum_fed_equilibrium	HGF only	1.1015996105	28800.0
CDK1 abundance	serum_fed_equilibrium	HGF only	0.88642621	86400.0
CDK1 abundance	serum_fed_equilibrium	HGF only	0.6023770803	172800.0
CDK1 abundance	serum_fed_equilibrium	IFNG_EGF	0.9133972035	0.0
CDK1 abundance	serum_fed_equilibrium	IFNG_EGF	0.9246155593	3600.0
CDK1 abundance	serum_fed_equilibrium	IFNG_EGF	1.071182069	14400.0
CDK1 abundance	serum_fed_equilibrium	IFNG_EGF	1.1053561977	28800.0
CDK1 abundance	serum_fed_equilibrium	IFNG_EGF	1.138555189	86400.0
CDK1 abundance	serum_fed_equilibrium	IFNG_EGF	0.6624804589	172800.0
CDK1 abundance	serum_fed_equilibrium	PBS only	0.9133972035	0.0
CDK1 abundance	serum_fed_equilibrium	PBS only	0.9797559431	3600.0
CDK1 abundance	serum_fed_equilibrium	PBS only	1.0988327421	14400.0
CDK1 abundance	serum_fed_equilibrium	PBS only	0.9427748943	28800.0
CDK1 abundance	serum_fed_equilibrium	PBS only	0.2386435138	86400.0
CDK1 abundance	serum_fed_equilibrium	PBS only	0.1182392472	172800.0
CHEK2 abundance	serum_fed_equilibrium	EGF	1.0040138985	0.0
CHEK2 abundance	serum_fed_equilibrium	EGF	1.0013819571	3600.0
CHEK2 abundance	serum_fed_equilibrium	EGF	0.9818238575	14400.0
CHEK2 abundance	serum_fed_equilibrium	EGF	0.9781930626	28800.0
CHEK2 abundance	serum_fed_equilibrium	EGF	0.9780444324	86400.0
CHEK2 abundance	serum_fed_equilibrium	EGF	1.0827464367	172800.0
CHEK2 abundance	serum_fed_equilibrium	HGF only	1.0040138985	0.0
CHEK2 abundance	serum_fed_equilibrium	HGF only	1.0366620441	3600.0
CHEK2 abundance	serum_fed_equilibrium	HGF only	1.0245275168	14400.0
CHEK2 abundance	serum_fed_equilibrium	HGF only	0.9629498772	28800.0
CHEK2 abundance	serum_fed_equilibrium	HGF only	0.9753255948	86400.0
CHEK2 abundance	serum_fed_equilibrium	HGF only	0.9953602116	172800.0
CHEK2 abundance	serum_fed_equilibrium	IFNG_EGF	1.0040138985	0.0
CHEK2 abundance	serum_fed_equilibrium	IFNG_EGF	1.0477479348	3600.0
CHEK2 abundance	serum_fed_equilibrium	IFNG_EGF	1.0080040893	14400.0
CHEK2 abundance	serum_fed_equilibrium	IFNG_EGF	0.9769180494	28800.0
CHEK2 abundance	serum_fed_equilibrium	IFNG_EGF	0.9913578026	86400.0
CHEK2 abundance	serum_fed_equilibrium	IFNG_EGF	1.1140089975	172800.0
CHEK2 abundance	serum_fed_equilibrium	PBS only	1.0040138985	0.0
CHEK2 abundance	serum_fed_equilibrium	PBS only	1.0086435355	3600.0
CHEK2 abundance	serum_fed_equilibrium	PBS only	1.0199116434	14400.0
CHEK2 abundance	serum_fed_equilibrium	PBS only	1.0073192224	28800.0
CHEK2 abundance	serum_fed_equilibrium	PBS only	0.944980266	86400.0
CHEK2 abundance	serum_fed_equilibrium	PBS only	0.9157018093	172800.0
BIRC3 abundance	serum_fed_equilibrium	EGF	0.9514352432	0.0
BIRC3 abundance	serum_fed_equilibrium	EGF	0.9159009189	3600.0
BIRC3 abundance	serum_fed_equilibrium	EGF	0.9410240955	14400.0
BIRC3 abundance	serum_fed_equilibrium	EGF	0.9369444296	28800.0
BIRC3 abundance	serum_fed_equilibrium	EGF	0.9375474919	86400.0
BIRC3 abundance	serum_fed_equilibrium	EGF	1.0207952825	172800.0
BIRC3 abundance	serum_fed_equilibrium	HGF only	0.9514352432	0.0
BIRC3 abundance	serum_fed_equilibrium	HGF only	0.9104605586	3600.0
BIRC3 abundance	serum_fed_equilibrium	HGF only	0.9409878365	14400.0
BIRC3 abundance	serum_fed_equilibrium	HGF only	0.9367546842	28800.0
BIRC3 abundance	serum_fed_equilibrium	HGF only	1.0090000767	86400.0
BIRC3 abundance	serum_fed_equilibrium	HGF only	1.0971960075	172800.0
BIRC3 abundance	serum_fed_equilibrium	IFNG_EGF	0.9514352432	0.0
BIRC3 abundance	serum_fed_equilibrium	IFNG_EGF	0.9476254973	3600.0
BIRC3 abundance	serum_fed_equilibrium	IFNG_EGF	0.9694938056	14400.0
BIRC3 abundance	serum_fed_equilibrium	IFNG_EGF	1.0270625027	28800.0
BIRC3 abundance	serum_fed_equilibrium	IFNG_EGF	1.3268357103	86400.0
BIRC3 abundance	serum_fed_equilibrium	IFNG_EGF	1.5848938425	172800.0
BIRC3 abundance	serum_fed_equilibrium	PBS only	0.9514352432	0.0
BIRC3 abundance	serum_fed_equilibrium	PBS only	0.9660395843	3600.0
BIRC3 abundance	serum_fed_equilibrium	PBS only	0.9579147294	14400.0
BIRC3 abundance	serum_fed_equilibrium	PBS only	0.9569868625	28800.0
BIRC3 abundance	serum_fed_equilibrium	PBS only	1.0606653132	86400.0
BIRC3 abundance	serum_fed_equilibrium	PBS only	1.1967202607	172800.0
KIT abundance	serum_fed_equilibrium	EGF	0.9895358574	0.0
KIT abundance	serum_fed_equilibrium	EGF	0.9962528048	3600.0
KIT abundance	serum_fed_equilibrium	EGF	0.9420901912	14400.0
KIT abundance	serum_fed_equilibrium	EGF	0.9910035259	28800.0
KIT abundance	serum_fed_equilibrium	EGF	1.0111821706	86400.0
KIT abundance	serum_fed_equilibrium	EGF	1.0323221684	172800.0
KIT abundance	serum_fed_equilibrium	HGF only	0.9895358574	0.0
KIT abundance	serum_fed_equilibrium	HGF only	1.0541836602	3600.0
KIT abundance	serum_fed_equilibrium	HGF only	0.994178133	14400.0
KIT abundance	serum_fed_equilibrium	HGF only	0.9958990662	28800.0
KIT abundance	serum_fed_equilibrium	HGF only	1.0089433987	86400.0
KIT abundance	serum_fed_equilibrium	HGF only	1.0246085468	172800.0
KIT abundance	serum_fed_equilibrium	IFNG_EGF	0.9895358574	0.0
KIT abundance	serum_fed_equilibrium	IFNG_EGF	1.0252300492	3600.0
KIT abundance	serum_fed_equilibrium	IFNG_EGF	0.9967236233	14400.0
KIT abundance	serum_fed_equilibrium	IFNG_EGF	0.9872521792	28800.0
KIT abundance	serum_fed_equilibrium	IFNG_EGF	1.0879831563	86400.0
KIT abundance	serum_fed_equilibrium	IFNG_EGF	1.0802425601	172800.0
KIT abundance	serum_fed_equilibrium	PBS only	0.9895358574	0.0
KIT abundance	serum_fed_equilibrium	PBS only	0.9654445025	3600.0
KIT abundance	serum_fed_equilibrium	PBS only	0.9695192537	14400.0
KIT abundance	serum_fed_equilibrium	PBS only	0.9861735152	28800.0
KIT abundance	serum_fed_equilibrium	PBS only	1.0186054361	86400.0
KIT abundance	serum_fed_equilibrium	PBS only	1.0698947884	172800.0
CLDN7 abundance	serum_fed_equilibrium	EGF	0.8551835047	0.0
CLDN7 abundance	serum_fed_equilibrium	EGF	0.8767006133	3600.0
CLDN7 abundance	serum_fed_equilibrium	EGF	0.9645433244	14400.0
CLDN7 abundance	serum_fed_equilibrium	EGF	1.0560676661	28800.0
CLDN7 abundance	serum_fed_equilibrium	EGF	0.8954032759	86400.0
CLDN7 abundance	serum_fed_equilibrium	EGF	0.9833158171	172800.0
CLDN7 abundance	serum_fed_equilibrium	HGF only	0.8551835047	0.0
CLDN7 abundance	serum_fed_equilibrium	HGF only	0.8746206375	3600.0
CLDN7 abundance	serum_fed_equilibrium	HGF only	0.9998549757	14400.0
CLDN7 abundance	serum_fed_equilibrium	HGF only	1.0575929376	28800.0
CLDN7 abundance	serum_fed_equilibrium	HGF only	1.3167422	86400.0
CLDN7 abundance	serum_fed_equilibrium	HGF only	2.3414400896	172800.0
CLDN7 abundance	serum_fed_equilibrium	IFNG_EGF	0.8551835047	0.0
CLDN7 abundance	serum_fed_equilibrium	IFNG_EGF	0.8602654985	3600.0
CLDN7 abundance	serum_fed_equilibrium	IFNG_EGF	0.971682689	14400.0
CLDN7 abundance	serum_fed_equilibrium	IFNG_EGF	1.0297452278	28800.0
CLDN7 abundance	serum_fed_equilibrium	IFNG_EGF	0.7398317629	86400.0
CLDN7 abundance	serum_fed_equilibrium	IFNG_EGF	0.7251898313	172800.0
CLDN7 abundance	serum_fed_equilibrium	PBS only	0.8551835047	0.0
CLDN7 abundance	serum_fed_equilibrium	PBS only	0.9297766199	3600.0
CLDN7 abundance	serum_fed_equilibrium	PBS only	1.0143041494	14400.0
CLDN7 abundance	serum_fed_equilibrium	PBS only	1.1140677593	28800.0
CLDN7 abundance	serum_fed_equilibrium	PBS only	1.6233160593	86400.0
CLDN7 abundance	serum_fed_equilibrium	PBS only	1.5017027022	172800.0
COG3 abundance	serum_fed_equilibrium	EGF	0.9726371916	0.0
COG3 abundance	serum_fed_equilibrium	EGF	0.9599790635	3600.0
COG3 abundance	serum_fed_equilibrium	EGF	0.9406471842	14400.0
COG3 abundance	serum_fed_equilibrium	EGF	0.9681696276	28800.0
COG3 abundance	serum_fed_equilibrium	EGF	0.9476175956	86400.0
COG3 abundance	serum_fed_equilibrium	EGF	0.9704133375	172800.0
COG3 abundance	serum_fed_equilibrium	HGF only	0.9726371916	0.0
COG3 abundance	serum_fed_equilibrium	HGF only	0.9660469574	3600.0
COG3 abundance	serum_fed_equilibrium	HGF only	0.9531235248	14400.0
COG3 abundance	serum_fed_equilibrium	HGF only	0.9556949559	28800.0
COG3 abundance	serum_fed_equilibrium	HGF only	0.9901521214	86400.0
COG3 abundance	serum_fed_equilibrium	HGF only	0.9709917261	172800.0
COG3 abundance	serum_fed_equilibrium	IFNG_EGF	0.9726371916	0.0
COG3 abundance	serum_fed_equilibrium	IFNG_EGF	0.9538539458	3600.0
COG3 abundance	serum_fed_equilibrium	IFNG_EGF	0.9759992718	14400.0
COG3 abundance	serum_fed_equilibrium	IFNG_EGF	0.9564442324	28800.0
COG3 abundance	serum_fed_equilibrium	IFNG_EGF	0.9374602801	86400.0
COG3 abundance	serum_fed_equilibrium	IFNG_EGF	1.0530181288	172800.0
COG3 abundance	serum_fed_equilibrium	PBS only	0.9726371916	0.0
COG3 abundance	serum_fed_equilibrium	PBS only	0.9951389738	3600.0
COG3 abundance	serum_fed_equilibrium	PBS only	0.9897406361	14400.0
COG3 abundance	serum_fed_equilibrium	PBS only	0.9871186695	28800.0
COG3 abundance	serum_fed_equilibrium	PBS only	0.9794205632	86400.0
COG3 abundance	serum_fed_equilibrium	PBS only	0.9932339029	172800.0
COL6A1 abundance	serum_fed_equilibrium	EGF	0.9139498044	0.0
COL6A1 abundance	serum_fed_equilibrium	EGF	1.139840531	3600.0
COL6A1 abundance	serum_fed_equilibrium	EGF	1.0464759514	14400.0
COL6A1 abundance	serum_fed_equilibrium	EGF	0.9875290179	28800.0
COL6A1 abundance	serum_fed_equilibrium	EGF	0.7962654782	86400.0
COL6A1 abundance	serum_fed_equilibrium	EGF	1.1497345022	172800.0
COL6A1 abundance	serum_fed_equilibrium	HGF only	0.9139498044	0.0
COL6A1 abundance	serum_fed_equilibrium	HGF only	1.0835850938	3600.0
COL6A1 abundance	serum_fed_equilibrium	HGF only	1.1052248171	14400.0
COL6A1 abundance	serum_fed_equilibrium	HGF only	1.1696887358	28800.0
COL6A1 abundance	serum_fed_equilibrium	HGF only	1.075756041	86400.0
COL6A1 abundance	serum_fed_equilibrium	HGF only	1.2277498069	172800.0
COL6A1 abundance	serum_fed_equilibrium	IFNG_EGF	0.9139498044	0.0
COL6A1 abundance	serum_fed_equilibrium	IFNG_EGF	1.0437999941	3600.0
COL6A1 abundance	serum_fed_equilibrium	IFNG_EGF	0.9650225815	14400.0
COL6A1 abundance	serum_fed_equilibrium	IFNG_EGF	1.0687979543	28800.0
COL6A1 abundance	serum_fed_equilibrium	IFNG_EGF	0.8001378436	86400.0
COL6A1 abundance	serum_fed_equilibrium	IFNG_EGF	1.0809142176	172800.0
COL6A1 abundance	serum_fed_equilibrium	PBS only	0.9139498044	0.0
COL6A1 abundance	serum_fed_equilibrium	PBS only	0.7473039913	3600.0
COL6A1 abundance	serum_fed_equilibrium	PBS only	0.6440461976	14400.0
COL6A1 abundance	serum_fed_equilibrium	PBS only	0.6450217057	28800.0
COL6A1 abundance	serum_fed_equilibrium	PBS only	0.8362673385	86400.0
COL6A1 abundance	serum_fed_equilibrium	PBS only	0.9023635693	172800.0
GJA1 abundance	serum_fed_equilibrium	EGF	1.0347344198	0.0
GJA1 abundance	serum_fed_equilibrium	EGF	1.0244440634	3600.0
GJA1 abundance	serum_fed_equilibrium	EGF	0.9422562592	14400.0
GJA1 abundance	serum_fed_equilibrium	EGF	0.9644570186	28800.0
GJA1 abundance	serum_fed_equilibrium	EGF	1.0416831181	86400.0
GJA1 abundance	serum_fed_equilibrium	EGF	0.896162223	172800.0
GJA1 abundance	serum_fed_equilibrium	HGF only	1.0347344198	0.0
GJA1 abundance	serum_fed_equilibrium	HGF only	0.9242293584	3600.0
GJA1 abundance	serum_fed_equilibrium	HGF only	0.9967558301	14400.0
GJA1 abundance	serum_fed_equilibrium	HGF only	1.0027973688	28800.0
GJA1 abundance	serum_fed_equilibrium	HGF only	0.9818765317	86400.0
GJA1 abundance	serum_fed_equilibrium	HGF only	1.0457040504	172800.0
GJA1 abundance	serum_fed_equilibrium	IFNG_EGF	1.0347344198	0.0
GJA1 abundance	serum_fed_equilibrium	IFNG_EGF	0.9654982695	3600.0
GJA1 abundance	serum_fed_equilibrium	IFNG_EGF	1.0535725143	14400.0
GJA1 abundance	serum_fed_equilibrium	IFNG_EGF	0.9727786774	28800.0
GJA1 abundance	serum_fed_equilibrium	IFNG_EGF	0.8376901446	86400.0
GJA1 abundance	serum_fed_equilibrium	IFNG_EGF	0.814112016	172800.0
GJA1 abundance	serum_fed_equilibrium	PBS only	1.0347344198	0.0
GJA1 abundance	serum_fed_equilibrium	PBS only	1.1617064877	3600.0
GJA1 abundance	serum_fed_equilibrium	PBS only	1.2719889254	14400.0
GJA1 abundance	serum_fed_equilibrium	PBS only	1.1587501024	28800.0
GJA1 abundance	serum_fed_equilibrium	PBS only	1.1874266694	86400.0
GJA1 abundance	serum_fed_equilibrium	PBS only	1.5095101632	172800.0
PTGS2 abundance	serum_fed_equilibrium	EGF	0.9544756037	0.0
PTGS2 abundance	serum_fed_equilibrium	EGF	0.9430229734	3600.0
PTGS2 abundance	serum_fed_equilibrium	EGF	0.9567957291	14400.0
PTGS2 abundance	serum_fed_equilibrium	EGF	0.9451039154	28800.0
PTGS2 abundance	serum_fed_equilibrium	EGF	0.9274065288	86400.0
PTGS2 abundance	serum_fed_equilibrium	EGF	0.8766992571	172800.0
PTGS2 abundance	serum_fed_equilibrium	HGF only	0.9544756037	0.0
PTGS2 abundance	serum_fed_equilibrium	HGF only	0.9593170823	3600.0
PTGS2 abundance	serum_fed_equilibrium	HGF only	0.9630205949	14400.0
PTGS2 abundance	serum_fed_equilibrium	HGF only	0.9489113332	28800.0
PTGS2 abundance	serum_fed_equilibrium	HGF only	0.9252923894	86400.0
PTGS2 abundance	serum_fed_equilibrium	HGF only	0.8757832654	172800.0
PTGS2 abundance	serum_fed_equilibrium	IFNG_EGF	0.9544756037	0.0
PTGS2 abundance	serum_fed_equilibrium	IFNG_EGF	0.9351328017	3600.0
PTGS2 abundance	serum_fed_equilibrium	IFNG_EGF	1.0081410327	14400.0
PTGS2 abundance	serum_fed_equilibrium	IFNG_EGF	1.1150812299	28800.0
PTGS2 abundance	serum_fed_equilibrium	IFNG_EGF	1.1373787375	86400.0
PTGS2 abundance	serum_fed_equilibrium	IFNG_EGF	0.9921304061	172800.0
PTGS2 abundance	serum_fed_equilibrium	PBS only	0.9544756037	0.0
PTGS2 abundance	serum_fed_equilibrium	PBS only	0.9680517982	3600.0
PTGS2 abundance	serum_fed_equilibrium	PBS only	0.9830307788	14400.0
PTGS2 abundance	serum_fed_equilibrium	PBS only	0.9369009061	28800.0
PTGS2 abundance	serum_fed_equilibrium	PBS only	0.907557086	86400.0
PTGS2 abundance	serum_fed_equilibrium	PBS only	1.0434284746	172800.0
COX4I1 abundance	serum_fed_equilibrium	EGF	0.9085867878	0.0
COX4I1 abundance	serum_fed_equilibrium	EGF	0.9294063073	3600.0
COX4I1 abundance	serum_fed_equilibrium	EGF	0.9340378059	14400.0
COX4I1 abundance	serum_fed_equilibrium	EGF	0.9501353885	28800.0
COX4I1 abundance	serum_fed_equilibrium	EGF	0.9003586132	86400.0
COX4I1 abundance	serum_fed_equilibrium	EGF	0.9554616743	172800.0
COX4I1 abundance	serum_fed_equilibrium	HGF only	0.9085867878	0.0
COX4I1 abundance	serum_fed_equilibrium	HGF only	1.0468743768	3600.0
COX4I1 abundance	serum_fed_equilibrium	HGF only	0.9740116038	14400.0
COX4I1 abundance	serum_fed_equilibrium	HGF only	0.9805668479	28800.0
COX4I1 abundance	serum_fed_equilibrium	HGF only	1.0298162967	86400.0
COX4I1 abundance	serum_fed_equilibrium	HGF only	1.122061669	172800.0
COX4I1 abundance	serum_fed_equilibrium	IFNG_EGF	0.9085867878	0.0
COX4I1 abundance	serum_fed_equilibrium	IFNG_EGF	0.9454987969	3600.0
COX4I1 abundance	serum_fed_equilibrium	IFNG_EGF	0.9594347545	14400.0
COX4I1 abundance	serum_fed_equilibrium	IFNG_EGF	0.9929323302	28800.0
COX4I1 abundance	serum_fed_equilibrium	IFNG_EGF	0.9662934557	86400.0
COX4I1 abundance	serum_fed_equilibrium	IFNG_EGF	0.9249287042	172800.0
COX4I1 abundance	serum_fed_equilibrium	PBS only	0.9085867878	0.0
COX4I1 abundance	serum_fed_equilibrium	PBS only	0.9399976437	3600.0
COX4I1 abundance	serum_fed_equilibrium	PBS only	0.9096449236	14400.0
COX4I1 abundance	serum_fed_equilibrium	PBS only	0.9372079413	28800.0
COX4I1 abundance	serum_fed_equilibrium	PBS only	1.1770420639	86400.0
COX4I1 abundance	serum_fed_equilibrium	PBS only	1.2151234114	172800.0
CREB1 abundance	serum_fed_equilibrium	EGF	1.0016159088	0.0
CREB1 abundance	serum_fed_equilibrium	EGF	0.9923823414	3600.0
CREB1 abundance	serum_fed_equilibrium	EGF	0.9874097882	14400.0
CREB1 abundance	serum_fed_equilibrium	EGF	0.9687241995	28800.0
CREB1 abundance	serum_fed_equilibrium	EGF	0.9502324499	86400.0
CREB1 abundance	serum_fed_equilibrium	EGF	0.9526297088	172800.0
CREB1 abundance	serum_fed_equilibrium	HGF only	1.0016159088	0.0
CREB1 abundance	serum_fed_equilibrium	HGF only	0.9796113522	3600.0
CREB1 abundance	serum_fed_equilibrium	HGF only	0.9986361301	14400.0
CREB1 abundance	serum_fed_equilibrium	HGF only	1.0072554265	28800.0
CREB1 abundance	serum_fed_equilibrium	HGF only	0.9670259134	86400.0
CREB1 abundance	serum_fed_equilibrium	HGF only	0.9740540143	172800.0
CREB1 abundance	serum_fed_equilibrium	IFNG_EGF	1.0016159088	0.0
CREB1 abundance	serum_fed_equilibrium	IFNG_EGF	0.9896775369	3600.0
CREB1 abundance	serum_fed_equilibrium	IFNG_EGF	0.977804804	14400.0
CREB1 abundance	serum_fed_equilibrium	IFNG_EGF	0.993126688	28800.0
CREB1 abundance	serum_fed_equilibrium	IFNG_EGF	0.9149044774	86400.0
CREB1 abundance	serum_fed_equilibrium	IFNG_EGF	1.0038227845	172800.0
CREB1 abundance	serum_fed_equilibrium	PBS only	1.0016159088	0.0
CREB1 abundance	serum_fed_equilibrium	PBS only	1.0374952567	3600.0
CREB1 abundance	serum_fed_equilibrium	PBS only	1.073240682	14400.0
CREB1 abundance	serum_fed_equilibrium	PBS only	1.0523434602	28800.0
CREB1 abundance	serum_fed_equilibrium	PBS only	1.0371063658	86400.0
CREB1 abundance	serum_fed_equilibrium	PBS only	1.1413111044	172800.0
CCND3 abundance	serum_fed_equilibrium	EGF	1.0679133749	0.0
CCND3 abundance	serum_fed_equilibrium	EGF	1.0331093076	3600.0
CCND3 abundance	serum_fed_equilibrium	EGF	0.9656612684	14400.0
CCND3 abundance	serum_fed_equilibrium	EGF	1.0298385865	28800.0
CCND3 abundance	serum_fed_equilibrium	EGF	1.0020805719	86400.0
CCND3 abundance	serum_fed_equilibrium	EGF	0.9214808128	172800.0
CCND3 abundance	serum_fed_equilibrium	HGF only	1.0679133749	0.0
CCND3 abundance	serum_fed_equilibrium	HGF only	1.0533283904	3600.0
CCND3 abundance	serum_fed_equilibrium	HGF only	0.9755954841	14400.0
CCND3 abundance	serum_fed_equilibrium	HGF only	0.9533858257	28800.0
CCND3 abundance	serum_fed_equilibrium	HGF only	0.8440143859	86400.0
CCND3 abundance	serum_fed_equilibrium	HGF only	0.7313346113	172800.0
CCND3 abundance	serum_fed_equilibrium	IFNG_EGF	1.0679133749	0.0
CCND3 abundance	serum_fed_equilibrium	IFNG_EGF	1.0793207889	3600.0
CCND3 abundance	serum_fed_equilibrium	IFNG_EGF	1.0703413986	14400.0
CCND3 abundance	serum_fed_equilibrium	IFNG_EGF	1.1961508304	28800.0
CCND3 abundance	serum_fed_equilibrium	IFNG_EGF	1.1543451554	86400.0
CCND3 abundance	serum_fed_equilibrium	IFNG_EGF	0.5595024771	172800.0
CCND3 abundance	serum_fed_equilibrium	PBS only	1.0679133749	0.0
CCND3 abundance	serum_fed_equilibrium	PBS only	1.0425694515	3600.0
CCND3 abundance	serum_fed_equilibrium	PBS only	0.9429683053	14400.0
CCND3 abundance	serum_fed_equilibrium	PBS only	0.8917480709	28800.0
CCND3 abundance	serum_fed_equilibrium	PBS only	0.6655092174	86400.0
CCND3 abundance	serum_fed_equilibrium	PBS only	0.6243190197	172800.0
PPIF abundance	serum_fed_equilibrium	EGF	0.8587469281	0.0
PPIF abundance	serum_fed_equilibrium	EGF	0.8906231576	3600.0
PPIF abundance	serum_fed_equilibrium	EGF	0.9477283693	14400.0
PPIF abundance	serum_fed_equilibrium	EGF	0.9734978576	28800.0
PPIF abundance	serum_fed_equilibrium	EGF	1.1500078142	86400.0
PPIF abundance	serum_fed_equilibrium	EGF	1.1999323669	172800.0
PPIF abundance	serum_fed_equilibrium	HGF only	0.8587469281	0.0
PPIF abundance	serum_fed_equilibrium	HGF only	0.9422370538	3600.0
PPIF abundance	serum_fed_equilibrium	HGF only	0.9296318727	14400.0
PPIF abundance	serum_fed_equilibrium	HGF only	1.0364661886	28800.0
PPIF abundance	serum_fed_equilibrium	HGF only	1.1520838928	86400.0
PPIF abundance	serum_fed_equilibrium	HGF only	1.1488078906	172800.0
PPIF abundance	serum_fed_equilibrium	IFNG_EGF	0.8587469281	0.0
PPIF abundance	serum_fed_equilibrium	IFNG_EGF	0.9619326198	3600.0
PPIF abundance	serum_fed_equilibrium	IFNG_EGF	1.0390975377	14400.0
PPIF abundance	serum_fed_equilibrium	IFNG_EGF	1.0706875602	28800.0
PPIF abundance	serum_fed_equilibrium	IFNG_EGF	1.2628163814	86400.0
PPIF abundance	serum_fed_equilibrium	IFNG_EGF	1.4772423325	172800.0
PPIF abundance	serum_fed_equilibrium	PBS only	0.8587469281	0.0
PPIF abundance	serum_fed_equilibrium	PBS only	0.9494529702	3600.0
PPIF abundance	serum_fed_equilibrium	PBS only	0.9530807873	14400.0
PPIF abundance	serum_fed_equilibrium	PBS only	1.0294668847	28800.0
PPIF abundance	serum_fed_equilibrium	PBS only	1.1518945957	86400.0
PPIF abundance	serum_fed_equilibrium	PBS only	1.1794434788	172800.0
PARK7 abundance	serum_fed_equilibrium	EGF	0.9760980694	0.0
PARK7 abundance	serum_fed_equilibrium	EGF	0.9299860582	3600.0
PARK7 abundance	serum_fed_equilibrium	EGF	0.9905664091	14400.0
PARK7 abundance	serum_fed_equilibrium	EGF	0.9834746974	28800.0
PARK7 abundance	serum_fed_equilibrium	EGF	0.9402509723	86400.0
PARK7 abundance	serum_fed_equilibrium	EGF	0.961606306	172800.0
PARK7 abundance	serum_fed_equilibrium	HGF only	0.9760980694	0.0
PARK7 abundance	serum_fed_equilibrium	HGF only	0.9847447257	3600.0
PARK7 abundance	serum_fed_equilibrium	HGF only	0.9814190648	14400.0
PARK7 abundance	serum_fed_equilibrium	HGF only	1.0165146956	28800.0
PARK7 abundance	serum_fed_equilibrium	HGF only	1.0720590637	86400.0
PARK7 abundance	serum_fed_equilibrium	HGF only	1.1937570669	172800.0
PARK7 abundance	serum_fed_equilibrium	IFNG_EGF	0.9760980694	0.0
PARK7 abundance	serum_fed_equilibrium	IFNG_EGF	0.9540790563	3600.0
PARK7 abundance	serum_fed_equilibrium	IFNG_EGF	0.9570430748	14400.0
PARK7 abundance	serum_fed_equilibrium	IFNG_EGF	0.9845545463	28800.0
PARK7 abundance	serum_fed_equilibrium	IFNG_EGF	0.9344510052	86400.0
PARK7 abundance	serum_fed_equilibrium	IFNG_EGF	1.0407473933	172800.0
PARK7 abundance	serum_fed_equilibrium	PBS only	0.9760980694	0.0
PARK7 abundance	serum_fed_equilibrium	PBS only	0.9937615681	3600.0
PARK7 abundance	serum_fed_equilibrium	PBS only	0.9963972876	14400.0
PARK7 abundance	serum_fed_equilibrium	PBS only	1.0135868545	28800.0
PARK7 abundance	serum_fed_equilibrium	PBS only	1.161768059	86400.0
PARK7 abundance	serum_fed_equilibrium	PBS only	1.1037739494	172800.0
DUSP4 abundance	serum_fed_equilibrium	EGF	1.0412174834	0.0
DUSP4 abundance	serum_fed_equilibrium	EGF	1.0537917222	3600.0
DUSP4 abundance	serum_fed_equilibrium	EGF	1.1731745174	14400.0
DUSP4 abundance	serum_fed_equilibrium	EGF	1.3491782162	28800.0
DUSP4 abundance	serum_fed_equilibrium	EGF	1.1989075021	86400.0
DUSP4 abundance	serum_fed_equilibrium	EGF	0.9997945602	172800.0
DUSP4 abundance	serum_fed_equilibrium	HGF only	1.0412174834	0.0
DUSP4 abundance	serum_fed_equilibrium	HGF only	1.1238200549	3600.0
DUSP4 abundance	serum_fed_equilibrium	HGF only	0.6271148175	14400.0
DUSP4 abundance	serum_fed_equilibrium	HGF only	0.7415895784	28800.0
DUSP4 abundance	serum_fed_equilibrium	HGF only	0.572992983	86400.0
DUSP4 abundance	serum_fed_equilibrium	HGF only	0.2995496408	172800.0
DUSP4 abundance	serum_fed_equilibrium	IFNG_EGF	1.0412174834	0.0
DUSP4 abundance	serum_fed_equilibrium	IFNG_EGF	1.1408419384	3600.0
DUSP4 abundance	serum_fed_equilibrium	IFNG_EGF	1.2004661799	14400.0
DUSP4 abundance	serum_fed_equilibrium	IFNG_EGF	1.173345971	28800.0
DUSP4 abundance	serum_fed_equilibrium	IFNG_EGF	1.1123586723	86400.0
DUSP4 abundance	serum_fed_equilibrium	IFNG_EGF	0.448503722	172800.0
DUSP4 abundance	serum_fed_equilibrium	PBS only	1.0412174834	0.0
DUSP4 abundance	serum_fed_equilibrium	PBS only	0.9048457079	3600.0
DUSP4 abundance	serum_fed_equilibrium	PBS only	0.2883910917	14400.0
DUSP4 abundance	serum_fed_equilibrium	PBS only	0.278521257	28800.0
DUSP4 abundance	serum_fed_equilibrium	PBS only	0.1369140605	86400.0
DUSP4 abundance	serum_fed_equilibrium	PBS only	0.1642239844	172800.0
CDH1 abundance	serum_fed_equilibrium	EGF	1.0968363138	0.0
CDH1 abundance	serum_fed_equilibrium	EGF	1.0263325487	3600.0
CDH1 abundance	serum_fed_equilibrium	EGF	1.0448558845	14400.0
CDH1 abundance	serum_fed_equilibrium	EGF	1.0292240536	28800.0
CDH1 abundance	serum_fed_equilibrium	EGF	0.9791602672	86400.0
CDH1 abundance	serum_fed_equilibrium	EGF	0.9599030623	172800.0
CDH1 abundance	serum_fed_equilibrium	HGF only	1.0968363138	0.0
CDH1 abundance	serum_fed_equilibrium	HGF only	1.0532859045	3600.0
CDH1 abundance	serum_fed_equilibrium	HGF only	1.0268351438	14400.0
CDH1 abundance	serum_fed_equilibrium	HGF only	1.0256465027	28800.0
CDH1 abundance	serum_fed_equilibrium	HGF only	1.1369603074	86400.0
CDH1 abundance	serum_fed_equilibrium	HGF only	1.3793356192	172800.0
CDH1 abundance	serum_fed_equilibrium	IFNG_EGF	1.0968363138	0.0
CDH1 abundance	serum_fed_equilibrium	IFNG_EGF	1.0148818836	3600.0
CDH1 abundance	serum_fed_equilibrium	IFNG_EGF	1.0030992801	14400.0
CDH1 abundance	serum_fed_equilibrium	IFNG_EGF	0.9936292324	28800.0
CDH1 abundance	serum_fed_equilibrium	IFNG_EGF	0.8341789694	86400.0
CDH1 abundance	serum_fed_equilibrium	IFNG_EGF	0.6822336955	172800.0
CDH1 abundance	serum_fed_equilibrium	PBS only	1.0968363138	0.0
CDH1 abundance	serum_fed_equilibrium	PBS only	1.1405391894	3600.0
CDH1 abundance	serum_fed_equilibrium	PBS only	1.1250485197	14400.0
CDH1 abundance	serum_fed_equilibrium	PBS only	1.1405921382	28800.0
CDH1 abundance	serum_fed_equilibrium	PBS only	1.324119722	86400.0
CDH1 abundance	serum_fed_equilibrium	PBS only	1.1718732323	172800.0
EEF2 abundance	serum_fed_equilibrium	EGF	0.900822005	0.0
EEF2 abundance	serum_fed_equilibrium	EGF	0.92994017	3600.0
EEF2 abundance	serum_fed_equilibrium	EGF	0.9268687031	14400.0
EEF2 abundance	serum_fed_equilibrium	EGF	0.9647845108	28800.0
EEF2 abundance	serum_fed_equilibrium	EGF	1.1367797343	86400.0
EEF2 abundance	serum_fed_equilibrium	EGF	1.1598471581	172800.0
EEF2 abundance	serum_fed_equilibrium	HGF only	0.900822005	0.0
EEF2 abundance	serum_fed_equilibrium	HGF only	0.9701201849	3600.0
EEF2 abundance	serum_fed_equilibrium	HGF only	0.9278813628	14400.0
EEF2 abundance	serum_fed_equilibrium	HGF only	0.9443960306	28800.0
EEF2 abundance	serum_fed_equilibrium	HGF only	0.9719786488	86400.0
EEF2 abundance	serum_fed_equilibrium	HGF only	1.3378165494	172800.0
EEF2 abundance	serum_fed_equilibrium	IFNG_EGF	0.900822005	0.0
EEF2 abundance	serum_fed_equilibrium	IFNG_EGF	0.8976563234	3600.0
EEF2 abundance	serum_fed_equilibrium	IFNG_EGF	0.9602617179	14400.0
EEF2 abundance	serum_fed_equilibrium	IFNG_EGF	0.9954464891	28800.0
EEF2 abundance	serum_fed_equilibrium	IFNG_EGF	1.1648003965	86400.0
EEF2 abundance	serum_fed_equilibrium	IFNG_EGF	1.1094654446	172800.0
EEF2 abundance	serum_fed_equilibrium	PBS only	0.900822005	0.0
EEF2 abundance	serum_fed_equilibrium	PBS only	0.9669602539	3600.0
EEF2 abundance	serum_fed_equilibrium	PBS only	0.9353588199	14400.0
EEF2 abundance	serum_fed_equilibrium	PBS only	0.8916559255	28800.0
EEF2 abundance	serum_fed_equilibrium	PBS only	0.8578044029	86400.0
EEF2 abundance	serum_fed_equilibrium	PBS only	0.7634901211	172800.0
EEF2K abundance	serum_fed_equilibrium	EGF	0.961447534	0.0
EEF2K abundance	serum_fed_equilibrium	EGF	0.9581824549	3600.0
EEF2K abundance	serum_fed_equilibrium	EGF	0.9671417783	14400.0
EEF2K abundance	serum_fed_equilibrium	EGF	0.9463313986	28800.0
EEF2K abundance	serum_fed_equilibrium	EGF	0.9838396505	86400.0
EEF2K abundance	serum_fed_equilibrium	EGF	1.0985335564	172800.0
EEF2K abundance	serum_fed_equilibrium	HGF only	0.961447534	0.0
EEF2K abundance	serum_fed_equilibrium	HGF only	1.0081507727	3600.0
EEF2K abundance	serum_fed_equilibrium	HGF only	1.0025415373	14400.0
EEF2K abundance	serum_fed_equilibrium	HGF only	1.0174246809	28800.0
EEF2K abundance	serum_fed_equilibrium	HGF only	1.1733958152	86400.0
EEF2K abundance	serum_fed_equilibrium	HGF only	1.3352881648	172800.0
EEF2K abundance	serum_fed_equilibrium	IFNG_EGF	0.961447534	0.0
EEF2K abundance	serum_fed_equilibrium	IFNG_EGF	0.9707727635	3600.0
EEF2K abundance	serum_fed_equilibrium	IFNG_EGF	0.9658281002	14400.0
EEF2K abundance	serum_fed_equilibrium	IFNG_EGF	0.9927322792	28800.0
EEF2K abundance	serum_fed_equilibrium	IFNG_EGF	1.1988722443	86400.0
EEF2K abundance	serum_fed_equilibrium	IFNG_EGF	1.2665443127	172800.0
EEF2K abundance	serum_fed_equilibrium	PBS only	0.961447534	0.0
EEF2K abundance	serum_fed_equilibrium	PBS only	1.0252871125	3600.0
EEF2K abundance	serum_fed_equilibrium	PBS only	0.9978858688	14400.0
EEF2K abundance	serum_fed_equilibrium	PBS only	1.0456703388	28800.0
EEF2K abundance	serum_fed_equilibrium	PBS only	1.2079159291	86400.0
EEF2K abundance	serum_fed_equilibrium	PBS only	1.0308541616	172800.0
EIF4G1 abundance	serum_fed_equilibrium	EGF	0.9072654733	0.0
EIF4G1 abundance	serum_fed_equilibrium	EGF	0.9262638287	3600.0
EIF4G1 abundance	serum_fed_equilibrium	EGF	0.9688741102	14400.0
EIF4G1 abundance	serum_fed_equilibrium	EGF	1.0087395372	28800.0
EIF4G1 abundance	serum_fed_equilibrium	EGF	1.2360472314	86400.0
EIF4G1 abundance	serum_fed_equilibrium	EGF	1.254162963	172800.0
EIF4G1 abundance	serum_fed_equilibrium	HGF only	0.9072654733	0.0
EIF4G1 abundance	serum_fed_equilibrium	HGF only	0.9696457315	3600.0
EIF4G1 abundance	serum_fed_equilibrium	HGF only	0.9995774936	14400.0
EIF4G1 abundance	serum_fed_equilibrium	HGF only	1.0164274071	28800.0
EIF4G1 abundance	serum_fed_equilibrium	HGF only	1.1169417805	86400.0
EIF4G1 abundance	serum_fed_equilibrium	HGF only	1.0900607252	172800.0
EIF4G1 abundance	serum_fed_equilibrium	IFNG_EGF	0.9072654733	0.0
EIF4G1 abundance	serum_fed_equilibrium	IFNG_EGF	0.8725307791	3600.0
EIF4G1 abundance	serum_fed_equilibrium	IFNG_EGF	0.9801650451	14400.0
EIF4G1 abundance	serum_fed_equilibrium	IFNG_EGF	0.9692992555	28800.0
EIF4G1 abundance	serum_fed_equilibrium	IFNG_EGF	1.2510220296	86400.0
EIF4G1 abundance	serum_fed_equilibrium	IFNG_EGF	1.1779602456	172800.0
EIF4G1 abundance	serum_fed_equilibrium	PBS only	0.9072654733	0.0
EIF4G1 abundance	serum_fed_equilibrium	PBS only	1.0123040641	3600.0
EIF4G1 abundance	serum_fed_equilibrium	PBS only	0.9775797438	14400.0
EIF4G1 abundance	serum_fed_equilibrium	PBS only	0.913501921	28800.0
EIF4G1 abundance	serum_fed_equilibrium	PBS only	0.8981604099	86400.0
EIF4G1 abundance	serum_fed_equilibrium	PBS only	0.6861346524	172800.0
ENY2 abundance	serum_fed_equilibrium	EGF	1.1087571383	0.0
ENY2 abundance	serum_fed_equilibrium	EGF	1.0298892949	3600.0
ENY2 abundance	serum_fed_equilibrium	EGF	1.011072771	14400.0
ENY2 abundance	serum_fed_equilibrium	EGF	0.9919837731	28800.0
ENY2 abundance	serum_fed_equilibrium	EGF	1.0237448377	86400.0
ENY2 abundance	serum_fed_equilibrium	EGF	0.935741738	172800.0
ENY2 abundance	serum_fed_equilibrium	HGF only	1.1087571383	0.0
ENY2 abundance	serum_fed_equilibrium	HGF only	1.0564612247	3600.0
ENY2 abundance	serum_fed_equilibrium	HGF only	1.0033402206	14400.0
ENY2 abundance	serum_fed_equilibrium	HGF only	1.0048264864	28800.0
ENY2 abundance	serum_fed_equilibrium	HGF only	1.0056008014	86400.0
ENY2 abundance	serum_fed_equilibrium	HGF only	0.9301616699	172800.0
ENY2 abundance	serum_fed_equilibrium	IFNG_EGF	1.1087571383	0.0
ENY2 abundance	serum_fed_equilibrium	IFNG_EGF	1.0257711205	3600.0
ENY2 abundance	serum_fed_equilibrium	IFNG_EGF	1.0298191628	14400.0
ENY2 abundance	serum_fed_equilibrium	IFNG_EGF	1.0200851438	28800.0
ENY2 abundance	serum_fed_equilibrium	IFNG_EGF	0.9837508435	86400.0
ENY2 abundance	serum_fed_equilibrium	IFNG_EGF	0.8232333534	172800.0
ENY2 abundance	serum_fed_equilibrium	PBS only	1.1087571383	0.0
ENY2 abundance	serum_fed_equilibrium	PBS only	1.1244060722	3600.0
ENY2 abundance	serum_fed_equilibrium	PBS only	1.1379963243	14400.0
ENY2 abundance	serum_fed_equilibrium	PBS only	1.0855824241	28800.0
ENY2 abundance	serum_fed_equilibrium	PBS only	1.0655204887	86400.0
ENY2 abundance	serum_fed_equilibrium	PBS only	1.0305795531	172800.0
ESR1 abundance	serum_fed_equilibrium	EGF	1.0358975953	0.0
ESR1 abundance	serum_fed_equilibrium	EGF	1.0088847139	3600.0
ESR1 abundance	serum_fed_equilibrium	EGF	0.9867101497	14400.0
ESR1 abundance	serum_fed_equilibrium	EGF	0.97457912	28800.0
ESR1 abundance	serum_fed_equilibrium	EGF	0.941348992	86400.0
ESR1 abundance	serum_fed_equilibrium	EGF	0.9152251545	172800.0
ESR1 abundance	serum_fed_equilibrium	HGF only	1.0358975953	0.0
ESR1 abundance	serum_fed_equilibrium	HGF only	0.9953524975	3600.0
ESR1 abundance	serum_fed_equilibrium	HGF only	0.996771181	14400.0
ESR1 abundance	serum_fed_equilibrium	HGF only	0.9823876909	28800.0
ESR1 abundance	serum_fed_equilibrium	HGF only	0.9625840337	86400.0
ESR1 abundance	serum_fed_equilibrium	HGF only	0.9055556591	172800.0
ESR1 abundance	serum_fed_equilibrium	IFNG_EGF	1.0358975953	0.0
ESR1 abundance	serum_fed_equilibrium	IFNG_EGF	1.0037133941	3600.0
ESR1 abundance	serum_fed_equilibrium	IFNG_EGF	0.96252258	14400.0
ESR1 abundance	serum_fed_equilibrium	IFNG_EGF	1.0137239732	28800.0
ESR1 abundance	serum_fed_equilibrium	IFNG_EGF	0.9159716789	86400.0
ESR1 abundance	serum_fed_equilibrium	IFNG_EGF	0.9742647608	172800.0
ESR1 abundance	serum_fed_equilibrium	PBS only	1.0358975953	0.0
ESR1 abundance	serum_fed_equilibrium	PBS only	1.0786105135	3600.0
ESR1 abundance	serum_fed_equilibrium	PBS only	1.0956486347	14400.0
ESR1 abundance	serum_fed_equilibrium	PBS only	1.079304396	28800.0
ESR1 abundance	serum_fed_equilibrium	PBS only	1.0254217929	86400.0
ESR1 abundance	serum_fed_equilibrium	PBS only	1.1162739886	172800.0
ERCC1 abundance	serum_fed_equilibrium	EGF	1.0375716998	0.0
ERCC1 abundance	serum_fed_equilibrium	EGF	0.9995644492	3600.0
ERCC1 abundance	serum_fed_equilibrium	EGF	1.0081354866	14400.0
ERCC1 abundance	serum_fed_equilibrium	EGF	1.0277541284	28800.0
ERCC1 abundance	serum_fed_equilibrium	EGF	1.0202840768	86400.0
ERCC1 abundance	serum_fed_equilibrium	EGF	0.9135802707	172800.0
ERCC1 abundance	serum_fed_equilibrium	HGF only	1.0375716998	0.0
ERCC1 abundance	serum_fed_equilibrium	HGF only	1.0168391682	3600.0
ERCC1 abundance	serum_fed_equilibrium	HGF only	1.0202419585	14400.0
ERCC1 abundance	serum_fed_equilibrium	HGF only	0.9623880083	28800.0
ERCC1 abundance	serum_fed_equilibrium	HGF only	0.9120920907	86400.0
ERCC1 abundance	serum_fed_equilibrium	HGF only	0.9087057411	172800.0
ERCC1 abundance	serum_fed_equilibrium	IFNG_EGF	1.0375716998	0.0
ERCC1 abundance	serum_fed_equilibrium	IFNG_EGF	1.0299950866	3600.0
ERCC1 abundance	serum_fed_equilibrium	IFNG_EGF	1.0126105634	14400.0
ERCC1 abundance	serum_fed_equilibrium	IFNG_EGF	1.05403796	28800.0
ERCC1 abundance	serum_fed_equilibrium	IFNG_EGF	1.0730845043	86400.0
ERCC1 abundance	serum_fed_equilibrium	IFNG_EGF	0.9601677547	172800.0
ERCC1 abundance	serum_fed_equilibrium	PBS only	1.0375716998	0.0
ERCC1 abundance	serum_fed_equilibrium	PBS only	1.00461125	3600.0
ERCC1 abundance	serum_fed_equilibrium	PBS only	1.015763906	14400.0
ERCC1 abundance	serum_fed_equilibrium	PBS only	0.9678984821	28800.0
ERCC1 abundance	serum_fed_equilibrium	PBS only	0.8803647092	86400.0
ERCC1 abundance	serum_fed_equilibrium	PBS only	0.9118622731	172800.0
ERCC5 abundance	serum_fed_equilibrium	EGF	0.9214683193	0.0
ERCC5 abundance	serum_fed_equilibrium	EGF	0.9443828771	3600.0
ERCC5 abundance	serum_fed_equilibrium	EGF	0.9478665552	14400.0
ERCC5 abundance	serum_fed_equilibrium	EGF	0.9782584342	28800.0
ERCC5 abundance	serum_fed_equilibrium	EGF	1.0207893167	86400.0
ERCC5 abundance	serum_fed_equilibrium	EGF	1.0046218227	172800.0
ERCC5 abundance	serum_fed_equilibrium	HGF only	0.9214683193	0.0
ERCC5 abundance	serum_fed_equilibrium	HGF only	0.9706195885	3600.0
ERCC5 abundance	serum_fed_equilibrium	HGF only	0.9629950769	14400.0
ERCC5 abundance	serum_fed_equilibrium	HGF only	0.9952539319	28800.0
ERCC5 abundance	serum_fed_equilibrium	HGF only	0.9977134766	86400.0
ERCC5 abundance	serum_fed_equilibrium	HGF only	1.0363955312	172800.0
ERCC5 abundance	serum_fed_equilibrium	IFNG_EGF	0.9214683193	0.0
ERCC5 abundance	serum_fed_equilibrium	IFNG_EGF	0.9439518124	3600.0
ERCC5 abundance	serum_fed_equilibrium	IFNG_EGF	0.9797821502	14400.0
ERCC5 abundance	serum_fed_equilibrium	IFNG_EGF	0.9882636399	28800.0
ERCC5 abundance	serum_fed_equilibrium	IFNG_EGF	1.0107995489	86400.0
ERCC5 abundance	serum_fed_equilibrium	IFNG_EGF	1.0388906376	172800.0
ERCC5 abundance	serum_fed_equilibrium	PBS only	0.9214683193	0.0
ERCC5 abundance	serum_fed_equilibrium	PBS only	1.0097803682	3600.0
ERCC5 abundance	serum_fed_equilibrium	PBS only	0.9732022437	14400.0
ERCC5 abundance	serum_fed_equilibrium	PBS only	0.9680941887	28800.0
ERCC5 abundance	serum_fed_equilibrium	PBS only	0.9899000298	86400.0
ERCC5 abundance	serum_fed_equilibrium	PBS only	0.7903291031	172800.0
ETS1 abundance	serum_fed_equilibrium	EGF	0.9932328926	0.0
ETS1 abundance	serum_fed_equilibrium	EGF	1.0003109406	3600.0
ETS1 abundance	serum_fed_equilibrium	EGF	0.9735570845	14400.0
ETS1 abundance	serum_fed_equilibrium	EGF	0.9724466997	28800.0
ETS1 abundance	serum_fed_equilibrium	EGF	0.953162172	86400.0
ETS1 abundance	serum_fed_equilibrium	EGF	0.9224654794	172800.0
ETS1 abundance	serum_fed_equilibrium	HGF only	0.9932328926	0.0
ETS1 abundance	serum_fed_equilibrium	HGF only	1.0134953145	3600.0
ETS1 abundance	serum_fed_equilibrium	HGF only	0.9912865368	14400.0
ETS1 abundance	serum_fed_equilibrium	HGF only	0.9659916309	28800.0
ETS1 abundance	serum_fed_equilibrium	HGF only	0.9002754966	86400.0
ETS1 abundance	serum_fed_equilibrium	HGF only	1.1467686476	172800.0
ETS1 abundance	serum_fed_equilibrium	IFNG_EGF	0.9932328926	0.0
ETS1 abundance	serum_fed_equilibrium	IFNG_EGF	1.0202263725	3600.0
ETS1 abundance	serum_fed_equilibrium	IFNG_EGF	1.0055301624	14400.0
ETS1 abundance	serum_fed_equilibrium	IFNG_EGF	1.0257122038	28800.0
ETS1 abundance	serum_fed_equilibrium	IFNG_EGF	1.0607115841	86400.0
ETS1 abundance	serum_fed_equilibrium	IFNG_EGF	1.0184568691	172800.0
ETS1 abundance	serum_fed_equilibrium	PBS only	0.9932328926	0.0
ETS1 abundance	serum_fed_equilibrium	PBS only	1.0213970402	3600.0
ETS1 abundance	serum_fed_equilibrium	PBS only	1.0020152708	14400.0
ETS1 abundance	serum_fed_equilibrium	PBS only	0.9786442296	28800.0
ETS1 abundance	serum_fed_equilibrium	PBS only	0.9885214829	86400.0
ETS1 abundance	serum_fed_equilibrium	PBS only	1.0788435409	172800.0
FASN abundance	serum_fed_equilibrium	EGF	1.043925832	0.0
FASN abundance	serum_fed_equilibrium	EGF	1.0181413078	3600.0
FASN abundance	serum_fed_equilibrium	EGF	1.0129967959	14400.0
FASN abundance	serum_fed_equilibrium	EGF	0.9960835623	28800.0
FASN abundance	serum_fed_equilibrium	EGF	1.0492022987	86400.0
FASN abundance	serum_fed_equilibrium	EGF	1.2879860603	172800.0
FASN abundance	serum_fed_equilibrium	HGF only	1.043925832	0.0
FASN abundance	serum_fed_equilibrium	HGF only	1.0388915629	3600.0
FASN abundance	serum_fed_equilibrium	HGF only	1.034770343	14400.0
FASN abundance	serum_fed_equilibrium	HGF only	1.0132994204	28800.0
FASN abundance	serum_fed_equilibrium	HGF only	1.0600131984	86400.0
FASN abundance	serum_fed_equilibrium	HGF only	1.1031047818	172800.0
FASN abundance	serum_fed_equilibrium	IFNG_EGF	1.043925832	0.0
FASN abundance	serum_fed_equilibrium	IFNG_EGF	1.0122757876	3600.0
FASN abundance	serum_fed_equilibrium	IFNG_EGF	1.0117692412	14400.0
FASN abundance	serum_fed_equilibrium	IFNG_EGF	0.9614796768	28800.0
FASN abundance	serum_fed_equilibrium	IFNG_EGF	1.0582755414	86400.0
FASN abundance	serum_fed_equilibrium	IFNG_EGF	1.0991546779	172800.0
FASN abundance	serum_fed_equilibrium	PBS only	1.043925832	0.0
FASN abundance	serum_fed_equilibrium	PBS only	1.103208233	3600.0
FASN abundance	serum_fed_equilibrium	PBS only	1.0045466872	14400.0
FASN abundance	serum_fed_equilibrium	PBS only	1.0260263736	28800.0
FASN abundance	serum_fed_equilibrium	PBS only	0.9201642824	86400.0
FASN abundance	serum_fed_equilibrium	PBS only	0.816793186	172800.0
FOXM1 abundance	serum_fed_equilibrium	EGF	0.8978894102	0.0
FOXM1 abundance	serum_fed_equilibrium	EGF	0.9509062937	3600.0
FOXM1 abundance	serum_fed_equilibrium	EGF	1.0207615411	14400.0
FOXM1 abundance	serum_fed_equilibrium	EGF	1.0216235785	28800.0
FOXM1 abundance	serum_fed_equilibrium	EGF	1.225113482	86400.0
FOXM1 abundance	serum_fed_equilibrium	EGF	1.2566683921	172800.0
FOXM1 abundance	serum_fed_equilibrium	HGF only	0.8978894102	0.0
FOXM1 abundance	serum_fed_equilibrium	HGF only	0.9705466707	3600.0
FOXM1 abundance	serum_fed_equilibrium	HGF only	1.0625834471	14400.0
FOXM1 abundance	serum_fed_equilibrium	HGF only	1.0914698046	28800.0
FOXM1 abundance	serum_fed_equilibrium	HGF only	0.9399199514	86400.0
FOXM1 abundance	serum_fed_equilibrium	HGF only	0.7537324848	172800.0
FOXM1 abundance	serum_fed_equilibrium	IFNG_EGF	0.8978894102	0.0
FOXM1 abundance	serum_fed_equilibrium	IFNG_EGF	0.950719739	3600.0
FOXM1 abundance	serum_fed_equilibrium	IFNG_EGF	1.034779728	14400.0
FOXM1 abundance	serum_fed_equilibrium	IFNG_EGF	1.0164002918	28800.0
FOXM1 abundance	serum_fed_equilibrium	IFNG_EGF	1.0890107664	86400.0
FOXM1 abundance	serum_fed_equilibrium	IFNG_EGF	0.8033008455	172800.0
FOXM1 abundance	serum_fed_equilibrium	PBS only	0.8978894102	0.0
FOXM1 abundance	serum_fed_equilibrium	PBS only	0.9227097396	3600.0
FOXM1 abundance	serum_fed_equilibrium	PBS only	1.0196675281	14400.0
FOXM1 abundance	serum_fed_equilibrium	PBS only	1.0420550345	28800.0
FOXM1 abundance	serum_fed_equilibrium	PBS only	0.511928355	86400.0
FOXM1 abundance	serum_fed_equilibrium	PBS only	0.4699387578	172800.0
G6PD abundance	serum_fed_equilibrium	EGF	1.044688505	0.0
G6PD abundance	serum_fed_equilibrium	EGF	1.0065969398	3600.0
G6PD abundance	serum_fed_equilibrium	EGF	1.0188596119	14400.0
G6PD abundance	serum_fed_equilibrium	EGF	1.0125081857	28800.0
G6PD abundance	serum_fed_equilibrium	EGF	0.925632666	86400.0
G6PD abundance	serum_fed_equilibrium	EGF	0.866447304	172800.0
G6PD abundance	serum_fed_equilibrium	HGF only	1.044688505	0.0
G6PD abundance	serum_fed_equilibrium	HGF only	1.0002423599	3600.0
G6PD abundance	serum_fed_equilibrium	HGF only	1.0081024255	14400.0
G6PD abundance	serum_fed_equilibrium	HGF only	1.0086767739	28800.0
G6PD abundance	serum_fed_equilibrium	HGF only	0.9939602076	86400.0
G6PD abundance	serum_fed_equilibrium	HGF only	0.9354286439	172800.0
G6PD abundance	serum_fed_equilibrium	IFNG_EGF	1.044688505	0.0
G6PD abundance	serum_fed_equilibrium	IFNG_EGF	0.9690754118	3600.0
G6PD abundance	serum_fed_equilibrium	IFNG_EGF	0.9887947152	14400.0
G6PD abundance	serum_fed_equilibrium	IFNG_EGF	1.0310524607	28800.0
G6PD abundance	serum_fed_equilibrium	IFNG_EGF	0.8832352432	86400.0
G6PD abundance	serum_fed_equilibrium	IFNG_EGF	0.9787907121	172800.0
G6PD abundance	serum_fed_equilibrium	PBS only	1.044688505	0.0
G6PD abundance	serum_fed_equilibrium	PBS only	1.0756939314	3600.0
G6PD abundance	serum_fed_equilibrium	PBS only	1.0995016936	14400.0
G6PD abundance	serum_fed_equilibrium	PBS only	1.1009163752	28800.0
G6PD abundance	serum_fed_equilibrium	PBS only	1.0662718654	86400.0
G6PD abundance	serum_fed_equilibrium	PBS only	1.1686889079	172800.0
GAB2 abundance	serum_fed_equilibrium	EGF	0.9500606054	0.0
GAB2 abundance	serum_fed_equilibrium	EGF	0.926039211	3600.0
GAB2 abundance	serum_fed_equilibrium	EGF	0.9732361594	14400.0
GAB2 abundance	serum_fed_equilibrium	EGF	0.9759672452	28800.0
GAB2 abundance	serum_fed_equilibrium	EGF	0.958663426	86400.0
GAB2 abundance	serum_fed_equilibrium	EGF	0.8867197812	172800.0
GAB2 abundance	serum_fed_equilibrium	HGF only	0.9500606054	0.0
GAB2 abundance	serum_fed_equilibrium	HGF only	0.9295540148	3600.0
GAB2 abundance	serum_fed_equilibrium	HGF only	0.9050739343	14400.0
GAB2 abundance	serum_fed_equilibrium	HGF only	1.0232355131	28800.0
GAB2 abundance	serum_fed_equilibrium	HGF only	0.944344712	86400.0
GAB2 abundance	serum_fed_equilibrium	HGF only	0.9359496289	172800.0
GAB2 abundance	serum_fed_equilibrium	IFNG_EGF	0.9500606054	0.0
GAB2 abundance	serum_fed_equilibrium	IFNG_EGF	0.9211268406	3600.0
GAB2 abundance	serum_fed_equilibrium	IFNG_EGF	0.9239016444	14400.0
GAB2 abundance	serum_fed_equilibrium	IFNG_EGF	0.9667261286	28800.0
GAB2 abundance	serum_fed_equilibrium	IFNG_EGF	0.9237669197	86400.0
GAB2 abundance	serum_fed_equilibrium	IFNG_EGF	0.9545556288	172800.0
GAB2 abundance	serum_fed_equilibrium	PBS only	0.9500606054	0.0
GAB2 abundance	serum_fed_equilibrium	PBS only	1.0086563464	3600.0
GAB2 abundance	serum_fed_equilibrium	PBS only	1.0269450236	14400.0
GAB2 abundance	serum_fed_equilibrium	PBS only	1.0691230157	28800.0
GAB2 abundance	serum_fed_equilibrium	PBS only	1.0398708601	86400.0
GAB2 abundance	serum_fed_equilibrium	PBS only	1.221978018	172800.0
GATA3 abundance	serum_fed_equilibrium	EGF	0.9922572881	0.0
GATA3 abundance	serum_fed_equilibrium	EGF	0.9983980161	3600.0
GATA3 abundance	serum_fed_equilibrium	EGF	0.9765155623	14400.0
GATA3 abundance	serum_fed_equilibrium	EGF	0.9623163395	28800.0
GATA3 abundance	serum_fed_equilibrium	EGF	0.9585194826	86400.0
GATA3 abundance	serum_fed_equilibrium	EGF	1.0404796041	172800.0
GATA3 abundance	serum_fed_equilibrium	HGF only	0.9922572881	0.0
GATA3 abundance	serum_fed_equilibrium	HGF only	0.9834743834	3600.0
GATA3 abundance	serum_fed_equilibrium	HGF only	1.0228144755	14400.0
GATA3 abundance	serum_fed_equilibrium	HGF only	1.0125686213	28800.0
GATA3 abundance	serum_fed_equilibrium	HGF only	1.0592143133	86400.0
GATA3 abundance	serum_fed_equilibrium	HGF only	1.1191114521	172800.0
GATA3 abundance	serum_fed_equilibrium	IFNG_EGF	0.9922572881	0.0
GATA3 abundance	serum_fed_equilibrium	IFNG_EGF	0.9878891929	3600.0
GATA3 abundance	serum_fed_equilibrium	IFNG_EGF	0.9682949655	14400.0
GATA3 abundance	serum_fed_equilibrium	IFNG_EGF	0.9825535139	28800.0
GATA3 abundance	serum_fed_equilibrium	IFNG_EGF	0.9755921656	86400.0
GATA3 abundance	serum_fed_equilibrium	IFNG_EGF	1.136363133	172800.0
GATA3 abundance	serum_fed_equilibrium	PBS only	0.9922572881	0.0
GATA3 abundance	serum_fed_equilibrium	PBS only	0.9936810394	3600.0
GATA3 abundance	serum_fed_equilibrium	PBS only	1.0143071157	14400.0
GATA3 abundance	serum_fed_equilibrium	PBS only	0.9902632177	28800.0
GATA3 abundance	serum_fed_equilibrium	PBS only	1.0543532513	86400.0
GATA3 abundance	serum_fed_equilibrium	PBS only	1.0444711525	172800.0
GATA6 abundance	serum_fed_equilibrium	EGF	1.0696892351	0.0
GATA6 abundance	serum_fed_equilibrium	EGF	1.0531985403	3600.0
GATA6 abundance	serum_fed_equilibrium	EGF	1.0398034945	14400.0
GATA6 abundance	serum_fed_equilibrium	EGF	1.0526457746	28800.0
GATA6 abundance	serum_fed_equilibrium	EGF	0.9609381532	86400.0
GATA6 abundance	serum_fed_equilibrium	EGF	0.948859841	172800.0
GATA6 abundance	serum_fed_equilibrium	HGF only	1.0696892351	0.0
GATA6 abundance	serum_fed_equilibrium	HGF only	0.9865766921	3600.0
GATA6 abundance	serum_fed_equilibrium	HGF only	1.0287027635	14400.0
GATA6 abundance	serum_fed_equilibrium	HGF only	1.0397247877	28800.0
GATA6 abundance	serum_fed_equilibrium	HGF only	1.0147672886	86400.0
GATA6 abundance	serum_fed_equilibrium	HGF only	0.9568836278	172800.0
GATA6 abundance	serum_fed_equilibrium	IFNG_EGF	1.0696892351	0.0
GATA6 abundance	serum_fed_equilibrium	IFNG_EGF	1.054557991	3600.0
GATA6 abundance	serum_fed_equilibrium	IFNG_EGF	0.9958903219	14400.0
GATA6 abundance	serum_fed_equilibrium	IFNG_EGF	1.0016837723	28800.0
GATA6 abundance	serum_fed_equilibrium	IFNG_EGF	0.8323345617	86400.0
GATA6 abundance	serum_fed_equilibrium	IFNG_EGF	0.8514272282	172800.0
GATA6 abundance	serum_fed_equilibrium	PBS only	1.0696892351	0.0
GATA6 abundance	serum_fed_equilibrium	PBS only	1.0889155411	3600.0
GATA6 abundance	serum_fed_equilibrium	PBS only	1.1330322817	14400.0
GATA6 abundance	serum_fed_equilibrium	PBS only	1.0778223547	28800.0
GATA6 abundance	serum_fed_equilibrium	PBS only	1.0732082521	86400.0
GATA6 abundance	serum_fed_equilibrium	PBS only	1.0510003158	172800.0
GCLM abundance	serum_fed_equilibrium	EGF	0.9911305311	0.0
GCLM abundance	serum_fed_equilibrium	EGF	0.9724916162	3600.0
GCLM abundance	serum_fed_equilibrium	EGF	0.9568261211	14400.0
GCLM abundance	serum_fed_equilibrium	EGF	0.9477668447	28800.0
GCLM abundance	serum_fed_equilibrium	EGF	0.9357596306	86400.0
GCLM abundance	serum_fed_equilibrium	EGF	0.9473240549	172800.0
GCLM abundance	serum_fed_equilibrium	HGF only	0.9911305311	0.0
GCLM abundance	serum_fed_equilibrium	HGF only	0.9792552533	3600.0
GCLM abundance	serum_fed_equilibrium	HGF only	0.9734351033	14400.0
GCLM abundance	serum_fed_equilibrium	HGF only	0.9520946773	28800.0
GCLM abundance	serum_fed_equilibrium	HGF only	0.9864963146	86400.0
GCLM abundance	serum_fed_equilibrium	HGF only	0.9578908621	172800.0
GCLM abundance	serum_fed_equilibrium	IFNG_EGF	0.9911305311	0.0
GCLM abundance	serum_fed_equilibrium	IFNG_EGF	0.9277027259	3600.0
GCLM abundance	serum_fed_equilibrium	IFNG_EGF	0.9821292566	14400.0
GCLM abundance	serum_fed_equilibrium	IFNG_EGF	0.985242559	28800.0
GCLM abundance	serum_fed_equilibrium	IFNG_EGF	0.9450192073	86400.0
GCLM abundance	serum_fed_equilibrium	IFNG_EGF	1.0462274788	172800.0
GCLM abundance	serum_fed_equilibrium	PBS only	0.9911305311	0.0
GCLM abundance	serum_fed_equilibrium	PBS only	1.0158779842	3600.0
GCLM abundance	serum_fed_equilibrium	PBS only	1.0127148415	14400.0
GCLM abundance	serum_fed_equilibrium	PBS only	1.0161377098	28800.0
GCLM abundance	serum_fed_equilibrium	PBS only	1.0277696525	86400.0
GCLM abundance	serum_fed_equilibrium	PBS only	1.0426077249	172800.0
KAT2A abundance	serum_fed_equilibrium	EGF	1.0728465862	0.0
KAT2A abundance	serum_fed_equilibrium	EGF	1.0695302779	3600.0
KAT2A abundance	serum_fed_equilibrium	EGF	1.0675047376	14400.0
KAT2A abundance	serum_fed_equilibrium	EGF	1.014241685	28800.0
KAT2A abundance	serum_fed_equilibrium	EGF	1.053557317	86400.0
KAT2A abundance	serum_fed_equilibrium	EGF	1.0849178981	172800.0
KAT2A abundance	serum_fed_equilibrium	HGF only	1.0728465862	0.0
KAT2A abundance	serum_fed_equilibrium	HGF only	1.0662430866	3600.0
KAT2A abundance	serum_fed_equilibrium	HGF only	1.0601218026	14400.0
KAT2A abundance	serum_fed_equilibrium	HGF only	1.0387129701	28800.0
KAT2A abundance	serum_fed_equilibrium	HGF only	1.0493827628	86400.0
KAT2A abundance	serum_fed_equilibrium	HGF only	0.9766643469	172800.0
KAT2A abundance	serum_fed_equilibrium	IFNG_EGF	1.0728465862	0.0
KAT2A abundance	serum_fed_equilibrium	IFNG_EGF	1.0540051891	3600.0
KAT2A abundance	serum_fed_equilibrium	IFNG_EGF	1.0375133263	14400.0
KAT2A abundance	serum_fed_equilibrium	IFNG_EGF	1.0129204562	28800.0
KAT2A abundance	serum_fed_equilibrium	IFNG_EGF	1.0032253713	86400.0
KAT2A abundance	serum_fed_equilibrium	IFNG_EGF	1.0226305424	172800.0
KAT2A abundance	serum_fed_equilibrium	PBS only	1.0728465862	0.0
KAT2A abundance	serum_fed_equilibrium	PBS only	1.0618345224	3600.0
KAT2A abundance	serum_fed_equilibrium	PBS only	1.0678328342	14400.0
KAT2A abundance	serum_fed_equilibrium	PBS only	1.0829682111	28800.0
KAT2A abundance	serum_fed_equilibrium	PBS only	0.9337408977	86400.0
KAT2A abundance	serum_fed_equilibrium	PBS only	0.9154845944	172800.0
GLUD1 abundance	serum_fed_equilibrium	EGF	1.0471985414	0.0
GLUD1 abundance	serum_fed_equilibrium	EGF	0.9869690535	3600.0
GLUD1 abundance	serum_fed_equilibrium	EGF	0.9831117624	14400.0
GLUD1 abundance	serum_fed_equilibrium	EGF	0.960940371	28800.0
GLUD1 abundance	serum_fed_equilibrium	EGF	0.9472490184	86400.0
GLUD1 abundance	serum_fed_equilibrium	EGF	0.9386097517	172800.0
GLUD1 abundance	serum_fed_equilibrium	HGF only	1.0471985414	0.0
GLUD1 abundance	serum_fed_equilibrium	HGF only	1.0080955821	3600.0
GLUD1 abundance	serum_fed_equilibrium	HGF only	0.9711958868	14400.0
GLUD1 abundance	serum_fed_equilibrium	HGF only	0.9701327706	28800.0
GLUD1 abundance	serum_fed_equilibrium	HGF only	1.0026280508	86400.0
GLUD1 abundance	serum_fed_equilibrium	HGF only	1.1180798041	172800.0
GLUD1 abundance	serum_fed_equilibrium	IFNG_EGF	1.0471985414	0.0
GLUD1 abundance	serum_fed_equilibrium	IFNG_EGF	0.9740379403	3600.0
GLUD1 abundance	serum_fed_equilibrium	IFNG_EGF	0.9548605937	14400.0
GLUD1 abundance	serum_fed_equilibrium	IFNG_EGF	0.9849137579	28800.0
GLUD1 abundance	serum_fed_equilibrium	IFNG_EGF	0.8517373172	86400.0
GLUD1 abundance	serum_fed_equilibrium	IFNG_EGF	0.9080981957	172800.0
GLUD1 abundance	serum_fed_equilibrium	PBS only	1.0471985414	0.0
GLUD1 abundance	serum_fed_equilibrium	PBS only	1.0653600381	3600.0
GLUD1 abundance	serum_fed_equilibrium	PBS only	1.1117478759	14400.0
GLUD1 abundance	serum_fed_equilibrium	PBS only	1.1182474071	28800.0
GLUD1 abundance	serum_fed_equilibrium	PBS only	1.1218408687	86400.0
GLUD1 abundance	serum_fed_equilibrium	PBS only	1.5876571253	172800.0
GLS abundance	serum_fed_equilibrium	EGF	1.0112704178	0.0
GLS abundance	serum_fed_equilibrium	EGF	0.9993104317	3600.0
GLS abundance	serum_fed_equilibrium	EGF	1.0056166111	14400.0
GLS abundance	serum_fed_equilibrium	EGF	0.9706062599	28800.0
GLS abundance	serum_fed_equilibrium	EGF	0.9739305749	86400.0
GLS abundance	serum_fed_equilibrium	EGF	0.9977503495	172800.0
GLS abundance	serum_fed_equilibrium	HGF only	1.0112704178	0.0
GLS abundance	serum_fed_equilibrium	HGF only	1.0195670584	3600.0
GLS abundance	serum_fed_equilibrium	HGF only	0.9859345271	14400.0
GLS abundance	serum_fed_equilibrium	HGF only	0.9791539337	28800.0
GLS abundance	serum_fed_equilibrium	HGF only	0.9795799007	86400.0
GLS abundance	serum_fed_equilibrium	HGF only	1.0446280508	172800.0
GLS abundance	serum_fed_equilibrium	IFNG_EGF	1.0112704178	0.0
GLS abundance	serum_fed_equilibrium	IFNG_EGF	0.9985240124	3600.0
GLS abundance	serum_fed_equilibrium	IFNG_EGF	0.9990177043	14400.0
GLS abundance	serum_fed_equilibrium	IFNG_EGF	0.9833722826	28800.0
GLS abundance	serum_fed_equilibrium	IFNG_EGF	0.9767136301	86400.0
GLS abundance	serum_fed_equilibrium	IFNG_EGF	0.9677752048	172800.0
GLS abundance	serum_fed_equilibrium	PBS only	1.0112704178	0.0
GLS abundance	serum_fed_equilibrium	PBS only	0.9962315582	3600.0
GLS abundance	serum_fed_equilibrium	PBS only	0.9940896057	14400.0
GLS abundance	serum_fed_equilibrium	PBS only	0.9832914537	28800.0
GLS abundance	serum_fed_equilibrium	PBS only	0.9228479647	86400.0
GLS abundance	serum_fed_equilibrium	PBS only	0.9051566238	172800.0
GZMB abundance	serum_fed_equilibrium	EGF	0.9990675127	0.0
GZMB abundance	serum_fed_equilibrium	EGF	0.9984505994	3600.0
GZMB abundance	serum_fed_equilibrium	EGF	0.9762712156	14400.0
GZMB abundance	serum_fed_equilibrium	EGF	0.9845439952	28800.0
GZMB abundance	serum_fed_equilibrium	EGF	0.9761780208	86400.0
GZMB abundance	serum_fed_equilibrium	EGF	1.0951211157	172800.0
GZMB abundance	serum_fed_equilibrium	HGF only	0.9990675127	0.0
GZMB abundance	serum_fed_equilibrium	HGF only	0.989980218	3600.0
GZMB abundance	serum_fed_equilibrium	HGF only	1.0202135631	14400.0
GZMB abundance	serum_fed_equilibrium	HGF only	0.9845340184	28800.0
GZMB abundance	serum_fed_equilibrium	HGF only	1.0161964817	86400.0
GZMB abundance	serum_fed_equilibrium	HGF only	1.0935606522	172800.0
GZMB abundance	serum_fed_equilibrium	IFNG_EGF	0.9990675127	0.0
GZMB abundance	serum_fed_equilibrium	IFNG_EGF	1.0419403679	3600.0
GZMB abundance	serum_fed_equilibrium	IFNG_EGF	0.9589920931	14400.0
GZMB abundance	serum_fed_equilibrium	IFNG_EGF	1.0006572174	28800.0
GZMB abundance	serum_fed_equilibrium	IFNG_EGF	0.9768934886	86400.0
GZMB abundance	serum_fed_equilibrium	IFNG_EGF	1.0879557986	172800.0
GZMB abundance	serum_fed_equilibrium	PBS only	0.9990675127	0.0
GZMB abundance	serum_fed_equilibrium	PBS only	0.9951466628	3600.0
GZMB abundance	serum_fed_equilibrium	PBS only	1.0051980888	14400.0
GZMB abundance	serum_fed_equilibrium	PBS only	0.9950030288	28800.0
GZMB abundance	serum_fed_equilibrium	PBS only	0.9789902088	86400.0
GZMB abundance	serum_fed_equilibrium	PBS only	0.967733242	172800.0
GYS1 abundance	serum_fed_equilibrium	EGF	0.9342360885	0.0
GYS1 abundance	serum_fed_equilibrium	EGF	0.9010941966	3600.0
GYS1 abundance	serum_fed_equilibrium	EGF	0.9395399978	14400.0
GYS1 abundance	serum_fed_equilibrium	EGF	0.9915919794	28800.0
GYS1 abundance	serum_fed_equilibrium	EGF	1.0403747588	86400.0
GYS1 abundance	serum_fed_equilibrium	EGF	1.0379982082	172800.0
GYS1 abundance	serum_fed_equilibrium	HGF only	0.9342360885	0.0
GYS1 abundance	serum_fed_equilibrium	HGF only	0.9453738933	3600.0
GYS1 abundance	serum_fed_equilibrium	HGF only	0.9557873556	14400.0
GYS1 abundance	serum_fed_equilibrium	HGF only	0.9943376382	28800.0
GYS1 abundance	serum_fed_equilibrium	HGF only	1.058110158	86400.0
GYS1 abundance	serum_fed_equilibrium	HGF only	1.0991761505	172800.0
GYS1 abundance	serum_fed_equilibrium	IFNG_EGF	0.9342360885	0.0
GYS1 abundance	serum_fed_equilibrium	IFNG_EGF	0.9063609127	3600.0
GYS1 abundance	serum_fed_equilibrium	IFNG_EGF	1.0128650461	14400.0
GYS1 abundance	serum_fed_equilibrium	IFNG_EGF	0.9664892808	28800.0
GYS1 abundance	serum_fed_equilibrium	IFNG_EGF	1.0228558627	86400.0
GYS1 abundance	serum_fed_equilibrium	IFNG_EGF	1.0823267869	172800.0
GYS1 abundance	serum_fed_equilibrium	PBS only	0.9342360885	0.0
GYS1 abundance	serum_fed_equilibrium	PBS only	0.9861795746	3600.0
GYS1 abundance	serum_fed_equilibrium	PBS only	1.0022505642	14400.0
GYS1 abundance	serum_fed_equilibrium	PBS only	0.9503853438	28800.0
GYS1 abundance	serum_fed_equilibrium	PBS only	1.0568359064	86400.0
GYS1 abundance	serum_fed_equilibrium	PBS only	0.8535942131	172800.0
NRG1 abundance	serum_fed_equilibrium	EGF	0.9508784844	0.0
NRG1 abundance	serum_fed_equilibrium	EGF	0.9388666575	3600.0
NRG1 abundance	serum_fed_equilibrium	EGF	0.9237828496	14400.0
NRG1 abundance	serum_fed_equilibrium	EGF	1.0032711328	28800.0
NRG1 abundance	serum_fed_equilibrium	EGF	0.9955707813	86400.0
NRG1 abundance	serum_fed_equilibrium	EGF	1.0345928378	172800.0
NRG1 abundance	serum_fed_equilibrium	HGF only	0.9508784844	0.0
NRG1 abundance	serum_fed_equilibrium	HGF only	0.957853046	3600.0
NRG1 abundance	serum_fed_equilibrium	HGF only	0.9356538741	14400.0
NRG1 abundance	serum_fed_equilibrium	HGF only	0.9493218546	28800.0
NRG1 abundance	serum_fed_equilibrium	HGF only	0.9891818146	86400.0
NRG1 abundance	serum_fed_equilibrium	HGF only	0.9790484582	172800.0
NRG1 abundance	serum_fed_equilibrium	IFNG_EGF	0.9508784844	0.0
NRG1 abundance	serum_fed_equilibrium	IFNG_EGF	0.9145501346	3600.0
NRG1 abundance	serum_fed_equilibrium	IFNG_EGF	0.9789165852	14400.0
NRG1 abundance	serum_fed_equilibrium	IFNG_EGF	1.0998475679	28800.0
NRG1 abundance	serum_fed_equilibrium	IFNG_EGF	0.9827481862	86400.0
NRG1 abundance	serum_fed_equilibrium	IFNG_EGF	0.8967035084	172800.0
NRG1 abundance	serum_fed_equilibrium	PBS only	0.9508784844	0.0
NRG1 abundance	serum_fed_equilibrium	PBS only	0.9656107827	3600.0
NRG1 abundance	serum_fed_equilibrium	PBS only	1.0049756503	14400.0
NRG1 abundance	serum_fed_equilibrium	PBS only	0.9720896938	28800.0
NRG1 abundance	serum_fed_equilibrium	PBS only	0.9578883711	86400.0
NRG1 abundance	serum_fed_equilibrium	PBS only	0.9449859345	172800.0
HES1 abundance	serum_fed_equilibrium	EGF	1.1128418402	0.0
HES1 abundance	serum_fed_equilibrium	EGF	1.1527841955	3600.0
HES1 abundance	serum_fed_equilibrium	EGF	1.0569008331	14400.0
HES1 abundance	serum_fed_equilibrium	EGF	1.0412291599	28800.0
HES1 abundance	serum_fed_equilibrium	EGF	0.997076509	86400.0
HES1 abundance	serum_fed_equilibrium	EGF	1.0832709893	172800.0
HES1 abundance	serum_fed_equilibrium	HGF only	1.1128418402	0.0
HES1 abundance	serum_fed_equilibrium	HGF only	1.1010638405	3600.0
HES1 abundance	serum_fed_equilibrium	HGF only	0.896343767	14400.0
HES1 abundance	serum_fed_equilibrium	HGF only	0.9981044278	28800.0
HES1 abundance	serum_fed_equilibrium	HGF only	1.1299665178	86400.0
HES1 abundance	serum_fed_equilibrium	HGF only	1.0763913348	172800.0
HES1 abundance	serum_fed_equilibrium	IFNG_EGF	1.1128418402	0.0
HES1 abundance	serum_fed_equilibrium	IFNG_EGF	1.1097643544	3600.0
HES1 abundance	serum_fed_equilibrium	IFNG_EGF	0.8239025251	14400.0
HES1 abundance	serum_fed_equilibrium	IFNG_EGF	0.7417180265	28800.0
HES1 abundance	serum_fed_equilibrium	IFNG_EGF	0.5522846566	86400.0
HES1 abundance	serum_fed_equilibrium	IFNG_EGF	0.4553987148	172800.0
HES1 abundance	serum_fed_equilibrium	PBS only	1.1128418402	0.0
HES1 abundance	serum_fed_equilibrium	PBS only	1.0109071972	3600.0
HES1 abundance	serum_fed_equilibrium	PBS only	0.7865190207	14400.0
HES1 abundance	serum_fed_equilibrium	PBS only	0.8586483218	28800.0
HES1 abundance	serum_fed_equilibrium	PBS only	0.7860400789	86400.0
HES1 abundance	serum_fed_equilibrium	PBS only	0.7332271194	172800.0
HK2 abundance	serum_fed_equilibrium	EGF	1.0517832689	0.0
HK2 abundance	serum_fed_equilibrium	EGF	1.0223486417	3600.0
HK2 abundance	serum_fed_equilibrium	EGF	0.9849566872	14400.0
HK2 abundance	serum_fed_equilibrium	EGF	0.9921992125	28800.0
HK2 abundance	serum_fed_equilibrium	EGF	0.9731569826	86400.0
HK2 abundance	serum_fed_equilibrium	EGF	0.9768007551	172800.0
HK2 abundance	serum_fed_equilibrium	HGF only	1.0517832689	0.0
HK2 abundance	serum_fed_equilibrium	HGF only	0.9997430115	3600.0
HK2 abundance	serum_fed_equilibrium	HGF only	0.9956512134	14400.0
HK2 abundance	serum_fed_equilibrium	HGF only	1.0038117583	28800.0
HK2 abundance	serum_fed_equilibrium	HGF only	0.9545514687	86400.0
HK2 abundance	serum_fed_equilibrium	HGF only	0.9343835233	172800.0
HK2 abundance	serum_fed_equilibrium	IFNG_EGF	1.0517832689	0.0
HK2 abundance	serum_fed_equilibrium	IFNG_EGF	1.0348445583	3600.0
HK2 abundance	serum_fed_equilibrium	IFNG_EGF	1.0064428862	14400.0
HK2 abundance	serum_fed_equilibrium	IFNG_EGF	1.0189042852	28800.0
HK2 abundance	serum_fed_equilibrium	IFNG_EGF	0.9409981703	86400.0
HK2 abundance	serum_fed_equilibrium	IFNG_EGF	0.9411053129	172800.0
HK2 abundance	serum_fed_equilibrium	PBS only	1.0517832689	0.0
HK2 abundance	serum_fed_equilibrium	PBS only	1.100939905	3600.0
HK2 abundance	serum_fed_equilibrium	PBS only	1.1169003006	14400.0
HK2 abundance	serum_fed_equilibrium	PBS only	1.0592047549	28800.0
HK2 abundance	serum_fed_equilibrium	PBS only	0.961313779	86400.0
HK2 abundance	serum_fed_equilibrium	PBS only	0.9913489692	172800.0
HIF1A abundance	serum_fed_equilibrium	EGF	1.1017058015	0.0
HIF1A abundance	serum_fed_equilibrium	EGF	0.8877399049	3600.0
HIF1A abundance	serum_fed_equilibrium	EGF	1.0481092285	14400.0
HIF1A abundance	serum_fed_equilibrium	EGF	1.0605970335	28800.0
HIF1A abundance	serum_fed_equilibrium	EGF	1.0344765878	86400.0
HIF1A abundance	serum_fed_equilibrium	EGF	0.8884478817	172800.0
HIF1A abundance	serum_fed_equilibrium	HGF only	1.1017058015	0.0
HIF1A abundance	serum_fed_equilibrium	HGF only	0.8772028983	3600.0
HIF1A abundance	serum_fed_equilibrium	HGF only	0.8428149305	14400.0
HIF1A abundance	serum_fed_equilibrium	HGF only	0.9293305221	28800.0
HIF1A abundance	serum_fed_equilibrium	HGF only	0.843022283	86400.0
HIF1A abundance	serum_fed_equilibrium	HGF only	0.724168407	172800.0
HIF1A abundance	serum_fed_equilibrium	IFNG_EGF	1.1017058015	0.0
HIF1A abundance	serum_fed_equilibrium	IFNG_EGF	0.9201645492	3600.0
HIF1A abundance	serum_fed_equilibrium	IFNG_EGF	1.2403035283	14400.0
HIF1A abundance	serum_fed_equilibrium	IFNG_EGF	1.4901414404	28800.0
HIF1A abundance	serum_fed_equilibrium	IFNG_EGF	1.2064489665	86400.0
HIF1A abundance	serum_fed_equilibrium	IFNG_EGF	0.7383979767	172800.0
HIF1A abundance	serum_fed_equilibrium	PBS only	1.1017058015	0.0
HIF1A abundance	serum_fed_equilibrium	PBS only	0.8592517852	3600.0
HIF1A abundance	serum_fed_equilibrium	PBS only	0.8390111214	14400.0
HIF1A abundance	serum_fed_equilibrium	PBS only	0.7892686523	28800.0
HIF1A abundance	serum_fed_equilibrium	PBS only	0.732926412	86400.0
HIF1A abundance	serum_fed_equilibrium	PBS only	0.7689400157	172800.0
H3-4 abundance	serum_fed_equilibrium	EGF	0.8194863972	0.0
H3-4 abundance	serum_fed_equilibrium	EGF	0.8657614499	3600.0
H3-4 abundance	serum_fed_equilibrium	EGF	0.9446017234	14400.0
H3-4 abundance	serum_fed_equilibrium	EGF	0.9953064763	28800.0
H3-4 abundance	serum_fed_equilibrium	EGF	0.9068194318	86400.0
H3-4 abundance	serum_fed_equilibrium	EGF	0.8143948727	172800.0
H3-4 abundance	serum_fed_equilibrium	HGF only	0.8194863972	0.0
H3-4 abundance	serum_fed_equilibrium	HGF only	0.8224481631	3600.0
H3-4 abundance	serum_fed_equilibrium	HGF only	0.9892902693	14400.0
H3-4 abundance	serum_fed_equilibrium	HGF only	1.1225356692	28800.0
H3-4 abundance	serum_fed_equilibrium	HGF only	0.9605806075	86400.0
H3-4 abundance	serum_fed_equilibrium	HGF only	1.0408490828	172800.0
H3-4 abundance	serum_fed_equilibrium	IFNG_EGF	0.8194863972	0.0
H3-4 abundance	serum_fed_equilibrium	IFNG_EGF	0.9212618018	3600.0
H3-4 abundance	serum_fed_equilibrium	IFNG_EGF	0.942775657	14400.0
H3-4 abundance	serum_fed_equilibrium	IFNG_EGF	1.1113396995	28800.0
H3-4 abundance	serum_fed_equilibrium	IFNG_EGF	0.8879593685	86400.0
H3-4 abundance	serum_fed_equilibrium	IFNG_EGF	1.0955510488	172800.0
H3-4 abundance	serum_fed_equilibrium	PBS only	0.8194863972	0.0
H3-4 abundance	serum_fed_equilibrium	PBS only	0.8712516745	3600.0
H3-4 abundance	serum_fed_equilibrium	PBS only	0.8848733176	14400.0
H3-4 abundance	serum_fed_equilibrium	PBS only	0.9367827167	28800.0
H3-4 abundance	serum_fed_equilibrium	PBS only	1.5252501953	86400.0
H3-4 abundance	serum_fed_equilibrium	PBS only	2.8289466509	172800.0
HSPB1 abundance	serum_fed_equilibrium	EGF	1.0567953161	0.0
HSPB1 abundance	serum_fed_equilibrium	EGF	1.0464715155	3600.0
HSPB1 abundance	serum_fed_equilibrium	EGF	0.9953697683	14400.0
HSPB1 abundance	serum_fed_equilibrium	EGF	1.0240696933	28800.0
HSPB1 abundance	serum_fed_equilibrium	EGF	0.9774908206	86400.0
HSPB1 abundance	serum_fed_equilibrium	EGF	0.8451355433	172800.0
HSPB1 abundance	serum_fed_equilibrium	HGF only	1.0567953161	0.0
HSPB1 abundance	serum_fed_equilibrium	HGF only	1.0115555893	3600.0
HSPB1 abundance	serum_fed_equilibrium	HGF only	1.0188400003	14400.0
HSPB1 abundance	serum_fed_equilibrium	HGF only	1.0217175222	28800.0
HSPB1 abundance	serum_fed_equilibrium	HGF only	1.1079305666	86400.0
HSPB1 abundance	serum_fed_equilibrium	HGF only	1.0827229009	172800.0
HSPB1 abundance	serum_fed_equilibrium	IFNG_EGF	1.0567953161	0.0
HSPB1 abundance	serum_fed_equilibrium	IFNG_EGF	1.0069884468	3600.0
HSPB1 abundance	serum_fed_equilibrium	IFNG_EGF	0.993818381	14400.0
HSPB1 abundance	serum_fed_equilibrium	IFNG_EGF	1.0040332203	28800.0
HSPB1 abundance	serum_fed_equilibrium	IFNG_EGF	0.9636261449	86400.0
HSPB1 abundance	serum_fed_equilibrium	IFNG_EGF	0.8952587596	172800.0
HSPB1 abundance	serum_fed_equilibrium	PBS only	1.0567953161	0.0
HSPB1 abundance	serum_fed_equilibrium	PBS only	1.1253045486	3600.0
HSPB1 abundance	serum_fed_equilibrium	PBS only	1.105408378	14400.0
HSPB1 abundance	serum_fed_equilibrium	PBS only	1.1056028163	28800.0
HSPB1 abundance	serum_fed_equilibrium	PBS only	1.2751184631	86400.0
HSPB1 abundance	serum_fed_equilibrium	PBS only	1.344147299	172800.0
HSPA1A abundance	serum_fed_equilibrium	EGF	0.9705275367	0.0
HSPA1A abundance	serum_fed_equilibrium	EGF	0.9450275329	3600.0
HSPA1A abundance	serum_fed_equilibrium	EGF	0.9803340123	14400.0
HSPA1A abundance	serum_fed_equilibrium	EGF	0.9363519826	28800.0
HSPA1A abundance	serum_fed_equilibrium	EGF	0.9779788453	86400.0
HSPA1A abundance	serum_fed_equilibrium	EGF	1.0062087203	172800.0
HSPA1A abundance	serum_fed_equilibrium	HGF only	0.9705275367	0.0
HSPA1A abundance	serum_fed_equilibrium	HGF only	0.970501048	3600.0
HSPA1A abundance	serum_fed_equilibrium	HGF only	0.9753991933	14400.0
HSPA1A abundance	serum_fed_equilibrium	HGF only	0.9759854534	28800.0
HSPA1A abundance	serum_fed_equilibrium	HGF only	1.0198608508	86400.0
HSPA1A abundance	serum_fed_equilibrium	HGF only	1.0858879826	172800.0
HSPA1A abundance	serum_fed_equilibrium	IFNG_EGF	0.9705275367	0.0
HSPA1A abundance	serum_fed_equilibrium	IFNG_EGF	0.9585660655	3600.0
HSPA1A abundance	serum_fed_equilibrium	IFNG_EGF	0.9662894433	14400.0
HSPA1A abundance	serum_fed_equilibrium	IFNG_EGF	1.0040928841	28800.0
HSPA1A abundance	serum_fed_equilibrium	IFNG_EGF	0.915157894	86400.0
HSPA1A abundance	serum_fed_equilibrium	IFNG_EGF	0.9258212639	172800.0
HSPA1A abundance	serum_fed_equilibrium	PBS only	0.9705275367	0.0
HSPA1A abundance	serum_fed_equilibrium	PBS only	1.0404569607	3600.0
HSPA1A abundance	serum_fed_equilibrium	PBS only	0.9818192127	14400.0
HSPA1A abundance	serum_fed_equilibrium	PBS only	0.9870544983	28800.0
HSPA1A abundance	serum_fed_equilibrium	PBS only	1.0536423334	86400.0
HSPA1A abundance	serum_fed_equilibrium	PBS only	0.9828147302	172800.0
IGFBP2 abundance	serum_fed_equilibrium	EGF	1.1192585992	0.0
IGFBP2 abundance	serum_fed_equilibrium	EGF	1.027753604	3600.0
IGFBP2 abundance	serum_fed_equilibrium	EGF	1.0323875342	14400.0
IGFBP2 abundance	serum_fed_equilibrium	EGF	1.0269670911	28800.0
IGFBP2 abundance	serum_fed_equilibrium	EGF	1.0075464536	86400.0
IGFBP2 abundance	serum_fed_equilibrium	EGF	0.886809572	172800.0
IGFBP2 abundance	serum_fed_equilibrium	HGF only	1.1192585992	0.0
IGFBP2 abundance	serum_fed_equilibrium	HGF only	1.0260194543	3600.0
IGFBP2 abundance	serum_fed_equilibrium	HGF only	1.0237751827	14400.0
IGFBP2 abundance	serum_fed_equilibrium	HGF only	1.004718697	28800.0
IGFBP2 abundance	serum_fed_equilibrium	HGF only	1.0272378926	86400.0
IGFBP2 abundance	serum_fed_equilibrium	HGF only	0.9023997655	172800.0
IGFBP2 abundance	serum_fed_equilibrium	IFNG_EGF	1.1192585992	0.0
IGFBP2 abundance	serum_fed_equilibrium	IFNG_EGF	1.0299634157	3600.0
IGFBP2 abundance	serum_fed_equilibrium	IFNG_EGF	1.0260317736	14400.0
IGFBP2 abundance	serum_fed_equilibrium	IFNG_EGF	1.0483925851	28800.0
IGFBP2 abundance	serum_fed_equilibrium	IFNG_EGF	0.8606947156	86400.0
IGFBP2 abundance	serum_fed_equilibrium	IFNG_EGF	0.762638898	172800.0
IGFBP2 abundance	serum_fed_equilibrium	PBS only	1.1192585992	0.0
IGFBP2 abundance	serum_fed_equilibrium	PBS only	1.2353199929	3600.0
IGFBP2 abundance	serum_fed_equilibrium	PBS only	1.2711450175	14400.0
IGFBP2 abundance	serum_fed_equilibrium	PBS only	1.225694582	28800.0
IGFBP2 abundance	serum_fed_equilibrium	PBS only	1.1313259877	86400.0
IGFBP2 abundance	serum_fed_equilibrium	PBS only	1.1633364214	172800.0
INPP4B abundance	serum_fed_equilibrium	EGF	0.9930951789	0.0
INPP4B abundance	serum_fed_equilibrium	EGF	1.0161776683	3600.0
INPP4B abundance	serum_fed_equilibrium	EGF	0.9934237342	14400.0
INPP4B abundance	serum_fed_equilibrium	EGF	0.9941924581	28800.0
INPP4B abundance	serum_fed_equilibrium	EGF	0.9496472472	86400.0
INPP4B abundance	serum_fed_equilibrium	EGF	0.9016773043	172800.0
INPP4B abundance	serum_fed_equilibrium	HGF only	0.9930951789	0.0
INPP4B abundance	serum_fed_equilibrium	HGF only	1.0284946726	3600.0
INPP4B abundance	serum_fed_equilibrium	HGF only	1.0089214009	14400.0
INPP4B abundance	serum_fed_equilibrium	HGF only	1.0163381277	28800.0
INPP4B abundance	serum_fed_equilibrium	HGF only	0.9507776878	86400.0
INPP4B abundance	serum_fed_equilibrium	HGF only	0.9342822661	172800.0
INPP4B abundance	serum_fed_equilibrium	IFNG_EGF	0.9930951789	0.0
INPP4B abundance	serum_fed_equilibrium	IFNG_EGF	1.0085900664	3600.0
INPP4B abundance	serum_fed_equilibrium	IFNG_EGF	1.0339557084	14400.0
INPP4B abundance	serum_fed_equilibrium	IFNG_EGF	0.9975922077	28800.0
INPP4B abundance	serum_fed_equilibrium	IFNG_EGF	0.8212025903	86400.0
INPP4B abundance	serum_fed_equilibrium	IFNG_EGF	0.8781944193	172800.0
INPP4B abundance	serum_fed_equilibrium	PBS only	0.9930951789	0.0
INPP4B abundance	serum_fed_equilibrium	PBS only	1.0132096837	3600.0
INPP4B abundance	serum_fed_equilibrium	PBS only	1.0319479728	14400.0
INPP4B abundance	serum_fed_equilibrium	PBS only	0.9035930089	28800.0
INPP4B abundance	serum_fed_equilibrium	PBS only	0.930092025	86400.0
INPP4B abundance	serum_fed_equilibrium	PBS only	0.9636398372	172800.0
IRF1 abundance	serum_fed_equilibrium	EGF	0.9661474476	0.0
IRF1 abundance	serum_fed_equilibrium	EGF	0.9454737794	3600.0
IRF1 abundance	serum_fed_equilibrium	EGF	0.9279948521	14400.0
IRF1 abundance	serum_fed_equilibrium	EGF	0.928050902	28800.0
IRF1 abundance	serum_fed_equilibrium	EGF	0.9010749042	86400.0
IRF1 abundance	serum_fed_equilibrium	EGF	0.8401730213	172800.0
IRF1 abundance	serum_fed_equilibrium	HGF only	0.9661474476	0.0
IRF1 abundance	serum_fed_equilibrium	HGF only	0.9546942242	3600.0
IRF1 abundance	serum_fed_equilibrium	HGF only	0.9552892544	14400.0
IRF1 abundance	serum_fed_equilibrium	HGF only	0.9213833843	28800.0
IRF1 abundance	serum_fed_equilibrium	HGF only	0.8949723236	86400.0
IRF1 abundance	serum_fed_equilibrium	HGF only	0.9608992261	172800.0
IRF1 abundance	serum_fed_equilibrium	IFNG_EGF	0.9661474476	0.0
IRF1 abundance	serum_fed_equilibrium	IFNG_EGF	0.9661162444	3600.0
IRF1 abundance	serum_fed_equilibrium	IFNG_EGF	3.7297598134	14400.0
IRF1 abundance	serum_fed_equilibrium	IFNG_EGF	3.7114988928	28800.0
IRF1 abundance	serum_fed_equilibrium	IFNG_EGF	4.0934673389	86400.0
IRF1 abundance	serum_fed_equilibrium	IFNG_EGF	3.583492137	172800.0
IRF1 abundance	serum_fed_equilibrium	PBS only	0.9661474476	0.0
IRF1 abundance	serum_fed_equilibrium	PBS only	0.9958976734	3600.0
IRF1 abundance	serum_fed_equilibrium	PBS only	0.9671985656	14400.0
IRF1 abundance	serum_fed_equilibrium	PBS only	0.9293592246	28800.0
IRF1 abundance	serum_fed_equilibrium	PBS only	1.0460294561	86400.0
IRF1 abundance	serum_fed_equilibrium	PBS only	1.098548643	172800.0
JAG1 abundance	serum_fed_equilibrium	EGF	0.9849726572	0.0
JAG1 abundance	serum_fed_equilibrium	EGF	0.9769749832	3600.0
JAG1 abundance	serum_fed_equilibrium	EGF	0.9883032122	14400.0
JAG1 abundance	serum_fed_equilibrium	EGF	0.977103254	28800.0
JAG1 abundance	serum_fed_equilibrium	EGF	0.9196012312	86400.0
JAG1 abundance	serum_fed_equilibrium	EGF	0.8750003712	172800.0
JAG1 abundance	serum_fed_equilibrium	HGF only	0.9849726572	0.0
JAG1 abundance	serum_fed_equilibrium	HGF only	0.9735831415	3600.0
JAG1 abundance	serum_fed_equilibrium	HGF only	0.9193749171	14400.0
JAG1 abundance	serum_fed_equilibrium	HGF only	0.9481163076	28800.0
JAG1 abundance	serum_fed_equilibrium	HGF only	0.9089798299	86400.0
JAG1 abundance	serum_fed_equilibrium	HGF only	0.9020297051	172800.0
JAG1 abundance	serum_fed_equilibrium	IFNG_EGF	0.9849726572	0.0
JAG1 abundance	serum_fed_equilibrium	IFNG_EGF	0.9769959522	3600.0
JAG1 abundance	serum_fed_equilibrium	IFNG_EGF	0.9729735356	14400.0
JAG1 abundance	serum_fed_equilibrium	IFNG_EGF	0.9849671576	28800.0
JAG1 abundance	serum_fed_equilibrium	IFNG_EGF	0.9051041372	86400.0
JAG1 abundance	serum_fed_equilibrium	IFNG_EGF	0.950515634	172800.0
JAG1 abundance	serum_fed_equilibrium	PBS only	0.9849726572	0.0
JAG1 abundance	serum_fed_equilibrium	PBS only	0.9791349508	3600.0
JAG1 abundance	serum_fed_equilibrium	PBS only	0.9500706994	14400.0
JAG1 abundance	serum_fed_equilibrium	PBS only	0.9322250102	28800.0
JAG1 abundance	serum_fed_equilibrium	PBS only	0.9080409115	86400.0
JAG1 abundance	serum_fed_equilibrium	PBS only	0.9997818035	172800.0
JAK2 abundance	serum_fed_equilibrium	EGF	0.987873984	0.0
JAK2 abundance	serum_fed_equilibrium	EGF	0.9945890118	3600.0
JAK2 abundance	serum_fed_equilibrium	EGF	0.992759087	14400.0
JAK2 abundance	serum_fed_equilibrium	EGF	0.9881107312	28800.0
JAK2 abundance	serum_fed_equilibrium	EGF	1.0565948128	86400.0
JAK2 abundance	serum_fed_equilibrium	EGF	1.0947091731	172800.0
JAK2 abundance	serum_fed_equilibrium	HGF only	0.987873984	0.0
JAK2 abundance	serum_fed_equilibrium	HGF only	1.0121407957	3600.0
JAK2 abundance	serum_fed_equilibrium	HGF only	1.0025375903	14400.0
JAK2 abundance	serum_fed_equilibrium	HGF only	1.006980511	28800.0
JAK2 abundance	serum_fed_equilibrium	HGF only	1.0546682194	86400.0
JAK2 abundance	serum_fed_equilibrium	HGF only	1.1480285179	172800.0
JAK2 abundance	serum_fed_equilibrium	IFNG_EGF	0.987873984	0.0
JAK2 abundance	serum_fed_equilibrium	IFNG_EGF	0.989446754	3600.0
JAK2 abundance	serum_fed_equilibrium	IFNG_EGF	0.9454006833	14400.0
JAK2 abundance	serum_fed_equilibrium	IFNG_EGF	1.1467770845	28800.0
JAK2 abundance	serum_fed_equilibrium	IFNG_EGF	1.693537358	86400.0
JAK2 abundance	serum_fed_equilibrium	IFNG_EGF	1.7518933386	172800.0
JAK2 abundance	serum_fed_equilibrium	PBS only	0.987873984	0.0
JAK2 abundance	serum_fed_equilibrium	PBS only	1.0001759498	3600.0
JAK2 abundance	serum_fed_equilibrium	PBS only	1.0141277588	14400.0
JAK2 abundance	serum_fed_equilibrium	PBS only	1.0400831161	28800.0
JAK2 abundance	serum_fed_equilibrium	PBS only	1.0870257181	86400.0
JAK2 abundance	serum_fed_equilibrium	PBS only	1.1014669065	172800.0
MAPK9 abundance	serum_fed_equilibrium	EGF	0.9527360019	0.0
MAPK9 abundance	serum_fed_equilibrium	EGF	0.9584677399	3600.0
MAPK9 abundance	serum_fed_equilibrium	EGF	0.9173340308	14400.0
MAPK9 abundance	serum_fed_equilibrium	EGF	0.9403959381	28800.0
MAPK9 abundance	serum_fed_equilibrium	EGF	0.9365786284	86400.0
MAPK9 abundance	serum_fed_equilibrium	EGF	0.9819962425	172800.0
MAPK9 abundance	serum_fed_equilibrium	HGF only	0.9527360019	0.0
MAPK9 abundance	serum_fed_equilibrium	HGF only	0.998520235	3600.0
MAPK9 abundance	serum_fed_equilibrium	HGF only	0.9816452515	14400.0
MAPK9 abundance	serum_fed_equilibrium	HGF only	0.9374599754	28800.0
MAPK9 abundance	serum_fed_equilibrium	HGF only	0.9458616071	86400.0
MAPK9 abundance	serum_fed_equilibrium	HGF only	0.979405603	172800.0
MAPK9 abundance	serum_fed_equilibrium	IFNG_EGF	0.9527360019	0.0
MAPK9 abundance	serum_fed_equilibrium	IFNG_EGF	1.0234184726	3600.0
MAPK9 abundance	serum_fed_equilibrium	IFNG_EGF	0.9837743398	14400.0
MAPK9 abundance	serum_fed_equilibrium	IFNG_EGF	0.9403066237	28800.0
MAPK9 abundance	serum_fed_equilibrium	IFNG_EGF	0.9487208836	86400.0
MAPK9 abundance	serum_fed_equilibrium	IFNG_EGF	1.0591485536	172800.0
MAPK9 abundance	serum_fed_equilibrium	PBS only	0.9527360019	0.0
MAPK9 abundance	serum_fed_equilibrium	PBS only	0.9422985527	3600.0
MAPK9 abundance	serum_fed_equilibrium	PBS only	0.9533346619	14400.0
MAPK9 abundance	serum_fed_equilibrium	PBS only	0.93142163	28800.0
MAPK9 abundance	serum_fed_equilibrium	PBS only	0.9135283153	86400.0
MAPK9 abundance	serum_fed_equilibrium	PBS only	0.8932343122	172800.0
MAP1LC3A abundance	serum_fed_equilibrium	EGF	0.9481204188	0.0
MAP1LC3A abundance	serum_fed_equilibrium	EGF	0.9009256785	3600.0
MAP1LC3A abundance	serum_fed_equilibrium	EGF	0.9217339445	14400.0
MAP1LC3A abundance	serum_fed_equilibrium	EGF	0.9686881476	28800.0
MAP1LC3A abundance	serum_fed_equilibrium	EGF	0.8990778631	86400.0
MAP1LC3A abundance	serum_fed_equilibrium	EGF	0.8772830609	172800.0
MAP1LC3A abundance	serum_fed_equilibrium	HGF only	0.9481204188	0.0
MAP1LC3A abundance	serum_fed_equilibrium	HGF only	0.9996240683	3600.0
MAP1LC3A abundance	serum_fed_equilibrium	HGF only	0.8636327014	14400.0
MAP1LC3A abundance	serum_fed_equilibrium	HGF only	0.9082736326	28800.0
MAP1LC3A abundance	serum_fed_equilibrium	HGF only	0.8568496399	86400.0
MAP1LC3A abundance	serum_fed_equilibrium	HGF only	0.8301900913	172800.0
MAP1LC3A abundance	serum_fed_equilibrium	IFNG_EGF	0.9481204188	0.0
MAP1LC3A abundance	serum_fed_equilibrium	IFNG_EGF	0.8972700902	3600.0
MAP1LC3A abundance	serum_fed_equilibrium	IFNG_EGF	1.0212891044	14400.0
MAP1LC3A abundance	serum_fed_equilibrium	IFNG_EGF	1.1322997856	28800.0
MAP1LC3A abundance	serum_fed_equilibrium	IFNG_EGF	1.1193223445	86400.0
MAP1LC3A abundance	serum_fed_equilibrium	IFNG_EGF	0.8966599542	172800.0
MAP1LC3A abundance	serum_fed_equilibrium	PBS only	0.9481204188	0.0
MAP1LC3A abundance	serum_fed_equilibrium	PBS only	0.9134773967	3600.0
MAP1LC3A abundance	serum_fed_equilibrium	PBS only	0.9014176871	14400.0
MAP1LC3A abundance	serum_fed_equilibrium	PBS only	0.9042398764	28800.0
MAP1LC3A abundance	serum_fed_equilibrium	PBS only	0.8047944968	86400.0
MAP1LC3A abundance	serum_fed_equilibrium	PBS only	0.8575849555	172800.0
LCK abundance	serum_fed_equilibrium	EGF	1.0121249524	0.0
LCK abundance	serum_fed_equilibrium	EGF	1.0222980905	3600.0
LCK abundance	serum_fed_equilibrium	EGF	1.0088585908	14400.0
LCK abundance	serum_fed_equilibrium	EGF	0.9949190252	28800.0
LCK abundance	serum_fed_equilibrium	EGF	0.9985906249	86400.0
LCK abundance	serum_fed_equilibrium	EGF	1.0032585105	172800.0
LCK abundance	serum_fed_equilibrium	HGF only	1.0121249524	0.0
LCK abundance	serum_fed_equilibrium	HGF only	0.9975835116	3600.0
LCK abundance	serum_fed_equilibrium	HGF only	1.0343330385	14400.0
LCK abundance	serum_fed_equilibrium	HGF only	1.0111371657	28800.0
LCK abundance	serum_fed_equilibrium	HGF only	1.035131796	86400.0
LCK abundance	serum_fed_equilibrium	HGF only	1.0150305548	172800.0
LCK abundance	serum_fed_equilibrium	IFNG_EGF	1.0121249524	0.0
LCK abundance	serum_fed_equilibrium	IFNG_EGF	0.9944330523	3600.0
LCK abundance	serum_fed_equilibrium	IFNG_EGF	1.0140801338	14400.0
LCK abundance	serum_fed_equilibrium	IFNG_EGF	1.0790138434	28800.0
LCK abundance	serum_fed_equilibrium	IFNG_EGF	1.093587359	86400.0
LCK abundance	serum_fed_equilibrium	IFNG_EGF	1.2316001637	172800.0
LCK abundance	serum_fed_equilibrium	PBS only	1.0121249524	0.0
LCK abundance	serum_fed_equilibrium	PBS only	1.0638790961	3600.0
LCK abundance	serum_fed_equilibrium	PBS only	0.9470363237	14400.0
LCK abundance	serum_fed_equilibrium	PBS only	1.0502302821	28800.0
LCK abundance	serum_fed_equilibrium	PBS only	1.0010173018	86400.0
LCK abundance	serum_fed_equilibrium	PBS only	1.0017119785	172800.0
LDHA abundance	serum_fed_equilibrium	EGF	0.9061388987	0.0
LDHA abundance	serum_fed_equilibrium	EGF	0.9269332971	3600.0
LDHA abundance	serum_fed_equilibrium	EGF	0.9215604074	14400.0
LDHA abundance	serum_fed_equilibrium	EGF	0.9271442894	28800.0
LDHA abundance	serum_fed_equilibrium	EGF	0.9344432334	86400.0
LDHA abundance	serum_fed_equilibrium	EGF	1.1617936584	172800.0
LDHA abundance	serum_fed_equilibrium	HGF only	0.9061388987	0.0
LDHA abundance	serum_fed_equilibrium	HGF only	0.944761197	3600.0
LDHA abundance	serum_fed_equilibrium	HGF only	0.9438212297	14400.0
LDHA abundance	serum_fed_equilibrium	HGF only	0.9241583063	28800.0
LDHA abundance	serum_fed_equilibrium	HGF only	0.987447812	86400.0
LDHA abundance	serum_fed_equilibrium	HGF only	1.6252949089	172800.0
LDHA abundance	serum_fed_equilibrium	IFNG_EGF	0.9061388987	0.0
LDHA abundance	serum_fed_equilibrium	IFNG_EGF	0.9404477106	3600.0
LDHA abundance	serum_fed_equilibrium	IFNG_EGF	0.96784125	14400.0
LDHA abundance	serum_fed_equilibrium	IFNG_EGF	0.9829557449	28800.0
LDHA abundance	serum_fed_equilibrium	IFNG_EGF	1.1642940711	86400.0
LDHA abundance	serum_fed_equilibrium	IFNG_EGF	1.2036815142	172800.0
LDHA abundance	serum_fed_equilibrium	PBS only	0.9061388987	0.0
LDHA abundance	serum_fed_equilibrium	PBS only	0.9324777932	3600.0
LDHA abundance	serum_fed_equilibrium	PBS only	0.906695443	14400.0
LDHA abundance	serum_fed_equilibrium	PBS only	0.9166405439	28800.0
LDHA abundance	serum_fed_equilibrium	PBS only	0.8603563693	86400.0
LDHA abundance	serum_fed_equilibrium	PBS only	0.8779516704	172800.0
SLC16A4 abundance	serum_fed_equilibrium	EGF	0.8782679085	0.0
SLC16A4 abundance	serum_fed_equilibrium	EGF	0.9072401845	3600.0
SLC16A4 abundance	serum_fed_equilibrium	EGF	0.9520717788	14400.0
SLC16A4 abundance	serum_fed_equilibrium	EGF	1.0376453094	28800.0
SLC16A4 abundance	serum_fed_equilibrium	EGF	1.0083885606	86400.0
SLC16A4 abundance	serum_fed_equilibrium	EGF	1.2985545619	172800.0
SLC16A4 abundance	serum_fed_equilibrium	HGF only	0.8782679085	0.0
SLC16A4 abundance	serum_fed_equilibrium	HGF only	0.9355291655	3600.0
SLC16A4 abundance	serum_fed_equilibrium	HGF only	0.9662968155	14400.0
SLC16A4 abundance	serum_fed_equilibrium	HGF only	1.019750718	28800.0
SLC16A4 abundance	serum_fed_equilibrium	HGF only	1.0021938997	86400.0
SLC16A4 abundance	serum_fed_equilibrium	HGF only	1.2066932586	172800.0
SLC16A4 abundance	serum_fed_equilibrium	IFNG_EGF	0.8782679085	0.0
SLC16A4 abundance	serum_fed_equilibrium	IFNG_EGF	0.9733727004	3600.0
SLC16A4 abundance	serum_fed_equilibrium	IFNG_EGF	1.0408969867	14400.0
SLC16A4 abundance	serum_fed_equilibrium	IFNG_EGF	1.0177712155	28800.0
SLC16A4 abundance	serum_fed_equilibrium	IFNG_EGF	1.0475456081	86400.0
SLC16A4 abundance	serum_fed_equilibrium	IFNG_EGF	1.3607940338	172800.0
SLC16A4 abundance	serum_fed_equilibrium	PBS only	0.8782679085	0.0
SLC16A4 abundance	serum_fed_equilibrium	PBS only	0.8772659555	3600.0
SLC16A4 abundance	serum_fed_equilibrium	PBS only	0.8519126043	14400.0
SLC16A4 abundance	serum_fed_equilibrium	PBS only	0.9188900235	28800.0
SLC16A4 abundance	serum_fed_equilibrium	PBS only	0.8553302267	86400.0
SLC16A4 abundance	serum_fed_equilibrium	PBS only	0.8402037127	172800.0
NF2 abundance	serum_fed_equilibrium	EGF	0.9125940142	0.0
NF2 abundance	serum_fed_equilibrium	EGF	0.9708072959	3600.0
NF2 abundance	serum_fed_equilibrium	EGF	0.9626343923	14400.0
NF2 abundance	serum_fed_equilibrium	EGF	0.9742362323	28800.0
NF2 abundance	serum_fed_equilibrium	EGF	1.134316561	86400.0
NF2 abundance	serum_fed_equilibrium	EGF	1.3972846728	172800.0
NF2 abundance	serum_fed_equilibrium	HGF only	0.9125940142	0.0
NF2 abundance	serum_fed_equilibrium	HGF only	1.0377086032	3600.0
NF2 abundance	serum_fed_equilibrium	HGF only	0.9918143707	14400.0
NF2 abundance	serum_fed_equilibrium	HGF only	1.0126817406	28800.0
NF2 abundance	serum_fed_equilibrium	HGF only	1.1708021577	86400.0
NF2 abundance	serum_fed_equilibrium	HGF only	1.4162114124	172800.0
NF2 abundance	serum_fed_equilibrium	IFNG_EGF	0.9125940142	0.0
NF2 abundance	serum_fed_equilibrium	IFNG_EGF	0.9590739946	3600.0
NF2 abundance	serum_fed_equilibrium	IFNG_EGF	0.9549744601	14400.0
NF2 abundance	serum_fed_equilibrium	IFNG_EGF	0.9772916657	28800.0
NF2 abundance	serum_fed_equilibrium	IFNG_EGF	1.1317921927	86400.0
NF2 abundance	serum_fed_equilibrium	IFNG_EGF	1.1804946581	172800.0
NF2 abundance	serum_fed_equilibrium	PBS only	0.9125940142	0.0
NF2 abundance	serum_fed_equilibrium	PBS only	0.9564523544	3600.0
NF2 abundance	serum_fed_equilibrium	PBS only	0.9134227157	14400.0
NF2 abundance	serum_fed_equilibrium	PBS only	0.9245309917	28800.0
NF2 abundance	serum_fed_equilibrium	PBS only	1.0111831622	86400.0
NF2 abundance	serum_fed_equilibrium	PBS only	0.8383424573	172800.0
MIF abundance	serum_fed_equilibrium	EGF	1.021481731	0.0
MIF abundance	serum_fed_equilibrium	EGF	0.9431433121	3600.0
MIF abundance	serum_fed_equilibrium	EGF	0.9487219953	14400.0
MIF abundance	serum_fed_equilibrium	EGF	0.9544689368	28800.0
MIF abundance	serum_fed_equilibrium	EGF	0.9145620189	86400.0
MIF abundance	serum_fed_equilibrium	EGF	0.8927754027	172800.0
MIF abundance	serum_fed_equilibrium	HGF only	1.021481731	0.0
MIF abundance	serum_fed_equilibrium	HGF only	0.91431323	3600.0
MIF abundance	serum_fed_equilibrium	HGF only	0.9701245051	14400.0
MIF abundance	serum_fed_equilibrium	HGF only	0.9582021263	28800.0
MIF abundance	serum_fed_equilibrium	HGF only	0.9713148176	86400.0
MIF abundance	serum_fed_equilibrium	HGF only	0.9890243408	172800.0
MIF abundance	serum_fed_equilibrium	IFNG_EGF	1.021481731	0.0
MIF abundance	serum_fed_equilibrium	IFNG_EGF	0.9752036327	3600.0
MIF abundance	serum_fed_equilibrium	IFNG_EGF	0.993281478	14400.0
MIF abundance	serum_fed_equilibrium	IFNG_EGF	0.9646316604	28800.0
MIF abundance	serum_fed_equilibrium	IFNG_EGF	0.9592831131	86400.0
MIF abundance	serum_fed_equilibrium	IFNG_EGF	0.9885370058	172800.0
MIF abundance	serum_fed_equilibrium	PBS only	1.021481731	0.0
MIF abundance	serum_fed_equilibrium	PBS only	1.0248202902	3600.0
MIF abundance	serum_fed_equilibrium	PBS only	1.0179148176	14400.0
MIF abundance	serum_fed_equilibrium	PBS only	1.0520059877	28800.0
MIF abundance	serum_fed_equilibrium	PBS only	1.0816576001	86400.0
MIF abundance	serum_fed_equilibrium	PBS only	1.1466622455	172800.0
ERRFI1 abundance	serum_fed_equilibrium	EGF	1.0561859602	0.0
ERRFI1 abundance	serum_fed_equilibrium	EGF	1.0403783342	3600.0
ERRFI1 abundance	serum_fed_equilibrium	EGF	1.0219043766	14400.0
ERRFI1 abundance	serum_fed_equilibrium	EGF	0.9859673412	28800.0
ERRFI1 abundance	serum_fed_equilibrium	EGF	0.9505312231	86400.0
ERRFI1 abundance	serum_fed_equilibrium	EGF	0.8744002877	172800.0
ERRFI1 abundance	serum_fed_equilibrium	HGF only	1.0561859602	0.0
ERRFI1 abundance	serum_fed_equilibrium	HGF only	1.0729273694	3600.0
ERRFI1 abundance	serum_fed_equilibrium	HGF only	1.0300461402	14400.0
ERRFI1 abundance	serum_fed_equilibrium	HGF only	0.989747057	28800.0
ERRFI1 abundance	serum_fed_equilibrium	HGF only	1.0288152486	86400.0
ERRFI1 abundance	serum_fed_equilibrium	HGF only	1.1359821237	172800.0
ERRFI1 abundance	serum_fed_equilibrium	IFNG_EGF	1.0561859602	0.0
ERRFI1 abundance	serum_fed_equilibrium	IFNG_EGF	1.0543606185	3600.0
ERRFI1 abundance	serum_fed_equilibrium	IFNG_EGF	0.9871729153	14400.0
ERRFI1 abundance	serum_fed_equilibrium	IFNG_EGF	0.9313463287	28800.0
ERRFI1 abundance	serum_fed_equilibrium	IFNG_EGF	0.8717077545	86400.0
ERRFI1 abundance	serum_fed_equilibrium	IFNG_EGF	0.8888458718	172800.0
ERRFI1 abundance	serum_fed_equilibrium	PBS only	1.0561859602	0.0
ERRFI1 abundance	serum_fed_equilibrium	PBS only	1.0591542887	3600.0
ERRFI1 abundance	serum_fed_equilibrium	PBS only	0.9954402669	14400.0
ERRFI1 abundance	serum_fed_equilibrium	PBS only	0.9582554163	28800.0
ERRFI1 abundance	serum_fed_equilibrium	PBS only	1.034311627	86400.0
ERRFI1 abundance	serum_fed_equilibrium	PBS only	1.0525667128	172800.0
MMP2 abundance	serum_fed_equilibrium	EGF	1.0517086661	0.0
MMP2 abundance	serum_fed_equilibrium	EGF	1.0290590955	3600.0
MMP2 abundance	serum_fed_equilibrium	EGF	1.0280233417	14400.0
MMP2 abundance	serum_fed_equilibrium	EGF	1.0310450385	28800.0
MMP2 abundance	serum_fed_equilibrium	EGF	0.938104404	86400.0
MMP2 abundance	serum_fed_equilibrium	EGF	0.8948701432	172800.0
MMP2 abundance	serum_fed_equilibrium	HGF only	1.0517086661	0.0
MMP2 abundance	serum_fed_equilibrium	HGF only	1.0522400148	3600.0
MMP2 abundance	serum_fed_equilibrium	HGF only	1.0432901942	14400.0
MMP2 abundance	serum_fed_equilibrium	HGF only	1.0221393102	28800.0
MMP2 abundance	serum_fed_equilibrium	HGF only	0.9847257688	86400.0
MMP2 abundance	serum_fed_equilibrium	HGF only	0.9634806857	172800.0
MMP2 abundance	serum_fed_equilibrium	IFNG_EGF	1.0517086661	0.0
MMP2 abundance	serum_fed_equilibrium	IFNG_EGF	1.0465098539	3600.0
MMP2 abundance	serum_fed_equilibrium	IFNG_EGF	0.9857372588	14400.0
MMP2 abundance	serum_fed_equilibrium	IFNG_EGF	1.0058291841	28800.0
MMP2 abundance	serum_fed_equilibrium	IFNG_EGF	0.8974852255	86400.0
MMP2 abundance	serum_fed_equilibrium	IFNG_EGF	0.9291361798	172800.0
MMP2 abundance	serum_fed_equilibrium	PBS only	1.0517086661	0.0
MMP2 abundance	serum_fed_equilibrium	PBS only	1.0534657232	3600.0
MMP2 abundance	serum_fed_equilibrium	PBS only	1.0923293087	14400.0
MMP2 abundance	serum_fed_equilibrium	PBS only	1.056160363	28800.0
MMP2 abundance	serum_fed_equilibrium	PBS only	1.0918530533	86400.0
MMP2 abundance	serum_fed_equilibrium	PBS only	1.1416424978	172800.0
MSI2 abundance	serum_fed_equilibrium	EGF	1.0157960206	0.0
MSI2 abundance	serum_fed_equilibrium	EGF	1.1121028567	3600.0
MSI2 abundance	serum_fed_equilibrium	EGF	0.9402967057	14400.0
MSI2 abundance	serum_fed_equilibrium	EGF	0.9806850325	28800.0
MSI2 abundance	serum_fed_equilibrium	EGF	0.9573245395	86400.0
MSI2 abundance	serum_fed_equilibrium	EGF	1.0350483691	172800.0
MSI2 abundance	serum_fed_equilibrium	HGF only	1.0157960206	0.0
MSI2 abundance	serum_fed_equilibrium	HGF only	1.1423597128	3600.0
MSI2 abundance	serum_fed_equilibrium	HGF only	0.9877837079	14400.0
MSI2 abundance	serum_fed_equilibrium	HGF only	0.9968332436	28800.0
MSI2 abundance	serum_fed_equilibrium	HGF only	1.0668039743	86400.0
MSI2 abundance	serum_fed_equilibrium	HGF only	1.1357168136	172800.0
MSI2 abundance	serum_fed_equilibrium	IFNG_EGF	1.0157960206	0.0
MSI2 abundance	serum_fed_equilibrium	IFNG_EGF	1.0104587126	3600.0
MSI2 abundance	serum_fed_equilibrium	IFNG_EGF	1.0288786085	14400.0
MSI2 abundance	serum_fed_equilibrium	IFNG_EGF	0.9549813863	28800.0
MSI2 abundance	serum_fed_equilibrium	IFNG_EGF	0.8386872464	86400.0
MSI2 abundance	serum_fed_equilibrium	IFNG_EGF	0.9914074614	172800.0
MSI2 abundance	serum_fed_equilibrium	PBS only	1.0157960206	0.0
MSI2 abundance	serum_fed_equilibrium	PBS only	1.0593881497	3600.0
MSI2 abundance	serum_fed_equilibrium	PBS only	0.9558456248	14400.0
MSI2 abundance	serum_fed_equilibrium	PBS only	0.9734699821	28800.0
MSI2 abundance	serum_fed_equilibrium	PBS only	1.0477921036	86400.0
MSI2 abundance	serum_fed_equilibrium	PBS only	1.0935861442	172800.0
MYH11 abundance	serum_fed_equilibrium	EGF	1.0028155803	0.0
MYH11 abundance	serum_fed_equilibrium	EGF	1.0012254132	3600.0
MYH11 abundance	serum_fed_equilibrium	EGF	1.0171436543	14400.0
MYH11 abundance	serum_fed_equilibrium	EGF	0.9777974033	28800.0
MYH11 abundance	serum_fed_equilibrium	EGF	0.9575890372	86400.0
MYH11 abundance	serum_fed_equilibrium	EGF	0.9422009923	172800.0
MYH11 abundance	serum_fed_equilibrium	HGF only	1.0028155803	0.0
MYH11 abundance	serum_fed_equilibrium	HGF only	1.0023244075	3600.0
MYH11 abundance	serum_fed_equilibrium	HGF only	1.0149929535	14400.0
MYH11 abundance	serum_fed_equilibrium	HGF only	0.9785296922	28800.0
MYH11 abundance	serum_fed_equilibrium	HGF only	1.0102814862	86400.0
MYH11 abundance	serum_fed_equilibrium	HGF only	1.0406859094	172800.0
MYH11 abundance	serum_fed_equilibrium	IFNG_EGF	1.0028155803	0.0
MYH11 abundance	serum_fed_equilibrium	IFNG_EGF	0.9920087027	3600.0
MYH11 abundance	serum_fed_equilibrium	IFNG_EGF	0.9945974011	14400.0
MYH11 abundance	serum_fed_equilibrium	IFNG_EGF	1.0050483336	28800.0
MYH11 abundance	serum_fed_equilibrium	IFNG_EGF	0.8825990088	86400.0
MYH11 abundance	serum_fed_equilibrium	IFNG_EGF	0.9566881002	172800.0
MYH11 abundance	serum_fed_equilibrium	PBS only	1.0028155803	0.0
MYH11 abundance	serum_fed_equilibrium	PBS only	1.0341081235	3600.0
MYH11 abundance	serum_fed_equilibrium	PBS only	1.0505114773	14400.0
MYH11 abundance	serum_fed_equilibrium	PBS only	1.0298711434	28800.0
MYH11 abundance	serum_fed_equilibrium	PBS only	1.0282196341	86400.0
MYH11 abundance	serum_fed_equilibrium	PBS only	1.1283698595	172800.0
MYT1 abundance	serum_fed_equilibrium	EGF	1.0158536507	0.0
MYT1 abundance	serum_fed_equilibrium	EGF	1.0704531604	3600.0
MYT1 abundance	serum_fed_equilibrium	EGF	1.0223248015	14400.0
MYT1 abundance	serum_fed_equilibrium	EGF	1.0668290859	28800.0
MYT1 abundance	serum_fed_equilibrium	EGF	1.1898074241	86400.0
MYT1 abundance	serum_fed_equilibrium	EGF	1.2267129062	172800.0
MYT1 abundance	serum_fed_equilibrium	HGF only	1.0158536507	0.0
MYT1 abundance	serum_fed_equilibrium	HGF only	1.0190490246	3600.0
MYT1 abundance	serum_fed_equilibrium	HGF only	1.0545803278	14400.0
MYT1 abundance	serum_fed_equilibrium	HGF only	1.0469239145	28800.0
MYT1 abundance	serum_fed_equilibrium	HGF only	0.9500459984	86400.0
MYT1 abundance	serum_fed_equilibrium	HGF only	0.8058239821	172800.0
MYT1 abundance	serum_fed_equilibrium	IFNG_EGF	1.0158536507	0.0
MYT1 abundance	serum_fed_equilibrium	IFNG_EGF	1.0477837504	3600.0
MYT1 abundance	serum_fed_equilibrium	IFNG_EGF	1.0123632493	14400.0
MYT1 abundance	serum_fed_equilibrium	IFNG_EGF	1.0877462492	28800.0
MYT1 abundance	serum_fed_equilibrium	IFNG_EGF	1.0324649027	86400.0
MYT1 abundance	serum_fed_equilibrium	IFNG_EGF	0.9325383858	172800.0
MYT1 abundance	serum_fed_equilibrium	PBS only	1.0158536507	0.0
MYT1 abundance	serum_fed_equilibrium	PBS only	1.0667762087	3600.0
MYT1 abundance	serum_fed_equilibrium	PBS only	1.0784345484	14400.0
MYT1 abundance	serum_fed_equilibrium	PBS only	1.0106351196	28800.0
MYT1 abundance	serum_fed_equilibrium	PBS only	0.6547818418	86400.0
MYT1 abundance	serum_fed_equilibrium	PBS only	0.5818930273	172800.0
NAPSA abundance	serum_fed_equilibrium	EGF	1.0032245136	0.0
NAPSA abundance	serum_fed_equilibrium	EGF	0.994444361	3600.0
NAPSA abundance	serum_fed_equilibrium	EGF	1.0008482776	14400.0
NAPSA abundance	serum_fed_equilibrium	EGF	0.9998661004	28800.0
NAPSA abundance	serum_fed_equilibrium	EGF	1.0026787178	86400.0
NAPSA abundance	serum_fed_equilibrium	EGF	1.0582780994	172800.0
NAPSA abundance	serum_fed_equilibrium	HGF only	1.0032245136	0.0
NAPSA abundance	serum_fed_equilibrium	HGF only	1.035464088	3600.0
NAPSA abundance	serum_fed_equilibrium	HGF only	1.0028220405	14400.0
NAPSA abundance	serum_fed_equilibrium	HGF only	0.9956214189	28800.0
NAPSA abundance	serum_fed_equilibrium	HGF only	1.0083983642	86400.0
NAPSA abundance	serum_fed_equilibrium	HGF only	1.0709816965	172800.0
NAPSA abundance	serum_fed_equilibrium	IFNG_EGF	1.0032245136	0.0
NAPSA abundance	serum_fed_equilibrium	IFNG_EGF	0.9816240961	3600.0
NAPSA abundance	serum_fed_equilibrium	IFNG_EGF	0.9815711494	14400.0
NAPSA abundance	serum_fed_equilibrium	IFNG_EGF	0.977967341	28800.0
NAPSA abundance	serum_fed_equilibrium	IFNG_EGF	1.017875825	86400.0
NAPSA abundance	serum_fed_equilibrium	IFNG_EGF	1.1069158363	172800.0
NAPSA abundance	serum_fed_equilibrium	PBS only	1.0032245136	0.0
NAPSA abundance	serum_fed_equilibrium	PBS only	1.0028698719	3600.0
NAPSA abundance	serum_fed_equilibrium	PBS only	0.9895755624	14400.0
NAPSA abundance	serum_fed_equilibrium	PBS only	1.0290737344	28800.0
NAPSA abundance	serum_fed_equilibrium	PBS only	1.0488971982	86400.0
NAPSA abundance	serum_fed_equilibrium	PBS only	1.1020903954	172800.0
NDUFB4 abundance	serum_fed_equilibrium	EGF	1.0120295637	0.0
NDUFB4 abundance	serum_fed_equilibrium	EGF	0.9973397382	3600.0
NDUFB4 abundance	serum_fed_equilibrium	EGF	0.9715128675	14400.0
NDUFB4 abundance	serum_fed_equilibrium	EGF	0.9620510085	28800.0
NDUFB4 abundance	serum_fed_equilibrium	EGF	1.0043225826	86400.0
NDUFB4 abundance	serum_fed_equilibrium	EGF	0.9586456986	172800.0
NDUFB4 abundance	serum_fed_equilibrium	HGF only	1.0120295637	0.0
NDUFB4 abundance	serum_fed_equilibrium	HGF only	0.9807390228	3600.0
NDUFB4 abundance	serum_fed_equilibrium	HGF only	1.0001985192	14400.0
NDUFB4 abundance	serum_fed_equilibrium	HGF only	0.967666012	28800.0
NDUFB4 abundance	serum_fed_equilibrium	HGF only	0.9166116088	86400.0
NDUFB4 abundance	serum_fed_equilibrium	HGF only	0.9200660771	172800.0
NDUFB4 abundance	serum_fed_equilibrium	IFNG_EGF	1.0120295637	0.0
NDUFB4 abundance	serum_fed_equilibrium	IFNG_EGF	1.0028030738	3600.0
NDUFB4 abundance	serum_fed_equilibrium	IFNG_EGF	1.0380377767	14400.0
NDUFB4 abundance	serum_fed_equilibrium	IFNG_EGF	1.0131581966	28800.0
NDUFB4 abundance	serum_fed_equilibrium	IFNG_EGF	1.0097334452	86400.0
NDUFB4 abundance	serum_fed_equilibrium	IFNG_EGF	1.0350802283	172800.0
NDUFB4 abundance	serum_fed_equilibrium	PBS only	1.0120295637	0.0
NDUFB4 abundance	serum_fed_equilibrium	PBS only	0.970973606	3600.0
NDUFB4 abundance	serum_fed_equilibrium	PBS only	1.0079333505	14400.0
NDUFB4 abundance	serum_fed_equilibrium	PBS only	1.0701474188	28800.0
NDUFB4 abundance	serum_fed_equilibrium	PBS only	0.9723973357	86400.0
NDUFB4 abundance	serum_fed_equilibrium	PBS only	1.0335414616	172800.0
NOTCH1 abundance	serum_fed_equilibrium	EGF	1.0860907848	0.0
NOTCH1 abundance	serum_fed_equilibrium	EGF	1.0939700124	3600.0
NOTCH1 abundance	serum_fed_equilibrium	EGF	1.0185482165	14400.0
NOTCH1 abundance	serum_fed_equilibrium	EGF	1.0195967908	28800.0
NOTCH1 abundance	serum_fed_equilibrium	EGF	1.1139326123	86400.0
NOTCH1 abundance	serum_fed_equilibrium	EGF	1.4851196388	172800.0
NOTCH1 abundance	serum_fed_equilibrium	HGF only	1.0860907848	0.0
NOTCH1 abundance	serum_fed_equilibrium	HGF only	1.0737374793	3600.0
NOTCH1 abundance	serum_fed_equilibrium	HGF only	0.9948147548	14400.0
NOTCH1 abundance	serum_fed_equilibrium	HGF only	1.0973725782	28800.0
NOTCH1 abundance	serum_fed_equilibrium	HGF only	1.4976084896	86400.0
NOTCH1 abundance	serum_fed_equilibrium	HGF only	2.0223394385	172800.0
NOTCH1 abundance	serum_fed_equilibrium	IFNG_EGF	1.0860907848	0.0
NOTCH1 abundance	serum_fed_equilibrium	IFNG_EGF	1.0519954589	3600.0
NOTCH1 abundance	serum_fed_equilibrium	IFNG_EGF	0.9790141245	14400.0
NOTCH1 abundance	serum_fed_equilibrium	IFNG_EGF	0.9217261562	28800.0
NOTCH1 abundance	serum_fed_equilibrium	IFNG_EGF	0.7013033314	86400.0
NOTCH1 abundance	serum_fed_equilibrium	IFNG_EGF	0.9612422258	172800.0
NOTCH1 abundance	serum_fed_equilibrium	PBS only	1.0860907848	0.0
NOTCH1 abundance	serum_fed_equilibrium	PBS only	1.1144045085	3600.0
NOTCH1 abundance	serum_fed_equilibrium	PBS only	0.9959751648	14400.0
NOTCH1 abundance	serum_fed_equilibrium	PBS only	1.2397919281	28800.0
NOTCH1 abundance	serum_fed_equilibrium	PBS only	1.5951264419	86400.0
NOTCH1 abundance	serum_fed_equilibrium	PBS only	1.3103725791	172800.0
NOTCH3 abundance	serum_fed_equilibrium	EGF	1.0696816669	0.0
NOTCH3 abundance	serum_fed_equilibrium	EGF	1.0331395525	3600.0
NOTCH3 abundance	serum_fed_equilibrium	EGF	1.0373244527	14400.0
NOTCH3 abundance	serum_fed_equilibrium	EGF	1.0289848011	28800.0
NOTCH3 abundance	serum_fed_equilibrium	EGF	1.0231363064	86400.0
NOTCH3 abundance	serum_fed_equilibrium	EGF	0.9770422493	172800.0
NOTCH3 abundance	serum_fed_equilibrium	HGF only	1.0696816669	0.0
NOTCH3 abundance	serum_fed_equilibrium	HGF only	1.0236960194	3600.0
NOTCH3 abundance	serum_fed_equilibrium	HGF only	1.033309183	14400.0
NOTCH3 abundance	serum_fed_equilibrium	HGF only	1.0059301668	28800.0
NOTCH3 abundance	serum_fed_equilibrium	HGF only	1.0806449024	86400.0
NOTCH3 abundance	serum_fed_equilibrium	HGF only	1.0342730861	172800.0
NOTCH3 abundance	serum_fed_equilibrium	IFNG_EGF	1.0696816669	0.0
NOTCH3 abundance	serum_fed_equilibrium	IFNG_EGF	1.0247625058	3600.0
NOTCH3 abundance	serum_fed_equilibrium	IFNG_EGF	0.9959581929	14400.0
NOTCH3 abundance	serum_fed_equilibrium	IFNG_EGF	0.9841243075	28800.0
NOTCH3 abundance	serum_fed_equilibrium	IFNG_EGF	0.9584359135	86400.0
NOTCH3 abundance	serum_fed_equilibrium	IFNG_EGF	0.9911010353	172800.0
NOTCH3 abundance	serum_fed_equilibrium	PBS only	1.0696816669	0.0
NOTCH3 abundance	serum_fed_equilibrium	PBS only	1.1090074822	3600.0
NOTCH3 abundance	serum_fed_equilibrium	PBS only	1.0778468624	14400.0
NOTCH3 abundance	serum_fed_equilibrium	PBS only	1.1071537891	28800.0
NOTCH3 abundance	serum_fed_equilibrium	PBS only	1.1851818737	86400.0
NOTCH3 abundance	serum_fed_equilibrium	PBS only	1.0650819201	172800.0
POU5F1 abundance	serum_fed_equilibrium	EGF	1.0411416822	0.0
POU5F1 abundance	serum_fed_equilibrium	EGF	1.0344728802	3600.0
POU5F1 abundance	serum_fed_equilibrium	EGF	1.0332813502	14400.0
POU5F1 abundance	serum_fed_equilibrium	EGF	0.9997713962	28800.0
POU5F1 abundance	serum_fed_equilibrium	EGF	0.9507229398	86400.0
POU5F1 abundance	serum_fed_equilibrium	EGF	0.9801139097	172800.0
POU5F1 abundance	serum_fed_equilibrium	HGF only	1.0411416822	0.0
POU5F1 abundance	serum_fed_equilibrium	HGF only	1.020171421	3600.0
POU5F1 abundance	serum_fed_equilibrium	HGF only	1.0183986169	14400.0
POU5F1 abundance	serum_fed_equilibrium	HGF only	1.0257636406	28800.0
POU5F1 abundance	serum_fed_equilibrium	HGF only	0.9840177349	86400.0
POU5F1 abundance	serum_fed_equilibrium	HGF only	1.2063928438	172800.0
POU5F1 abundance	serum_fed_equilibrium	IFNG_EGF	1.0411416822	0.0
POU5F1 abundance	serum_fed_equilibrium	IFNG_EGF	1.0202568352	3600.0
POU5F1 abundance	serum_fed_equilibrium	IFNG_EGF	0.9361280065	14400.0
POU5F1 abundance	serum_fed_equilibrium	IFNG_EGF	0.9840170867	28800.0
POU5F1 abundance	serum_fed_equilibrium	IFNG_EGF	0.9188784118	86400.0
POU5F1 abundance	serum_fed_equilibrium	IFNG_EGF	0.9307191777	172800.0
POU5F1 abundance	serum_fed_equilibrium	PBS only	1.0411416822	0.0
POU5F1 abundance	serum_fed_equilibrium	PBS only	1.0185391659	3600.0
POU5F1 abundance	serum_fed_equilibrium	PBS only	1.0364107533	14400.0
POU5F1 abundance	serum_fed_equilibrium	PBS only	1.031309225	28800.0
POU5F1 abundance	serum_fed_equilibrium	PBS only	1.0537983423	86400.0
POU5F1 abundance	serum_fed_equilibrium	PBS only	1.1895747654	172800.0
MAPK14 abundance	serum_fed_equilibrium	EGF	0.9652808529	0.0
MAPK14 abundance	serum_fed_equilibrium	EGF	0.9656230965	3600.0
MAPK14 abundance	serum_fed_equilibrium	EGF	0.9630361251	14400.0
MAPK14 abundance	serum_fed_equilibrium	EGF	0.9791107593	28800.0
MAPK14 abundance	serum_fed_equilibrium	EGF	0.9546797079	86400.0
MAPK14 abundance	serum_fed_equilibrium	EGF	1.1310475739	172800.0
MAPK14 abundance	serum_fed_equilibrium	HGF only	0.9652808529	0.0
MAPK14 abundance	serum_fed_equilibrium	HGF only	1.0059052008	3600.0
MAPK14 abundance	serum_fed_equilibrium	HGF only	0.9947707715	14400.0
MAPK14 abundance	serum_fed_equilibrium	HGF only	1.0226621855	28800.0
MAPK14 abundance	serum_fed_equilibrium	HGF only	1.0790070922	86400.0
MAPK14 abundance	serum_fed_equilibrium	HGF only	1.0414738542	172800.0
MAPK14 abundance	serum_fed_equilibrium	IFNG_EGF	0.9652808529	0.0
MAPK14 abundance	serum_fed_equilibrium	IFNG_EGF	0.9741729716	3600.0
MAPK14 abundance	serum_fed_equilibrium	IFNG_EGF	1.0231392765	14400.0
MAPK14 abundance	serum_fed_equilibrium	IFNG_EGF	0.9855986279	28800.0
MAPK14 abundance	serum_fed_equilibrium	IFNG_EGF	1.1786613648	86400.0
MAPK14 abundance	serum_fed_equilibrium	IFNG_EGF	1.2044236324	172800.0
MAPK14 abundance	serum_fed_equilibrium	PBS only	0.9652808529	0.0
MAPK14 abundance	serum_fed_equilibrium	PBS only	0.8828366611	3600.0
MAPK14 abundance	serum_fed_equilibrium	PBS only	0.8722783677	14400.0
MAPK14 abundance	serum_fed_equilibrium	PBS only	0.9591465086	28800.0
MAPK14 abundance	serum_fed_equilibrium	PBS only	0.9069485201	86400.0
MAPK14 abundance	serum_fed_equilibrium	PBS only	0.8738147401	172800.0
SERPINE1 abundance	serum_fed_equilibrium	EGF	0.9578463678	0.0
SERPINE1 abundance	serum_fed_equilibrium	EGF	0.9659443472	3600.0
SERPINE1 abundance	serum_fed_equilibrium	EGF	1.2402907376	14400.0
SERPINE1 abundance	serum_fed_equilibrium	EGF	1.2143628572	28800.0
SERPINE1 abundance	serum_fed_equilibrium	EGF	1.0535114931	86400.0
SERPINE1 abundance	serum_fed_equilibrium	EGF	0.4682192465	172800.0
SERPINE1 abundance	serum_fed_equilibrium	HGF only	0.9578463678	0.0
SERPINE1 abundance	serum_fed_equilibrium	HGF only	1.0297789933	3600.0
SERPINE1 abundance	serum_fed_equilibrium	HGF only	1.1131114698	14400.0
SERPINE1 abundance	serum_fed_equilibrium	HGF only	1.0021225018	28800.0
SERPINE1 abundance	serum_fed_equilibrium	HGF only	0.8359487303	86400.0
SERPINE1 abundance	serum_fed_equilibrium	HGF only	0.559379834	172800.0
SERPINE1 abundance	serum_fed_equilibrium	IFNG_EGF	0.9578463678	0.0
SERPINE1 abundance	serum_fed_equilibrium	IFNG_EGF	0.982156797	3600.0
SERPINE1 abundance	serum_fed_equilibrium	IFNG_EGF	1.0096006442	14400.0
SERPINE1 abundance	serum_fed_equilibrium	IFNG_EGF	0.9219126505	28800.0
SERPINE1 abundance	serum_fed_equilibrium	IFNG_EGF	0.8902207346	86400.0
SERPINE1 abundance	serum_fed_equilibrium	IFNG_EGF	0.4800504862	172800.0
SERPINE1 abundance	serum_fed_equilibrium	PBS only	0.9578463678	0.0
SERPINE1 abundance	serum_fed_equilibrium	PBS only	0.9625510444	3600.0
SERPINE1 abundance	serum_fed_equilibrium	PBS only	1.0705306024	14400.0
SERPINE1 abundance	serum_fed_equilibrium	PBS only	1.0165482724	28800.0
SERPINE1 abundance	serum_fed_equilibrium	PBS only	0.8420066112	86400.0
SERPINE1 abundance	serum_fed_equilibrium	PBS only	0.5128116039	172800.0
PAICS abundance	serum_fed_equilibrium	EGF	1.0424215594	0.0
PAICS abundance	serum_fed_equilibrium	EGF	1.0423060627	3600.0
PAICS abundance	serum_fed_equilibrium	EGF	1.0157513871	14400.0
PAICS abundance	serum_fed_equilibrium	EGF	0.9888220364	28800.0
PAICS abundance	serum_fed_equilibrium	EGF	1.0102990308	86400.0
PAICS abundance	serum_fed_equilibrium	EGF	1.0557959553	172800.0
PAICS abundance	serum_fed_equilibrium	HGF only	1.0424215594	0.0
PAICS abundance	serum_fed_equilibrium	HGF only	1.0471649107	3600.0
PAICS abundance	serum_fed_equilibrium	HGF only	1.0404531168	14400.0
PAICS abundance	serum_fed_equilibrium	HGF only	1.0118541361	28800.0
PAICS abundance	serum_fed_equilibrium	HGF only	0.952081672	86400.0
PAICS abundance	serum_fed_equilibrium	HGF only	1.0719754007	172800.0
PAICS abundance	serum_fed_equilibrium	IFNG_EGF	1.0424215594	0.0
PAICS abundance	serum_fed_equilibrium	IFNG_EGF	1.0460279598	3600.0
PAICS abundance	serum_fed_equilibrium	IFNG_EGF	1.0479467105	14400.0
PAICS abundance	serum_fed_equilibrium	IFNG_EGF	1.0025223849	28800.0
PAICS abundance	serum_fed_equilibrium	IFNG_EGF	0.9710382049	86400.0
PAICS abundance	serum_fed_equilibrium	IFNG_EGF	1.0678677148	172800.0
PAICS abundance	serum_fed_equilibrium	PBS only	1.0424215594	0.0
PAICS abundance	serum_fed_equilibrium	PBS only	1.0017602372	3600.0
PAICS abundance	serum_fed_equilibrium	PBS only	0.9844803467	14400.0
PAICS abundance	serum_fed_equilibrium	PBS only	1.0236498528	28800.0
PAICS abundance	serum_fed_equilibrium	PBS only	0.9149212954	86400.0
PAICS abundance	serum_fed_equilibrium	PBS only	1.0070865286	172800.0
PAK1 abundance	serum_fed_equilibrium	EGF	1.1123830364	0.0
PAK1 abundance	serum_fed_equilibrium	EGF	1.0504187692	3600.0
PAK1 abundance	serum_fed_equilibrium	EGF	1.0546904862	14400.0
PAK1 abundance	serum_fed_equilibrium	EGF	1.0282807071	28800.0
PAK1 abundance	serum_fed_equilibrium	EGF	1.0623906159	86400.0
PAK1 abundance	serum_fed_equilibrium	EGF	0.993668092	172800.0
PAK1 abundance	serum_fed_equilibrium	HGF only	1.1123830364	0.0
PAK1 abundance	serum_fed_equilibrium	HGF only	0.9168048093	3600.0
PAK1 abundance	serum_fed_equilibrium	HGF only	1.0385582387	14400.0
PAK1 abundance	serum_fed_equilibrium	HGF only	1.0311220629	28800.0
PAK1 abundance	serum_fed_equilibrium	HGF only	0.9820272906	86400.0
PAK1 abundance	serum_fed_equilibrium	HGF only	0.9762723845	172800.0
PAK1 abundance	serum_fed_equilibrium	IFNG_EGF	1.1123830364	0.0
PAK1 abundance	serum_fed_equilibrium	IFNG_EGF	1.05104113	3600.0
PAK1 abundance	serum_fed_equilibrium	IFNG_EGF	1.0033932428	14400.0
PAK1 abundance	serum_fed_equilibrium	IFNG_EGF	1.0116473114	28800.0
PAK1 abundance	serum_fed_equilibrium	IFNG_EGF	1.0611496803	86400.0
PAK1 abundance	serum_fed_equilibrium	IFNG_EGF	1.1021956297	172800.0
PAK1 abundance	serum_fed_equilibrium	PBS only	1.1123830364	0.0
PAK1 abundance	serum_fed_equilibrium	PBS only	0.9907250446	3600.0
PAK1 abundance	serum_fed_equilibrium	PBS only	1.1376653526	14400.0
PAK1 abundance	serum_fed_equilibrium	PBS only	1.1154813358	28800.0
PAK1 abundance	serum_fed_equilibrium	PBS only	0.9818420305	86400.0
PAK1 abundance	serum_fed_equilibrium	PBS only	0.9480149298	172800.0
PAK4 abundance	serum_fed_equilibrium	EGF	1.0567719468	0.0
PAK4 abundance	serum_fed_equilibrium	EGF	1.0159589847	3600.0
PAK4 abundance	serum_fed_equilibrium	EGF	0.9985495668	14400.0
PAK4 abundance	serum_fed_equilibrium	EGF	0.9812823412	28800.0
PAK4 abundance	serum_fed_equilibrium	EGF	0.9569214081	86400.0
PAK4 abundance	serum_fed_equilibrium	EGF	0.9412909021	172800.0
PAK4 abundance	serum_fed_equilibrium	HGF only	1.0567719468	0.0
PAK4 abundance	serum_fed_equilibrium	HGF only	1.0098458135	3600.0
PAK4 abundance	serum_fed_equilibrium	HGF only	0.996961533	14400.0
PAK4 abundance	serum_fed_equilibrium	HGF only	1.0212647565	28800.0
PAK4 abundance	serum_fed_equilibrium	HGF only	0.9917112213	86400.0
PAK4 abundance	serum_fed_equilibrium	HGF only	0.973521964	172800.0
PAK4 abundance	serum_fed_equilibrium	IFNG_EGF	1.0567719468	0.0
PAK4 abundance	serum_fed_equilibrium	IFNG_EGF	0.9982657425	3600.0
PAK4 abundance	serum_fed_equilibrium	IFNG_EGF	1.0013276601	14400.0
PAK4 abundance	serum_fed_equilibrium	IFNG_EGF	0.9729913946	28800.0
PAK4 abundance	serum_fed_equilibrium	IFNG_EGF	0.9131664367	86400.0
PAK4 abundance	serum_fed_equilibrium	IFNG_EGF	0.9712967354	172800.0
PAK4 abundance	serum_fed_equilibrium	PBS only	1.0567719468	0.0
PAK4 abundance	serum_fed_equilibrium	PBS only	1.0472561158	3600.0
PAK4 abundance	serum_fed_equilibrium	PBS only	1.0504474829	14400.0
PAK4 abundance	serum_fed_equilibrium	PBS only	1.0225541429	28800.0
PAK4 abundance	serum_fed_equilibrium	PBS only	1.0043439031	86400.0
PAK4 abundance	serum_fed_equilibrium	PBS only	1.0472198182	172800.0
PXN abundance	serum_fed_equilibrium	EGF	0.9365312969	0.0
PXN abundance	serum_fed_equilibrium	EGF	0.9749409831	3600.0
PXN abundance	serum_fed_equilibrium	EGF	0.976398865	14400.0
PXN abundance	serum_fed_equilibrium	EGF	0.9834179014	28800.0
PXN abundance	serum_fed_equilibrium	EGF	1.1350335547	86400.0
PXN abundance	serum_fed_equilibrium	EGF	1.1093394963	172800.0
PXN abundance	serum_fed_equilibrium	HGF only	0.9365312969	0.0
PXN abundance	serum_fed_equilibrium	HGF only	0.9136452896	3600.0
PXN abundance	serum_fed_equilibrium	HGF only	0.9933458656	14400.0
PXN abundance	serum_fed_equilibrium	HGF only	0.9578420459	28800.0
PXN abundance	serum_fed_equilibrium	HGF only	0.9962362041	86400.0
PXN abundance	serum_fed_equilibrium	HGF only	1.0203788595	172800.0
PXN abundance	serum_fed_equilibrium	IFNG_EGF	0.9365312969	0.0
PXN abundance	serum_fed_equilibrium	IFNG_EGF	0.9520251302	3600.0
PXN abundance	serum_fed_equilibrium	IFNG_EGF	0.9357129679	14400.0
PXN abundance	serum_fed_equilibrium	IFNG_EGF	0.9976346324	28800.0
PXN abundance	serum_fed_equilibrium	IFNG_EGF	1.1869747175	86400.0
PXN abundance	serum_fed_equilibrium	IFNG_EGF	1.1351249381	172800.0
PXN abundance	serum_fed_equilibrium	PBS only	0.9365312969	0.0
PXN abundance	serum_fed_equilibrium	PBS only	0.9672694962	3600.0
PXN abundance	serum_fed_equilibrium	PBS only	0.9593711385	14400.0
PXN abundance	serum_fed_equilibrium	PBS only	0.9222531337	28800.0
PXN abundance	serum_fed_equilibrium	PBS only	0.905684299	86400.0
PXN abundance	serum_fed_equilibrium	PBS only	0.7802141421	172800.0
CDH3 abundance	serum_fed_equilibrium	EGF	1.0043089141	0.0
CDH3 abundance	serum_fed_equilibrium	EGF	0.9520288834	3600.0
CDH3 abundance	serum_fed_equilibrium	EGF	0.9924645489	14400.0
CDH3 abundance	serum_fed_equilibrium	EGF	0.9683818115	28800.0
CDH3 abundance	serum_fed_equilibrium	EGF	0.9275146578	86400.0
CDH3 abundance	serum_fed_equilibrium	EGF	0.9650113497	172800.0
CDH3 abundance	serum_fed_equilibrium	HGF only	1.0043089141	0.0
CDH3 abundance	serum_fed_equilibrium	HGF only	0.9280561384	3600.0
CDH3 abundance	serum_fed_equilibrium	HGF only	0.9605578677	14400.0
CDH3 abundance	serum_fed_equilibrium	HGF only	0.93352016	28800.0
CDH3 abundance	serum_fed_equilibrium	HGF only	1.0093087615	86400.0
CDH3 abundance	serum_fed_equilibrium	HGF only	1.0946939434	172800.0
CDH3 abundance	serum_fed_equilibrium	IFNG_EGF	1.0043089141	0.0
CDH3 abundance	serum_fed_equilibrium	IFNG_EGF	0.920463071	3600.0
CDH3 abundance	serum_fed_equilibrium	IFNG_EGF	0.9348495338	14400.0
CDH3 abundance	serum_fed_equilibrium	IFNG_EGF	0.9420584808	28800.0
CDH3 abundance	serum_fed_equilibrium	IFNG_EGF	0.8550017245	86400.0
CDH3 abundance	serum_fed_equilibrium	IFNG_EGF	0.8658744377	172800.0
CDH3 abundance	serum_fed_equilibrium	PBS only	1.0043089141	0.0
CDH3 abundance	serum_fed_equilibrium	PBS only	1.0379531045	3600.0
CDH3 abundance	serum_fed_equilibrium	PBS only	1.0185781158	14400.0
CDH3 abundance	serum_fed_equilibrium	PBS only	0.9904579872	28800.0
CDH3 abundance	serum_fed_equilibrium	PBS only	1.03131287	86400.0
CDH3 abundance	serum_fed_equilibrium	PBS only	1.0029170123	172800.0
PCNA abundance	serum_fed_equilibrium	EGF	1.0107460847	0.0
PCNA abundance	serum_fed_equilibrium	EGF	1.0104552348	3600.0
PCNA abundance	serum_fed_equilibrium	EGF	0.9684584723	14400.0
PCNA abundance	serum_fed_equilibrium	EGF	0.9682720589	28800.0
PCNA abundance	serum_fed_equilibrium	EGF	0.875332595	86400.0
PCNA abundance	serum_fed_equilibrium	EGF	0.9460812534	172800.0
PCNA abundance	serum_fed_equilibrium	HGF only	1.0107460847	0.0
PCNA abundance	serum_fed_equilibrium	HGF only	1.0650252659	3600.0
PCNA abundance	serum_fed_equilibrium	HGF only	1.0149209028	14400.0
PCNA abundance	serum_fed_equilibrium	HGF only	0.9741542712	28800.0
PCNA abundance	serum_fed_equilibrium	HGF only	0.8343740949	86400.0
PCNA abundance	serum_fed_equilibrium	HGF only	0.8232686723	172800.0
PCNA abundance	serum_fed_equilibrium	IFNG_EGF	1.0107460847	0.0
PCNA abundance	serum_fed_equilibrium	IFNG_EGF	1.0720291224	3600.0
PCNA abundance	serum_fed_equilibrium	IFNG_EGF	1.036164336	14400.0
PCNA abundance	serum_fed_equilibrium	IFNG_EGF	0.9866290605	28800.0
PCNA abundance	serum_fed_equilibrium	IFNG_EGF	0.9709937789	86400.0
PCNA abundance	serum_fed_equilibrium	IFNG_EGF	1.0024316937	172800.0
PCNA abundance	serum_fed_equilibrium	PBS only	1.0107460847	0.0
PCNA abundance	serum_fed_equilibrium	PBS only	0.9541760273	3600.0
PCNA abundance	serum_fed_equilibrium	PBS only	0.9866977484	14400.0
PCNA abundance	serum_fed_equilibrium	PBS only	0.8881543527	28800.0
PCNA abundance	serum_fed_equilibrium	PBS only	0.8856584704	86400.0
PCNA abundance	serum_fed_equilibrium	PBS only	0.8445371414	172800.0
PDCD4 abundance	serum_fed_equilibrium	EGF	0.9219587656	0.0
PDCD4 abundance	serum_fed_equilibrium	EGF	1.0449168277	3600.0
PDCD4 abundance	serum_fed_equilibrium	EGF	1.0420531199	14400.0
PDCD4 abundance	serum_fed_equilibrium	EGF	1.0667282103	28800.0
PDCD4 abundance	serum_fed_equilibrium	EGF	1.0062140654	86400.0
PDCD4 abundance	serum_fed_equilibrium	EGF	1.0224073014	172800.0
PDCD4 abundance	serum_fed_equilibrium	HGF only	0.9219587656	0.0
PDCD4 abundance	serum_fed_equilibrium	HGF only	0.8968533996	3600.0
PDCD4 abundance	serum_fed_equilibrium	HGF only	0.9036164945	14400.0
PDCD4 abundance	serum_fed_equilibrium	HGF only	0.9902241682	28800.0
PDCD4 abundance	serum_fed_equilibrium	HGF only	1.3690145118	86400.0
PDCD4 abundance	serum_fed_equilibrium	HGF only	1.4094901626	172800.0
PDCD4 abundance	serum_fed_equilibrium	IFNG_EGF	0.9219587656	0.0
PDCD4 abundance	serum_fed_equilibrium	IFNG_EGF	1.1050001189	3600.0
PDCD4 abundance	serum_fed_equilibrium	IFNG_EGF	1.1859432181	14400.0
PDCD4 abundance	serum_fed_equilibrium	IFNG_EGF	1.0988368468	28800.0
PDCD4 abundance	serum_fed_equilibrium	IFNG_EGF	0.8177455648	86400.0
PDCD4 abundance	serum_fed_equilibrium	IFNG_EGF	0.7244343009	172800.0
PDCD4 abundance	serum_fed_equilibrium	PBS only	0.9219587656	0.0
PDCD4 abundance	serum_fed_equilibrium	PBS only	0.5109213376	3600.0
PDCD4 abundance	serum_fed_equilibrium	PBS only	0.761443971	14400.0
PDCD4 abundance	serum_fed_equilibrium	PBS only	0.8379411985	28800.0
PDCD4 abundance	serum_fed_equilibrium	PBS only	1.2589494751	86400.0
PDCD4 abundance	serum_fed_equilibrium	PBS only	1.4511228642	172800.0
PDGFRB abundance	serum_fed_equilibrium	EGF	1.1314923568	0.0
PDGFRB abundance	serum_fed_equilibrium	EGF	0.9785289494	3600.0
PDGFRB abundance	serum_fed_equilibrium	EGF	0.9869213386	14400.0
PDGFRB abundance	serum_fed_equilibrium	EGF	1.0080972448	28800.0
PDGFRB abundance	serum_fed_equilibrium	EGF	1.2477924799	86400.0
PDGFRB abundance	serum_fed_equilibrium	EGF	1.0083251199	172800.0
PDGFRB abundance	serum_fed_equilibrium	HGF only	1.1314923568	0.0
PDGFRB abundance	serum_fed_equilibrium	HGF only	0.9978860917	3600.0
PDGFRB abundance	serum_fed_equilibrium	HGF only	1.022733688	14400.0
PDGFRB abundance	serum_fed_equilibrium	HGF only	0.8825250466	28800.0
PDGFRB abundance	serum_fed_equilibrium	HGF only	1.1915635615	86400.0
PDGFRB abundance	serum_fed_equilibrium	HGF only	1.0710192273	172800.0
PDGFRB abundance	serum_fed_equilibrium	IFNG_EGF	1.1314923568	0.0
PDGFRB abundance	serum_fed_equilibrium	IFNG_EGF	1.0087261993	3600.0
PDGFRB abundance	serum_fed_equilibrium	IFNG_EGF	1.0436793271	14400.0
PDGFRB abundance	serum_fed_equilibrium	IFNG_EGF	0.9639785615	28800.0
PDGFRB abundance	serum_fed_equilibrium	IFNG_EGF	0.941199708	86400.0
PDGFRB abundance	serum_fed_equilibrium	IFNG_EGF	0.9081234458	172800.0
PDGFRB abundance	serum_fed_equilibrium	PBS only	1.1314923568	0.0
PDGFRB abundance	serum_fed_equilibrium	PBS only	1.2120270793	3600.0
PDGFRB abundance	serum_fed_equilibrium	PBS only	1.229331454	14400.0
PDGFRB abundance	serum_fed_equilibrium	PBS only	1.4981285042	28800.0
PDGFRB abundance	serum_fed_equilibrium	PBS only	1.2306256602	86400.0
PDGFRB abundance	serum_fed_equilibrium	PBS only	1.2310212353	172800.0
PDHK1 abundance	serum_fed_equilibrium	EGF	1.0220403424	0.0
PDHK1 abundance	serum_fed_equilibrium	EGF	1.0117690723	3600.0
PDHK1 abundance	serum_fed_equilibrium	EGF	0.9704520027	14400.0
PDHK1 abundance	serum_fed_equilibrium	EGF	0.984282402	28800.0
PDHK1 abundance	serum_fed_equilibrium	EGF	0.9433762645	86400.0
PDHK1 abundance	serum_fed_equilibrium	EGF	0.9000371195	172800.0
PDHK1 abundance	serum_fed_equilibrium	HGF only	1.0220403424	0.0
PDHK1 abundance	serum_fed_equilibrium	HGF only	1.0265529666	3600.0
PDHK1 abundance	serum_fed_equilibrium	HGF only	1.0091657549	14400.0
PDHK1 abundance	serum_fed_equilibrium	HGF only	0.9908414989	28800.0
PDHK1 abundance	serum_fed_equilibrium	HGF only	0.9578392274	86400.0
PDHK1 abundance	serum_fed_equilibrium	HGF only	0.9356507873	172800.0
PDHK1 abundance	serum_fed_equilibrium	IFNG_EGF	1.0220403424	0.0
PDHK1 abundance	serum_fed_equilibrium	IFNG_EGF	1.0138655873	3600.0
PDHK1 abundance	serum_fed_equilibrium	IFNG_EGF	0.9782346077	14400.0
PDHK1 abundance	serum_fed_equilibrium	IFNG_EGF	0.9701103501	28800.0
PDHK1 abundance	serum_fed_equilibrium	IFNG_EGF	0.9700411214	86400.0
PDHK1 abundance	serum_fed_equilibrium	IFNG_EGF	0.9385798842	172800.0
PDHK1 abundance	serum_fed_equilibrium	PBS only	1.0220403424	0.0
PDHK1 abundance	serum_fed_equilibrium	PBS only	1.0376241953	3600.0
PDHK1 abundance	serum_fed_equilibrium	PBS only	1.0494071956	14400.0
PDHK1 abundance	serum_fed_equilibrium	PBS only	1.0398412656	28800.0
PDHK1 abundance	serum_fed_equilibrium	PBS only	1.0601031348	86400.0
PDHK1 abundance	serum_fed_equilibrium	PBS only	1.1857464832	172800.0
CD274 abundance	serum_fed_equilibrium	EGF	0.996491898	0.0
CD274 abundance	serum_fed_equilibrium	EGF	0.9466718704	3600.0
CD274 abundance	serum_fed_equilibrium	EGF	0.9718332425	14400.0
CD274 abundance	serum_fed_equilibrium	EGF	0.9403296049	28800.0
CD274 abundance	serum_fed_equilibrium	EGF	0.8960232136	86400.0
CD274 abundance	serum_fed_equilibrium	EGF	0.901920997	172800.0
CD274 abundance	serum_fed_equilibrium	HGF only	0.996491898	0.0
CD274 abundance	serum_fed_equilibrium	HGF only	0.9211562762	3600.0
CD274 abundance	serum_fed_equilibrium	HGF only	0.9661149809	14400.0
CD274 abundance	serum_fed_equilibrium	HGF only	0.9431831744	28800.0
CD274 abundance	serum_fed_equilibrium	HGF only	0.9327932043	86400.0
CD274 abundance	serum_fed_equilibrium	HGF only	0.8990282552	172800.0
CD274 abundance	serum_fed_equilibrium	IFNG_EGF	0.996491898	0.0
CD274 abundance	serum_fed_equilibrium	IFNG_EGF	0.8827264793	3600.0
CD274 abundance	serum_fed_equilibrium	IFNG_EGF	1.0886381676	14400.0
CD274 abundance	serum_fed_equilibrium	IFNG_EGF	1.422213937	28800.0
CD274 abundance	serum_fed_equilibrium	IFNG_EGF	2.1777827443	86400.0
CD274 abundance	serum_fed_equilibrium	IFNG_EGF	2.3905618662	172800.0
CD274 abundance	serum_fed_equilibrium	PBS only	0.996491898	0.0
CD274 abundance	serum_fed_equilibrium	PBS only	1.0093557209	3600.0
CD274 abundance	serum_fed_equilibrium	PBS only	1.0380068003	14400.0
CD274 abundance	serum_fed_equilibrium	PBS only	1.0329968197	28800.0
CD274 abundance	serum_fed_equilibrium	PBS only	0.9806955287	86400.0
CD274 abundance	serum_fed_equilibrium	PBS only	1.0892687607	172800.0
PEA15 abundance	serum_fed_equilibrium	EGF	0.9462348312	0.0
PEA15 abundance	serum_fed_equilibrium	EGF	0.923824167	3600.0
PEA15 abundance	serum_fed_equilibrium	EGF	0.9050691749	14400.0
PEA15 abundance	serum_fed_equilibrium	EGF	0.947904521	28800.0
PEA15 abundance	serum_fed_equilibrium	EGF	1.0348719987	86400.0
PEA15 abundance	serum_fed_equilibrium	EGF	0.9854526903	172800.0
PEA15 abundance	serum_fed_equilibrium	HGF only	0.9462348312	0.0
PEA15 abundance	serum_fed_equilibrium	HGF only	0.9635362462	3600.0
PEA15 abundance	serum_fed_equilibrium	HGF only	0.8886028527	14400.0
PEA15 abundance	serum_fed_equilibrium	HGF only	0.9476842998	28800.0
PEA15 abundance	serum_fed_equilibrium	HGF only	0.9240030473	86400.0
PEA15 abundance	serum_fed_equilibrium	HGF only	0.9596102408	172800.0
PEA15 abundance	serum_fed_equilibrium	IFNG_EGF	0.9462348312	0.0
PEA15 abundance	serum_fed_equilibrium	IFNG_EGF	0.9185745865	3600.0
PEA15 abundance	serum_fed_equilibrium	IFNG_EGF	0.9504699864	14400.0
PEA15 abundance	serum_fed_equilibrium	IFNG_EGF	0.990440073	28800.0
PEA15 abundance	serum_fed_equilibrium	IFNG_EGF	1.0985875669	86400.0
PEA15 abundance	serum_fed_equilibrium	IFNG_EGF	1.0114103373	172800.0
PEA15 abundance	serum_fed_equilibrium	PBS only	0.9462348312	0.0
PEA15 abundance	serum_fed_equilibrium	PBS only	0.9991172274	3600.0
PEA15 abundance	serum_fed_equilibrium	PBS only	0.9856143842	14400.0
PEA15 abundance	serum_fed_equilibrium	PBS only	0.9536987539	28800.0
PEA15 abundance	serum_fed_equilibrium	PBS only	0.9230440787	86400.0
PEA15 abundance	serum_fed_equilibrium	PBS only	0.8553961632	172800.0
PIK3CB abundance	serum_fed_equilibrium	EGF	1.0214912912	0.0
PIK3CB abundance	serum_fed_equilibrium	EGF	1.0082267529	3600.0
PIK3CB abundance	serum_fed_equilibrium	EGF	1.0029238596	14400.0
PIK3CB abundance	serum_fed_equilibrium	EGF	1.0106284806	28800.0
PIK3CB abundance	serum_fed_equilibrium	EGF	0.9831536735	86400.0
PIK3CB abundance	serum_fed_equilibrium	EGF	0.9405687827	172800.0
PIK3CB abundance	serum_fed_equilibrium	HGF only	1.0214912912	0.0
PIK3CB abundance	serum_fed_equilibrium	HGF only	1.0022646943	3600.0
PIK3CB abundance	serum_fed_equilibrium	HGF only	1.0367476108	14400.0
PIK3CB abundance	serum_fed_equilibrium	HGF only	1.0155506578	28800.0
PIK3CB abundance	serum_fed_equilibrium	HGF only	0.9863980779	86400.0
PIK3CB abundance	serum_fed_equilibrium	HGF only	1.0026126424	172800.0
PIK3CB abundance	serum_fed_equilibrium	IFNG_EGF	1.0214912912	0.0
PIK3CB abundance	serum_fed_equilibrium	IFNG_EGF	1.0227851389	3600.0
PIK3CB abundance	serum_fed_equilibrium	IFNG_EGF	0.954237798	14400.0
PIK3CB abundance	serum_fed_equilibrium	IFNG_EGF	0.995028458	28800.0
PIK3CB abundance	serum_fed_equilibrium	IFNG_EGF	0.9821493384	86400.0
PIK3CB abundance	serum_fed_equilibrium	IFNG_EGF	1.0472378199	172800.0
PIK3CB abundance	serum_fed_equilibrium	PBS only	1.0214912912	0.0
PIK3CB abundance	serum_fed_equilibrium	PBS only	1.0300102702	3600.0
PIK3CB abundance	serum_fed_equilibrium	PBS only	1.017475447	14400.0
PIK3CB abundance	serum_fed_equilibrium	PBS only	0.9985509244	28800.0
PIK3CB abundance	serum_fed_equilibrium	PBS only	1.0258890992	86400.0
PIK3CB abundance	serum_fed_equilibrium	PBS only	1.0661629405	172800.0
PRKAR1A abundance	serum_fed_equilibrium	EGF	1.0178920501	0.0
PRKAR1A abundance	serum_fed_equilibrium	EGF	0.9552027861	3600.0
PRKAR1A abundance	serum_fed_equilibrium	EGF	0.9648561088	14400.0
PRKAR1A abundance	serum_fed_equilibrium	EGF	0.9369082944	28800.0
PRKAR1A abundance	serum_fed_equilibrium	EGF	1.0855609509	86400.0
PRKAR1A abundance	serum_fed_equilibrium	EGF	1.0766520814	172800.0
PRKAR1A abundance	serum_fed_equilibrium	HGF only	1.0178920501	0.0
PRKAR1A abundance	serum_fed_equilibrium	HGF only	1.0379915686	3600.0
PRKAR1A abundance	serum_fed_equilibrium	HGF only	0.9542108782	14400.0
PRKAR1A abundance	serum_fed_equilibrium	HGF only	0.9505976926	28800.0
PRKAR1A abundance	serum_fed_equilibrium	HGF only	1.0473516	86400.0
PRKAR1A abundance	serum_fed_equilibrium	HGF only	0.9172470021	172800.0
PRKAR1A abundance	serum_fed_equilibrium	IFNG_EGF	1.0178920501	0.0
PRKAR1A abundance	serum_fed_equilibrium	IFNG_EGF	0.9990691184	3600.0
PRKAR1A abundance	serum_fed_equilibrium	IFNG_EGF	1.0341720494	14400.0
PRKAR1A abundance	serum_fed_equilibrium	IFNG_EGF	1.0516492126	28800.0
PRKAR1A abundance	serum_fed_equilibrium	IFNG_EGF	1.3395057736	86400.0
PRKAR1A abundance	serum_fed_equilibrium	IFNG_EGF	1.2375089095	172800.0
PRKAR1A abundance	serum_fed_equilibrium	PBS only	1.0178920501	0.0
PRKAR1A abundance	serum_fed_equilibrium	PBS only	1.0130496804	3600.0
PRKAR1A abundance	serum_fed_equilibrium	PBS only	1.0108644596	14400.0
PRKAR1A abundance	serum_fed_equilibrium	PBS only	0.9744734365	28800.0
PRKAR1A abundance	serum_fed_equilibrium	PBS only	0.8830000036	86400.0
PRKAR1A abundance	serum_fed_equilibrium	PBS only	0.6715141803	172800.0
PKM abundance	serum_fed_equilibrium	EGF	0.9751899046	0.0
PKM abundance	serum_fed_equilibrium	EGF	0.9741237235	3600.0
PKM abundance	serum_fed_equilibrium	EGF	0.9783697312	14400.0
PKM abundance	serum_fed_equilibrium	EGF	0.9677362782	28800.0
PKM abundance	serum_fed_equilibrium	EGF	1.0448302881	86400.0
PKM abundance	serum_fed_equilibrium	EGF	1.0168510764	172800.0
PKM abundance	serum_fed_equilibrium	HGF only	0.9751899046	0.0
PKM abundance	serum_fed_equilibrium	HGF only	0.9681619858	3600.0
PKM abundance	serum_fed_equilibrium	HGF only	0.9797618998	14400.0
PKM abundance	serum_fed_equilibrium	HGF only	0.9739670761	28800.0
PKM abundance	serum_fed_equilibrium	HGF only	0.9683252648	86400.0
PKM abundance	serum_fed_equilibrium	HGF only	1.1441788047	172800.0
PKM abundance	serum_fed_equilibrium	IFNG_EGF	0.9751899046	0.0
PKM abundance	serum_fed_equilibrium	IFNG_EGF	0.9636193917	3600.0
PKM abundance	serum_fed_equilibrium	IFNG_EGF	0.9706264206	14400.0
PKM abundance	serum_fed_equilibrium	IFNG_EGF	0.9691764752	28800.0
PKM abundance	serum_fed_equilibrium	IFNG_EGF	1.0846105842	86400.0
PKM abundance	serum_fed_equilibrium	IFNG_EGF	1.2164337986	172800.0
PKM abundance	serum_fed_equilibrium	PBS only	0.9751899046	0.0
PKM abundance	serum_fed_equilibrium	PBS only	1.0146988098	3600.0
PKM abundance	serum_fed_equilibrium	PBS only	0.9755470918	14400.0
PKM abundance	serum_fed_equilibrium	PBS only	0.9912261602	28800.0
PKM abundance	serum_fed_equilibrium	PBS only	1.0014681017	86400.0
PKM abundance	serum_fed_equilibrium	PBS only	0.9480288145	172800.0
PLK1 abundance	serum_fed_equilibrium	EGF	0.7802453397	0.0
PLK1 abundance	serum_fed_equilibrium	EGF	0.8756667961	3600.0
PLK1 abundance	serum_fed_equilibrium	EGF	1.0239360992	14400.0
PLK1 abundance	serum_fed_equilibrium	EGF	1.1099438844	28800.0
PLK1 abundance	serum_fed_equilibrium	EGF	1.6830423749	86400.0
PLK1 abundance	serum_fed_equilibrium	EGF	1.4587854801	172800.0
PLK1 abundance	serum_fed_equilibrium	HGF only	0.7802453397	0.0
PLK1 abundance	serum_fed_equilibrium	HGF only	0.9094673906	3600.0
PLK1 abundance	serum_fed_equilibrium	HGF only	0.9691401969	14400.0
PLK1 abundance	serum_fed_equilibrium	HGF only	1.1321556075	28800.0
PLK1 abundance	serum_fed_equilibrium	HGF only	0.9516572519	86400.0
PLK1 abundance	serum_fed_equilibrium	HGF only	0.6279659309	172800.0
PLK1 abundance	serum_fed_equilibrium	IFNG_EGF	0.7802453397	0.0
PLK1 abundance	serum_fed_equilibrium	IFNG_EGF	0.8857733362	3600.0
PLK1 abundance	serum_fed_equilibrium	IFNG_EGF	0.9243967333	14400.0
PLK1 abundance	serum_fed_equilibrium	IFNG_EGF	1.0626549785	28800.0
PLK1 abundance	serum_fed_equilibrium	IFNG_EGF	1.3926423842	86400.0
PLK1 abundance	serum_fed_equilibrium	IFNG_EGF	0.556988584	172800.0
PLK1 abundance	serum_fed_equilibrium	PBS only	0.7802453397	0.0
PLK1 abundance	serum_fed_equilibrium	PBS only	0.8944913595	3600.0
PLK1 abundance	serum_fed_equilibrium	PBS only	0.9538099287	14400.0
PLK1 abundance	serum_fed_equilibrium	PBS only	0.9632360767	28800.0
PLK1 abundance	serum_fed_equilibrium	PBS only	0.2255801869	86400.0
PLK1 abundance	serum_fed_equilibrium	PBS only	0.0813963067	172800.0
PMS2 abundance	serum_fed_equilibrium	EGF	1.048657854	0.0
PMS2 abundance	serum_fed_equilibrium	EGF	1.0403432166	3600.0
PMS2 abundance	serum_fed_equilibrium	EGF	1.0315845755	14400.0
PMS2 abundance	serum_fed_equilibrium	EGF	0.9945703317	28800.0
PMS2 abundance	serum_fed_equilibrium	EGF	1.0142477943	86400.0
PMS2 abundance	serum_fed_equilibrium	EGF	1.2094995664	172800.0
PMS2 abundance	serum_fed_equilibrium	HGF only	1.048657854	0.0
PMS2 abundance	serum_fed_equilibrium	HGF only	1.0462418634	3600.0
PMS2 abundance	serum_fed_equilibrium	HGF only	1.0322327767	14400.0
PMS2 abundance	serum_fed_equilibrium	HGF only	1.0272610948	28800.0
PMS2 abundance	serum_fed_equilibrium	HGF only	1.0889748879	86400.0
PMS2 abundance	serum_fed_equilibrium	HGF only	1.0350402452	172800.0
PMS2 abundance	serum_fed_equilibrium	IFNG_EGF	1.048657854	0.0
PMS2 abundance	serum_fed_equilibrium	IFNG_EGF	1.0556599354	3600.0
PMS2 abundance	serum_fed_equilibrium	IFNG_EGF	1.0301628969	14400.0
PMS2 abundance	serum_fed_equilibrium	IFNG_EGF	0.9456215484	28800.0
PMS2 abundance	serum_fed_equilibrium	IFNG_EGF	0.9576360554	86400.0
PMS2 abundance	serum_fed_equilibrium	IFNG_EGF	1.1559293451	172800.0
PMS2 abundance	serum_fed_equilibrium	PBS only	1.048657854	0.0
PMS2 abundance	serum_fed_equilibrium	PBS only	1.0856926744	3600.0
PMS2 abundance	serum_fed_equilibrium	PBS only	1.0386871592	14400.0
PMS2 abundance	serum_fed_equilibrium	PBS only	1.0391555296	28800.0
PMS2 abundance	serum_fed_equilibrium	PBS only	0.9683322213	86400.0
PMS2 abundance	serum_fed_equilibrium	PBS only	0.749881567	172800.0
VDAC1 abundance	serum_fed_equilibrium	EGF	0.9960389423	0.0
VDAC1 abundance	serum_fed_equilibrium	EGF	1.0035561591	3600.0
VDAC1 abundance	serum_fed_equilibrium	EGF	0.9912125851	14400.0
VDAC1 abundance	serum_fed_equilibrium	EGF	0.9890560901	28800.0
VDAC1 abundance	serum_fed_equilibrium	EGF	1.0296371563	86400.0
VDAC1 abundance	serum_fed_equilibrium	EGF	1.008111609	172800.0
VDAC1 abundance	serum_fed_equilibrium	HGF only	0.9960389423	0.0
VDAC1 abundance	serum_fed_equilibrium	HGF only	1.0186595875	3600.0
VDAC1 abundance	serum_fed_equilibrium	HGF only	1.0245849433	14400.0
VDAC1 abundance	serum_fed_equilibrium	HGF only	0.9864330331	28800.0
VDAC1 abundance	serum_fed_equilibrium	HGF only	1.0378321135	86400.0
VDAC1 abundance	serum_fed_equilibrium	HGF only	1.1121804433	172800.0
VDAC1 abundance	serum_fed_equilibrium	IFNG_EGF	0.9960389423	0.0
VDAC1 abundance	serum_fed_equilibrium	IFNG_EGF	1.0103378608	3600.0
VDAC1 abundance	serum_fed_equilibrium	IFNG_EGF	0.9764430634	14400.0
VDAC1 abundance	serum_fed_equilibrium	IFNG_EGF	0.9757520298	28800.0
VDAC1 abundance	serum_fed_equilibrium	IFNG_EGF	0.9959655434	86400.0
VDAC1 abundance	serum_fed_equilibrium	IFNG_EGF	1.0770075826	172800.0
VDAC1 abundance	serum_fed_equilibrium	PBS only	0.9960389423	0.0
VDAC1 abundance	serum_fed_equilibrium	PBS only	1.0082043774	3600.0
VDAC1 abundance	serum_fed_equilibrium	PBS only	0.9957246898	14400.0
VDAC1 abundance	serum_fed_equilibrium	PBS only	0.9927626729	28800.0
VDAC1 abundance	serum_fed_equilibrium	PBS only	1.0633577267	86400.0
VDAC1 abundance	serum_fed_equilibrium	PBS only	1.1070011497	172800.0
PGR abundance	serum_fed_equilibrium	EGF	1.0505022748	0.0
PGR abundance	serum_fed_equilibrium	EGF	1.0519175182	3600.0
PGR abundance	serum_fed_equilibrium	EGF	1.0281714984	14400.0
PGR abundance	serum_fed_equilibrium	EGF	1.0068324821	28800.0
PGR abundance	serum_fed_equilibrium	EGF	0.9744882749	86400.0
PGR abundance	serum_fed_equilibrium	EGF	0.8715667987	172800.0
PGR abundance	serum_fed_equilibrium	HGF only	1.0505022748	0.0
PGR abundance	serum_fed_equilibrium	HGF only	0.9814499752	3600.0
PGR abundance	serum_fed_equilibrium	HGF only	1.0273774793	14400.0
PGR abundance	serum_fed_equilibrium	HGF only	1.0604262352	28800.0
PGR abundance	serum_fed_equilibrium	HGF only	0.9731026753	86400.0
PGR abundance	serum_fed_equilibrium	HGF only	0.9504897776	172800.0
PGR abundance	serum_fed_equilibrium	IFNG_EGF	1.0505022748	0.0
PGR abundance	serum_fed_equilibrium	IFNG_EGF	1.029860821	3600.0
PGR abundance	serum_fed_equilibrium	IFNG_EGF	0.9841945677	14400.0
PGR abundance	serum_fed_equilibrium	IFNG_EGF	0.9969038979	28800.0
PGR abundance	serum_fed_equilibrium	IFNG_EGF	0.8394549206	86400.0
PGR abundance	serum_fed_equilibrium	IFNG_EGF	0.9498010439	172800.0
PGR abundance	serum_fed_equilibrium	PBS only	1.0505022748	0.0
PGR abundance	serum_fed_equilibrium	PBS only	1.0424289723	3600.0
PGR abundance	serum_fed_equilibrium	PBS only	1.0820762414	14400.0
PGR abundance	serum_fed_equilibrium	PBS only	1.08022962	28800.0
PGR abundance	serum_fed_equilibrium	PBS only	1.0417660295	86400.0
PGR abundance	serum_fed_equilibrium	PBS only	1.0942972353	172800.0
AKT1S1 abundance	serum_fed_equilibrium	EGF	1.0578938189	0.0
AKT1S1 abundance	serum_fed_equilibrium	EGF	0.9836815263	3600.0
AKT1S1 abundance	serum_fed_equilibrium	EGF	1.0284986416	14400.0
AKT1S1 abundance	serum_fed_equilibrium	EGF	1.0024675521	28800.0
AKT1S1 abundance	serum_fed_equilibrium	EGF	0.99271756	86400.0
AKT1S1 abundance	serum_fed_equilibrium	EGF	0.945757989	172800.0
AKT1S1 abundance	serum_fed_equilibrium	HGF only	1.0578938189	0.0
AKT1S1 abundance	serum_fed_equilibrium	HGF only	1.0162673164	3600.0
AKT1S1 abundance	serum_fed_equilibrium	HGF only	1.0261461176	14400.0
AKT1S1 abundance	serum_fed_equilibrium	HGF only	0.9779568417	28800.0
AKT1S1 abundance	serum_fed_equilibrium	HGF only	0.9963889398	86400.0
AKT1S1 abundance	serum_fed_equilibrium	HGF only	0.9605212684	172800.0
AKT1S1 abundance	serum_fed_equilibrium	IFNG_EGF	1.0578938189	0.0
AKT1S1 abundance	serum_fed_equilibrium	IFNG_EGF	0.9991082115	3600.0
AKT1S1 abundance	serum_fed_equilibrium	IFNG_EGF	0.9809249043	14400.0
AKT1S1 abundance	serum_fed_equilibrium	IFNG_EGF	0.985156918	28800.0
AKT1S1 abundance	serum_fed_equilibrium	IFNG_EGF	1.0708544339	86400.0
AKT1S1 abundance	serum_fed_equilibrium	IFNG_EGF	0.99798709	172800.0
AKT1S1 abundance	serum_fed_equilibrium	PBS only	1.0578938189	0.0
AKT1S1 abundance	serum_fed_equilibrium	PBS only	1.0644261193	3600.0
AKT1S1 abundance	serum_fed_equilibrium	PBS only	0.9590255564	14400.0
AKT1S1 abundance	serum_fed_equilibrium	PBS only	1.0510058301	28800.0
AKT1S1 abundance	serum_fed_equilibrium	PBS only	1.0673009444	86400.0
AKT1S1 abundance	serum_fed_equilibrium	PBS only	1.1125741172	172800.0
PREX1 abundance	serum_fed_equilibrium	EGF	1.0580793319	0.0
PREX1 abundance	serum_fed_equilibrium	EGF	1.0083048766	3600.0
PREX1 abundance	serum_fed_equilibrium	EGF	0.9734865535	14400.0
PREX1 abundance	serum_fed_equilibrium	EGF	0.9751011674	28800.0
PREX1 abundance	serum_fed_equilibrium	EGF	0.9013654892	86400.0
PREX1 abundance	serum_fed_equilibrium	EGF	0.8815168156	172800.0
PREX1 abundance	serum_fed_equilibrium	HGF only	1.0580793319	0.0
PREX1 abundance	serum_fed_equilibrium	HGF only	1.037706374	3600.0
PREX1 abundance	serum_fed_equilibrium	HGF only	0.9831691007	14400.0
PREX1 abundance	serum_fed_equilibrium	HGF only	0.9782804883	28800.0
PREX1 abundance	serum_fed_equilibrium	HGF only	0.9335168796	86400.0
PREX1 abundance	serum_fed_equilibrium	HGF only	0.9249131953	172800.0
PREX1 abundance	serum_fed_equilibrium	IFNG_EGF	1.0580793319	0.0
PREX1 abundance	serum_fed_equilibrium	IFNG_EGF	0.9995577052	3600.0
PREX1 abundance	serum_fed_equilibrium	IFNG_EGF	0.9964876672	14400.0
PREX1 abundance	serum_fed_equilibrium	IFNG_EGF	0.9916641978	28800.0
PREX1 abundance	serum_fed_equilibrium	IFNG_EGF	0.9225569302	86400.0
PREX1 abundance	serum_fed_equilibrium	IFNG_EGF	0.9473625584	172800.0
PREX1 abundance	serum_fed_equilibrium	PBS only	1.0580793319	0.0
PREX1 abundance	serum_fed_equilibrium	PBS only	1.0621608177	3600.0
PREX1 abundance	serum_fed_equilibrium	PBS only	1.0356516032	14400.0
PREX1 abundance	serum_fed_equilibrium	PBS only	1.0334929824	28800.0
PREX1 abundance	serum_fed_equilibrium	PBS only	1.0090069425	86400.0
PREX1 abundance	serum_fed_equilibrium	PBS only	1.115038157	172800.0
RAB11A abundance	serum_fed_equilibrium	EGF	1.0225237076	0.0
RAB11A abundance	serum_fed_equilibrium	EGF	1.0312786229	3600.0
RAB11A abundance	serum_fed_equilibrium	EGF	1.0192391944	14400.0
RAB11A abundance	serum_fed_equilibrium	EGF	1.0096727201	28800.0
RAB11A abundance	serum_fed_equilibrium	EGF	0.9688330775	86400.0
RAB11A abundance	serum_fed_equilibrium	EGF	0.9591820262	172800.0
RAB11A abundance	serum_fed_equilibrium	HGF only	1.0225237076	0.0
RAB11A abundance	serum_fed_equilibrium	HGF only	1.0346750197	3600.0
RAB11A abundance	serum_fed_equilibrium	HGF only	1.0298321101	14400.0
RAB11A abundance	serum_fed_equilibrium	HGF only	1.0134096134	28800.0
RAB11A abundance	serum_fed_equilibrium	HGF only	1.0220191914	86400.0
RAB11A abundance	serum_fed_equilibrium	HGF only	1.0655771306	172800.0
RAB11A abundance	serum_fed_equilibrium	IFNG_EGF	1.0225237076	0.0
RAB11A abundance	serum_fed_equilibrium	IFNG_EGF	1.0089110292	3600.0
RAB11A abundance	serum_fed_equilibrium	IFNG_EGF	0.9784514632	14400.0
RAB11A abundance	serum_fed_equilibrium	IFNG_EGF	0.9885759626	28800.0
RAB11A abundance	serum_fed_equilibrium	IFNG_EGF	0.9743295943	86400.0
RAB11A abundance	serum_fed_equilibrium	IFNG_EGF	0.9884953493	172800.0
RAB11A abundance	serum_fed_equilibrium	PBS only	1.0225237076	0.0
RAB11A abundance	serum_fed_equilibrium	PBS only	1.0388599414	3600.0
RAB11A abundance	serum_fed_equilibrium	PBS only	1.0291903555	14400.0
RAB11A abundance	serum_fed_equilibrium	PBS only	1.0283946608	28800.0
RAB11A abundance	serum_fed_equilibrium	PBS only	1.0405619741	86400.0
RAB11A abundance	serum_fed_equilibrium	PBS only	1.1020949298	172800.0
RAB25 abundance	serum_fed_equilibrium	EGF	0.9760685125	0.0
RAB25 abundance	serum_fed_equilibrium	EGF	1.0180970635	3600.0
RAB25 abundance	serum_fed_equilibrium	EGF	1.0051865321	14400.0
RAB25 abundance	serum_fed_equilibrium	EGF	0.999113417	28800.0
RAB25 abundance	serum_fed_equilibrium	EGF	1.1007792988	86400.0
RAB25 abundance	serum_fed_equilibrium	EGF	1.0038492082	172800.0
RAB25 abundance	serum_fed_equilibrium	HGF only	0.9760685125	0.0
RAB25 abundance	serum_fed_equilibrium	HGF only	1.0047469116	3600.0
RAB25 abundance	serum_fed_equilibrium	HGF only	0.9702028134	14400.0
RAB25 abundance	serum_fed_equilibrium	HGF only	0.9696696256	28800.0
RAB25 abundance	serum_fed_equilibrium	HGF only	0.9580018488	86400.0
RAB25 abundance	serum_fed_equilibrium	HGF only	1.054282055	172800.0
RAB25 abundance	serum_fed_equilibrium	IFNG_EGF	0.9760685125	0.0
RAB25 abundance	serum_fed_equilibrium	IFNG_EGF	0.9890042924	3600.0
RAB25 abundance	serum_fed_equilibrium	IFNG_EGF	0.9877394499	14400.0
RAB25 abundance	serum_fed_equilibrium	IFNG_EGF	1.0053014895	28800.0
RAB25 abundance	serum_fed_equilibrium	IFNG_EGF	1.0070677349	86400.0
RAB25 abundance	serum_fed_equilibrium	IFNG_EGF	1.1892347148	172800.0
RAB25 abundance	serum_fed_equilibrium	PBS only	0.9760685125	0.0
RAB25 abundance	serum_fed_equilibrium	PBS only	1.0541926337	3600.0
RAB25 abundance	serum_fed_equilibrium	PBS only	1.0157079728	14400.0
RAB25 abundance	serum_fed_equilibrium	PBS only	1.107218937	28800.0
RAB25 abundance	serum_fed_equilibrium	PBS only	1.05976981	86400.0
RAB25 abundance	serum_fed_equilibrium	PBS only	1.1473270325	172800.0
RAD50 abundance	serum_fed_equilibrium	EGF	1.0110534186	0.0
RAD50 abundance	serum_fed_equilibrium	EGF	0.9790575436	3600.0
RAD50 abundance	serum_fed_equilibrium	EGF	0.9999247492	14400.0
RAD50 abundance	serum_fed_equilibrium	EGF	0.965902168	28800.0
RAD50 abundance	serum_fed_equilibrium	EGF	0.9581665432	86400.0
RAD50 abundance	serum_fed_equilibrium	EGF	1.0306154337	172800.0
RAD50 abundance	serum_fed_equilibrium	HGF only	1.0110534186	0.0
RAD50 abundance	serum_fed_equilibrium	HGF only	1.0241272051	3600.0
RAD50 abundance	serum_fed_equilibrium	HGF only	1.0058043217	14400.0
RAD50 abundance	serum_fed_equilibrium	HGF only	0.9843782753	28800.0
RAD50 abundance	serum_fed_equilibrium	HGF only	1.0465096332	86400.0
RAD50 abundance	serum_fed_equilibrium	HGF only	1.2658663215	172800.0
RAD50 abundance	serum_fed_equilibrium	IFNG_EGF	1.0110534186	0.0
RAD50 abundance	serum_fed_equilibrium	IFNG_EGF	0.9961708171	3600.0
RAD50 abundance	serum_fed_equilibrium	IFNG_EGF	1.0374737521	14400.0
RAD50 abundance	serum_fed_equilibrium	IFNG_EGF	1.0013139527	28800.0
RAD50 abundance	serum_fed_equilibrium	IFNG_EGF	0.9443906513	86400.0
RAD50 abundance	serum_fed_equilibrium	IFNG_EGF	0.9994222814	172800.0
RAD50 abundance	serum_fed_equilibrium	PBS only	1.0110534186	0.0
RAD50 abundance	serum_fed_equilibrium	PBS only	1.0154786193	3600.0
RAD50 abundance	serum_fed_equilibrium	PBS only	1.0213066181	14400.0
RAD50 abundance	serum_fed_equilibrium	PBS only	1.0202002442	28800.0
RAD50 abundance	serum_fed_equilibrium	PBS only	1.0803831476	86400.0
RAD50 abundance	serum_fed_equilibrium	PBS only	1.0783624868	172800.0
RAD51 abundance	serum_fed_equilibrium	EGF	0.9893567764	0.0
RAD51 abundance	serum_fed_equilibrium	EGF	1.041051982	3600.0
RAD51 abundance	serum_fed_equilibrium	EGF	1.0422922088	14400.0
RAD51 abundance	serum_fed_equilibrium	EGF	1.0201805053	28800.0
RAD51 abundance	serum_fed_equilibrium	EGF	0.9771694952	86400.0
RAD51 abundance	serum_fed_equilibrium	EGF	1.0501947921	172800.0
RAD51 abundance	serum_fed_equilibrium	HGF only	0.9893567764	0.0
RAD51 abundance	serum_fed_equilibrium	HGF only	0.9638434981	3600.0
RAD51 abundance	serum_fed_equilibrium	HGF only	1.0360979859	14400.0
RAD51 abundance	serum_fed_equilibrium	HGF only	1.0185629388	28800.0
RAD51 abundance	serum_fed_equilibrium	HGF only	0.9931424927	86400.0
RAD51 abundance	serum_fed_equilibrium	HGF only	0.8999532809	172800.0
RAD51 abundance	serum_fed_equilibrium	IFNG_EGF	0.9893567764	0.0
RAD51 abundance	serum_fed_equilibrium	IFNG_EGF	0.9768941867	3600.0
RAD51 abundance	serum_fed_equilibrium	IFNG_EGF	0.9578244696	14400.0
RAD51 abundance	serum_fed_equilibrium	IFNG_EGF	0.9483234636	28800.0
RAD51 abundance	serum_fed_equilibrium	IFNG_EGF	0.9235330076	86400.0
RAD51 abundance	serum_fed_equilibrium	IFNG_EGF	0.8558979654	172800.0
RAD51 abundance	serum_fed_equilibrium	PBS only	0.9893567764	0.0
RAD51 abundance	serum_fed_equilibrium	PBS only	1.1624874368	3600.0
RAD51 abundance	serum_fed_equilibrium	PBS only	1.1233891351	14400.0
RAD51 abundance	serum_fed_equilibrium	PBS only	1.2339360054	28800.0
RAD51 abundance	serum_fed_equilibrium	PBS only	1.1432891083	86400.0
RAD51 abundance	serum_fed_equilibrium	PBS only	1.364863792	172800.0
RB1 abundance	serum_fed_equilibrium	EGF	1.011279337	0.0
RB1 abundance	serum_fed_equilibrium	EGF	0.9708990071	3600.0
RB1 abundance	serum_fed_equilibrium	EGF	0.9738652136	14400.0
RB1 abundance	serum_fed_equilibrium	EGF	0.9964241068	28800.0
RB1 abundance	serum_fed_equilibrium	EGF	1.0146939722	86400.0
RB1 abundance	serum_fed_equilibrium	EGF	0.9564345411	172800.0
RB1 abundance	serum_fed_equilibrium	HGF only	1.011279337	0.0
RB1 abundance	serum_fed_equilibrium	HGF only	0.9804673384	3600.0
RB1 abundance	serum_fed_equilibrium	HGF only	0.9592503337	14400.0
RB1 abundance	serum_fed_equilibrium	HGF only	0.9793853736	28800.0
RB1 abundance	serum_fed_equilibrium	HGF only	1.0043851576	86400.0
RB1 abundance	serum_fed_equilibrium	HGF only	0.9876428978	172800.0
RB1 abundance	serum_fed_equilibrium	IFNG_EGF	1.011279337	0.0
RB1 abundance	serum_fed_equilibrium	IFNG_EGF	0.9774019708	3600.0
RB1 abundance	serum_fed_equilibrium	IFNG_EGF	0.9954067076	14400.0
RB1 abundance	serum_fed_equilibrium	IFNG_EGF	0.9842945959	28800.0
RB1 abundance	serum_fed_equilibrium	IFNG_EGF	1.1001089487	86400.0
RB1 abundance	serum_fed_equilibrium	IFNG_EGF	1.0695331457	172800.0
RB1 abundance	serum_fed_equilibrium	PBS only	1.011279337	0.0
RB1 abundance	serum_fed_equilibrium	PBS only	1.029256123	3600.0
RB1 abundance	serum_fed_equilibrium	PBS only	1.0083023675	14400.0
RB1 abundance	serum_fed_equilibrium	PBS only	0.9841159376	28800.0
RB1 abundance	serum_fed_equilibrium	PBS only	1.0255368714	86400.0
RB1 abundance	serum_fed_equilibrium	PBS only	1.0405547327	172800.0
RBM15 abundance	serum_fed_equilibrium	EGF	0.8795750268	0.0
RBM15 abundance	serum_fed_equilibrium	EGF	1.058767248	3600.0
RBM15 abundance	serum_fed_equilibrium	EGF	0.9877723784	14400.0
RBM15 abundance	serum_fed_equilibrium	EGF	1.0587778109	28800.0
RBM15 abundance	serum_fed_equilibrium	EGF	1.1046964533	86400.0
RBM15 abundance	serum_fed_equilibrium	EGF	1.3109196711	172800.0
RBM15 abundance	serum_fed_equilibrium	HGF only	0.8795750268	0.0
RBM15 abundance	serum_fed_equilibrium	HGF only	1.0689219079	3600.0
RBM15 abundance	serum_fed_equilibrium	HGF only	1.0003090853	14400.0
RBM15 abundance	serum_fed_equilibrium	HGF only	1.0590341804	28800.0
RBM15 abundance	serum_fed_equilibrium	HGF only	1.1364042264	86400.0
RBM15 abundance	serum_fed_equilibrium	HGF only	1.2480590196	172800.0
RBM15 abundance	serum_fed_equilibrium	IFNG_EGF	0.8795750268	0.0
RBM15 abundance	serum_fed_equilibrium	IFNG_EGF	0.9787130357	3600.0
RBM15 abundance	serum_fed_equilibrium	IFNG_EGF	1.0271449893	14400.0
RBM15 abundance	serum_fed_equilibrium	IFNG_EGF	1.0126479054	28800.0
RBM15 abundance	serum_fed_equilibrium	IFNG_EGF	1.0734004772	86400.0
RBM15 abundance	serum_fed_equilibrium	IFNG_EGF	1.2313960057	172800.0
RBM15 abundance	serum_fed_equilibrium	PBS only	0.8795750268	0.0
RBM15 abundance	serum_fed_equilibrium	PBS only	0.8175230941	3600.0
RBM15 abundance	serum_fed_equilibrium	PBS only	0.7067262215	14400.0
RBM15 abundance	serum_fed_equilibrium	PBS only	0.8123843199	28800.0
RBM15 abundance	serum_fed_equilibrium	PBS only	0.8862346613	86400.0
RBM15 abundance	serum_fed_equilibrium	PBS only	0.7508693751	172800.0
RIPK1 abundance	serum_fed_equilibrium	EGF	0.9778857371	0.0
RIPK1 abundance	serum_fed_equilibrium	EGF	0.9307968798	3600.0
RIPK1 abundance	serum_fed_equilibrium	EGF	0.9281629366	14400.0
RIPK1 abundance	serum_fed_equilibrium	EGF	0.9527087896	28800.0
RIPK1 abundance	serum_fed_equilibrium	EGF	0.9114302631	86400.0
RIPK1 abundance	serum_fed_equilibrium	EGF	0.9200657401	172800.0
RIPK1 abundance	serum_fed_equilibrium	HGF only	0.9778857371	0.0
RIPK1 abundance	serum_fed_equilibrium	HGF only	0.9738097517	3600.0
RIPK1 abundance	serum_fed_equilibrium	HGF only	0.9245527133	14400.0
RIPK1 abundance	serum_fed_equilibrium	HGF only	0.9339834445	28800.0
RIPK1 abundance	serum_fed_equilibrium	HGF only	0.9130829099	86400.0
RIPK1 abundance	serum_fed_equilibrium	HGF only	0.9023578238	172800.0
RIPK1 abundance	serum_fed_equilibrium	IFNG_EGF	0.9778857371	0.0
RIPK1 abundance	serum_fed_equilibrium	IFNG_EGF	0.9449651523	3600.0
RIPK1 abundance	serum_fed_equilibrium	IFNG_EGF	0.9388922258	14400.0
RIPK1 abundance	serum_fed_equilibrium	IFNG_EGF	1.0233006581	28800.0
RIPK1 abundance	serum_fed_equilibrium	IFNG_EGF	1.1797152144	86400.0
RIPK1 abundance	serum_fed_equilibrium	IFNG_EGF	1.2982710043	172800.0
RIPK1 abundance	serum_fed_equilibrium	PBS only	0.9778857371	0.0
RIPK1 abundance	serum_fed_equilibrium	PBS only	0.8700496976	3600.0
RIPK1 abundance	serum_fed_equilibrium	PBS only	0.9941944763	14400.0
RIPK1 abundance	serum_fed_equilibrium	PBS only	0.9747962803	28800.0
RIPK1 abundance	serum_fed_equilibrium	PBS only	0.8444386845	86400.0
RIPK1 abundance	serum_fed_equilibrium	PBS only	0.8619794507	172800.0
RPS6 abundance	serum_fed_equilibrium	EGF	0.9083089301	0.0
RPS6 abundance	serum_fed_equilibrium	EGF	0.9547824943	3600.0
RPS6 abundance	serum_fed_equilibrium	EGF	0.9957596733	14400.0
RPS6 abundance	serum_fed_equilibrium	EGF	1.0876658477	28800.0
RPS6 abundance	serum_fed_equilibrium	EGF	1.257458859	86400.0
RPS6 abundance	serum_fed_equilibrium	EGF	1.2945824871	172800.0
RPS6 abundance	serum_fed_equilibrium	HGF only	0.9083089301	0.0
RPS6 abundance	serum_fed_equilibrium	HGF only	0.8915343908	3600.0
RPS6 abundance	serum_fed_equilibrium	HGF only	1.0344279364	14400.0
RPS6 abundance	serum_fed_equilibrium	HGF only	1.0461800721	28800.0
RPS6 abundance	serum_fed_equilibrium	HGF only	1.2098133109	86400.0
RPS6 abundance	serum_fed_equilibrium	HGF only	1.1779073873	172800.0
RPS6 abundance	serum_fed_equilibrium	IFNG_EGF	0.9083089301	0.0
RPS6 abundance	serum_fed_equilibrium	IFNG_EGF	0.9321091274	3600.0
RPS6 abundance	serum_fed_equilibrium	IFNG_EGF	0.9066324287	14400.0
RPS6 abundance	serum_fed_equilibrium	IFNG_EGF	1.0357845809	28800.0
RPS6 abundance	serum_fed_equilibrium	IFNG_EGF	1.1080844219	86400.0
RPS6 abundance	serum_fed_equilibrium	IFNG_EGF	1.2128002678	172800.0
RPS6 abundance	serum_fed_equilibrium	PBS only	0.9083089301	0.0
RPS6 abundance	serum_fed_equilibrium	PBS only	1.1152454982	3600.0
RPS6 abundance	serum_fed_equilibrium	PBS only	1.0355896658	14400.0
RPS6 abundance	serum_fed_equilibrium	PBS only	1.0274990202	28800.0
RPS6 abundance	serum_fed_equilibrium	PBS only	1.0937254439	86400.0
RPS6 abundance	serum_fed_equilibrium	PBS only	0.7597095474	172800.0
SCD abundance	serum_fed_equilibrium	EGF	0.9510976663	0.0
SCD abundance	serum_fed_equilibrium	EGF	0.9726107976	3600.0
SCD abundance	serum_fed_equilibrium	EGF	0.972788494	14400.0
SCD abundance	serum_fed_equilibrium	EGF	0.9729998894	28800.0
SCD abundance	serum_fed_equilibrium	EGF	1.0026287192	86400.0
SCD abundance	serum_fed_equilibrium	EGF	1.2973509539	172800.0
SCD abundance	serum_fed_equilibrium	HGF only	0.9510976663	0.0
SCD abundance	serum_fed_equilibrium	HGF only	0.9962317493	3600.0
SCD abundance	serum_fed_equilibrium	HGF only	1.0091747737	14400.0
SCD abundance	serum_fed_equilibrium	HGF only	0.9806314578	28800.0
SCD abundance	serum_fed_equilibrium	HGF only	0.9288613068	86400.0
SCD abundance	serum_fed_equilibrium	HGF only	0.9476643372	172800.0
SCD abundance	serum_fed_equilibrium	IFNG_EGF	0.9510976663	0.0
SCD abundance	serum_fed_equilibrium	IFNG_EGF	1.0314868573	3600.0
SCD abundance	serum_fed_equilibrium	IFNG_EGF	0.9730927294	14400.0
SCD abundance	serum_fed_equilibrium	IFNG_EGF	0.990379871	28800.0
SCD abundance	serum_fed_equilibrium	IFNG_EGF	0.8959238421	86400.0
SCD abundance	serum_fed_equilibrium	IFNG_EGF	0.9951736235	172800.0
SCD abundance	serum_fed_equilibrium	PBS only	0.9510976663	0.0
SCD abundance	serum_fed_equilibrium	PBS only	0.9947656091	3600.0
SCD abundance	serum_fed_equilibrium	PBS only	1.0626829231	14400.0
SCD abundance	serum_fed_equilibrium	PBS only	0.9568787904	28800.0
SCD abundance	serum_fed_equilibrium	PBS only	0.8748980105	86400.0
SCD abundance	serum_fed_equilibrium	PBS only	0.9006242169	172800.0
SDHA abundance	serum_fed_equilibrium	EGF	1.006498174	0.0
SDHA abundance	serum_fed_equilibrium	EGF	1.0007552013	3600.0
SDHA abundance	serum_fed_equilibrium	EGF	1.03634996	14400.0
SDHA abundance	serum_fed_equilibrium	EGF	0.9971135982	28800.0
SDHA abundance	serum_fed_equilibrium	EGF	0.9541501377	86400.0
SDHA abundance	serum_fed_equilibrium	EGF	0.9527262413	172800.0
SDHA abundance	serum_fed_equilibrium	HGF only	1.006498174	0.0
SDHA abundance	serum_fed_equilibrium	HGF only	0.9776339966	3600.0
SDHA abundance	serum_fed_equilibrium	HGF only	1.0372886121	14400.0
SDHA abundance	serum_fed_equilibrium	HGF only	1.0383383361	28800.0
SDHA abundance	serum_fed_equilibrium	HGF only	1.0762301538	86400.0
SDHA abundance	serum_fed_equilibrium	HGF only	1.1662812841	172800.0
SDHA abundance	serum_fed_equilibrium	IFNG_EGF	1.006498174	0.0
SDHA abundance	serum_fed_equilibrium	IFNG_EGF	0.9863754329	3600.0
SDHA abundance	serum_fed_equilibrium	IFNG_EGF	0.977859252	14400.0
SDHA abundance	serum_fed_equilibrium	IFNG_EGF	1.0545729834	28800.0
SDHA abundance	serum_fed_equilibrium	IFNG_EGF	0.8443796634	86400.0
SDHA abundance	serum_fed_equilibrium	IFNG_EGF	0.945548503	172800.0
SDHA abundance	serum_fed_equilibrium	PBS only	1.006498174	0.0
SDHA abundance	serum_fed_equilibrium	PBS only	1.0530209977	3600.0
SDHA abundance	serum_fed_equilibrium	PBS only	1.1199215543	14400.0
SDHA abundance	serum_fed_equilibrium	PBS only	1.114142309	28800.0
SDHA abundance	serum_fed_equilibrium	PBS only	1.2131218745	86400.0
SDHA abundance	serum_fed_equilibrium	PBS only	1.3896387374	172800.0
SRSF1 abundance	serum_fed_equilibrium	EGF	1.015152409	0.0
SRSF1 abundance	serum_fed_equilibrium	EGF	0.9777972695	3600.0
SRSF1 abundance	serum_fed_equilibrium	EGF	0.9821921299	14400.0
SRSF1 abundance	serum_fed_equilibrium	EGF	1.0056643123	28800.0
SRSF1 abundance	serum_fed_equilibrium	EGF	0.9515114564	86400.0
SRSF1 abundance	serum_fed_equilibrium	EGF	0.9578894916	172800.0
SRSF1 abundance	serum_fed_equilibrium	HGF only	1.015152409	0.0
SRSF1 abundance	serum_fed_equilibrium	HGF only	0.9762443239	3600.0
SRSF1 abundance	serum_fed_equilibrium	HGF only	0.9997766076	14400.0
SRSF1 abundance	serum_fed_equilibrium	HGF only	1.0230724298	28800.0
SRSF1 abundance	serum_fed_equilibrium	HGF only	1.0085106794	86400.0
SRSF1 abundance	serum_fed_equilibrium	HGF only	1.0112730195	172800.0
SRSF1 abundance	serum_fed_equilibrium	IFNG_EGF	1.015152409	0.0
SRSF1 abundance	serum_fed_equilibrium	IFNG_EGF	0.9955237284	3600.0
SRSF1 abundance	serum_fed_equilibrium	IFNG_EGF	0.9788805848	14400.0
SRSF1 abundance	serum_fed_equilibrium	IFNG_EGF	1.0053648075	28800.0
SRSF1 abundance	serum_fed_equilibrium	IFNG_EGF	0.9212701423	86400.0
SRSF1 abundance	serum_fed_equilibrium	IFNG_EGF	1.0303120191	172800.0
SRSF1 abundance	serum_fed_equilibrium	PBS only	1.015152409	0.0
SRSF1 abundance	serum_fed_equilibrium	PBS only	1.0383911019	3600.0
SRSF1 abundance	serum_fed_equilibrium	PBS only	1.0334470541	14400.0
SRSF1 abundance	serum_fed_equilibrium	PBS only	1.0175492118	28800.0
SRSF1 abundance	serum_fed_equilibrium	PBS only	1.073700643	86400.0
SRSF1 abundance	serum_fed_equilibrium	PBS only	1.1168928322	172800.0
SLC1A5 abundance	serum_fed_equilibrium	EGF	0.8972044261	0.0
SLC1A5 abundance	serum_fed_equilibrium	EGF	0.9056947355	3600.0
SLC1A5 abundance	serum_fed_equilibrium	EGF	0.91321834	14400.0
SLC1A5 abundance	serum_fed_equilibrium	EGF	0.9575160233	28800.0
SLC1A5 abundance	serum_fed_equilibrium	EGF	1.1117792828	86400.0
SLC1A5 abundance	serum_fed_equilibrium	EGF	1.306356615	172800.0
SLC1A5 abundance	serum_fed_equilibrium	HGF only	0.8972044261	0.0
SLC1A5 abundance	serum_fed_equilibrium	HGF only	0.9656798381	3600.0
SLC1A5 abundance	serum_fed_equilibrium	HGF only	0.9510081527	14400.0
SLC1A5 abundance	serum_fed_equilibrium	HGF only	0.9672421289	28800.0
SLC1A5 abundance	serum_fed_equilibrium	HGF only	1.0264429176	86400.0
SLC1A5 abundance	serum_fed_equilibrium	HGF only	1.2783400855	172800.0
SLC1A5 abundance	serum_fed_equilibrium	IFNG_EGF	0.8972044261	0.0
SLC1A5 abundance	serum_fed_equilibrium	IFNG_EGF	0.9436765482	3600.0
SLC1A5 abundance	serum_fed_equilibrium	IFNG_EGF	0.9799836328	14400.0
SLC1A5 abundance	serum_fed_equilibrium	IFNG_EGF	1.0166532323	28800.0
SLC1A5 abundance	serum_fed_equilibrium	IFNG_EGF	1.1021324757	86400.0
SLC1A5 abundance	serum_fed_equilibrium	IFNG_EGF	1.2053555902	172800.0
SLC1A5 abundance	serum_fed_equilibrium	PBS only	0.8972044261	0.0
SLC1A5 abundance	serum_fed_equilibrium	PBS only	0.9517968784	3600.0
SLC1A5 abundance	serum_fed_equilibrium	PBS only	0.8968842113	14400.0
SLC1A5 abundance	serum_fed_equilibrium	PBS only	0.9087194581	28800.0
SLC1A5 abundance	serum_fed_equilibrium	PBS only	0.9281197136	86400.0
SLC1A5 abundance	serum_fed_equilibrium	PBS only	1.0045243446	172800.0
SLFN11 abundance	serum_fed_equilibrium	EGF	1.0276076855	0.0
SLFN11 abundance	serum_fed_equilibrium	EGF	0.9896572758	3600.0
SLFN11 abundance	serum_fed_equilibrium	EGF	0.9753928341	14400.0
SLFN11 abundance	serum_fed_equilibrium	EGF	0.9927151552	28800.0
SLFN11 abundance	serum_fed_equilibrium	EGF	0.9778414676	86400.0
SLFN11 abundance	serum_fed_equilibrium	EGF	1.077525793	172800.0
SLFN11 abundance	serum_fed_equilibrium	HGF only	1.0276076855	0.0
SLFN11 abundance	serum_fed_equilibrium	HGF only	1.0146509346	3600.0
SLFN11 abundance	serum_fed_equilibrium	HGF only	1.0011627974	14400.0
SLFN11 abundance	serum_fed_equilibrium	HGF only	0.9834305954	28800.0
SLFN11 abundance	serum_fed_equilibrium	HGF only	1.0247856931	86400.0
SLFN11 abundance	serum_fed_equilibrium	HGF only	1.1800625325	172800.0
SLFN11 abundance	serum_fed_equilibrium	IFNG_EGF	1.0276076855	0.0
SLFN11 abundance	serum_fed_equilibrium	IFNG_EGF	1.0084403584	3600.0
SLFN11 abundance	serum_fed_equilibrium	IFNG_EGF	0.9784575485	14400.0
SLFN11 abundance	serum_fed_equilibrium	IFNG_EGF	0.979582186	28800.0
SLFN11 abundance	serum_fed_equilibrium	IFNG_EGF	0.9731932776	86400.0
SLFN11 abundance	serum_fed_equilibrium	IFNG_EGF	1.0585444882	172800.0
SLFN11 abundance	serum_fed_equilibrium	PBS only	1.0276076855	0.0
SLFN11 abundance	serum_fed_equilibrium	PBS only	1.0281783927	3600.0
SLFN11 abundance	serum_fed_equilibrium	PBS only	1.0387235578	14400.0
SLFN11 abundance	serum_fed_equilibrium	PBS only	1.0046826707	28800.0
SLFN11 abundance	serum_fed_equilibrium	PBS only	0.9791437518	86400.0
SLFN11 abundance	serum_fed_equilibrium	PBS only	0.9820739544	172800.0
SMAD1 abundance	serum_fed_equilibrium	EGF	0.997705761	0.0
SMAD1 abundance	serum_fed_equilibrium	EGF	1.0169205321	3600.0
SMAD1 abundance	serum_fed_equilibrium	EGF	1.0220887316	14400.0
SMAD1 abundance	serum_fed_equilibrium	EGF	0.9775436892	28800.0
SMAD1 abundance	serum_fed_equilibrium	EGF	0.943756942	86400.0
SMAD1 abundance	serum_fed_equilibrium	EGF	1.0001234733	172800.0
SMAD1 abundance	serum_fed_equilibrium	HGF only	0.997705761	0.0
SMAD1 abundance	serum_fed_equilibrium	HGF only	1.0290752253	3600.0
SMAD1 abundance	serum_fed_equilibrium	HGF only	1.0178437239	14400.0
SMAD1 abundance	serum_fed_equilibrium	HGF only	1.0256980385	28800.0
SMAD1 abundance	serum_fed_equilibrium	HGF only	0.9797764993	86400.0
SMAD1 abundance	serum_fed_equilibrium	HGF only	1.010226518	172800.0
SMAD1 abundance	serum_fed_equilibrium	IFNG_EGF	0.997705761	0.0
SMAD1 abundance	serum_fed_equilibrium	IFNG_EGF	1.0264613122	3600.0
SMAD1 abundance	serum_fed_equilibrium	IFNG_EGF	1.0148561571	14400.0
SMAD1 abundance	serum_fed_equilibrium	IFNG_EGF	1.0147358398	28800.0
SMAD1 abundance	serum_fed_equilibrium	IFNG_EGF	0.953008088	86400.0
SMAD1 abundance	serum_fed_equilibrium	IFNG_EGF	0.9449565819	172800.0
SMAD1 abundance	serum_fed_equilibrium	PBS only	0.997705761	0.0
SMAD1 abundance	serum_fed_equilibrium	PBS only	0.9828272003	3600.0
SMAD1 abundance	serum_fed_equilibrium	PBS only	1.0086350185	14400.0
SMAD1 abundance	serum_fed_equilibrium	PBS only	1.0409492917	28800.0
SMAD1 abundance	serum_fed_equilibrium	PBS only	0.9952298559	86400.0
SMAD1 abundance	serum_fed_equilibrium	PBS only	1.0303752325	172800.0
SMAD3 abundance	serum_fed_equilibrium	EGF	1.1938650388	0.0
SMAD3 abundance	serum_fed_equilibrium	EGF	1.1322320613	3600.0
SMAD3 abundance	serum_fed_equilibrium	EGF	1.0532907741	14400.0
SMAD3 abundance	serum_fed_equilibrium	EGF	1.0858090229	28800.0
SMAD3 abundance	serum_fed_equilibrium	EGF	1.0386890905	86400.0
SMAD3 abundance	serum_fed_equilibrium	EGF	0.8755912415	172800.0
SMAD3 abundance	serum_fed_equilibrium	HGF only	1.1938650388	0.0
SMAD3 abundance	serum_fed_equilibrium	HGF only	1.064261505	3600.0
SMAD3 abundance	serum_fed_equilibrium	HGF only	1.0115755905	14400.0
SMAD3 abundance	serum_fed_equilibrium	HGF only	1.0840950498	28800.0
SMAD3 abundance	serum_fed_equilibrium	HGF only	1.037298826	86400.0
SMAD3 abundance	serum_fed_equilibrium	HGF only	1.0845090883	172800.0
SMAD3 abundance	serum_fed_equilibrium	IFNG_EGF	1.1938650388	0.0
SMAD3 abundance	serum_fed_equilibrium	IFNG_EGF	1.0181151591	3600.0
SMAD3 abundance	serum_fed_equilibrium	IFNG_EGF	1.0336941454	14400.0
SMAD3 abundance	serum_fed_equilibrium	IFNG_EGF	1.0221925171	28800.0
SMAD3 abundance	serum_fed_equilibrium	IFNG_EGF	1.0415217572	86400.0
SMAD3 abundance	serum_fed_equilibrium	IFNG_EGF	0.9424776102	172800.0
SMAD3 abundance	serum_fed_equilibrium	PBS only	1.1938650388	0.0
SMAD3 abundance	serum_fed_equilibrium	PBS only	1.2049424758	3600.0
SMAD3 abundance	serum_fed_equilibrium	PBS only	1.1586374191	14400.0
SMAD3 abundance	serum_fed_equilibrium	PBS only	1.157061963	28800.0
SMAD3 abundance	serum_fed_equilibrium	PBS only	1.3117513843	86400.0
SMAD3 abundance	serum_fed_equilibrium	PBS only	1.3706659299	172800.0
SMAD4 abundance	serum_fed_equilibrium	EGF	1.0289880451	0.0
SMAD4 abundance	serum_fed_equilibrium	EGF	1.0385034776	3600.0
SMAD4 abundance	serum_fed_equilibrium	EGF	1.0370592796	14400.0
SMAD4 abundance	serum_fed_equilibrium	EGF	1.0211987906	28800.0
SMAD4 abundance	serum_fed_equilibrium	EGF	1.0066317872	86400.0
SMAD4 abundance	serum_fed_equilibrium	EGF	0.9747766694	172800.0
SMAD4 abundance	serum_fed_equilibrium	HGF only	1.0289880451	0.0
SMAD4 abundance	serum_fed_equilibrium	HGF only	1.0424408573	3600.0
SMAD4 abundance	serum_fed_equilibrium	HGF only	1.0530900721	14400.0
SMAD4 abundance	serum_fed_equilibrium	HGF only	1.0270449121	28800.0
SMAD4 abundance	serum_fed_equilibrium	HGF only	0.9539335259	86400.0
SMAD4 abundance	serum_fed_equilibrium	HGF only	0.9712284861	172800.0
SMAD4 abundance	serum_fed_equilibrium	IFNG_EGF	1.0289880451	0.0
SMAD4 abundance	serum_fed_equilibrium	IFNG_EGF	1.044700118	3600.0
SMAD4 abundance	serum_fed_equilibrium	IFNG_EGF	0.9951401365	14400.0
SMAD4 abundance	serum_fed_equilibrium	IFNG_EGF	1.0097120447	28800.0
SMAD4 abundance	serum_fed_equilibrium	IFNG_EGF	0.9957463517	86400.0
SMAD4 abundance	serum_fed_equilibrium	IFNG_EGF	0.9881624967	172800.0
SMAD4 abundance	serum_fed_equilibrium	PBS only	1.0289880451	0.0
SMAD4 abundance	serum_fed_equilibrium	PBS only	1.0445880476	3600.0
SMAD4 abundance	serum_fed_equilibrium	PBS only	1.0752870582	14400.0
SMAD4 abundance	serum_fed_equilibrium	PBS only	1.0500165921	28800.0
SMAD4 abundance	serum_fed_equilibrium	PBS only	0.9869230309	86400.0
SMAD4 abundance	serum_fed_equilibrium	PBS only	1.1076939462	172800.0
SNAI1 abundance	serum_fed_equilibrium	EGF	0.9776608311	0.0
SNAI1 abundance	serum_fed_equilibrium	EGF	0.9682619953	3600.0
SNAI1 abundance	serum_fed_equilibrium	EGF	0.9908012331	14400.0
SNAI1 abundance	serum_fed_equilibrium	EGF	0.9188662425	28800.0
SNAI1 abundance	serum_fed_equilibrium	EGF	0.891217259	86400.0
SNAI1 abundance	serum_fed_equilibrium	EGF	0.878072687	172800.0
SNAI1 abundance	serum_fed_equilibrium	HGF only	0.9776608311	0.0
SNAI1 abundance	serum_fed_equilibrium	HGF only	0.9938029986	3600.0
SNAI1 abundance	serum_fed_equilibrium	HGF only	0.9604503006	14400.0
SNAI1 abundance	serum_fed_equilibrium	HGF only	0.9679268207	28800.0
SNAI1 abundance	serum_fed_equilibrium	HGF only	0.872533208	86400.0
SNAI1 abundance	serum_fed_equilibrium	HGF only	0.8842541323	172800.0
SNAI1 abundance	serum_fed_equilibrium	IFNG_EGF	0.9776608311	0.0
SNAI1 abundance	serum_fed_equilibrium	IFNG_EGF	0.9727196237	3600.0
SNAI1 abundance	serum_fed_equilibrium	IFNG_EGF	1.0393458252	14400.0
SNAI1 abundance	serum_fed_equilibrium	IFNG_EGF	1.0333351355	28800.0
SNAI1 abundance	serum_fed_equilibrium	IFNG_EGF	0.9861013389	86400.0
SNAI1 abundance	serum_fed_equilibrium	IFNG_EGF	0.944031331	172800.0
SNAI1 abundance	serum_fed_equilibrium	PBS only	0.9776608311	0.0
SNAI1 abundance	serum_fed_equilibrium	PBS only	0.9901811152	3600.0
SNAI1 abundance	serum_fed_equilibrium	PBS only	0.9848925003	14400.0
SNAI1 abundance	serum_fed_equilibrium	PBS only	0.9478387548	28800.0
SNAI1 abundance	serum_fed_equilibrium	PBS only	0.9667960175	86400.0
SNAI1 abundance	serum_fed_equilibrium	PBS only	0.9897171596	172800.0
SOD1 abundance	serum_fed_equilibrium	EGF	1.0734075146	0.0
SOD1 abundance	serum_fed_equilibrium	EGF	1.058570227	3600.0
SOD1 abundance	serum_fed_equilibrium	EGF	1.0492265208	14400.0
SOD1 abundance	serum_fed_equilibrium	EGF	1.0197961698	28800.0
SOD1 abundance	serum_fed_equilibrium	EGF	1.0528560809	86400.0
SOD1 abundance	serum_fed_equilibrium	EGF	0.9510195164	172800.0
SOD1 abundance	serum_fed_equilibrium	HGF only	1.0734075146	0.0
SOD1 abundance	serum_fed_equilibrium	HGF only	1.0163947547	3600.0
SOD1 abundance	serum_fed_equilibrium	HGF only	1.0721525105	14400.0
SOD1 abundance	serum_fed_equilibrium	HGF only	1.0473541255	28800.0
SOD1 abundance	serum_fed_equilibrium	HGF only	1.1535897478	86400.0
SOD1 abundance	serum_fed_equilibrium	HGF only	1.1042611569	172800.0
SOD1 abundance	serum_fed_equilibrium	IFNG_EGF	1.0734075146	0.0
SOD1 abundance	serum_fed_equilibrium	IFNG_EGF	1.0675981044	3600.0
SOD1 abundance	serum_fed_equilibrium	IFNG_EGF	0.9949599129	14400.0
SOD1 abundance	serum_fed_equilibrium	IFNG_EGF	1.0141508355	28800.0
SOD1 abundance	serum_fed_equilibrium	IFNG_EGF	1.0295951969	86400.0
SOD1 abundance	serum_fed_equilibrium	IFNG_EGF	1.1150559383	172800.0
SOD1 abundance	serum_fed_equilibrium	PBS only	1.0734075146	0.0
SOD1 abundance	serum_fed_equilibrium	PBS only	1.0710361066	3600.0
SOD1 abundance	serum_fed_equilibrium	PBS only	1.1206204222	14400.0
SOD1 abundance	serum_fed_equilibrium	PBS only	1.1082128256	28800.0
SOD1 abundance	serum_fed_equilibrium	PBS only	1.2673761868	86400.0
SOD1 abundance	serum_fed_equilibrium	PBS only	1.2498268064	172800.0
SOD2 abundance	serum_fed_equilibrium	EGF	0.9813890813	0.0
SOD2 abundance	serum_fed_equilibrium	EGF	0.8796215445	3600.0
SOD2 abundance	serum_fed_equilibrium	EGF	0.84316649	14400.0
SOD2 abundance	serum_fed_equilibrium	EGF	0.91713722	28800.0
SOD2 abundance	serum_fed_equilibrium	EGF	0.8299267188	86400.0
SOD2 abundance	serum_fed_equilibrium	EGF	0.7534067358	172800.0
SOD2 abundance	serum_fed_equilibrium	HGF only	0.9813890813	0.0
SOD2 abundance	serum_fed_equilibrium	HGF only	0.9387207845	3600.0
SOD2 abundance	serum_fed_equilibrium	HGF only	0.937883613	14400.0
SOD2 abundance	serum_fed_equilibrium	HGF only	0.8981366467	28800.0
SOD2 abundance	serum_fed_equilibrium	HGF only	0.907724957	86400.0
SOD2 abundance	serum_fed_equilibrium	HGF only	1.0292808189	172800.0
SOD2 abundance	serum_fed_equilibrium	IFNG_EGF	0.9813890813	0.0
SOD2 abundance	serum_fed_equilibrium	IFNG_EGF	0.9350318663	3600.0
SOD2 abundance	serum_fed_equilibrium	IFNG_EGF	1.0160855763	14400.0
SOD2 abundance	serum_fed_equilibrium	IFNG_EGF	1.0827259661	28800.0
SOD2 abundance	serum_fed_equilibrium	IFNG_EGF	1.7265270006	86400.0
SOD2 abundance	serum_fed_equilibrium	IFNG_EGF	2.1475129368	172800.0
SOD2 abundance	serum_fed_equilibrium	PBS only	0.9813890813	0.0
SOD2 abundance	serum_fed_equilibrium	PBS only	0.8649847801	3600.0
SOD2 abundance	serum_fed_equilibrium	PBS only	0.8707822101	14400.0
SOD2 abundance	serum_fed_equilibrium	PBS only	0.9971807918	28800.0
SOD2 abundance	serum_fed_equilibrium	PBS only	1.1830886339	86400.0
SOD2 abundance	serum_fed_equilibrium	PBS only	2.3568508392	172800.0
SOX2 abundance	serum_fed_equilibrium	EGF	1.0540776255	0.0
SOX2 abundance	serum_fed_equilibrium	EGF	1.0067980563	3600.0
SOX2 abundance	serum_fed_equilibrium	EGF	1.0665427883	14400.0
SOX2 abundance	serum_fed_equilibrium	EGF	0.9962585015	28800.0
SOX2 abundance	serum_fed_equilibrium	EGF	0.9316288479	86400.0
SOX2 abundance	serum_fed_equilibrium	EGF	0.8849286063	172800.0
SOX2 abundance	serum_fed_equilibrium	HGF only	1.0540776255	0.0
SOX2 abundance	serum_fed_equilibrium	HGF only	1.0506443213	3600.0
SOX2 abundance	serum_fed_equilibrium	HGF only	1.0566426872	14400.0
SOX2 abundance	serum_fed_equilibrium	HGF only	1.0201617623	28800.0
SOX2 abundance	serum_fed_equilibrium	HGF only	0.9277752028	86400.0
SOX2 abundance	serum_fed_equilibrium	HGF only	0.9778048404	172800.0
SOX2 abundance	serum_fed_equilibrium	IFNG_EGF	1.0540776255	0.0
SOX2 abundance	serum_fed_equilibrium	IFNG_EGF	0.9865066443	3600.0
SOX2 abundance	serum_fed_equilibrium	IFNG_EGF	1.0030410108	14400.0
SOX2 abundance	serum_fed_equilibrium	IFNG_EGF	1.0176862056	28800.0
SOX2 abundance	serum_fed_equilibrium	IFNG_EGF	0.8363888197	86400.0
SOX2 abundance	serum_fed_equilibrium	IFNG_EGF	0.9365579659	172800.0
SOX2 abundance	serum_fed_equilibrium	PBS only	1.0540776255	0.0
SOX2 abundance	serum_fed_equilibrium	PBS only	1.0623325073	3600.0
SOX2 abundance	serum_fed_equilibrium	PBS only	1.1093745308	14400.0
SOX2 abundance	serum_fed_equilibrium	PBS only	1.0928777157	28800.0
SOX2 abundance	serum_fed_equilibrium	PBS only	1.0194025242	86400.0
SOX2 abundance	serum_fed_equilibrium	PBS only	1.1364883473	172800.0
SRC abundance	serum_fed_equilibrium	EGF	1.0618654803	0.0
SRC abundance	serum_fed_equilibrium	EGF	0.9742897642	3600.0
SRC abundance	serum_fed_equilibrium	EGF	1.0525397067	14400.0
SRC abundance	serum_fed_equilibrium	EGF	0.988771421	28800.0
SRC abundance	serum_fed_equilibrium	EGF	0.9776731819	86400.0
SRC abundance	serum_fed_equilibrium	EGF	0.7751221218	172800.0
SRC abundance	serum_fed_equilibrium	HGF only	1.0618654803	0.0
SRC abundance	serum_fed_equilibrium	HGF only	0.9521702839	3600.0
SRC abundance	serum_fed_equilibrium	HGF only	0.9876664137	14400.0
SRC abundance	serum_fed_equilibrium	HGF only	1.0125511485	28800.0
SRC abundance	serum_fed_equilibrium	HGF only	0.8859570516	86400.0
SRC abundance	serum_fed_equilibrium	HGF only	0.8587922151	172800.0
SRC abundance	serum_fed_equilibrium	IFNG_EGF	1.0618654803	0.0
SRC abundance	serum_fed_equilibrium	IFNG_EGF	0.9496672852	3600.0
SRC abundance	serum_fed_equilibrium	IFNG_EGF	0.9962699656	14400.0
SRC abundance	serum_fed_equilibrium	IFNG_EGF	1.0771601501	28800.0
SRC abundance	serum_fed_equilibrium	IFNG_EGF	0.9560705346	86400.0
SRC abundance	serum_fed_equilibrium	IFNG_EGF	0.800738274	172800.0
SRC abundance	serum_fed_equilibrium	PBS only	1.0618654803	0.0
SRC abundance	serum_fed_equilibrium	PBS only	1.11584782	3600.0
SRC abundance	serum_fed_equilibrium	PBS only	1.1126076137	14400.0
SRC abundance	serum_fed_equilibrium	PBS only	1.0754962802	28800.0
SRC abundance	serum_fed_equilibrium	PBS only	1.1112734239	86400.0
SRC abundance	serum_fed_equilibrium	PBS only	1.1007638425	172800.0
STAT3 abundance	serum_fed_equilibrium	EGF	0.8787842437	0.0
STAT3 abundance	serum_fed_equilibrium	EGF	0.9016559021	3600.0
STAT3 abundance	serum_fed_equilibrium	EGF	0.9401544472	14400.0
STAT3 abundance	serum_fed_equilibrium	EGF	0.9527888575	28800.0
STAT3 abundance	serum_fed_equilibrium	EGF	1.1352789543	86400.0
STAT3 abundance	serum_fed_equilibrium	EGF	1.3279223556	172800.0
STAT3 abundance	serum_fed_equilibrium	HGF only	0.8787842437	0.0
STAT3 abundance	serum_fed_equilibrium	HGF only	1.0105569765	3600.0
STAT3 abundance	serum_fed_equilibrium	HGF only	0.9548887085	14400.0
STAT3 abundance	serum_fed_equilibrium	HGF only	0.9678479682	28800.0
STAT3 abundance	serum_fed_equilibrium	HGF only	1.1628932467	86400.0
STAT3 abundance	serum_fed_equilibrium	HGF only	1.3846816329	172800.0
STAT3 abundance	serum_fed_equilibrium	IFNG_EGF	0.8787842437	0.0
STAT3 abundance	serum_fed_equilibrium	IFNG_EGF	0.9022226795	3600.0
STAT3 abundance	serum_fed_equilibrium	IFNG_EGF	0.9699928389	14400.0
STAT3 abundance	serum_fed_equilibrium	IFNG_EGF	1.1863468358	28800.0
STAT3 abundance	serum_fed_equilibrium	IFNG_EGF	2.2125248752	86400.0
STAT3 abundance	serum_fed_equilibrium	IFNG_EGF	2.4226883373	172800.0
STAT3 abundance	serum_fed_equilibrium	PBS only	0.8787842437	0.0
STAT3 abundance	serum_fed_equilibrium	PBS only	0.9354814571	3600.0
STAT3 abundance	serum_fed_equilibrium	PBS only	0.932834824	14400.0
STAT3 abundance	serum_fed_equilibrium	PBS only	0.9059179728	28800.0
STAT3 abundance	serum_fed_equilibrium	PBS only	1.014715085	86400.0
STAT3 abundance	serum_fed_equilibrium	PBS only	0.8870447626	172800.0
STAT5A abundance	serum_fed_equilibrium	EGF	0.8906477932	0.0
STAT5A abundance	serum_fed_equilibrium	EGF	0.9147534381	3600.0
STAT5A abundance	serum_fed_equilibrium	EGF	0.9233595472	14400.0
STAT5A abundance	serum_fed_equilibrium	EGF	0.9402541454	28800.0
STAT5A abundance	serum_fed_equilibrium	EGF	0.8863526942	86400.0
STAT5A abundance	serum_fed_equilibrium	EGF	0.9007567307	172800.0
STAT5A abundance	serum_fed_equilibrium	HGF only	0.8906477932	0.0
STAT5A abundance	serum_fed_equilibrium	HGF only	0.9165934579	3600.0
STAT5A abundance	serum_fed_equilibrium	HGF only	0.9373161244	14400.0
STAT5A abundance	serum_fed_equilibrium	HGF only	0.9817011767	28800.0
STAT5A abundance	serum_fed_equilibrium	HGF only	1.0549579681	86400.0
STAT5A abundance	serum_fed_equilibrium	HGF only	1.3171125043	172800.0
STAT5A abundance	serum_fed_equilibrium	IFNG_EGF	0.8906477932	0.0
STAT5A abundance	serum_fed_equilibrium	IFNG_EGF	0.8520083371	3600.0
STAT5A abundance	serum_fed_equilibrium	IFNG_EGF	0.9339195208	14400.0
STAT5A abundance	serum_fed_equilibrium	IFNG_EGF	0.9706483785	28800.0
STAT5A abundance	serum_fed_equilibrium	IFNG_EGF	1.3796956083	86400.0
STAT5A abundance	serum_fed_equilibrium	IFNG_EGF	1.8018057009	172800.0
STAT5A abundance	serum_fed_equilibrium	PBS only	0.8906477932	0.0
STAT5A abundance	serum_fed_equilibrium	PBS only	0.9190887875	3600.0
STAT5A abundance	serum_fed_equilibrium	PBS only	0.9026069127	14400.0
STAT5A abundance	serum_fed_equilibrium	PBS only	0.9599287145	28800.0
STAT5A abundance	serum_fed_equilibrium	PBS only	1.3034397745	86400.0
STAT5A abundance	serum_fed_equilibrium	PBS only	1.568988141	172800.0
STMN1 abundance	serum_fed_equilibrium	EGF	1.0523017414	0.0
STMN1 abundance	serum_fed_equilibrium	EGF	1.0506044644	3600.0
STMN1 abundance	serum_fed_equilibrium	EGF	1.033260099	14400.0
STMN1 abundance	serum_fed_equilibrium	EGF	0.9946308708	28800.0
STMN1 abundance	serum_fed_equilibrium	EGF	0.9561165286	86400.0
STMN1 abundance	serum_fed_equilibrium	EGF	0.9597443013	172800.0
STMN1 abundance	serum_fed_equilibrium	HGF only	1.0523017414	0.0
STMN1 abundance	serum_fed_equilibrium	HGF only	1.0145522757	3600.0
STMN1 abundance	serum_fed_equilibrium	HGF only	1.0406120981	14400.0
STMN1 abundance	serum_fed_equilibrium	HGF only	1.0149586805	28800.0
STMN1 abundance	serum_fed_equilibrium	HGF only	0.9767953354	86400.0
STMN1 abundance	serum_fed_equilibrium	HGF only	0.9564795973	172800.0
STMN1 abundance	serum_fed_equilibrium	IFNG_EGF	1.0523017414	0.0
STMN1 abundance	serum_fed_equilibrium	IFNG_EGF	1.0414183312	3600.0
STMN1 abundance	serum_fed_equilibrium	IFNG_EGF	0.9853295279	14400.0
STMN1 abundance	serum_fed_equilibrium	IFNG_EGF	0.9981948574	28800.0
STMN1 abundance	serum_fed_equilibrium	IFNG_EGF	0.936117155	86400.0
STMN1 abundance	serum_fed_equilibrium	IFNG_EGF	1.0010071232	172800.0
STMN1 abundance	serum_fed_equilibrium	PBS only	1.0523017414	0.0
STMN1 abundance	serum_fed_equilibrium	PBS only	1.0665482721	3600.0
STMN1 abundance	serum_fed_equilibrium	PBS only	1.0707337238	14400.0
STMN1 abundance	serum_fed_equilibrium	PBS only	1.0678659707	28800.0
STMN1 abundance	serum_fed_equilibrium	PBS only	1.0780654112	86400.0
STMN1 abundance	serum_fed_equilibrium	PBS only	1.1476669581	172800.0
SYK abundance	serum_fed_equilibrium	EGF	1.0022771561	0.0
SYK abundance	serum_fed_equilibrium	EGF	0.9859159607	3600.0
SYK abundance	serum_fed_equilibrium	EGF	0.9701371215	14400.0
SYK abundance	serum_fed_equilibrium	EGF	1.0135226176	28800.0
SYK abundance	serum_fed_equilibrium	EGF	1.0547305855	86400.0
SYK abundance	serum_fed_equilibrium	EGF	1.0223821746	172800.0
SYK abundance	serum_fed_equilibrium	HGF only	1.0022771561	0.0
SYK abundance	serum_fed_equilibrium	HGF only	0.9663904089	3600.0
SYK abundance	serum_fed_equilibrium	HGF only	1.0339673855	14400.0
SYK abundance	serum_fed_equilibrium	HGF only	1.0314834184	28800.0
SYK abundance	serum_fed_equilibrium	HGF only	1.0809607539	86400.0
SYK abundance	serum_fed_equilibrium	HGF only	1.0316986706	172800.0
SYK abundance	serum_fed_equilibrium	IFNG_EGF	1.0022771561	0.0
SYK abundance	serum_fed_equilibrium	IFNG_EGF	0.9883910585	3600.0
SYK abundance	serum_fed_equilibrium	IFNG_EGF	0.9020381742	14400.0
SYK abundance	serum_fed_equilibrium	IFNG_EGF	0.9634608026	28800.0
SYK abundance	serum_fed_equilibrium	IFNG_EGF	0.983501975	86400.0
SYK abundance	serum_fed_equilibrium	IFNG_EGF	0.9682003987	172800.0
SYK abundance	serum_fed_equilibrium	PBS only	1.0022771561	0.0
SYK abundance	serum_fed_equilibrium	PBS only	1.0692776122	3600.0
SYK abundance	serum_fed_equilibrium	PBS only	1.087882527	14400.0
SYK abundance	serum_fed_equilibrium	PBS only	1.1076086156	28800.0
SYK abundance	serum_fed_equilibrium	PBS only	0.978873362	86400.0
SYK abundance	serum_fed_equilibrium	PBS only	0.8392406743	172800.0
WWTR1 abundance	serum_fed_equilibrium	EGF	1.0241094907	0.0
WWTR1 abundance	serum_fed_equilibrium	EGF	1.0204066849	3600.0
WWTR1 abundance	serum_fed_equilibrium	EGF	1.0125754031	14400.0
WWTR1 abundance	serum_fed_equilibrium	EGF	1.0616031429	28800.0
WWTR1 abundance	serum_fed_equilibrium	EGF	1.2173458114	86400.0
WWTR1 abundance	serum_fed_equilibrium	EGF	1.0736410855	172800.0
WWTR1 abundance	serum_fed_equilibrium	HGF only	1.0241094907	0.0
WWTR1 abundance	serum_fed_equilibrium	HGF only	0.9900042396	3600.0
WWTR1 abundance	serum_fed_equilibrium	HGF only	0.9555376169	14400.0
WWTR1 abundance	serum_fed_equilibrium	HGF only	0.9520810534	28800.0
WWTR1 abundance	serum_fed_equilibrium	HGF only	0.9025571334	86400.0
WWTR1 abundance	serum_fed_equilibrium	HGF only	0.8624703352	172800.0
WWTR1 abundance	serum_fed_equilibrium	IFNG_EGF	1.0241094907	0.0
WWTR1 abundance	serum_fed_equilibrium	IFNG_EGF	1.0452072935	3600.0
WWTR1 abundance	serum_fed_equilibrium	IFNG_EGF	1.0398436333	14400.0
WWTR1 abundance	serum_fed_equilibrium	IFNG_EGF	1.1207760293	28800.0
WWTR1 abundance	serum_fed_equilibrium	IFNG_EGF	1.1332215271	86400.0
WWTR1 abundance	serum_fed_equilibrium	IFNG_EGF	0.8917192876	172800.0
WWTR1 abundance	serum_fed_equilibrium	PBS only	1.0241094907	0.0
WWTR1 abundance	serum_fed_equilibrium	PBS only	0.947700272	3600.0
WWTR1 abundance	serum_fed_equilibrium	PBS only	0.8322925324	14400.0
WWTR1 abundance	serum_fed_equilibrium	PBS only	0.7591845447	28800.0
WWTR1 abundance	serum_fed_equilibrium	PBS only	0.6229491222	86400.0
WWTR1 abundance	serum_fed_equilibrium	PBS only	0.6839966069	172800.0
TFAM abundance	serum_fed_equilibrium	EGF	1.0425623766	0.0
TFAM abundance	serum_fed_equilibrium	EGF	1.0018540061	3600.0
TFAM abundance	serum_fed_equilibrium	EGF	1.0442316098	14400.0
TFAM abundance	serum_fed_equilibrium	EGF	0.9982597388	28800.0
TFAM abundance	serum_fed_equilibrium	EGF	0.9820499528	86400.0
TFAM abundance	serum_fed_equilibrium	EGF	0.9694792421	172800.0
TFAM abundance	serum_fed_equilibrium	HGF only	1.0425623766	0.0
TFAM abundance	serum_fed_equilibrium	HGF only	1.0408038096	3600.0
TFAM abundance	serum_fed_equilibrium	HGF only	1.0461751783	14400.0
TFAM abundance	serum_fed_equilibrium	HGF only	1.0304184254	28800.0
TFAM abundance	serum_fed_equilibrium	HGF only	1.0849017788	86400.0
TFAM abundance	serum_fed_equilibrium	HGF only	1.1143932731	172800.0
TFAM abundance	serum_fed_equilibrium	IFNG_EGF	1.0425623766	0.0
TFAM abundance	serum_fed_equilibrium	IFNG_EGF	1.011230998	3600.0
TFAM abundance	serum_fed_equilibrium	IFNG_EGF	1.0113959358	14400.0
TFAM abundance	serum_fed_equilibrium	IFNG_EGF	0.9812292827	28800.0
TFAM abundance	serum_fed_equilibrium	IFNG_EGF	0.9138037996	86400.0
TFAM abundance	serum_fed_equilibrium	IFNG_EGF	0.9716435657	172800.0
TFAM abundance	serum_fed_equilibrium	PBS only	1.0425623766	0.0
TFAM abundance	serum_fed_equilibrium	PBS only	1.0514109393	3600.0
TFAM abundance	serum_fed_equilibrium	PBS only	1.0207325827	14400.0
TFAM abundance	serum_fed_equilibrium	PBS only	1.0531263841	28800.0
TFAM abundance	serum_fed_equilibrium	PBS only	1.196262548	86400.0
TFAM abundance	serum_fed_equilibrium	PBS only	1.3193570039	172800.0
TFRC abundance	serum_fed_equilibrium	EGF	0.8562781609	0.0
TFRC abundance	serum_fed_equilibrium	EGF	0.8952867188	3600.0
TFRC abundance	serum_fed_equilibrium	EGF	0.9475949325	14400.0
TFRC abundance	serum_fed_equilibrium	EGF	1.0139130985	28800.0
TFRC abundance	serum_fed_equilibrium	EGF	1.0901893575	86400.0
TFRC abundance	serum_fed_equilibrium	EGF	1.0772515967	172800.0
TFRC abundance	serum_fed_equilibrium	HGF only	0.8562781609	0.0
TFRC abundance	serum_fed_equilibrium	HGF only	0.9496869704	3600.0
TFRC abundance	serum_fed_equilibrium	HGF only	0.9663471445	14400.0
TFRC abundance	serum_fed_equilibrium	HGF only	1.0012066107	28800.0
TFRC abundance	serum_fed_equilibrium	HGF only	1.1594960997	86400.0
TFRC abundance	serum_fed_equilibrium	HGF only	1.5475802737	172800.0
TFRC abundance	serum_fed_equilibrium	IFNG_EGF	0.8562781609	0.0
TFRC abundance	serum_fed_equilibrium	IFNG_EGF	0.9371945438	3600.0
TFRC abundance	serum_fed_equilibrium	IFNG_EGF	0.9636546663	14400.0
TFRC abundance	serum_fed_equilibrium	IFNG_EGF	1.0906623119	28800.0
TFRC abundance	serum_fed_equilibrium	IFNG_EGF	0.8724112561	86400.0
TFRC abundance	serum_fed_equilibrium	IFNG_EGF	0.7638408015	172800.0
TFRC abundance	serum_fed_equilibrium	PBS only	0.8562781609	0.0
TFRC abundance	serum_fed_equilibrium	PBS only	0.9060831831	3600.0
TFRC abundance	serum_fed_equilibrium	PBS only	0.9093892285	14400.0
TFRC abundance	serum_fed_equilibrium	PBS only	0.8996305138	28800.0
TFRC abundance	serum_fed_equilibrium	PBS only	0.9534421042	86400.0
TFRC abundance	serum_fed_equilibrium	PBS only	0.9509163869	172800.0
TIGAR abundance	serum_fed_equilibrium	EGF	0.9810601676	0.0
TIGAR abundance	serum_fed_equilibrium	EGF	0.9641535093	3600.0
TIGAR abundance	serum_fed_equilibrium	EGF	0.949387397	14400.0
TIGAR abundance	serum_fed_equilibrium	EGF	0.9685172594	28800.0
TIGAR abundance	serum_fed_equilibrium	EGF	1.0097260133	86400.0
TIGAR abundance	serum_fed_equilibrium	EGF	1.0241786245	172800.0
TIGAR abundance	serum_fed_equilibrium	HGF only	0.9810601676	0.0
TIGAR abundance	serum_fed_equilibrium	HGF only	1.0224626368	3600.0
TIGAR abundance	serum_fed_equilibrium	HGF only	0.962792306	14400.0
TIGAR abundance	serum_fed_equilibrium	HGF only	0.9637744094	28800.0
TIGAR abundance	serum_fed_equilibrium	HGF only	1.0074247658	86400.0
TIGAR abundance	serum_fed_equilibrium	HGF only	1.154420226	172800.0
TIGAR abundance	serum_fed_equilibrium	IFNG_EGF	0.9810601676	0.0
TIGAR abundance	serum_fed_equilibrium	IFNG_EGF	0.9740613507	3600.0
TIGAR abundance	serum_fed_equilibrium	IFNG_EGF	0.970602506	14400.0
TIGAR abundance	serum_fed_equilibrium	IFNG_EGF	0.9762178471	28800.0
TIGAR abundance	serum_fed_equilibrium	IFNG_EGF	1.0528744343	86400.0
TIGAR abundance	serum_fed_equilibrium	IFNG_EGF	1.0447349083	172800.0
TIGAR abundance	serum_fed_equilibrium	PBS only	0.9810601676	0.0
TIGAR abundance	serum_fed_equilibrium	PBS only	1.0215806057	3600.0
TIGAR abundance	serum_fed_equilibrium	PBS only	0.9736656405	14400.0
TIGAR abundance	serum_fed_equilibrium	PBS only	0.9952096973	28800.0
TIGAR abundance	serum_fed_equilibrium	PBS only	1.0525702707	86400.0
TIGAR abundance	serum_fed_equilibrium	PBS only	1.0174475435	172800.0
TGM1 abundance	serum_fed_equilibrium	EGF	1.0466503894	0.0
TGM1 abundance	serum_fed_equilibrium	EGF	0.9780304605	3600.0
TGM1 abundance	serum_fed_equilibrium	EGF	1.0031516233	14400.0
TGM1 abundance	serum_fed_equilibrium	EGF	1.0107057858	28800.0
TGM1 abundance	serum_fed_equilibrium	EGF	0.9848478898	86400.0
TGM1 abundance	serum_fed_equilibrium	EGF	0.9301687896	172800.0
TGM1 abundance	serum_fed_equilibrium	HGF only	1.0466503894	0.0
TGM1 abundance	serum_fed_equilibrium	HGF only	1.0201129353	3600.0
TGM1 abundance	serum_fed_equilibrium	HGF only	1.0115976366	14400.0
TGM1 abundance	serum_fed_equilibrium	HGF only	0.9914421679	28800.0
TGM1 abundance	serum_fed_equilibrium	HGF only	0.9362647899	86400.0
TGM1 abundance	serum_fed_equilibrium	HGF only	1.2429339722	172800.0
TGM1 abundance	serum_fed_equilibrium	IFNG_EGF	1.0466503894	0.0
TGM1 abundance	serum_fed_equilibrium	IFNG_EGF	1.0277513427	3600.0
TGM1 abundance	serum_fed_equilibrium	IFNG_EGF	0.9641796368	14400.0
TGM1 abundance	serum_fed_equilibrium	IFNG_EGF	0.9508515142	28800.0
TGM1 abundance	serum_fed_equilibrium	IFNG_EGF	1.0182015133	86400.0
TGM1 abundance	serum_fed_equilibrium	IFNG_EGF	0.9970633417	172800.0
TGM1 abundance	serum_fed_equilibrium	PBS only	1.0466503894	0.0
TGM1 abundance	serum_fed_equilibrium	PBS only	1.1160094483	3600.0
TGM1 abundance	serum_fed_equilibrium	PBS only	1.1145505373	14400.0
TGM1 abundance	serum_fed_equilibrium	PBS only	1.0444114958	28800.0
TGM1 abundance	serum_fed_equilibrium	PBS only	1.0663859979	86400.0
TGM1 abundance	serum_fed_equilibrium	PBS only	1.0140363636	172800.0
TRIM25 abundance	serum_fed_equilibrium	EGF	0.8175649722	0.0
TRIM25 abundance	serum_fed_equilibrium	EGF	0.8874467762	3600.0
TRIM25 abundance	serum_fed_equilibrium	EGF	0.8756695871	14400.0
TRIM25 abundance	serum_fed_equilibrium	EGF	0.9581942637	28800.0
TRIM25 abundance	serum_fed_equilibrium	EGF	1.1578850749	86400.0
TRIM25 abundance	serum_fed_equilibrium	EGF	1.1729840042	172800.0
TRIM25 abundance	serum_fed_equilibrium	HGF only	0.8175649722	0.0
TRIM25 abundance	serum_fed_equilibrium	HGF only	0.9184804713	3600.0
TRIM25 abundance	serum_fed_equilibrium	HGF only	0.8917816489	14400.0
TRIM25 abundance	serum_fed_equilibrium	HGF only	0.9669172104	28800.0
TRIM25 abundance	serum_fed_equilibrium	HGF only	1.1738339433	86400.0
TRIM25 abundance	serum_fed_equilibrium	HGF only	1.2715110329	172800.0
TRIM25 abundance	serum_fed_equilibrium	IFNG_EGF	0.8175649722	0.0
TRIM25 abundance	serum_fed_equilibrium	IFNG_EGF	0.8670914307	3600.0
TRIM25 abundance	serum_fed_equilibrium	IFNG_EGF	0.978539308	14400.0
TRIM25 abundance	serum_fed_equilibrium	IFNG_EGF	1.3328411645	28800.0
TRIM25 abundance	serum_fed_equilibrium	IFNG_EGF	1.9873057709	86400.0
TRIM25 abundance	serum_fed_equilibrium	IFNG_EGF	2.0768228781	172800.0
TRIM25 abundance	serum_fed_equilibrium	PBS only	0.8175649722	0.0
TRIM25 abundance	serum_fed_equilibrium	PBS only	0.8881843698	3600.0
TRIM25 abundance	serum_fed_equilibrium	PBS only	0.8861948525	14400.0
TRIM25 abundance	serum_fed_equilibrium	PBS only	0.9106295161	28800.0
TRIM25 abundance	serum_fed_equilibrium	PBS only	1.1176049405	86400.0
TRIM25 abundance	serum_fed_equilibrium	PBS only	0.9978677302	172800.0
NKX2-1 abundance	serum_fed_equilibrium	EGF	0.9797383356	0.0
NKX2-1 abundance	serum_fed_equilibrium	EGF	1.0227302328	3600.0
NKX2-1 abundance	serum_fed_equilibrium	EGF	1.0031489883	14400.0
NKX2-1 abundance	serum_fed_equilibrium	EGF	0.9837578414	28800.0
NKX2-1 abundance	serum_fed_equilibrium	EGF	1.0185721161	86400.0
NKX2-1 abundance	serum_fed_equilibrium	EGF	1.095648919	172800.0
NKX2-1 abundance	serum_fed_equilibrium	HGF only	0.9797383356	0.0
NKX2-1 abundance	serum_fed_equilibrium	HGF only	1.0139966072	3600.0
NKX2-1 abundance	serum_fed_equilibrium	HGF only	1.0015763924	14400.0
NKX2-1 abundance	serum_fed_equilibrium	HGF only	1.0051316465	28800.0
NKX2-1 abundance	serum_fed_equilibrium	HGF only	0.955464591	86400.0
NKX2-1 abundance	serum_fed_equilibrium	HGF only	1.1263101388	172800.0
NKX2-1 abundance	serum_fed_equilibrium	IFNG_EGF	0.9797383356	0.0
NKX2-1 abundance	serum_fed_equilibrium	IFNG_EGF	1.0313295029	3600.0
NKX2-1 abundance	serum_fed_equilibrium	IFNG_EGF	0.997310175	14400.0
NKX2-1 abundance	serum_fed_equilibrium	IFNG_EGF	0.9978507834	28800.0
NKX2-1 abundance	serum_fed_equilibrium	IFNG_EGF	1.0421597821	86400.0
NKX2-1 abundance	serum_fed_equilibrium	IFNG_EGF	1.0323516701	172800.0
NKX2-1 abundance	serum_fed_equilibrium	PBS only	0.9797383356	0.0
NKX2-1 abundance	serum_fed_equilibrium	PBS only	0.968386656	3600.0
NKX2-1 abundance	serum_fed_equilibrium	PBS only	0.992407905	14400.0
NKX2-1 abundance	serum_fed_equilibrium	PBS only	1.0005054834	28800.0
NKX2-1 abundance	serum_fed_equilibrium	PBS only	0.8646799254	86400.0
NKX2-1 abundance	serum_fed_equilibrium	PBS only	0.879314377	172800.0
TUFM abundance	serum_fed_equilibrium	EGF	1.0133859557	0.0
TUFM abundance	serum_fed_equilibrium	EGF	0.9678544892	3600.0
TUFM abundance	serum_fed_equilibrium	EGF	0.9471468421	14400.0
TUFM abundance	serum_fed_equilibrium	EGF	0.9359130481	28800.0
TUFM abundance	serum_fed_equilibrium	EGF	0.9203162943	86400.0
TUFM abundance	serum_fed_equilibrium	EGF	0.9866909063	172800.0
TUFM abundance	serum_fed_equilibrium	HGF only	1.0133859557	0.0
TUFM abundance	serum_fed_equilibrium	HGF only	0.9730889074	3600.0
TUFM abundance	serum_fed_equilibrium	HGF only	0.9566663327	14400.0
TUFM abundance	serum_fed_equilibrium	HGF only	0.9529580716	28800.0
TUFM abundance	serum_fed_equilibrium	HGF only	0.9854036681	86400.0
TUFM abundance	serum_fed_equilibrium	HGF only	1.0242713578	172800.0
TUFM abundance	serum_fed_equilibrium	IFNG_EGF	1.0133859557	0.0
TUFM abundance	serum_fed_equilibrium	IFNG_EGF	0.9879221329	3600.0
TUFM abundance	serum_fed_equilibrium	IFNG_EGF	0.9686937616	14400.0
TUFM abundance	serum_fed_equilibrium	IFNG_EGF	0.9761363145	28800.0
TUFM abundance	serum_fed_equilibrium	IFNG_EGF	0.9903704954	86400.0
TUFM abundance	serum_fed_equilibrium	IFNG_EGF	1.1244075469	172800.0
TUFM abundance	serum_fed_equilibrium	PBS only	1.0133859557	0.0
TUFM abundance	serum_fed_equilibrium	PBS only	1.0186704886	3600.0
TUFM abundance	serum_fed_equilibrium	PBS only	1.0184142117	14400.0
TUFM abundance	serum_fed_equilibrium	PBS only	1.0051343911	28800.0
TUFM abundance	serum_fed_equilibrium	PBS only	1.0157795831	86400.0
TUFM abundance	serum_fed_equilibrium	PBS only	1.1196272434	172800.0
TWIST1 abundance	serum_fed_equilibrium	EGF	1.053114815	0.0
TWIST1 abundance	serum_fed_equilibrium	EGF	1.0624447943	3600.0
TWIST1 abundance	serum_fed_equilibrium	EGF	1.0406984148	14400.0
TWIST1 abundance	serum_fed_equilibrium	EGF	1.0230612835	28800.0
TWIST1 abundance	serum_fed_equilibrium	EGF	1.0226474705	86400.0
TWIST1 abundance	serum_fed_equilibrium	EGF	0.9929650177	172800.0
TWIST1 abundance	serum_fed_equilibrium	HGF only	1.053114815	0.0
TWIST1 abundance	serum_fed_equilibrium	HGF only	1.0227725916	3600.0
TWIST1 abundance	serum_fed_equilibrium	HGF only	1.0311435271	14400.0
TWIST1 abundance	serum_fed_equilibrium	HGF only	1.0237671326	28800.0
TWIST1 abundance	serum_fed_equilibrium	HGF only	0.9513219456	86400.0
TWIST1 abundance	serum_fed_equilibrium	HGF only	0.9929501756	172800.0
TWIST1 abundance	serum_fed_equilibrium	IFNG_EGF	1.053114815	0.0
TWIST1 abundance	serum_fed_equilibrium	IFNG_EGF	1.0666377694	3600.0
TWIST1 abundance	serum_fed_equilibrium	IFNG_EGF	1.0107128188	14400.0
TWIST1 abundance	serum_fed_equilibrium	IFNG_EGF	1.0271459526	28800.0
TWIST1 abundance	serum_fed_equilibrium	IFNG_EGF	0.9971476418	86400.0
TWIST1 abundance	serum_fed_equilibrium	IFNG_EGF	0.9810138019	172800.0
TWIST1 abundance	serum_fed_equilibrium	PBS only	1.053114815	0.0
TWIST1 abundance	serum_fed_equilibrium	PBS only	1.0424171789	3600.0
TWIST1 abundance	serum_fed_equilibrium	PBS only	1.0687294747	14400.0
TWIST1 abundance	serum_fed_equilibrium	PBS only	1.067436371	28800.0
TWIST1 abundance	serum_fed_equilibrium	PBS only	1.0264658073	86400.0
TWIST1 abundance	serum_fed_equilibrium	PBS only	1.1440521972	172800.0
TYRO3 abundance	serum_fed_equilibrium	EGF	0.9398589209	0.0
TYRO3 abundance	serum_fed_equilibrium	EGF	0.938802901	3600.0
TYRO3 abundance	serum_fed_equilibrium	EGF	0.9713972716	14400.0
TYRO3 abundance	serum_fed_equilibrium	EGF	0.9954096448	28800.0
TYRO3 abundance	serum_fed_equilibrium	EGF	1.0415500013	86400.0
TYRO3 abundance	serum_fed_equilibrium	EGF	0.979076538	172800.0
TYRO3 abundance	serum_fed_equilibrium	HGF only	0.9398589209	0.0
TYRO3 abundance	serum_fed_equilibrium	HGF only	0.9544582146	3600.0
TYRO3 abundance	serum_fed_equilibrium	HGF only	0.9675641878	14400.0
TYRO3 abundance	serum_fed_equilibrium	HGF only	0.9857882164	28800.0
TYRO3 abundance	serum_fed_equilibrium	HGF only	1.0094289342	86400.0
TYRO3 abundance	serum_fed_equilibrium	HGF only	0.9022802902	172800.0
TYRO3 abundance	serum_fed_equilibrium	IFNG_EGF	0.9398589209	0.0
TYRO3 abundance	serum_fed_equilibrium	IFNG_EGF	0.9277291668	3600.0
TYRO3 abundance	serum_fed_equilibrium	IFNG_EGF	0.9726985839	14400.0
TYRO3 abundance	serum_fed_equilibrium	IFNG_EGF	0.9576666568	28800.0
TYRO3 abundance	serum_fed_equilibrium	IFNG_EGF	0.7854182464	86400.0
TYRO3 abundance	serum_fed_equilibrium	IFNG_EGF	0.6275468071	172800.0
TYRO3 abundance	serum_fed_equilibrium	PBS only	0.9398589209	0.0
TYRO3 abundance	serum_fed_equilibrium	PBS only	0.9843513508	3600.0
TYRO3 abundance	serum_fed_equilibrium	PBS only	1.0148615546	14400.0
TYRO3 abundance	serum_fed_equilibrium	PBS only	0.9868150067	28800.0
TYRO3 abundance	serum_fed_equilibrium	PBS only	0.8474587264	86400.0
TYRO3 abundance	serum_fed_equilibrium	PBS only	1.0314947361	172800.0
UBAC1 abundance	serum_fed_equilibrium	EGF	1.0666357216	0.0
UBAC1 abundance	serum_fed_equilibrium	EGF	0.9595527913	3600.0
UBAC1 abundance	serum_fed_equilibrium	EGF	0.9640490835	14400.0
UBAC1 abundance	serum_fed_equilibrium	EGF	0.9471364617	28800.0
UBAC1 abundance	serum_fed_equilibrium	EGF	0.946870962	86400.0
UBAC1 abundance	serum_fed_equilibrium	EGF	0.9886440139	172800.0
UBAC1 abundance	serum_fed_equilibrium	HGF only	1.0666357216	0.0
UBAC1 abundance	serum_fed_equilibrium	HGF only	0.9557517561	3600.0
UBAC1 abundance	serum_fed_equilibrium	HGF only	0.9644708766	14400.0
UBAC1 abundance	serum_fed_equilibrium	HGF only	0.9807366771	28800.0
UBAC1 abundance	serum_fed_equilibrium	HGF only	1.0269354649	86400.0
UBAC1 abundance	serum_fed_equilibrium	HGF only	1.0548979141	172800.0
UBAC1 abundance	serum_fed_equilibrium	IFNG_EGF	1.0666357216	0.0
UBAC1 abundance	serum_fed_equilibrium	IFNG_EGF	0.9851535886	3600.0
UBAC1 abundance	serum_fed_equilibrium	IFNG_EGF	0.977967196	14400.0
UBAC1 abundance	serum_fed_equilibrium	IFNG_EGF	0.9959058498	28800.0
UBAC1 abundance	serum_fed_equilibrium	IFNG_EGF	1.0389635433	86400.0
UBAC1 abundance	serum_fed_equilibrium	IFNG_EGF	1.0076080912	172800.0
UBAC1 abundance	serum_fed_equilibrium	PBS only	1.0666357216	0.0
UBAC1 abundance	serum_fed_equilibrium	PBS only	1.0500424587	3600.0
UBAC1 abundance	serum_fed_equilibrium	PBS only	1.0289921807	14400.0
UBAC1 abundance	serum_fed_equilibrium	PBS only	1.0305235237	28800.0
UBAC1 abundance	serum_fed_equilibrium	PBS only	1.0658352109	86400.0
UBAC1 abundance	serum_fed_equilibrium	PBS only	1.0550627806	172800.0
VASP abundance	serum_fed_equilibrium	EGF	1.0380240255	0.0
VASP abundance	serum_fed_equilibrium	EGF	1.0009810696	3600.0
VASP abundance	serum_fed_equilibrium	EGF	1.0006834007	14400.0
VASP abundance	serum_fed_equilibrium	EGF	1.0204637408	28800.0
VASP abundance	serum_fed_equilibrium	EGF	1.0033487367	86400.0
VASP abundance	serum_fed_equilibrium	EGF	0.9301748995	172800.0
VASP abundance	serum_fed_equilibrium	HGF only	1.0380240255	0.0
VASP abundance	serum_fed_equilibrium	HGF only	1.0102755032	3600.0
VASP abundance	serum_fed_equilibrium	HGF only	1.0206957311	14400.0
VASP abundance	serum_fed_equilibrium	HGF only	1.0014972734	28800.0
VASP abundance	serum_fed_equilibrium	HGF only	0.9660091786	86400.0
VASP abundance	serum_fed_equilibrium	HGF only	0.9163380861	172800.0
VASP abundance	serum_fed_equilibrium	IFNG_EGF	1.0380240255	0.0
VASP abundance	serum_fed_equilibrium	IFNG_EGF	1.0030725585	3600.0
VASP abundance	serum_fed_equilibrium	IFNG_EGF	0.994370441	14400.0
VASP abundance	serum_fed_equilibrium	IFNG_EGF	1.0259674817	28800.0
VASP abundance	serum_fed_equilibrium	IFNG_EGF	1.0525238542	86400.0
VASP abundance	serum_fed_equilibrium	IFNG_EGF	1.0836908232	172800.0
VASP abundance	serum_fed_equilibrium	PBS only	1.0380240255	0.0
VASP abundance	serum_fed_equilibrium	PBS only	1.0697849168	3600.0
VASP abundance	serum_fed_equilibrium	PBS only	1.0566161479	14400.0
VASP abundance	serum_fed_equilibrium	PBS only	1.0322620729	28800.0
VASP abundance	serum_fed_equilibrium	PBS only	0.9441024433	86400.0
VASP abundance	serum_fed_equilibrium	PBS only	0.9167422183	172800.0
KDR abundance	serum_fed_equilibrium	EGF	0.9080238224	0.0
KDR abundance	serum_fed_equilibrium	EGF	0.9417006382	3600.0
KDR abundance	serum_fed_equilibrium	EGF	0.99726743	14400.0
KDR abundance	serum_fed_equilibrium	EGF	1.0031238572	28800.0
KDR abundance	serum_fed_equilibrium	EGF	1.1288166097	86400.0
KDR abundance	serum_fed_equilibrium	EGF	1.0631761795	172800.0
KDR abundance	serum_fed_equilibrium	HGF only	0.9080238224	0.0
KDR abundance	serum_fed_equilibrium	HGF only	0.9373655303	3600.0
KDR abundance	serum_fed_equilibrium	HGF only	0.9801711689	14400.0
KDR abundance	serum_fed_equilibrium	HGF only	0.9906014566	28800.0
KDR abundance	serum_fed_equilibrium	HGF only	1.1455848457	86400.0
KDR abundance	serum_fed_equilibrium	HGF only	1.0708541592	172800.0
KDR abundance	serum_fed_equilibrium	IFNG_EGF	0.9080238224	0.0
KDR abundance	serum_fed_equilibrium	IFNG_EGF	0.9575360119	3600.0
KDR abundance	serum_fed_equilibrium	IFNG_EGF	0.9579766888	14400.0
KDR abundance	serum_fed_equilibrium	IFNG_EGF	1.02724779	28800.0
KDR abundance	serum_fed_equilibrium	IFNG_EGF	1.509967552	86400.0
KDR abundance	serum_fed_equilibrium	IFNG_EGF	1.6907564205	172800.0
KDR abundance	serum_fed_equilibrium	PBS only	0.9080238224	0.0
KDR abundance	serum_fed_equilibrium	PBS only	0.9960723492	3600.0
KDR abundance	serum_fed_equilibrium	PBS only	0.9822423329	14400.0
KDR abundance	serum_fed_equilibrium	PBS only	0.9711934799	28800.0
KDR abundance	serum_fed_equilibrium	PBS only	1.052210473	86400.0
KDR abundance	serum_fed_equilibrium	PBS only	0.8405591776	172800.0
EPPK1 abundance	serum_fed_equilibrium	EGF	0.9090528704	0.0
EPPK1 abundance	serum_fed_equilibrium	EGF	0.8618120065	3600.0
EPPK1 abundance	serum_fed_equilibrium	EGF	0.9544482264	14400.0
EPPK1 abundance	serum_fed_equilibrium	EGF	1.0139033498	28800.0
EPPK1 abundance	serum_fed_equilibrium	EGF	1.0295966751	86400.0
EPPK1 abundance	serum_fed_equilibrium	EGF	1.0501430263	172800.0
EPPK1 abundance	serum_fed_equilibrium	HGF only	0.9090528704	0.0
EPPK1 abundance	serum_fed_equilibrium	HGF only	0.9652320592	3600.0
EPPK1 abundance	serum_fed_equilibrium	HGF only	0.9564745412	14400.0
EPPK1 abundance	serum_fed_equilibrium	HGF only	0.9717514627	28800.0
EPPK1 abundance	serum_fed_equilibrium	HGF only	1.0046331727	86400.0
EPPK1 abundance	serum_fed_equilibrium	HGF only	1.0019205597	172800.0
EPPK1 abundance	serum_fed_equilibrium	IFNG_EGF	0.9090528704	0.0
EPPK1 abundance	serum_fed_equilibrium	IFNG_EGF	0.9674858999	3600.0
EPPK1 abundance	serum_fed_equilibrium	IFNG_EGF	1.0476499619	14400.0
EPPK1 abundance	serum_fed_equilibrium	IFNG_EGF	1.0521506059	28800.0
EPPK1 abundance	serum_fed_equilibrium	IFNG_EGF	1.3682653913	86400.0
EPPK1 abundance	serum_fed_equilibrium	IFNG_EGF	1.640206967	172800.0
EPPK1 abundance	serum_fed_equilibrium	PBS only	0.9090528704	0.0
EPPK1 abundance	serum_fed_equilibrium	PBS only	0.8450060154	3600.0
EPPK1 abundance	serum_fed_equilibrium	PBS only	0.9031580447	14400.0
EPPK1 abundance	serum_fed_equilibrium	PBS only	0.8780795159	28800.0
EPPK1 abundance	serum_fed_equilibrium	PBS only	0.7826148037	86400.0
EPPK1 abundance	serum_fed_equilibrium	PBS only	0.554121095	172800.0
WIPI1 abundance	serum_fed_equilibrium	EGF	0.9182919944	0.0
WIPI1 abundance	serum_fed_equilibrium	EGF	0.9706477537	3600.0
WIPI1 abundance	serum_fed_equilibrium	EGF	0.9383604019	14400.0
WIPI1 abundance	serum_fed_equilibrium	EGF	0.95785138	28800.0
WIPI1 abundance	serum_fed_equilibrium	EGF	0.8877059579	86400.0
WIPI1 abundance	serum_fed_equilibrium	EGF	0.8801760702	172800.0
WIPI1 abundance	serum_fed_equilibrium	HGF only	0.9182919944	0.0
WIPI1 abundance	serum_fed_equilibrium	HGF only	0.9626028399	3600.0
WIPI1 abundance	serum_fed_equilibrium	HGF only	0.9898795457	14400.0
WIPI1 abundance	serum_fed_equilibrium	HGF only	0.9672206303	28800.0
WIPI1 abundance	serum_fed_equilibrium	HGF only	0.9318439244	86400.0
WIPI1 abundance	serum_fed_equilibrium	HGF only	1.0417089906	172800.0
WIPI1 abundance	serum_fed_equilibrium	IFNG_EGF	0.9182919944	0.0
WIPI1 abundance	serum_fed_equilibrium	IFNG_EGF	0.9577329512	3600.0
WIPI1 abundance	serum_fed_equilibrium	IFNG_EGF	0.9495469146	14400.0
WIPI1 abundance	serum_fed_equilibrium	IFNG_EGF	0.9789552183	28800.0
WIPI1 abundance	serum_fed_equilibrium	IFNG_EGF	0.8385368006	86400.0
WIPI1 abundance	serum_fed_equilibrium	IFNG_EGF	0.9128484039	172800.0
WIPI1 abundance	serum_fed_equilibrium	PBS only	0.9182919944	0.0
WIPI1 abundance	serum_fed_equilibrium	PBS only	0.9876853932	3600.0
WIPI1 abundance	serum_fed_equilibrium	PBS only	1.0273420997	14400.0
WIPI1 abundance	serum_fed_equilibrium	PBS only	1.0250709414	28800.0
WIPI1 abundance	serum_fed_equilibrium	PBS only	0.9699049569	86400.0
WIPI1 abundance	serum_fed_equilibrium	PBS only	1.0954964824	172800.0
WIPI2 abundance	serum_fed_equilibrium	EGF	0.9679547679	0.0
WIPI2 abundance	serum_fed_equilibrium	EGF	0.9912000386	3600.0
WIPI2 abundance	serum_fed_equilibrium	EGF	0.9825639174	14400.0
WIPI2 abundance	serum_fed_equilibrium	EGF	0.9961447092	28800.0
WIPI2 abundance	serum_fed_equilibrium	EGF	0.9740153401	86400.0
WIPI2 abundance	serum_fed_equilibrium	EGF	1.0190302222	172800.0
WIPI2 abundance	serum_fed_equilibrium	HGF only	0.9679547679	0.0
WIPI2 abundance	serum_fed_equilibrium	HGF only	0.9360901258	3600.0
WIPI2 abundance	serum_fed_equilibrium	HGF only	1.0082348726	14400.0
WIPI2 abundance	serum_fed_equilibrium	HGF only	0.9969439301	28800.0
WIPI2 abundance	serum_fed_equilibrium	HGF only	1.0081007479	86400.0
WIPI2 abundance	serum_fed_equilibrium	HGF only	0.9716906902	172800.0
WIPI2 abundance	serum_fed_equilibrium	IFNG_EGF	0.9679547679	0.0
WIPI2 abundance	serum_fed_equilibrium	IFNG_EGF	0.9881544714	3600.0
WIPI2 abundance	serum_fed_equilibrium	IFNG_EGF	0.9032661906	14400.0
WIPI2 abundance	serum_fed_equilibrium	IFNG_EGF	1.001143981	28800.0
WIPI2 abundance	serum_fed_equilibrium	IFNG_EGF	0.9119615255	86400.0
WIPI2 abundance	serum_fed_equilibrium	IFNG_EGF	0.9732275565	172800.0
WIPI2 abundance	serum_fed_equilibrium	PBS only	0.9679547679	0.0
WIPI2 abundance	serum_fed_equilibrium	PBS only	0.9475078032	3600.0
WIPI2 abundance	serum_fed_equilibrium	PBS only	1.0011459045	14400.0
WIPI2 abundance	serum_fed_equilibrium	PBS only	1.016218076	28800.0
WIPI2 abundance	serum_fed_equilibrium	PBS only	0.829438012	86400.0
WIPI2 abundance	serum_fed_equilibrium	PBS only	0.898955743	172800.0
XBP1 abundance	serum_fed_equilibrium	EGF	1.0204288538	0.0
XBP1 abundance	serum_fed_equilibrium	EGF	0.9653517795	3600.0
XBP1 abundance	serum_fed_equilibrium	EGF	0.9292614249	14400.0
XBP1 abundance	serum_fed_equilibrium	EGF	0.9630582112	28800.0
XBP1 abundance	serum_fed_equilibrium	EGF	0.921623549	86400.0
XBP1 abundance	serum_fed_equilibrium	EGF	0.9217019317	172800.0
XBP1 abundance	serum_fed_equilibrium	HGF only	1.0204288538	0.0
XBP1 abundance	serum_fed_equilibrium	HGF only	1.0226136995	3600.0
XBP1 abundance	serum_fed_equilibrium	HGF only	0.9848477065	14400.0
XBP1 abundance	serum_fed_equilibrium	HGF only	0.9443469044	28800.0
XBP1 abundance	serum_fed_equilibrium	HGF only	0.9035568094	86400.0
XBP1 abundance	serum_fed_equilibrium	HGF only	0.973334575	172800.0
XBP1 abundance	serum_fed_equilibrium	IFNG_EGF	1.0204288538	0.0
XBP1 abundance	serum_fed_equilibrium	IFNG_EGF	1.0276412815	3600.0
XBP1 abundance	serum_fed_equilibrium	IFNG_EGF	1.0023712649	14400.0
XBP1 abundance	serum_fed_equilibrium	IFNG_EGF	0.9848647116	28800.0
XBP1 abundance	serum_fed_equilibrium	IFNG_EGF	0.9917575246	86400.0
XBP1 abundance	serum_fed_equilibrium	IFNG_EGF	1.0183256305	172800.0
XBP1 abundance	serum_fed_equilibrium	PBS only	1.0204288538	0.0
XBP1 abundance	serum_fed_equilibrium	PBS only	1.008015432	3600.0
XBP1 abundance	serum_fed_equilibrium	PBS only	1.0232857768	14400.0
XBP1 abundance	serum_fed_equilibrium	PBS only	0.9786880608	28800.0
XBP1 abundance	serum_fed_equilibrium	PBS only	0.9369186231	86400.0
XBP1 abundance	serum_fed_equilibrium	PBS only	0.9450192963	172800.0
XPA abundance	serum_fed_equilibrium	EGF	1.0250710529	0.0
XPA abundance	serum_fed_equilibrium	EGF	1.0581432127	3600.0
XPA abundance	serum_fed_equilibrium	EGF	1.0387619296	14400.0
XPA abundance	serum_fed_equilibrium	EGF	0.9928021671	28800.0
XPA abundance	serum_fed_equilibrium	EGF	1.020562092	86400.0
XPA abundance	serum_fed_equilibrium	EGF	1.1907712344	172800.0
XPA abundance	serum_fed_equilibrium	HGF only	1.0250710529	0.0
XPA abundance	serum_fed_equilibrium	HGF only	1.058674893	3600.0
XPA abundance	serum_fed_equilibrium	HGF only	1.0764222518	14400.0
XPA abundance	serum_fed_equilibrium	HGF only	1.0443595583	28800.0
XPA abundance	serum_fed_equilibrium	HGF only	1.0809974584	86400.0
XPA abundance	serum_fed_equilibrium	HGF only	1.0537200376	172800.0
XPA abundance	serum_fed_equilibrium	IFNG_EGF	1.0250710529	0.0
XPA abundance	serum_fed_equilibrium	IFNG_EGF	1.0468674225	3600.0
XPA abundance	serum_fed_equilibrium	IFNG_EGF	1.062723069	14400.0
XPA abundance	serum_fed_equilibrium	IFNG_EGF	0.9677226961	28800.0
XPA abundance	serum_fed_equilibrium	IFNG_EGF	0.8430655037	86400.0
XPA abundance	serum_fed_equilibrium	IFNG_EGF	0.9271903173	172800.0
XPA abundance	serum_fed_equilibrium	PBS only	1.0250710529	0.0
XPA abundance	serum_fed_equilibrium	PBS only	1.0272580709	3600.0
XPA abundance	serum_fed_equilibrium	PBS only	1.0085268537	14400.0
XPA abundance	serum_fed_equilibrium	PBS only	1.0343921777	28800.0
XPA abundance	serum_fed_equilibrium	PBS only	0.9496194912	86400.0
XPA abundance	serum_fed_equilibrium	PBS only	0.9107534995	172800.0
ERCC4 abundance	serum_fed_equilibrium	EGF	1.0139819637	0.0
ERCC4 abundance	serum_fed_equilibrium	EGF	0.9503172907	3600.0
ERCC4 abundance	serum_fed_equilibrium	EGF	0.9357890824	14400.0
ERCC4 abundance	serum_fed_equilibrium	EGF	0.9065228406	28800.0
ERCC4 abundance	serum_fed_equilibrium	EGF	0.8980896533	86400.0
ERCC4 abundance	serum_fed_equilibrium	EGF	0.8644149854	172800.0
ERCC4 abundance	serum_fed_equilibrium	HGF only	1.0139819637	0.0
ERCC4 abundance	serum_fed_equilibrium	HGF only	0.9594894498	3600.0
ERCC4 abundance	serum_fed_equilibrium	HGF only	0.969844264	14400.0
ERCC4 abundance	serum_fed_equilibrium	HGF only	0.9366634983	28800.0
ERCC4 abundance	serum_fed_equilibrium	HGF only	0.9360822618	86400.0
ERCC4 abundance	serum_fed_equilibrium	HGF only	0.9484749436	172800.0
ERCC4 abundance	serum_fed_equilibrium	IFNG_EGF	1.0139819637	0.0
ERCC4 abundance	serum_fed_equilibrium	IFNG_EGF	0.9901689712	3600.0
ERCC4 abundance	serum_fed_equilibrium	IFNG_EGF	0.9862896976	14400.0
ERCC4 abundance	serum_fed_equilibrium	IFNG_EGF	0.9620021967	28800.0
ERCC4 abundance	serum_fed_equilibrium	IFNG_EGF	0.8782979883	86400.0
ERCC4 abundance	serum_fed_equilibrium	IFNG_EGF	0.9376286073	172800.0
ERCC4 abundance	serum_fed_equilibrium	PBS only	1.0139819637	0.0
ERCC4 abundance	serum_fed_equilibrium	PBS only	1.0768581387	3600.0
ERCC4 abundance	serum_fed_equilibrium	PBS only	1.0794750785	14400.0
ERCC4 abundance	serum_fed_equilibrium	PBS only	1.0311742645	28800.0
ERCC4 abundance	serum_fed_equilibrium	PBS only	1.062984305	86400.0
ERCC4 abundance	serum_fed_equilibrium	PBS only	1.1266199877	172800.0
XRCC1 abundance	serum_fed_equilibrium	EGF	1.0098322933	0.0
XRCC1 abundance	serum_fed_equilibrium	EGF	1.0307255749	3600.0
XRCC1 abundance	serum_fed_equilibrium	EGF	1.0182260768	14400.0
XRCC1 abundance	serum_fed_equilibrium	EGF	0.99681922	28800.0
XRCC1 abundance	serum_fed_equilibrium	EGF	0.9489575401	86400.0
XRCC1 abundance	serum_fed_equilibrium	EGF	1.001283378	172800.0
XRCC1 abundance	serum_fed_equilibrium	HGF only	1.0098322933	0.0
XRCC1 abundance	serum_fed_equilibrium	HGF only	1.036653994	3600.0
XRCC1 abundance	serum_fed_equilibrium	HGF only	1.0451090548	14400.0
XRCC1 abundance	serum_fed_equilibrium	HGF only	1.0374027807	28800.0
XRCC1 abundance	serum_fed_equilibrium	HGF only	0.9822066055	86400.0
XRCC1 abundance	serum_fed_equilibrium	HGF only	0.9874028875	172800.0
XRCC1 abundance	serum_fed_equilibrium	IFNG_EGF	1.0098322933	0.0
XRCC1 abundance	serum_fed_equilibrium	IFNG_EGF	1.0237267105	3600.0
XRCC1 abundance	serum_fed_equilibrium	IFNG_EGF	0.9944301154	14400.0
XRCC1 abundance	serum_fed_equilibrium	IFNG_EGF	1.0035699859	28800.0
XRCC1 abundance	serum_fed_equilibrium	IFNG_EGF	0.8681859108	86400.0
XRCC1 abundance	serum_fed_equilibrium	IFNG_EGF	0.9722955497	172800.0
XRCC1 abundance	serum_fed_equilibrium	PBS only	1.0098322933	0.0
XRCC1 abundance	serum_fed_equilibrium	PBS only	0.9690921459	3600.0
XRCC1 abundance	serum_fed_equilibrium	PBS only	1.0040281166	14400.0
XRCC1 abundance	serum_fed_equilibrium	PBS only	1.0125902703	28800.0
XRCC1 abundance	serum_fed_equilibrium	PBS only	0.936568941	86400.0
XRCC1 abundance	serum_fed_equilibrium	PBS only	0.9959552438	172800.0
YAP1 abundance	serum_fed_equilibrium	EGF	1.3166660345	0.0
YAP1 abundance	serum_fed_equilibrium	EGF	1.1590691873	3600.0
YAP1 abundance	serum_fed_equilibrium	EGF	1.0980373746	14400.0
YAP1 abundance	serum_fed_equilibrium	EGF	1.0092315034	28800.0
YAP1 abundance	serum_fed_equilibrium	EGF	0.7990079488	86400.0
YAP1 abundance	serum_fed_equilibrium	EGF	0.4762666121	172800.0
YAP1 abundance	serum_fed_equilibrium	HGF only	1.3166660345	0.0
YAP1 abundance	serum_fed_equilibrium	HGF only	1.1337501533	3600.0
YAP1 abundance	serum_fed_equilibrium	HGF only	1.0982952163	14400.0
YAP1 abundance	serum_fed_equilibrium	HGF only	1.0314237408	28800.0
YAP1 abundance	serum_fed_equilibrium	HGF only	0.8438600288	86400.0
YAP1 abundance	serum_fed_equilibrium	HGF only	0.6902092609	172800.0
YAP1 abundance	serum_fed_equilibrium	IFNG_EGF	1.3166660345	0.0
YAP1 abundance	serum_fed_equilibrium	IFNG_EGF	1.1572184563	3600.0
YAP1 abundance	serum_fed_equilibrium	IFNG_EGF	1.0617652102	14400.0
YAP1 abundance	serum_fed_equilibrium	IFNG_EGF	1.0095757238	28800.0
YAP1 abundance	serum_fed_equilibrium	IFNG_EGF	0.7769776501	86400.0
YAP1 abundance	serum_fed_equilibrium	IFNG_EGF	0.5680776574	172800.0
YAP1 abundance	serum_fed_equilibrium	PBS only	1.3166660345	0.0
YAP1 abundance	serum_fed_equilibrium	PBS only	1.3008946043	3600.0
YAP1 abundance	serum_fed_equilibrium	PBS only	1.2852643967	14400.0
YAP1 abundance	serum_fed_equilibrium	PBS only	1.260463318	28800.0
YAP1 abundance	serum_fed_equilibrium	PBS only	1.4932193041	86400.0
YAP1 abundance	serum_fed_equilibrium	PBS only	1.9692612374	172800.0
ZAP70 abundance	serum_fed_equilibrium	EGF	1.0564362804	0.0
ZAP70 abundance	serum_fed_equilibrium	EGF	1.0149467981	3600.0
ZAP70 abundance	serum_fed_equilibrium	EGF	1.0056779222	14400.0
ZAP70 abundance	serum_fed_equilibrium	EGF	1.0028186557	28800.0
ZAP70 abundance	serum_fed_equilibrium	EGF	1.0143882315	86400.0
ZAP70 abundance	serum_fed_equilibrium	EGF	0.9956036416	172800.0
ZAP70 abundance	serum_fed_equilibrium	HGF only	1.0564362804	0.0
ZAP70 abundance	serum_fed_equilibrium	HGF only	1.0111763424	3600.0
ZAP70 abundance	serum_fed_equilibrium	HGF only	1.0596955131	14400.0
ZAP70 abundance	serum_fed_equilibrium	HGF only	0.9768733693	28800.0
ZAP70 abundance	serum_fed_equilibrium	HGF only	1.0256830954	86400.0
ZAP70 abundance	serum_fed_equilibrium	HGF only	0.9764039874	172800.0
ZAP70 abundance	serum_fed_equilibrium	IFNG_EGF	1.0564362804	0.0
ZAP70 abundance	serum_fed_equilibrium	IFNG_EGF	1.0421048464	3600.0
ZAP70 abundance	serum_fed_equilibrium	IFNG_EGF	1.0037819797	14400.0
ZAP70 abundance	serum_fed_equilibrium	IFNG_EGF	1.0006612848	28800.0
ZAP70 abundance	serum_fed_equilibrium	IFNG_EGF	0.9844866035	86400.0
ZAP70 abundance	serum_fed_equilibrium	IFNG_EGF	1.0073252018	172800.0
ZAP70 abundance	serum_fed_equilibrium	PBS only	1.0564362804	0.0
ZAP70 abundance	serum_fed_equilibrium	PBS only	1.0773718973	3600.0
ZAP70 abundance	serum_fed_equilibrium	PBS only	1.1002807318	14400.0
ZAP70 abundance	serum_fed_equilibrium	PBS only	1.0941113739	28800.0
ZAP70 abundance	serum_fed_equilibrium	PBS only	1.0251571673	86400.0
ZAP70 abundance	serum_fed_equilibrium	PBS only	1.0788086427	172800.0
