reactionId	compartment	equation	formula
vbR	Cytoplasm	 => Ribosome	kbR_1+(kbR_2*((pS6K^kbR_3)/((kbR_4^kbR_3)+(pS6K^kbR_3))))
vdR	Cytoplasm	Ribosome => 	kvdR * Ribosome
vTL1	Nucleus	 => p53inac	kTL1_1*m_TP53*(EIF4E/(kTL1_2+EIF4E))
vTL2	Nucleus	 => MDM2	(kTL2_1+kTL2_2*MDM2pro)*m_MDM2*(EIF4E/(kTL2_3+EIF4E))
vTL3	Nucleus	 => Wip1	kTL3_1*Wip1pro*m_PPM1D*(EIF4E/(kTL3_2+EIF4E))
vTL4	Cytoplasm	 => ATMinac	kTL4_1*m_ATM*(EIF4E/(kTL4_2+EIF4E))
vTL5	Cytoplasm	 => ATRinac	kTL5_1*m_ATR*(EIF4E/(kTL5_2+EIF4E))
vTL6	Nucleus	 => pRB	kTL6*m_RB1
vTL7	Nucleus	 => E2F	kTL7*m_E2F1
vTL8	Nucleus	 => E2F	kTL8*m_E2F2
vTL9	Nucleus	 => E2F	kTL9*m_E2F3
vTL10	Nucleus	 => Cd	(kTL10_1+kTL10_2*E2F*(kTL10_3/(kTL10_3+pRB))*(kTL10_4/(kTL10_4+pRBp)))*m_CCND1*(EIF4E/(kTL10_5+EIF4E))
vTL11	Nucleus	 => Cd	(kTL11_1+kTL11_2*E2F*(kTL11_3/(kTL11_3+pRB))*(kTL11_4/(kTL11_4+pRBp)))*m_CCND2*(EIF4E/(kTL11_5+EIF4E))
vTL12	Nucleus	 => Cd	(kTL12_1+kTL12_2*E2F*(kTL12_3/(kTL12_3+pRB))*(kTL12_4/(kTL12_4+pRBp)))*m_CCND3*(EIF4E/(kTL12_5+EIF4E))
vTL13	Nucleus	 => Ce	kTL13_1*E2F*(kTL13_2/(kTL13_2+pRB))*(kTL13_3/(kTL13_3+pRBp))*m_CCNE1
vTL14	Nucleus	 => Ce	kTL14_1*E2F*(kTL14_2/(kTL14_2+pRB))*(kTL14_3/(kTL14_3+pRBp))*m_CCNE2
vTL15	Nucleus	 => Skp2	kTL15*m_SKP2
vTL16	Nucleus	 => Pei	kTL16*m_CDC25A
vTL17	Nucleus	 => Pai	kTL17*m_CDC25B
vTL18	Nucleus	 => Pbi	kTL18*m_CDC25C
vTL19	Nucleus	 => Ca	kTL19_1*E2F*(kTL19_2/(kTL19_2+pRB))*(kTL19_3/(kTL19_3+pRBp))*m_CCNA2
vTL20	Nucleus	 => p27	(kTL20_1+(kTL20_2*E2F*(kTL20_3/(kTL20_3+pRB))*(kTL20_4/(kTL20_4+pRBp))))*m_CDKN1B
vTL21	Nucleus	 => Cdh1a	kTL21*m_CDH1
vTL22	Nucleus	 => Cb	kTL22*m_CCNB1
vTL23	Nucleus	 => Cdc20i	kTL23*m_CDC20
vTL24	Nucleus	 => Wee1	kTL24*m_WEE1
vTL25	Cytoplasm	 => Chk1	kTL25*m_CHEK1
vTL26	Cytoplasm	 => p21	kTL26*m_CDKN1A
vTL27	Cytoplasm	 => 	kTL27*m_CDK1
vTL28	Cytoplasm	 => 	kTL28*m_CDK2
vTL29	Cytoplasm	 => 	kTL29*m_CDK4
vTL30	Cytoplasm	 => 	kTL30*m_CDK6
vTL31	Cytoplasm	 => L	kTL31_1*m_TNFSF10*(EIF4E/(kTL31_2+EIF4E))
vTL32	Cytoplasm	 => R	kTL32_1*m_TNFRSF10A*(EIF4E/(kTL32_2+EIF4E))
vTL33	Cytoplasm	 => R	kTL33_1*m_TNFRSF10B*(EIF4E/(kTL33_2+EIF4E))
vTL34	Cytoplasm	 => flip	kTL34_1*m_CFLAR*(EIF4E/(kTL34_2+EIF4E))
vTL35	Cytoplasm	 => pC8	kTL35_1*m_CASP8*(EIF4E/(kTL35_2+EIF4E))
vTL36	Cytoplasm	 => pC8	kTL36_1*m_CASP10*(EIF4E/(kTL36_2+EIF4E))
vTL37	Cytoplasm	 => Bar	kTL37_1*m_BFAR*(EIF4E/(kTL37_2+EIF4E))
vTL38	Cytoplasm	 => pC3	kTL38_1*m_CASP3*(EIF4E/(kTL38_2+EIF4E))
vTL39	Cytoplasm	 => pC3	kTL39_1*m_CASP7*(EIF4E/(kTL39_2+EIF4E))
vTL40	Cytoplasm	 => pC6	kTL40_1*m_CASP6*(EIF4E/(kTL40_2+EIF4E))
vTL41	Cytoplasm	 => XIAP	kTL41_1*m_XIAP*(EIF4E/(kTL41_2+EIF4E))
vTL42	Cytoplasm	 => PARP	kTL42_1*m_PARP1*(EIF4E/(kTL42_2+EIF4E))
vTL43	Cytoplasm	 => Bid	kTL43_1*m_BID*(EIF4E/(kTL43_2+EIF4E))
vTL44	Cytoplasm	 => Bcl2c	kTL44_1*m_BCL2*(EIF4E/(kTL44_2+EIF4E))
vTL45	Cytoplasm	 => Bcl2c	kTL45_1*m_BCL2L1*(EIF4E/(kTL45_2+EIF4E))
vTL46	Cytoplasm	 => Bcl2c	kTL46_1*m_MCL1*(EIF4E/(kTL46_2+EIF4E))
vTL47	Cytoplasm	 => Bax	kTL47_1*m_BAX*(EIF4E/(kTL47_2+EIF4E))
vTL48	Cytoplasm	 => CytoCm	kTL48_1*m_CYCS*(EIF4E/(kTL48_2+EIF4E))
vTL49	Cytoplasm	 => Smacm	kTL49_1*m_DIABLO*(EIF4E/(kTL49_2+EIF4E))
vTL50	Cytoplasm	 => Apaf	kTL50_1*m_APAF1*(EIF4E/(kTL50_2+EIF4E))
vTL51	Cytoplasm	 => pC9	kTL51_1*m_CASP9*(EIF4E/(kTL51_2+EIF4E))
vTL52	Cytoplasm	 => BAD	kTL52_1*m_BAD*(EIF4E/(kTL52_2+EIF4E))
vTL53	Cytoplasm	 => PUMA	kTL53_1*m_BBC3*(EIF4E/(kTL53_2+EIF4E))
vTL54	Cytoplasm	 => NOXA	kTL54_1*m_PMAIP1*(EIF4E/(kTL54_2+EIF4E))
vTL55	Cytoplasm	 => BIM	kTL55_1*m_BCL2L11*(EIF4E/(kTL55_2+EIF4E))
vTL56	Cytoplasm	 => E	kTL56_1*m_EGF*(EIF4E/(kTL56_2+EIF4E))
vTL57	Cytoplasm	 => H	kTL57_1*m_NRG1*(EIF4E/(kTL57_2+EIF4E))
vTL58	Cytoplasm	 => E1	kTL58_1*m_EGFR*(EIF4E/(kTL58_2+EIF4E))
vTL59	Cytoplasm	 => E2	kTL59_1*m_ERBB2*(EIF4E/(kTL59_2+EIF4E))
vTL60	Cytoplasm	 => E3	kTL60_1*m_ERBB3*(EIF4E/(kTL60_2+EIF4E))
vTL61	Cytoplasm	 => E4	kTL61_1*m_ERBB4*(EIF4E/(kTL61_2+EIF4E))
vTL62	Cytoplasm	 => Ev3	kTL62_1*m_EGFRvIII*(EIF4E/(kTL62_2+EIF4E))
vTL63	Cytoplasm	 => Met	kTL63_1*m_MET*(EIF4E/(kTL63_2+EIF4E))
vTL64	Cytoplasm	 => HGF	kTL64_1*m_HGF*(EIF4E/(kTL64_2+EIF4E))
vTL65	Cytoplasm	 => Pr	kTL65_1*m_PDGFRA*(EIF4E/(kTL65_2+EIF4E))
vTL66	Cytoplasm	 => Pr	kTL66_1*m_PDGFRB*(EIF4E/(kTL66_2+EIF4E))
vTL67	Cytoplasm	 => P	kTL67_1*m_PDGFB*(EIF4E/(kTL67_2+EIF4E))
vTL68	Cytoplasm	 => Sp	kTL68_1*m_SPRY2*(EIF4E/(kTL68_2+EIF4E))
vTL69	Cytoplasm	 => Cbl	kTL69_1*m_CBL*(EIF4E/(kTL69_2+EIF4E))
vTL70	Cytoplasm	 => G2	kTL70_1*m_GRB2*(EIF4E/(kTL70_2+EIF4E))
vTL71	Cytoplasm	 => PLCg	kTL71_1*m_PLCG1*(EIF4E/(kTL71_2+EIF4E))
vTL72	Cytoplasm	 => PLCg	kTL72_1*m_PLCG2*(EIF4E/(kTL72_2+EIF4E))
vTL73	Cytoplasm	 => PI3KC1	kTL73_1*m_PIK3CA*(EIF4E/(kTL73_2+EIF4E))
vTL74	Cytoplasm	 => PI3KC1	kTL74_1*m_PIK3CB*(EIF4E/(kTL74_2+EIF4E))
vTL75	Cytoplasm	 => PI3KC1	kTL75_1*m_PIK3CG*(EIF4E/(kTL75_2+EIF4E))
vTL76	Cytoplasm	 => PI3KC1	kTL76_1*m_PIK3CD*(EIF4E/(kTL76_2+EIF4E))
vTL77	Cytoplasm	 => PI3KR1	kTL77_1*m_PIK3R1*(EIF4E/(kTL77_2+EIF4E))
vTL78	Cytoplasm	 => PI3KR1	kTL78_1*m_PIK3R2*(EIF4E/(kTL78_2+EIF4E))
vTL79	Cytoplasm	 => PI3KR1	kTL79_1*m_PIK3R3*(EIF4E/(kTL79_2+EIF4E))
vTL80	Cytoplasm	 => PI3KR1	kTL80_1*m_PIK3R4*(EIF4E/(kTL80_2+EIF4E))
vTL81	Cytoplasm	 => PI3K2	kTL81_1*m_PIK3C2A*(EIF4E/(kTL81_2+EIF4E))
vTL82	Cytoplasm	 => GRP	kTL82_1*m_RASGRP1*(EIF4E/(kTL82_2+EIF4E))
vTL83	Cytoplasm	 => GRP	kTL83_1*m_RASGRP3*(EIF4E/(kTL83_2+EIF4E))
vTL84	Cytoplasm	 => RasD	kTL84_1*m_NRAS*(EIF4E/(kTL84_2+EIF4E))
vTL85	Cytoplasm	 => RasD	kTL85_1*m_KRAS*(EIF4E/(kTL85_2+EIF4E))
vTL86	Cytoplasm	 => RasD	kTL86_1*m_HRAS*(EIF4E/(kTL86_2+EIF4E))
vTL87	Cytoplasm	 => NF1	kTL87_1*m_NF1*(EIF4E/(kTL87_2+EIF4E))
vTL88	Cytoplasm	 => CRaf	kTL88_1*m_RAF1*(EIF4E/(kTL88_2+EIF4E))
vTL89	Cytoplasm	 => BRaf	kTL89_1*m_BRAF*(EIF4E/(kTL89_2+EIF4E))
vTL90	Cytoplasm	 => MEK	kTL90_1*m_MAP2K1*(EIF4E/(kTL90_2+EIF4E))
vTL91	Cytoplasm	 => MEK	kTL91_1*m_MAP2K2*(EIF4E/(kTL91_2+EIF4E))
vTL92	Cytoplasm	 => MKP3	kTL92_1*m_DUSP6*(EIF4E/(kTL92_2+EIF4E))
vTL93	Cytoplasm	 => RSK	kTL93_1*m_RPS6KA1*(EIF4E/(kTL93_2+EIF4E))
vTL94	Cytoplasm	 => RSK	kTL94_1*m_RPS6KA2*(EIF4E/(kTL94_2+EIF4E))
vTL95	Cytoplasm	 => RSK	kTL95_1*m_RPS6KA3*(EIF4E/(kTL95_2+EIF4E))
vTL96	Cytoplasm	 => RSK	kTL96_1*m_RPS6KA4*(EIF4E/(kTL96_2+EIF4E))
vTL97	Cytoplasm	 => MKP1	kTL97_1*m_DUSP1*(EIF4E/(kTL97_2+EIF4E))
vTL98	Cytoplasm	 => cFos	kTL98_1*m_FOS*(EIF4E/(kTL98_2+EIF4E))
vTL99	Cytoplasm	 => cJun	kTL99_1*m_JUN*(EIF4E/(kTL99_2+EIF4E))
vTL100	Cytoplasm	 => cMyc	kTL100_1*m_MYC*(EIF4E/(kTL100_2+EIF4E))
vTL101	Cytoplasm	 => bCATENIN	kTL101_1*m_CTNNB1*(EIF4E/(kTL101_2+EIF4E))
vTL102	Cytoplasm	 => PTEN	kTL102_1*m_PTEN*(EIF4E/(kTL102_2+EIF4E))
vTL103	Cytoplasm	 => AKT	kTL103_1*m_AKT1*(EIF4E/(kTL103_2+EIF4E))
vTL104	Cytoplasm	 => AKT	kTL104_1*m_AKT2*(EIF4E/(kTL104_2+EIF4E))
vTL105	Cytoplasm	 => PDK1	kTL105_1*m_PDPK1*(EIF4E/(kTL105_2+EIF4E))
vTL106	Cytoplasm	 => Rictor	kTL106_1*m_RICTOR*(EIF4E/(kTL106_2+EIF4E))
vTL107	Cytoplasm	 => mTOR	kTL107_1*m_MTOR*(EIF4E/(kTL107_2+EIF4E))
vTL108	Cytoplasm	 => GSK3b	kTL108_1*m_GSK3B*(EIF4E/(kTL108_2+EIF4E))
vTL109	Cytoplasm	 => TSC1	kTL109_1*m_TSC1*(EIF4E/(kTL109_2+EIF4E))
vTL110	Cytoplasm	 => TSC2	kTL100_1*m_TSC2*(EIF4E/(kTL100_2+EIF4E))
vTL111	Cytoplasm	 => PKC	kTL111_1*m_PRKCA*(EIF4E/(kTL111_2+EIF4E))
vTL112	Cytoplasm	 => PKC	kTL112_1*m_PRKCB*(EIF4E/(kTL112_2+EIF4E))
vTL113	Cytoplasm	 => PKC	kTL113_1*m_PRKCG*(EIF4E/(kTL113_2+EIF4E))
vTL114	Cytoplasm	 => PKC	kTL114_1*m_PRKCD*(EIF4E/(kTL114_2+EIF4E))
vTL115	Cytoplasm	 => RKIP	kTL115_1*m_PEBP1*(EIF4E/(kTL115_2+EIF4E))
vTL116	Cytoplasm	 => ERK	kTL116_1*m_MAPK1*(EIF4E/(kTL116_2+EIF4E))
vTL117	Cytoplasm	 => ERK	kTL117_1*m_MAPK3*(EIF4E/(kTL117_2+EIF4E))
vTL118	Cytoplasm	 => FOXO	kTL118_1*m_FOXO3*(EIF4E/(kTL118_2+EIF4E))
vTL119	Cytoplasm	 => RhebD	kTL119_1*m_RHEB*(EIF4E/(kTL119_2+EIF4E))
vTL120	Cytoplasm	 => Raptor	kTL120_1*m_RPTOR*(EIF4E/(kTL120_2+EIF4E))
vTL121	Cytoplasm	 => S6K	kTL121_1*m_RPS6KB1*(EIF4E/(kTL121_2+EIF4E))
vTL122	Cytoplasm	 => S6K	kTL122_1*m_RPS6KB2*(EIF4E/(kTL122_2+EIF4E))
vTL123	Cytoplasm	 => EIF4EBP1	kTL123_1*m_EIF4EBP1*(EIF4E/(kTL123_2+EIF4E))
vTL124	Cytoplasm	 => SOS	kTL124_1*m_SOS1*(EIF4E/(kTL124_2+EIF4E))
vTL125	Cytoplasm	 => ARF	kTL125_1*m_CDKN2A*(EIF4E/(kTL125_2+EIF4E))
vTL126	Cytoplasm	 => MDM4	kTL126_1*m_MDM4*(EIF4E/(kTL126_2+EIF4E))
vTL127	Cytoplasm	 => Fr	kTL127_1*m_FGFR1*(EIF4E/(kTL127_2+EIF4E))
vTL128	Cytoplasm	 => Fr	kTL128_1*m_FGFR2*(EIF4E/(kTL128_2+EIF4E))
vTL129	Cytoplasm	 => F	kTL129_1*m_FGF1*(EIF4E/(kTL129_2+EIF4E))
vTL130	Cytoplasm	 => F	kTL130_1*m_FGF2*(EIF4E/(kTL130_2+EIF4E))
vTL131	Cytoplasm	 => EIF4E	kTL131_1*m_EIF4E*(EIF4E/(kTL131_2+EIF4E))
vTL132	Cytoplasm	 => IRS	kTL132_1*m_IRS1*(EIF4E/(kTL132_2+EIF4E))
vTL133	Cytoplasm	 => IRS	kTL133_1*m_IRS2*(EIF4E/(kTL133_2+EIF4E))
vTL134	Cytoplasm	 => I	kTL134_1*m_IGF1*(EIF4E/(kTL134_2+EIF4E))
vTL135	Cytoplasm	 => I	kTL135_1*m_IGF2*(EIF4E/(kTL135_2+EIF4E))
vTL136	Cytoplasm	 => Ir	kTL136_1*m_IGF1R*(EIF4E/(kTL136_2+EIF4E))
vTL137	Cytoplasm	 => MSH6	kTL137_1*m_MSH6*(EIF4E/(kTL137_2+EIF4E))
vTL138	Cytoplasm	 => BRCA2	kTL138_1*m_BRCA2*(EIF4E/(kTL138_2+EIF4E))
vTL139	Cytoplasm	 => MGMT	kTL139_1*m_MGMT*(EIF4E/(kTL139_2+EIF4E))
vTL140	Cytoplasm	 => Isr	kTL140_1*m_INSR*(EIF4E/(kTL140_2+EIF4E))
vTL141	Cytoplasm	 => INS	kTL141_1*m_INS*(EIF4E/(kTL141_2+EIF4E))
vTLCd1	Nucleus	p53inac => 	kvTLCd1 * p53inac
vTLCd2	Nucleus	MDM2 => 	kvTLCd2 * MDM2
vTLCd3	Nucleus	Wip1 => 	kvTLCd3 * Wip1
vTLCd4	Nucleus	BRCA2 => 	kvTLCd4 * BRCA2
vTLCd5	Nucleus	MSH6 => 	kvTLCd5 * MSH6
vTLCd6	Nucleus	MGMT => 	kvTLCd6 * MGMT
vTLCd7	Nucleus	ARF => 	kvTLCd7 * ARF
vTLCd8	Nucleus	MDM4 => 	kvTLCd8 * MDM4
vTLCd9	Nucleus	ATMinac => 	kvTLCd9 * ATMinac
vTLCd10	Nucleus	ATRinac => 	kvTLCd10 * ATRinac
vTLCd11	Nucleus	pRB => 	kvTLCd11 * pRB
vTLCd12	Nucleus	E2F => 	kvTLCd12 * E2F
vTLCd13	Nucleus	Cd => 	kvTLCd13 * Cd
vTLCd14	Nucleus	Ce => 	kvTLCd14 * Ce
vTLCd15	Nucleus	Skp2 => 	kvTLCd15 * Skp2
vTLCd16	Nucleus	Pai => 	kvTLCd16 * Pai
vTLCd17	Nucleus	Pei => 	kvTLCd17 * Pei
vTLCd18	Nucleus	Pbi => 	kvTLCd18 * Pbi
vTLCd19	Nucleus	Ca => 	kvTLCd19 * Ca
vTLCd20	Nucleus	p27 => 	kvTLCd20 * p27
vTLCd21	Nucleus	Cdh1a => 	kvTLCd21 * Cdh1a
vTLCd22	Nucleus	Cb => 	kvTLCd22 * Cb
vTLCd23	Nucleus	Cdc20i => 	kvTLCd23 * Cdc20i
vTLCd24	Nucleus	Wee1 => 	kvTLCd24 * Wee1
vTLCd25	Nucleus	Chk1 => 	kvTLCd25 * Chk1
vTLCd26	Nucleus	p21 => 	kvTLCd26 * p21
vTLCd27	Cytoplasm	L => 	kvTLCd27 * L
vTLCd28	Cytoplasm	R => 	kvTLCd28 * R
vTLCd29	Cytoplasm	flip => 	kvTLCd29 * flip
vTLCd30	Cytoplasm	pC8 => 	kvTLCd30 * pC8
vTLCd31	Cytoplasm	Bar => 	kvTLCd31 * Bar
vTLCd32	Cytoplasm	pC3 => 	kvTLCd32 * pC3
vTLCd33	Cytoplasm	pC6 => 	kvTLCd33 * pC6
vTLCd34	Cytoplasm	XIAP => 	kvTLCd34 * XIAP
vTLCd35	Cytoplasm	PARP => 	kvTLCd35 * PARP
vTLCd36	Cytoplasm	Bid => 	kvTLCd36 * Bid
vTLCd37	Cytoplasm	Bcl2c => 	kvTLCd37 * Bcl2c
vTLCd38	Cytoplasm	Bax => 	kvTLCd38 * Bax
vTLCd39	Mitochondrion	CytoCm => 	kvTLCd39 * CytoCm
vTLCd40	Mitochondrion	Smacm => 	kvTLCd40 * Smacm
vTLCd41	Cytoplasm	Apaf => 	kvTLCd41 * Apaf
vTLCd42	Cytoplasm	pC9 => 	kvTLCd42 * pC9
vTLCd43	Cytoplasm	BAD => 	kvTLCd43 * BAD
vTLCd44	Cytoplasm	PUMA => 	kvTLCd44 * PUMA
vTLCd45	Cytoplasm	NOXA => 	kvTLCd45 * NOXA
vTLCd46	Cytoplasm	BIM => 	kvTLCd46 * BIM
vTLCd47	Cytoplasm	E => 	kvTLCd47 * E
vTLCd48	Cytoplasm	H => 	kvTLCd48 * H
vTLCd49	Cytoplasm	HGF => 	kvTLCd49 * HGF
vTLCd50	Cytoplasm	P => 	kvTLCd50 * P
vTLCd51	Cytoplasm	F => 	kvTLCd51 * F
vTLCd52	Cytoplasm	I => 	kvTLCd52 * I
vTLCd53	Cytoplasm	INS => 	kvTLCd53 * INS
vTLCd54	Cytoplasm	E1 => 	kvTLCd54 * E1
vTLCd55	Cytoplasm	E2 => 	kvTLCd55 * E2
vTLCd56	Cytoplasm	E3 => 	kvTLCd56 * E3
vTLCd57	Cytoplasm	E4 => 	kvTLCd57 * E4
vTLCd58	Cytoplasm	Ev3 => 	kvTLCd58 * Ev3
vTLCd59	Cytoplasm	Met => 	kvTLCd59 * Met
vTLCd60	Cytoplasm	Pr => 	kvTLCd60 * Pr
vTLCd61	Cytoplasm	Fr => 	kvTLCd61 * Fr
vTLCd62	Cytoplasm	Ir => 	kvTLCd62 * Ir
vTLCd63	Cytoplasm	Isr => 	kvTLCd63 * Isr
vTLCd64	Cytoplasm	IRS => 	kvTLCd64 * IRS
vTLCd65	Cytoplasm	Sp => 	kvTLCd65 * Sp
vTLCd66	Cytoplasm	Cbl => 	kvTLCd66 * Cbl
vTLCd67	Cytoplasm	G2 => 	kvTLCd67 * G2
vTLCd68	Cytoplasm	PLCg => 	kvTLCd68 * PLCg
vTLCd69	Cytoplasm	PI3KC1 => 	kvTLCd69 * PI3KC1
vTLCd70	Cytoplasm	PI3KR1 => 	kvTLCd70 * PI3KR1
vTLCd71	Cytoplasm	PI3K2 => 	kvTLCd71 * PI3K2
vTLCd72	Cytoplasm	GRP => 	kvTLCd72 * GRP
vTLCd73	Cytoplasm	RasD => 	kvTLCd73 * RasD
vTLCd74	Cytoplasm	NF1 => 	kvTLCd74 * NF1
vTLCd75	Cytoplasm	CRaf => 	kvTLCd75 * CRaf
vTLCd76	Cytoplasm	BRaf => 	kvTLCd76 * BRaf
vTLCd77	Cytoplasm	MEK => 	kvTLCd77 * MEK
vTLCd78	Nucleus	MKP3 => 	kvTLCd78 * MKP3
vTLCd79	Nucleus	RSK => 	kvTLCd79 * RSK
vTLCd80	Nucleus	MKP1 => 	kvTLCd80 * MKP1
vTLCd81	Nucleus	cFos => 	kvTLCd81 * cFos
vTLCd82	Cytoplasm	cJun => 	kvTLCd82 * cJun
vTLCd83	Cytoplasm	cMyc => 	kvTLCd83 * cMyc
vTLCd84	Cytoplasm	bCATENIN => 	kvTLCd84 * bCATENIN
vTLCd85	Cytoplasm	PTEN => 	kvTLCd85 * PTEN
vTLCd86	Cytoplasm	AKT => 	kvTLCd86 * AKT
vTLCd87	Cytoplasm	PDK1 => 	kvTLCd87 * PDK1
vTLCd88	Cytoplasm	Rictor => 	kvTLCd88 * Rictor
vTLCd89	Cytoplasm	mTOR => 	kvTLCd89 * mTOR
vTLCd90	Cytoplasm	GSK3b => 	kvTLCd90 * GSK3b
vTLCd91	Cytoplasm	TSC1 => 	kvTLCd91 * TSC1
vTLCd92	Cytoplasm	TSC2 => 	kvTLCd92 * TSC2
vTLCd93	Cytoplasm	PKC => 	kvTLCd93 * PKC
vTLCd94	Cytoplasm	RKIP => 	kvTLCd94 * RKIP
vTLCd95	Cytoplasm	ERK => 	kvTLCd95 * ERK
vTLCd96	Cytoplasm	FOXO => 	kvTLCd96 * FOXO
vTLCd97	Cytoplasm	RhebD => 	kvTLCd97 * RhebD
vTLCd98	Cytoplasm	Raptor => 	kvTLCd98 * Raptor
vTLCd99	Cytoplasm	S6K => 	kvTLCd99 * S6K
vTLCd100	Cytoplasm	EIF4EBP1 => 	kvTLCd100 * EIF4EBP1
vTLCd101	Cytoplasm	SOS => 	kvTLCd101 * SOS
vTLCd102	Cytoplasm	EIF4E => 	kvTLCd102 * EIF4E
vE1	Cytoplasm	EIF4E + mT => EIF4E_mT	kvE1 * EIF4E * mT
vE2	Cytoplasm	EIF4E_mT => EIF4E + mT	kvE2 * EIF4E_mT
vE3	Cytoplasm	 => mT	kE3
vE4	Cytoplasm	mT => 	kvE4 * mT
vE5	Cytoplasm	EIF4E_mT => 	kvE5 * EIF4E_mT
vD1	Nucleus	 => p53inac	kvD1
vD2	Nucleus	p53inac => 	kD2*MDM2*p53inac
vD3	Nucleus	p53inac => p53ac	kD3_1+kD3_2*p53inac*((ATMP^kD3_3)/((ATMP^kD3_3)+(kD3_4^kD3_3))+(ATRac^kD3_3)/((ATRac^kD3_3)+(kD3_4^kD3_3)))
vD4	Nucleus	p53ac => p53inac	kD4*Wip1*p53ac
vD5	Nucleus	p53inac => 	kD5*p53inac
vD6	Nucleus	p53ac => 	kD6*MDM2*p53ac
vD7	Nucleus	 => MDM2	kvD7
vD8	Nucleus	 => MDM2	kvD8
vD9	Nucleus	MDM2 => 	kD9*MDM2*ATMP
vD10	Nucleus	MDM2 => 	kD10*MDM2*ATRac
vD11	Nucleus	MDM2 => 	kD11*MDM2
vD12	Nucleus	 => Wip1	kvD12
vD13	Nucleus	Wip1 => 	kD13*Wip1
vD14	Nucleus	 => ATMP	kD14_1*((damageDSB^kD14_2)/((kD14_3^kD14_2)+(damageDSB^kD14_2)))
vD15	Nucleus	ATMP => 	kD15_1*ATMP*(Wip1^kD15_2)/((Wip1^kD15_2)+(kD15_3^kD15_2))
vD16	Nucleus	ATMP => 	kD16*ATMP
vD17	Nucleus	 => ATRac	kD17_1*((damageSSB^kD17_2)/((kD17_3^kD17_2)+(damageSSB^kD17_2)))
vD18	Nucleus	ATRac => 	kD18*ATRac
vD19	Nucleus	MDM2product1 => 	MDM2product1/kD19
vD20	Nucleus	 => MDM2product1	p53ac/kD20
vD21	Nucleus	MDM2product2 => 	MDM2product2/kD21
vD22	Nucleus	 => MDM2product2	MDM2product1/kD22
vD23	Nucleus	MDM2product3 => 	MDM2product3/kD23
vD24	Nucleus	 => MDM2product3	MDM2product2/kD24
vD25	Nucleus	MDM2product4 => 	MDM2product4/kD25
vD26	Nucleus	 => MDM2product4	MDM2product3/kD26
vD27	Nucleus	MDM2product5 => 	MDM2product5/kD27
vD28	Nucleus	 => MDM2product5	MDM2product4/kD28
vD29	Nucleus	MDM2product6 => 	MDM2product6/kD29
vD30	Nucleus	 => MDM2product6	MDM2product5/kD30
vD31	Nucleus	MDM2product7 => 	MDM2product7/kD31
vD32	Nucleus	 => MDM2product7	MDM2product6/kD32
vD33	Nucleus	MDM2product8 => 	MDM2product8/kD33
vD34	Nucleus	 => MDM2product8	MDM2product7/kD34
vD35	Nucleus	MDM2product9 => 	MDM2product9/kD35
vD36	Nucleus	 => MDM2product9	MDM2product8/kD36
vD37	Nucleus	MDM2pro => 	MDM2pro/kD37
vD38	Nucleus	 => MDM2pro	MDM2product9/kD38
vD39	Nucleus	Wip1product1 => 	Wip1product1/kD39
vD40	Nucleus	 => Wip1product1	p53ac/kD40
vD41	Nucleus	Wip1product2 => 	Wip1product2/kD41
vD42	Nucleus	 => Wip1product2	Wip1product1/kD42
vD43	Nucleus	Wip1product3 => 	Wip1product3/kD43
vD44	Nucleus	 => Wip1product3	Wip1product2/kD44
vD45	Nucleus	Wip1product4 => 	Wip1product4/kD45
vD46	Nucleus	 => Wip1product4	Wip1product3/kD46
vD47	Nucleus	Wip1product5 => 	Wip1product5/kD47
vD48	Nucleus	 => Wip1product5	Wip1product4/kD48
vD49	Nucleus	Wip1product6 => 	Wip1product6/kD49
vD50	Nucleus	 => Wip1product6	Wip1product5/kD450
vD51	Nucleus	Wip1product7 => 	Wip1product7/kD51
vD52	Nucleus	 => Wip1product7	Wip1product6/kD52
vD53	Nucleus	Wip1product8 => 	Wip1product8/kD53
vD54	Nucleus	 => Wip1product8	Wip1product7/kD54
vD55	Nucleus	Wip1product9 => 	Wip1product9/kD55
vD56	Nucleus	 => Wip1product9	Wip1product8/kD56
vD57	Nucleus	Wip1pro => 	Wip1pro/kD57
vD58	Nucleus	 => Wip1pro	Wip1product9/kD58
vD59	Nucleus	MDM2 => 	kD59*ARF*MDM2
vD60	Nucleus	pMDM2 => 	kD60*ARF*pMDM2
vD61	Nucleus	p53ac + MDM4 => p53ac_MDM4	kD61*MDM4*p53ac
vD62	Nucleus	p53ac_MDM4 => p53ac + MDM4	kD62*p53ac_MDM4
vD63	Nucleus	damageDSB => 	kD63*BRCA2*damageDSB
vD64	Nucleus	damageSSB => 	kD64*MSH6*damageSSB
vD65	Nucleus	damageSSB => 	kD65*MGMT*damageSSB
vD66	Nucleus	 => damageDSB + damageSSB	(kD66_1+kD66_2*(kD66_3/(kD66_3+kD66_4)))*(((Ma+Me)^kD66_5)/(((Ma+Me)^kD66_5)+(kD66_6^kD66_5)))
vC1	Nucleus	 => pRB	kC1
vC2	Nucleus	pRB + E2F => pRBc1	kvC2 * pRB * E2F
vC3	Nucleus	pRBc1 => pRB + E2F	kvC3 * pRBc1
vC4	Nucleus	pRB => pRBp	kC4_1*(pRB/(kC4_2+pRB))*(Md+Mdp27)
vC5	Nucleus	pRBp => pRB	kC5_1*(pRBp/(kC5_2+pRBp))
vC6	Nucleus	pRB => 	kvC6 * pRB
vC7	Nucleus	pRBp => pRBpp	kC7_1*(pRBp/(kC7_2+pRBp))*Me
vC8	Nucleus	pRBpp => pRBp	kC8_1*(pRBpp/(kC8_2+pRBpp))
vC9	Nucleus	pRBp + E2F => pRBc2	kvC9 * pRBp * E2F
vC10	Nucleus	pRBc2 => pRBp + E2F	kvC10 * pRBc2
vC11	Nucleus	pRBp => 	kvC11 * pRBp
vC12	Nucleus	pRBpp => 	kvC12 * pRBpp
vC13	Nucleus	 => E2F	kvC13
vC14	Nucleus	E2F => E2Fp	kC14_1*Ma*(E2F/(E2F+kc14_2))
vC15	Nucleus	E2Fp => E2F	kC15_1*(E2Fp/(E2Fp+kC15_2))
vC16	Nucleus	E2F => 	kvC16 * E2F
vC17	Nucleus	E2Fp => 	kvC17 * E2Fp
vC18	Nucleus	 => Cd	kvC18
vC19	Nucleus	Cd => Mdi	kC19_1*Cd*(kC19_2-(Mdi+Md+Mdp27+Mdp21))
vC20	Nucleus	Mdi => Cd	kvC20 * Mdi
vC21	Nucleus	Cd => 	kC21_1*(Cd/(kC21_2+Cd))
vC22	Nucleus	Cd => 	kvC22 * Cd
vC23	Nucleus	Md => Mdi	kC23_1*(Md/(kC23_2+Md))
vC24	Nucleus	Mdi => Md	kC24_1*(Mdi/(kC24_2+Mdi))
vC25	Nucleus	Md + p27 => Mdp27	kvC25 * Md * p27
vC26	Nucleus	Mdp27 => Md + p27	kvC26 * Mdp27
vC27	Nucleus	 => Ce	kvC27
vC28	Nucleus	Ce => Mei	kC28_1*Ce*(kC28_2-(Mei+Me+Mep27+Mep21+Mai+Ma+Map27+Map21))
vC29	Nucleus	Mei => Ce	kvC29 * Mei
vC30	Nucleus	Ce => 	kC30_1*(Skp2/(kC30_2+Skp2))*(Ce/(kC30_3+Ce))
vC31	Nucleus	Me => Mei	kC31_1*(Wee1+kC31_2)*(Me/(kC31_3+Me))
vC32	Nucleus	Mei => Me	kC32_1*Pe*(Mei/(kC32_2+Mei))
vC33	Nucleus	Me + p27 => Mep27	kvC33 * Me * p27
vC34	Nucleus	Mep27 => Me + p27	kvC34 * Mep27
vC35	Nucleus	 => Skp2	kvC35
vC36	Nucleus	Skp2 => 	kC36_1*(Skp2/(k36_2+Skp2))*(Cdh1a/(kC36_3+Cdh1a))
vC37	Nucleus	Skp2 => 	kvC37 * Skp2
vC38	Nucleus	 => Pei	kvC38
vC39	Nucleus	Pe => Pei	kC39_1*(kC39_2+(kC39_3*Chk1))*(Pe/(kC39_4+Pe))
vC40	Nucleus	Pei => Pe	kC40_1*(Me+kC40_2)*(Pei/(kC40_3+Pei))
vC41	Nucleus	Pei => 	kvC41 * Pei
vC42	Nucleus	Pe => 	kvC42 * Pe
vC43	Nucleus	 => Ca	kvC43
vC44	Nucleus	Ca => Mai	kC44_1*Ca*(kC44_2-(Mei+Me+Mep27+Mep21+Mai+Ma+Map27+Map21))
vC45	Nucleus	Mai => Ca	kvC45 * Mai
vC46	Nucleus	Ca => 	kC46_1*(Ca/(kC46_2+Ca))*(Cdc20a/(kC46_3+Cdc20a))
vC47	Nucleus	Ca => 	kvC47 * Ca
vC48	Nucleus	Ma => Mai	kC48_1*(Wee1+kC48_2)*(Ma/(kC48_3+Ma))
vC49	Nucleus	Mai => Ma	kC49_1*Pa*(Mai/(kC49_2+Mai))
vC50	Nucleus	Ma + p27 => Map27	kvC50 * Ma * p27
vC51	Nucleus	Map27 => Ma + p27	kvC51 * Map27
vC52	Nucleus	p27 => p27p	kC52_1*Me*(p27/(p27+kC52_2))
vC53	Nucleus	p27p => p27	kC53_1*(p27p/(p27p+kC53_2))
vC54	Nucleus	p27p => 	kC54_1*(Skp2/(Skp2+kC54_2))*(p27p/(p27p+kC54_3))
vC55	Nucleus	p27p => 	kvC55 * p27p
vC56	Nucleus	Cdh1a => Cdh1i	kC56_1*(Cdh1a/(kC56_2+Cdh1a))*(Ma+Mb)
vC57	Nucleus	Cdh1i => Cdh1a	kC57_1*(Cdh1i/(kC57_2+Cdh1i))
vC58	Nucleus	Cdh1i => 	kvC58 * Cdh1i
vC59	Nucleus	 => Cdh1a	kvC59
vC60	Nucleus	Cdh1a => 	kvC60 * Cdh1a
vC61	Nucleus	 => Pai	kvC61
vC62	Nucleus	Pa => Pai	kC62_1*(kC62_2+(kC62_3*Chk1))*(Pa/(kC62_4+Pa))
vC63	Nucleus	Pai => Pa	kC63_1*(Ma+kC63_2)*(Pai/(kC63_3+Pai))
vC64	Nucleus	Pai => 	kvC64 * Pai
vC65	Nucleus	Pa => 	kvC65 * Pa
vC66	Nucleus	 => Cb	kvC66
vC67	Nucleus	Cb => Mbi	kC67_1*Cb*(kC67_2-(Mbi+Mb+Mbp27+Mbp21))
vC68	Nucleus	Mbi => Cb	kvC68 * Mbi
vC69	Nucleus	Cb => 	kC69_1*(Cb/(kC69_2+Cb))*((Cdc20a/(kC69_3+Cdc20a))+(Cdh1a/(kC69_4+Cdh1a)))
vC70	Nucleus	Cb => 	kvC70 * Cb
vC71	Nucleus	Mb => Mbi	kC71_1*(Wee1+kC71_2)*(Mb/(kC71_3+Mb))
vC72	Nucleus	Mbi => Mb	kC72_1*Pb*(Mbi/(kC72_2+Mbi))
vC73	Nucleus	p27 + Mb => Mbp27	kvC73 * p27 * Mb
vC74	Nucleus	Mbp27 => p27 + Mb	kvC74 * Mbp27
vC75	Nucleus	 => Cdc20i	kvC75
vC76	Nucleus	Cdc20i => Cdc20a	kC76_1*Mb*(Cdc20i/(kC76_2+Cdc20i))
vC77	Nucleus	Cdc20a => Cdc20i	kC77_1*(Cdc20a/(kC77_2+Cdc20a))
vC78	Nucleus	Cdc20i => 	kvC78 * Cdc20i
vC79	Nucleus	Cdc20a => 	kvC79 * Cdc20a
vC80	Nucleus	 => Pbi	kvC80
vC81	Nucleus	Pb => Pbi	kC81_1*(kC81_2+(kC81_3*Chk1))*(Pb/(kC81_4+Pb))
vC82	Nucleus	Pbi => Pb	kC82_1*(Mb+kC82_2)*(Pbi/(kC82_3+Pbi))
vC83	Nucleus	Pbi => 	kvC83 * Pbi
vC84	Nucleus	Pb => 	kvC84 * Pb
vC85	Nucleus	 => Wee1	kvC85
vC86	Nucleus	Wee1 => Wee1p	kC86_1*(Mb+kC86_2)*(Wee1/(kC86_3+Wee1))
vC87	Nucleus	Wee1p => Wee1	kC87_1*(Wee1p/(kC87_2+Wee1p))
vC88	Nucleus	Wee1 => 	kvC88 * Wee1
vC89	Nucleus	Wee1p => 	kvC89 * Wee1p
vC90	Nucleus	 => Chk1	kC90_1*ATRac*((kC90_2-Chk1)/(kC90_3+(kC90_2-Chk1)))
vC91	Nucleus	Chk1 => 	kC91_1*(Chk1/(kC91_2+Chk1))
vC92	Nucleus	Ce => 	kvC92 * Ce
vC93	Nucleus	 => p27	kvC93
vC94	Nucleus	 => p27	kvC94
vC95	Nucleus	p27 => 	kvC95 * p27
vC96	Nucleus	Md + p21 => Mdp21	kvC96 * Md * p21
vC97	Nucleus	Mdp21 => Md + p21	kvC97 * Mdp21
vC98	Nucleus	Me + p21 => Mep21	kvC98 * Me * p21
vC99	Nucleus	Mep21 => Me + p21	kvC99 * Mep21
vC100	Nucleus	Ma + p21 => Map21	kvC100 * Ma * p21
vC101	Nucleus	Map21 => Ma + p21	kvC101 * Map21
vC102	Nucleus	Mb + p21 => Mbp21	kvC102 * Mb * p21
vC103	Nucleus	Mbp21 => Mb + p21	kvC103 * Mbp21
vC104	Nucleus	p21 => 	kvC104 * p21
vA1	Cytoplasm	L + R => L_R	kvA1 * L * R
vA2	Cytoplasm	L_R => L + R	kvA2 * L_R
vA3	Cytoplasm	L_R => Ractive	kvA3 * L_R
vA4	Cytoplasm	Ractive + flip => Ractive_flip	kvA4 * Ractive * flip
vA5	Cytoplasm	Ractive_flip => Ractive + flip	kvA5 * Ractive_flip
vA6	Cytoplasm	Ractive + pC8 => Ractive_pC8	kvA6 * Ractive * pC8
vA7	Cytoplasm	Ractive_pC8 => Ractive + pC8	kvA7 * Ractive_pC8
vA8	Cytoplasm	Ractive_pC8 => Ractive + C8	kvA8 * Ractive_pC8
vA9	Cytoplasm	C8 + Bar => C8_Bar	kvA9 * C8 * Bar
vA10	Cytoplasm	C8_Bar => C8 + Bar	kvA10 * C8_Bar
vA11	Cytoplasm	C8 + pC3 => C8_pC3	kvA11 * C8 * pC3
vA12	Cytoplasm	C8_pC3 => C8 + pC3	kvA12 * C8_pC3
vA13	Cytoplasm	C8_pC3 => C8 + C3	kvA13 * C8_pC3
vA14	Cytoplasm	C3 + pC6 => C3_pC6	kvA14 * C3 * pC6
vA15	Cytoplasm	C3_pC6 => C3 + pC6	kvA15 * C3_pC6
vA16	Cytoplasm	C3_pC6 => C3 + C6	kvA16 * C3_pC6
vA17	Cytoplasm	pC8 + C6 => C6_C8	kvA17 * pC8 * C6
vA18	Cytoplasm	C6_C8 => pC8 + C6	kvA18 * C6_C8
vA19	Cytoplasm	C6_C8 => C8 + C6	kvA19 * C6_C8
vA20	Cytoplasm	C3 + XIAP => C3_XIAP	kvA20 * C3 * XIAP
vA21	Cytoplasm	C3_XIAP => C3 + XIAP	kvA21 * C3_XIAP
vA22	Cytoplasm	C3_XIAP => XIAP + C3_Ub	kvA22 * C3_XIAP
vA23	Cytoplasm	C3 + PARP => C3_PARP	kvA23 * C3 * PARP
vA24	Cytoplasm	C3_PARP => C3 + PARP	kvA24 * C3_PARP
vA25	Cytoplasm	C3_PARP => C3 + cPARP	kvA25 * C3_PARP
vA26	Cytoplasm	C8 + Bid => C8_Bid	kvA26 * C8 * Bid
vA27	Cytoplasm	C8_Bid => C8 + Bid	kvA27 * C8_Bid
vA28	Cytoplasm	C8_Bid => C8 + tBid	kvA28 * C8_Bid
vA29	Cytoplasm	tBid + Bcl2c => tBid_Bcl2c	kvA29 * tBid * Bcl2c
vA30	Cytoplasm	tBid_Bcl2c => tBid + Bcl2c	kvA30 * tBid_Bcl2c
vA31	Cytoplasm	tBid + Bax => tBid_Bax	kvA31 * tBid * Bax
vA32	Cytoplasm	tBid_Bax => tBid + Bax	kvA32 * tBid_Bax
vA33	Cytoplasm	tBid_Bax => tBid + Baxactive	kvA33 * tBid_Bax
vA34	Cytoplasm	Baxactive => Baxm	kvA34 * Baxactive
vA35	Mitochondrion	Baxm => Baxactive	kvA35 * Baxm
vA36	Mitochondrion	Baxm + Bcl2 => Baxm_Bcl2	kvA36 * Baxm * Bcl2
vA37	Mitochondrion	Baxm_Bcl2 => Baxm + Bcl2	kvA37 * Baxm_Bcl2
vA38	Mitochondrion	2 Baxm => Bax2	kvA38 * Baxm * Baxm
vA39	Mitochondrion	Bax2 => 2 Baxm	kvA39 * Bax2
vA40	Mitochondrion	Bcl2 + Bax2 => Bax2_Bcl2	kvA40 * Bcl2 * Bax2
vA41	Mitochondrion	Bax2_Bcl2 => Bcl2 + Bax2	kvA41 * Bax2_Bcl2
vA42	Mitochondrion	2 Bax2 => Bax4	kvA42 * Bax2 * Bax2
vA43	Mitochondrion	Bax4 => 2 Bax2	kvA43 * Bax4
vA44	Mitochondrion	Bcl2 + Bax4 => Bax4_Bcl2	kvA44 * Bcl2 * Bax4
vA45	Mitochondrion	Bax4_Bcl2 => Bcl2 + Bax4	kvA45 * Bax4_Bcl2
vA46	Mitochondrion	Bax4 + M => Bax4_M	kvA46 * Bax4 * M
vA47	Mitochondrion	Bax4_M => Bax4 + M	kvA47 * Bax4_M
vA48	Mitochondrion	Bax4_M => Bax4 + Mactive	kvA48 * Bax4_M
vA49	Mitochondrion	Mactive + CytoCm => Mactive_CytoCm	kvA49 * Mactive * CytoCm
vA50	Mitochondrion	Mactive_CytoCm => Mactive + CytoCm	kvA50 * Mactive_CytoCm
vA51	Mitochondrion	Mactive_CytoCm => Mactive + CytoCr	kvA51 * Mactive_CytoCm
vA52	Mitochondrion	Mactive + Smacm => Mactive_Smacm	kvA52 * Mactive * Smacm
vA53	Mitochondrion	Mactive_Smacm => Mactive + Smacm	kvA53 * Mactive_Smacm
vA54	Mitochondrion	Mactive_Smacm => Mactive + Smacr	kvA54 * Mactive_Smacm
vA55	Mitochondrion	CytoCr => CytoC	kvA55 * CytoCr
vA56	Cytoplasm	CytoC => CytoCr	kvA56 * CytoC
vA57	Cytoplasm	CytoC + Apaf => CytoC_Apaf	kvA57 * CytoC * Apaf
vA58	Cytoplasm	CytoC_Apaf => CytoC + Apaf	kvA58 * CytoC_Apaf
vA59	Cytoplasm	CytoC_Apaf => CytoC + Apafactive	kvA59 * CytoC_Apaf
vA60	Cytoplasm	Apafactive + pC9 => Apop	kvA60 * Apafactive * pC9
vA61	Cytoplasm	Apop => Apafactive + pC9	kvA61 * Apop
vA62	Cytoplasm	pC3 + Apop => Apop_C3	kvA62 * pC3 * Apop
vA63	Cytoplasm	Apop_C3 => pC3 + Apop	kvA63 * Apop_C3
vA64	Cytoplasm	Apop_C3 => C3 + Apop	kvA64 * Apop_C3
vA65	Mitochondrion	Smacr => Smac	kvA65 * Smacr
vA66	Cytoplasm	Smac => Smacr	kvA66 * Smac
vA67	Cytoplasm	XIAP + Apop => Apop_XIAP	kvA67 * XIAP * Apop
vA68	Cytoplasm	Apop_XIAP => XIAP + Apop	kvA68 * Apop_XIAP
vA69	Cytoplasm	XIAP + Smac => Smac_XIAP	kvA69 * XIAP * Smac
vA70	Cytoplasm	Smac_XIAP => XIAP + Smac	kvA70 * Smac_XIAP
vA71	Cytoplasm	Bcl2c + BAD => Bcl2c_BAD	kvA71 * Bcl2c * BAD
vA72	Cytoplasm	Bcl2c_BAD => Bcl2c + BAD	kvA72 * Bcl2c_BAD
vA73	Cytoplasm	Bcl2c + PUMA => Bcl2c_PUMA	kvA73 * Bcl2c * PUMA
vA74	Cytoplasm	Bcl2c_PUMA => Bcl2c + PUMA	kvA74 * Bcl2c_PUMA
vA75	Cytoplasm	Bcl2c + NOXA => Bcl2c_NOXA	kvA75 * Bcl2c * NOXA
vA76	Cytoplasm	Bcl2c_NOXA => Bcl2c + NOXA	kvA76 * Bcl2c_NOXA
vA77	Cytoplasm	Bax + BIM => BIM_Bax	kvA77 * Bax * BIM
vA78	Cytoplasm	BIM_Bax => Bax + BIM	kvA78 * BIM_Bax
vA79	Cytoplasm	BIM_Bax => Baxactive + BIM	kvA79 * BIM_Bax
vA80	Cytoplasm	Bcl2c + BIM => Bcl2c_BIM	kvA80 * Bcl2c * BIM
vA81	Cytoplasm	Bcl2c_BIM => Bcl2c + BIM	kvA81 * Bcl2c_BIM
vA82	Mitochondrion	Mactive => M	kvA82 * Mactive
vA83	Mitochondrion	Smacr => Smacm	kvA83 * Smacr
vA84	Mitochondrion	CytoCr => CytoCm	kvA84 * CytoCr
vA85	Cytoplasm	Bcl2c => Bcl2	kvA85 * Bcl2c
vA86	Mitochondrion	Bcl2 => Bcl2c	kvA86 * Bcl2
vA87	Cytoplasm	pC8 => C8	kvA87 * pC8
vR1	Cytoplasm	E + E1 => EE1	kvR1 * E * E1
vR2	Cytoplasm	EE1 => E + E1	kvR2 * EE1
vR3	Cytoplasm	E2 + EE1 => EE1E2	kvR3 * E2 * EE1
vR4	Cytoplasm	EE1E2 => E2 + EE1	kvR4 * EE1E2
vR5	Cytoplasm	E1 + EE1 => EE1E1	kvR5 * E1 * EE1
vR6	Cytoplasm	EE1E1 => E1 + EE1	kvR6 * EE1E1
vR7	Cytoplasm	E + EE1E1 => EE1EE1	kvR7 * E * EE1E1
vR8	Cytoplasm	EE1EE1 => E + EE1E1	kvR8 * EE1EE1
vR9	Cytoplasm	EE1EE1 => 2 EE1	kvR9 * EE1EE1
vR10	Cytoplasm	2 EE1 => EE1EE1	kvR10 * EE1 * EE1
vR11	Cytoplasm	E3 + EE1 => EE1E3	kvR11 * E3 * EE1
vR12	Cytoplasm	EE1E3 => E3 + EE1	kvR12 * EE1E3
vR13	Cytoplasm	H + EE1E3 => EE1HE3	kvR13 * H * EE1E3
vR14	Cytoplasm	EE1HE3 => H + EE1E3	kvR14 * EE1HE3
vR15	Cytoplasm	EE1HE3 => EE1 + HE3	kvR15 * EE1HE3
vR16	Cytoplasm	EE1 + HE3 => EE1HE3	kvR16 * EE1 * HE3
vR17	Cytoplasm	Ev3 + EE1 => EE1Ev3	kvR17 * Ev3 * EE1
vR18	Cytoplasm	EE1Ev3 => Ev3 + EE1	kvR18 * EE1Ev3
vR19	Cytoplasm	E4 + EE1 => EE1E4	kvR19 * E4 * EE1
vR20	Cytoplasm	EE1E4 => E4 + EE1	kvR20 * EE1E4
vR21	Cytoplasm	H + EE1E4 => EE1HE4	kvR21 * H * EE1E4
vR22	Cytoplasm	EE1HE4 => H + EE1E4	kvR22 * EE1HE4
vR23	Cytoplasm	EE1HE4 => EE1 + HE4	kvR23 * EE1HE4
vR24	Cytoplasm	EE1 + HE4 => EE1HE4	kvR24 * EE1 * HE4
vR25	Cytoplasm	H + E3 => HE3	kvR25 * H * E3
vR26	Cytoplasm	HE3 => H + E3	kvR26 * HE3
vR27	Cytoplasm	E2 + HE3 => E2HE3	kvR27 * E2 * HE3
vR28	Cytoplasm	E2HE3 => E2 + HE3	kvR28 * E2HE3
vR29	Cytoplasm	E1 + HE3 => E1HE3	kvR29 * E1 * HE3
vR30	Cytoplasm	E1HE3 => E1 + HE3	kvR30 * E1HE3
vR31	Cytoplasm	E + E1HE3 => EE1HE3	kvR31 * E * E1HE3
vR32	Cytoplasm	EE1HE3 => E + E1HE3	kvR32 * EE1HE3
vR33	Cytoplasm	E3 + HE3 => HE3E3	kvR33 * E3 * HE3
vR34	Cytoplasm	HE3E3 => E3 + HE3	kvR34 * HE3E3
vR35	Cytoplasm	H + HE3E3 => HE3HE3	kvR35 * H * HE3E3
vR36	Cytoplasm	HE3HE3 => H + HE3E3	kvR36 * HE3HE3
vR37	Cytoplasm	HE3HE3 => 2 HE3	kvR37 * HE3HE3
vR38	Cytoplasm	2 HE3 => HE3HE3	kvR38 * HE3 * HE3
vR39	Cytoplasm	Ev3 + HE3 => HE3Ev3	kvR39 * Ev3 * HE3
vR40	Cytoplasm	HE3Ev3 => Ev3 + HE3	kvR40 * HE3Ev3
vR41	Cytoplasm	E4 + HE3 => HE3E4	kvR41 * E4 * HE3
vR42	Cytoplasm	HE3E4 => E4 + HE3	kvR42 * HE3E4
vR43	Cytoplasm	H + HE3E4 => HE3HE4	kvR43 * H * HE3E4
vR44	Cytoplasm	HE3HE4 => H + HE3E4	kvR44 * HE3HE4
vR45	Cytoplasm	HE3HE4 => HE3 + HE4	kvR45 * HE3HE4
vR46	Cytoplasm	HE3 + HE4 => HE3HE4	kvR46 * HE3 * HE4
vR47	Cytoplasm	H + E4 => HE4	kvR47 * H * E4
vR48	Cytoplasm	HE4 => H + E4	kvR48 * HE4
vR49	Cytoplasm	E2 + HE4 => E2HE4	kvR49 * E2 * HE4
vR50	Cytoplasm	E2HE4 => E2 + HE4	kvR50 * E2HE4
vR51	Cytoplasm	E1 + HE4 => E1HE4	kvR51 * E1 * HE4
vR52	Cytoplasm	E1HE4 => E1 + HE4	kvR52 * E1HE4
vR53	Cytoplasm	E + E1HE4 => EE1HE4	kvR53 * E * E1HE4
vR54	Cytoplasm	EE1HE4 => E + E1HE4	kvR54 * EE1HE4
vR55	Cytoplasm	E3 + HE4 => E3HE4	kvR55 * E3 * HE4
vR56	Cytoplasm	E3HE4 => E3 + HE4	kvR56 * E3HE4
vR57	Cytoplasm	H + E3HE4 => HE3HE4	kvR57 * H * E3HE4
vR58	Cytoplasm	HE3HE4 => H + E3HE4	kvR58 * HE3HE4
vR59	Cytoplasm	Ev3 + HE4 => HE4Ev3	kvR59 * Ev3 * HE4
vR60	Cytoplasm	HE4Ev3 => Ev3 + HE4	kvR60 * HE4Ev3
vR61	Cytoplasm	E4 + HE4 => HE4E4	kvR61 * E4 * HE4
vR62	Cytoplasm	HE4E4 => E4 + HE4	kvR62 * HE4E4
vR63	Cytoplasm	H + HE4E4 => HE4HE4	kvR63 * H * HE4E4
vR64	Cytoplasm	HE4HE4 => H + HE4E4	kvR64 * HE4HE4
vR65	Cytoplasm	HE4HE4 => 2 HE4	kvR65 * HE4HE4
vR66	Cytoplasm	2 HE4 => HE4HE4	kvR66 * HE4 * HE4
vR67	Cytoplasm	E1 + ppERK => E1_ppERK	kvR67 * E1 * ppERK
vR68	Cytoplasm	pE1 => E1	kvR68 * pE1
vR69	Cytoplasm	E2 + ppERK => E2_ppERK	kvR69 * E2 * ppERK
vR70	Cytoplasm	pE2 => E2	kvR70 * pE2
vR71	Cytoplasm	E4 + ppERK => E4_ppERK	kvR71 * E4 * ppERK
vR72	Cytoplasm	pE4 => E4	kvR72 * pE4
vR73	Cytoplasm	HGF + Met => HGF_Met	kvR73 * HGF * Met
vR74	Cytoplasm	HGF_Met => HGF + Met	kvR74 * HGF_Met
vR75	Cytoplasm	Met + HGF_Met => HGF_Met_Met	kvR75 * Met * HGF_Met
vR76	Cytoplasm	HGF_Met_Met => Met + HGF_Met	kvR76 * HGF_Met_Met
vR77	Cytoplasm	HGF + HGF_Met_Met => HGF_Met_HGF_Met	kvR77 * HGF * HGF_Met_Met
vR78	Cytoplasm	HGF_Met_HGF_Met => HGF + HGF_Met_Met	kvR78 * HGF_Met_HGF_Met
vR79	Cytoplasm	HGF_Met_HGF_Met => 2 HGF_Met	kvR79 * HGF_Met_HGF_Met
vR80	Cytoplasm	2 HGF_Met => HGF_Met_HGF_Met	kvR80 * HGF_Met * HGF_Met
vR81	Cytoplasm	P + Pr => PPr	kvR81 * P * Pr
vR82	Cytoplasm	PPr => P + Pr	kvR82 * PPr
vR83	Cytoplasm	2 PPr => PPrPPr	kvR83 * PPr * PPr
vR84	Cytoplasm	PPrPPr => 2 PPr	kvR84 * PPrPPr
vR85	Cytoplasm	PPrPPr => P + PPrPr	kvR85 * PPrPPr
vR86	Cytoplasm	PPrPr => Pr + PPr	kvR86 * PPrPr
vR87	Cytoplasm	F + Fr => FFr	kvR87 * F * Fr
vR88	Cytoplasm	FFr => F + Fr	kvR88 * FFr
vR89	Cytoplasm	2 FFr => FFrFFr	kvR89 * FFr * FFr
vR90	Cytoplasm	FFrFFr => 2 FFr	kvR90 * FFrFFr
vR91	Cytoplasm	FFrFFr => F + FFrFr	kvR91 * FFrFFr
vR92	Cytoplasm	F + FFrFr => FFrFFr	kvR92 * F * FFrFr
vR93	Cytoplasm	FFrFr => Fr + FFr	kvR93 * FFrFr
vR94	Cytoplasm	Fr + FFr => FFrFr	kvR94 * Fr * FFr
vR95	Cytoplasm	2 Ir => IrIr	kvR95 * Ir * Ir
vR96	Cytoplasm	IrIr => 2 Ir	kvR96 * IrIr
vR97	Cytoplasm	2 Isr => Isr_Isr	kvR97 * Isr * Isr
vR98	Cytoplasm	Isr_Isr => 2 Isr	kvR98 * Isr_Isr
vR99	Cytoplasm	E1_ppERK => E1 + ppERK	kvR99 * E1_ppERK
vR100	Cytoplasm	E1_ppERK => pE1 + ppERK	kvR100 * E1_ppERK
vR101	Cytoplasm	E2_ppERK => E2 + ppERK	kvR101 * E2_ppERK
vR102	Cytoplasm	E2_ppERK => pE2 + ppERK	kvR102 * E2_ppERK
vR103	Cytoplasm	E4_ppERK => E4 + ppERK	kvR103 * E4_ppERK
vR104	Cytoplasm	E4_ppERK => pE4 + ppERK	kvR104 * E4_ppERK
vR105	Cytoplasm	2 E1 => E1E1	kvR105 * E1 * E1
vR106	Cytoplasm	E1E1 => 2 E1	kvR106 * E1E1
vR107	Cytoplasm	E1 + E2 => E1E2	kvR107 * E1 * E2
vR108	Cytoplasm	E1E2 => E1 + E2	kvR108 * E1E2
vR109	Cytoplasm	E1 + E3 => E1E3	kvR109 * E1 * E3
vR110	Cytoplasm	E1E3 => E1 + E3	kvR110 * E1E3
vR111	Cytoplasm	E1 + E4 => E1E4	kvR111 * E1 * E4
vR112	Cytoplasm	E1E4 => E1 + E4	kvR112 * E1E4
vR113	Cytoplasm	2 E2 => E2E2	kvR113 * E2 * E2
vR114	Cytoplasm	E2E2 => 2 E2	kvR114 * E2E2
vR115	Cytoplasm	E2 + E3 => E2E3	kvR115 * E2 * E3
vR116	Cytoplasm	E2E3 => E2 + E3	kvR116 * E2E3
vR117	Cytoplasm	E2 + E4 => E2E4	kvR117 * E2 * E4
vR118	Cytoplasm	E2E4 => E2 + E4	kvR118 * E2E4
vR119	Cytoplasm	E3 + E4 => E3E4	kvR119 * E3 * E4
vR120	Cytoplasm	E3E4 => E3 + E4	kvR120 * E3E4
vR121	Cytoplasm	2 E4 => E4E4	kvR121 * E4 * E4
vR122	Cytoplasm	E4E4 => 2 E4	kvR122 * E4E4
vR123	Cytoplasm	E + E1E1 => EE1E1	kvR123 * E * E1E1
vR124	Cytoplasm	EE1E1 => E + E1E1	kvR124 * EE1E1
vR125	Cytoplasm	E + E1E2 => EE1E2	kvR125 * E * E1E2
vR126	Cytoplasm	EE1E2 => E + E1E2	kvR126 * EE1E2
vR127	Cytoplasm	E + E1E3 => EE1E3	kvR127 * E * E1E3
vR128	Cytoplasm	EE1E3 => E + E1E3	kvR128 * EE1E3
vR129	Cytoplasm	H + E1E3 => E1HE3	kvR129 * H * E1E3
vR130	Cytoplasm	E1HE3 => H + E1E3	kvR130 * E1HE3
vR131	Cytoplasm	E + E1E4 => EE1E4	kvR131 * E * E1E4
vR132	Cytoplasm	EE1E4 => E + E1E4	kvR132 * EE1E4
vR133	Cytoplasm	H + E1E4 => E1HE4	kvR133 * H * E1E4
vR134	Cytoplasm	E1HE4 => H + E1E4	kvR134 * E1HE4
vR135	Cytoplasm	H + E2E3 => E2HE3	kvR135 * H * E2E3
vR136	Cytoplasm	E2HE3 => H + E2E3	kvR136 * E2HE3
vR137	Cytoplasm	H + E2E4 => E2HE4	kvR137 * H * E2E4
vR138	Cytoplasm	E2HE4 => H + E2E4	kvR138 * E2HE4
vR139	Cytoplasm	H + E3E4 => E3HE4	kvR139 * H * E3E4
vR140	Cytoplasm	E3HE4 => H + E3E4	kvR140 * E3HE4
vR141	Cytoplasm	H + E4E4 => HE4E4	kvR141 * H * E4E4
vR142	Cytoplasm	HE4E4 => H + E4E4	kvR142 * HE4E4
vR143	Cytoplasm	2 Met => Met_Met	kvR143 * Met * Met
vR144	Cytoplasm	Met_Met => 2 Met	kvR144 * Met_Met
vR145	Cytoplasm	HGF + Met_Met => HGF_Met_Met	kvR145 * HGF * Met_Met
vR146	Cytoplasm	HGF_Met_Met => HGF + Met_Met	kvR146 * HGF_Met_Met
vR147	Cytoplasm	2 Fr => FrFr	kvR147 * Fr * Fr
vR148	Cytoplasm	FrFr => 2 Fr	kvR148 * FrFr
vR149	Cytoplasm	F + FrFr => FFrFr	kvR149 * F * FrFr
vR150	Cytoplasm	FFrFr => F + FrFr	kvR150 * FFrFr
vR151	Cytoplasm	I + IrIr => IIrIr	kvR151 * I * IrIr
vR152	Cytoplasm	IIrIr => I + IrIr	kvR152 * IIrIr
vR153	Cytoplasm	I + IIrIr => IIrIrI	kvR153 * I * IIrIr
vR154	Cytoplasm	IIrIrI => I + IIrIr	kvR154 * IIrIrI
vR155	Cytoplasm	INS + Isr_Isr => INS_Isr_Isr	kvR155 * INS * Isr_Isr
vR156	Cytoplasm	INS_Isr_Isr => INS + Isr_Isr	kvR156 * INS_Isr_Isr
vR157	Cytoplasm	INS + INS_Isr_Isr => INS_Isr_Isr_INS	kvR157 * INS * INS_Isr_Isr
vR158	Cytoplasm	INS_Isr_Isr_INS => INS + INS_Isr_Isr	kvR158 * INS_Isr_Isr_INS
vRP1_1	Cytoplasm	EE1E2 => pEE1E2	kvRP1_1 * EE1E2
vRP1_2	Cytoplasm	EE1Ev3 => pEE1Ev3	kvRP1_2 * EE1Ev3
vRP1_3	Cytoplasm	EE1E1 => pEE1E1	kvRP1_3 * EE1E1
vRP1_4	Cytoplasm	EE1EE1 => pEE1EE1	kvRP1_4 * EE1EE1
vRP1_5	Cytoplasm	EE1E3 => pEE1E3	kvRP1_5 * EE1E3
vRP1_6	Cytoplasm	EE1HE3 => pEE1HE3	kvRP1_6 * EE1HE3
vRP1_7	Cytoplasm	EE1E4 => pEE1E4	kvRP1_7 * EE1E4
vRP1_8	Cytoplasm	EE1HE4 => pEE1HE4	kvRP1_8 * EE1HE4
vRP1_9	Cytoplasm	E2HE3 => pE2HE3	kvRP1_9 * E2HE3
vRP1_10	Cytoplasm	HE3Ev3 => pHE3Ev3	kvRP1_10 * HE3Ev3
vRP1_11	Cytoplasm	E1HE3 => pE1HE3	kvRP1_11 * E1HE3
vRP1_12	Cytoplasm	HE3E4 => pHE3E4	kvRP1_12 * HE3E4
vRP1_13	Cytoplasm	HE3HE4 => pHE3HE4	kvRP1_13 * HE3HE4
vRP1_14	Cytoplasm	E2HE4 => pE2HE4	kvRP1_14 * E2HE4
vRP1_15	Cytoplasm	HE4Ev3 => pHE4Ev3	kvRP1_15 * HE4Ev3
vRP1_16	Cytoplasm	E1HE4 => pE1HE4	kvRP1_16 * E1HE4
vRP1_17	Cytoplasm	E3HE4 => pE3HE4	kvRP1_17 * E3HE4
vRP1_18	Cytoplasm	HE4E4 => pHE4E4	kvRP1_18 * HE4E4
vRP1_19	Cytoplasm	HE4HE4 => pHE4HE4	kvRP1_19 * HE4HE4
vRP1_20	Cytoplasm	HGF_Met_Met => pHGF_Met_Met	kvRP1_20 * HGF_Met_Met
vRP1_21	Cytoplasm	HGF_Met_HGF_Met => pHGF_Met_HGF_Met	kvRP1_21 * HGF_Met_HGF_Met
vRP1_22	Cytoplasm	PPrPPr => pPPrPPr	kvRP1_22 * PPrPPr
vRP1_23	Cytoplasm	PPrPr => pPPrPr	kvRP1_23 * PPrPr
vRP1_24	Cytoplasm	FFrFFr => pFFrFFr	kvRP1_24 * FFrFFr
vRP1_25	Cytoplasm	FFrFr => pFFrFr	kvRP1_25 * FFrFr
vRP1_26	Cytoplasm	IIrIr => pIIrIr	kvRP1_26 * IIrIr
vRP1_27	Cytoplasm	INS_Isr_Isr => pINS_Isr_Isr	kvRP1_27 * INS_Isr_Isr
vRP1_28	Cytoplasm	IIrIrI => pIIrIrI	kvRP1_28 * IIrIrI
vRP1_29	Cytoplasm	INS_Isr_Isr_INS => pINS_Isr_Isr_INS	kvRP1_29 * INS_Isr_Isr_INS
vRP2_1	Cytoplasm	pEE1E2 => EE1E2	kvRP2_1 * pEE1E2
vRP2_2	Cytoplasm	pEE1Ev3 => EE1Ev3	kvRP2_2 * pEE1Ev3
vRP2_3	Cytoplasm	pEE1E1 => EE1E1	kvRP2_3 * pEE1E1
vRP2_4	Cytoplasm	pEE1EE1 => EE1EE1	kvRP2_4 * pEE1EE1
vRP2_5	Cytoplasm	pEE1E3 => EE1E3	kvRP2_5 * pEE1E3
vRP2_6	Cytoplasm	pEE1HE3 => EE1HE3	kvRP2_6 * pEE1HE3
vRP2_7	Cytoplasm	pEE1E4 => EE1E4	kvRP2_7 * pEE1E4
vRP2_8	Cytoplasm	pEE1HE4 => EE1HE4	kvRP2_8 * pEE1HE4
vRP2_9	Cytoplasm	pE2HE3 => E2HE3	kvRP2_9 * pE2HE3
vRP2_10	Cytoplasm	pHE3Ev3 => HE3Ev3	kvRP2_10 * pHE3Ev3
vRP2_11	Cytoplasm	pE1HE3 => E1HE3	kvRP2_11 * pE1HE3
vRP2_12	Cytoplasm	pHE3E4 => HE3E4	kvRP2_12 * pHE3E4
vRP2_13	Cytoplasm	pHE3HE4 => HE3HE4	kvRP2_13 * pHE3HE4
vRP2_14	Cytoplasm	pE2HE4 => E2HE4	kvRP2_14 * pE2HE4
vRP2_15	Cytoplasm	pHE4Ev3 => HE4Ev3	kvRP2_15 * pHE4Ev3
vRP2_16	Cytoplasm	pE1HE4 => E1HE4	kvRP2_16 * pE1HE4
vRP2_17	Cytoplasm	pE3HE4 => E3HE4	kvRP2_17 * pE3HE4
vRP2_18	Cytoplasm	pHE4E4 => HE4E4	kvRP2_18 * pHE4E4
vRP2_19	Cytoplasm	pHE4HE4 => HE4HE4	kvRP2_19 * pHE4HE4
vRP2_20	Cytoplasm	pHGF_Met_Met => HGF_Met_Met	kvRP2_20 * pHGF_Met_Met
vRP2_21	Cytoplasm	pHGF_Met_HGF_Met => HGF_Met_HGF_Met	kvRP2_21 * pHGF_Met_HGF_Met
vRP2_22	Cytoplasm	pPPrPPr => PPrPPr	kvRP2_22 * pPPrPPr
vRP2_23	Cytoplasm	pPPrPr => PPrPr	kvRP2_23 * pPPrPr
vRP2_24	Cytoplasm	pFFrFFr => FFrFFr	kvRP2_24 * pFFrFFr
vRP2_25	Cytoplasm	pFFrFr => FFrFr	kvRP2_25 * pFFrFr
vRP2_26	Cytoplasm	pIIrIr => IIrIr	kvRP2_26 * pIIrIr
vRP2_27	Cytoplasm	pINS_Isr_Isr => INS_Isr_Isr	kvRP2_27 * pINS_Isr_Isr
vRP2_28	Cytoplasm	pIIrIrI => IIrIrI	kvRP2_28 * pIIrIrI
vRP2_29	Cytoplasm	pINS_Isr_Isr_INS => INS_Isr_Isr_INS	kvRP2_29 * pINS_Isr_Isr_INS
vRP3_1	Cytoplasm	EE1E2 + Sp => Sp_EE1E2	kvRP3_1 * EE1E2 * Sp
vRP3_2	Cytoplasm	EE1Ev3 + Sp => Sp_EE1Ev3	kvRP3_2 * EE1Ev3 * Sp
vRP3_3	Cytoplasm	EE1E1 + Sp => Sp_EE1E1	kvRP3_3 * EE1E1 * Sp
vRP3_4	Cytoplasm	EE1EE1 + Sp => Sp_EE1EE1	kvRP3_4 * EE1EE1 * Sp
vRP3_5	Cytoplasm	EE1E3 + Sp => Sp_EE1E3	kvRP3_5 * EE1E3 * Sp
vRP3_6	Cytoplasm	EE1HE3 + Sp => Sp_EE1HE3	kvRP3_6 * EE1HE3 * Sp
vRP3_7	Cytoplasm	EE1E4 + Sp => Sp_EE1E4	kvRP3_7 * EE1E4 * Sp
vRP3_8	Cytoplasm	EE1HE4 + Sp => Sp_EE1HE4	kvRP3_8 * EE1HE4 * Sp
vRP3_9	Cytoplasm	E2HE3 + Sp => Sp_E2HE3	kvRP3_9 * E2HE3 * Sp
vRP3_10	Cytoplasm	HE3Ev3 + Sp => Sp_HE3Ev3	kvRP3_10 * HE3Ev3 * Sp
vRP3_11	Cytoplasm	E1HE3 + Sp => Sp_E1HE3	kvRP3_11 * E1HE3 * Sp
vRP3_12	Cytoplasm	HE3E4 + Sp => Sp_HE3E4	kvRP3_12 * HE3E4 * Sp
vRP3_13	Cytoplasm	HE3HE4 + Sp => Sp_HE3HE4	kvRP3_13 * HE3HE4 * Sp
vRP3_14	Cytoplasm	E2HE4 + Sp => Sp_E2HE4	kvRP3_14 * E2HE4 * Sp
vRP3_15	Cytoplasm	HE4Ev3 + Sp => Sp_HE4Ev3	kvRP3_15 * HE4Ev3 * Sp
vRP3_16	Cytoplasm	E1HE4 + Sp => Sp_E1HE4	kvRP3_16 * E1HE4 * Sp
vRP3_17	Cytoplasm	E3HE4 + Sp => Sp_E3HE4	kvRP3_17 * E3HE4 * Sp
vRP3_18	Cytoplasm	HE4E4 + Sp => Sp_HE4E4	kvRP3_18 * HE4E4 * Sp
vRP3_19	Cytoplasm	HE4HE4 + Sp => Sp_HE4HE4	kvRP3_19 * HE4HE4 * Sp
vRP3_20	Cytoplasm	HGF_Met_Met + Sp => Sp_HGF_Met_Met	kvRP3_20 * HGF_Met_Met * Sp
vRP3_21	Cytoplasm	HGF_Met_HGF_Met + Sp => Sp_HGF_Met_HGF_Met	kvRP3_21 * HGF_Met_HGF_Met * Sp
vRP3_22	Cytoplasm	PPrPPr + Sp => Sp_PPrPPr	kvRP3_22 * PPrPPr * Sp
vRP3_23	Cytoplasm	PPrPr + Sp => Sp_PPrPr	kvRP3_23 * PPrPr * Sp
vRP3_24	Cytoplasm	FFrFFr + Sp => Sp_FFrFFr	kvRP3_24 * FFrFFr * Sp
vRP3_25	Cytoplasm	FFrFr + Sp => Sp_FFrFr	kvRP3_25 * FFrFr * Sp
vRP3_26	Cytoplasm	IIrIr + Sp => Sp_IIrIr	kvRP3_26 * IIrIr * Sp
vRP3_27	Cytoplasm	INS_Isr_Isr + Sp => Sp_INS_Isr_Isr	kvRP3_27 * INS_Isr_Isr * Sp
vRP3_28	Cytoplasm	IIrIrI + Sp => Sp_IIrIrI	kvRP3_28 * IIrIrI * Sp
vRP3_29	Cytoplasm	INS_Isr_Isr_INS + Sp => Sp_INS_Isr_Isr_INS	kvRP3_29 * INS_Isr_Isr_INS * Sp
vRP4_1	Cytoplasm	Sp_EE1E2 => EE1E2 + Sp	kvRP4_1 * Sp_EE1E2
vRP4_2	Cytoplasm	Sp_EE1Ev3 => EE1Ev3 + Sp	kvRP4_2 * Sp_EE1Ev3
vRP4_3	Cytoplasm	Sp_EE1E1 => EE1E1 + Sp	kvRP4_3 * Sp_EE1E1
vRP4_4	Cytoplasm	Sp_EE1EE1 => EE1EE1 + Sp	kvRP4_4 * Sp_EE1EE1
vRP4_5	Cytoplasm	Sp_EE1E3 => EE1E3 + Sp	kvRP4_5 * Sp_EE1E3
vRP4_6	Cytoplasm	Sp_EE1HE3 => EE1HE3 + Sp	kvRP4_6 * Sp_EE1HE3
vRP4_7	Cytoplasm	Sp_EE1E4 => EE1E4 + Sp	kvRP4_7 * Sp_EE1E4
vRP4_8	Cytoplasm	Sp_EE1HE4 => EE1HE4 + Sp	kvRP4_8 * Sp_EE1HE4
vRP4_9	Cytoplasm	Sp_E2HE3 => E2HE3 + Sp	kvRP4_9 * Sp_E2HE3
vRP4_10	Cytoplasm	Sp_HE3Ev3 => HE3Ev3 + Sp	kvRP4_10 * Sp_HE3Ev3
vRP4_11	Cytoplasm	Sp_E1HE3 => E1HE3 + Sp	kvRP4_11 * Sp_E1HE3
vRP4_12	Cytoplasm	Sp_HE3E4 => HE3E4 + Sp	kvRP4_12 * Sp_HE3E4
vRP4_13	Cytoplasm	Sp_HE3HE4 => HE3HE4 + Sp	kvRP4_13 * Sp_HE3HE4
vRP4_14	Cytoplasm	Sp_E2HE4 => E2HE4 + Sp	kvRP4_14 * Sp_E2HE4
vRP4_15	Cytoplasm	Sp_HE4Ev3 => HE4Ev3 + Sp	kvRP4_15 * Sp_HE4Ev3
vRP4_16	Cytoplasm	Sp_E1HE4 => E1HE4 + Sp	kvRP4_16 * Sp_E1HE4
vRP4_17	Cytoplasm	Sp_E3HE4 => E3HE4 + Sp	kvRP4_17 * Sp_E3HE4
vRP4_18	Cytoplasm	Sp_HE4E4 => HE4E4 + Sp	kvRP4_18 * Sp_HE4E4
vRP4_19	Cytoplasm	Sp_HE4HE4 => HE4HE4 + Sp	kvRP4_19 * Sp_HE4HE4
vRP4_20	Cytoplasm	Sp_HGF_Met_Met => HGF_Met_Met + Sp	kvRP4_20 * Sp_HGF_Met_Met
vRP4_21	Cytoplasm	Sp_HGF_Met_HGF_Met => HGF_Met_HGF_Met + Sp	kvRP4_21 * Sp_HGF_Met_HGF_Met
vRP4_22	Cytoplasm	Sp_PPrPPr => PPrPPr + Sp	kvRP4_22 * Sp_PPrPPr
vRP4_23	Cytoplasm	Sp_PPrPr => PPrPr + Sp	kvRP4_23 * Sp_PPrPr
vRP4_24	Cytoplasm	Sp_FFrFFr => FFrFFr + Sp	kvRP4_24 * Sp_FFrFFr
vRP4_25	Cytoplasm	Sp_FFrFr => FFrFr + Sp	kvRP4_25 * Sp_FFrFr
vRP4_26	Cytoplasm	Sp_IIrIr => IIrIr + Sp	kvRP4_26 * Sp_IIrIr
vRP4_27	Cytoplasm	Sp_INS_Isr_Isr => INS_Isr_Isr + Sp	kvRP4_27 * Sp_INS_Isr_Isr
vRP4_28	Cytoplasm	Sp_IIrIrI => IIrIrI + Sp	kvRP4_28 * Sp_IIrIrI
vRP4_29	Cytoplasm	Sp_INS_Isr_Isr_INS => INS_Isr_Isr_INS + Sp	kvRP4_29 * Sp_INS_Isr_Isr_INS
vRP5_1	Cytoplasm	pEE1E2 => pEE1E2int	(kRP51_1*((pEE1E2/(kRP51_2+pEE1E2))*Cbl))+(kRP51_3*pEE1E2)
vRP5_2	Cytoplasm	pEE1Ev3 => pEE1Ev3int	(kRP52_1*(pEE1Ev3/(kRP52_2+pEE1Ev3))*Cbl)+(kRP52_3*pEE1Ev3)
vRP5_3	Cytoplasm	pEE1E1 => pEE1E1int	(kRP53_1*(pEE1E1/(kRP53_2+pEE1E1))*Cbl)+(kRP53_3*pEE1E1)
vRP5_4	Cytoplasm	pEE1EE1 => pEE1EE1int	(kRP54_1*(pEE1EE1/(kRP54_2+pEE1EE1))*Cbl)+(kRP54_3*pEE1EE1)
vRP5_5	Cytoplasm	pEE1E3 => pEE1E3int	(kRP55_1*(pEE1E3/(kRP55_2+pEE1E3))*Cbl)+(kRP55_3*pEE1E3)
vRP5_6	Cytoplasm	pEE1HE3 => pEE1HE3int	(kRP56_1*(pEE1HE3/(kRP56_2+pEE1HE3))*Cbl)+(kRP56_3*pEE1HE3)
vRP5_7	Cytoplasm	pEE1E4 => pEE1E4int	(kRP57_1*(pEE1E4/(kRP57_2+pEE1E4))*Cbl)+(kRP57_3*pEE1E4)
vRP5_8	Cytoplasm	pEE1HE4 => pEE1HE4int	(kRP58_1*(pEE1HE4/(kRP58_2+pEE1HE4))*Cbl)+(kRP58_3*pEE1HE4)
vRP5_9	Cytoplasm	pE2HE3 => pE2HE3int	(kRP59_1*(pE2HE3/(kRP59_2+pE2HE3))*Cbl)+(kRP59_3*pE2HE3)
vRP5_10	Cytoplasm	pHE3Ev3 => pHE3Ev3int	(kRP510_1*(pHE3Ev3/(kRP510_2+pHE3Ev3))*Cbl)+(kRP510_3*pHE3Ev3)
vRP5_11	Cytoplasm	pE1HE3 => pE1HE3int	(kRP511_1*(pE1HE3/(kRP511_2+pE1HE3))*Cbl)+(kRP511_3*pE1HE3)
vRP5_12	Cytoplasm	pHE3E4 => pHE3E4int	(kRP512_1*(pHE3E4/(kRP512_2+pHE3E4))*Cbl)+(kRP512_3*pHE3E4)
vRP5_13	Cytoplasm	pHE3HE4 => pHE3HE4int	(kRP513_1*(pHE3HE4/(kRP513_2+pHE3HE4))*Cbl)+(kRP513_3*pHE3HE4)
vRP5_14	Cytoplasm	pE2HE4 => pE2HE4int	(kRP514_1*(pE2HE4/(kRP514_2+pE2HE4))*Cbl)+(kRP514_3*pE2HE4)
vRP5_15	Cytoplasm	pHE4Ev3 => pHE4Ev3int	(kRP515_1*(pHE4Ev3/(kRP515_2+pHE4Ev3))*Cbl)+(kRP515_3*pHE4Ev3)
vRP5_16	Cytoplasm	pE1HE4 => pE1HE4int	(kRP516_1*(pE1HE4/(kRP516_2+pE1HE4))*Cbl)+(kRP516_3*pE1HE4)
vRP5_17	Cytoplasm	pE3HE4 => pE3HE4int	(kRP517_1*(pE3HE4/(kRP517_2+pE3HE4))*Cbl)+(kRP517_3*pE3HE4)
vRP5_18	Cytoplasm	pHE4E4 => pHE4E4int	(kRP518_1*(pHE4E4/(kRP518_2+pHE4E4))*Cbl)+(kRP518_3*pHE4E4)
vRP5_19	Cytoplasm	pHE4HE4 => pHE4HE4int	(kRP519_1*(pHE4HE4/(kRP519_2+pHE4HE4))*Cbl)+(kRP519_3*pHE4HE4)
vRP5_20	Cytoplasm	pHGF_Met_Met => pHGF_Met_Metint	(kRP520_1*(pHGF_Met_Met/(kRP520_2+pHGF_Met_Met))*Cbl)+(kRP520_3*pHGF_Met_Met)
vRP5_21	Cytoplasm	pHGF_Met_HGF_Met => pHGF_Met_HGF_Metint	(kRP521_1*(pHGF_Met_HGF_Met/(kRP521_2+pHGF_Met_HGF_Met))*Cbl)+(kRP521_3*pHGF_Met_HGF_Met)
vRP5_22	Cytoplasm	pPPrPPr => pPPrPPrint	(kRP522_1*(pPPrPPr/(kRP522_2+pPPrPPr))*Cbl)+(kRP522_3*pPPrPPr)
vRP5_23	Cytoplasm	pPPrPr => pPPrPrint	(kRP523_1*(pPPrPr/(kRP523_2+pPPrPr))*Cbl)+(kRP523_3*pPPrPr)
vRP5_24	Cytoplasm	pFFrFFr => pFFrFFrint	(kRP524_1*(pFFrFFr/(kRP524_2+pFFrFFr))*Cbl)+(kRP524_3*pFFrFFr)
vRP5_25	Cytoplasm	pFFrFr => pFFrFrint	(kRP525_1*(pFFrFr/(kRP525_2+pFFrFr))*Cbl)+(kRP525_3*pFFrFr)
vRP5_26	Cytoplasm	pIIrIr => pIIrIr_int	(kRP526_1*(pIIrIr/(kRP526_2+pIIrIr))*Cbl)+(kRP526_3*pIIrIr)
vRP5_27	Cytoplasm	pINS_Isr_Isr => pINS_Isr_Isr_int	(kRP527_1*(pINS_Isr_Isr/(kRP527_2+pINS_Isr_Isr))*Cbl)+(kRP527_3*pINS_Isr_Isr)
vRP5_28	Cytoplasm	pIIrIrI => pIIrIrI_int	(kRP528_1*(pIIrIrI/(kRP528_2+pIIrIrI))*Cbl)+(kRP528_3*pIIrIrI)
vRP5_29	Cytoplasm	pINS_Isr_Isr_INS => pINS_Isr_Isr_INS_int	(kRP529_1*(pINS_Isr_Isr_INS/(kRP529_2+pINS_Isr_Isr_INS))*Cbl)+(kRP529_3*pINS_Isr_Isr_INS)
vRP6_1	Cytoplasm	pEE1E2int => EE1E2int	kvRP6_1 * pEE1E2int
vRP6_2	Cytoplasm	pEE1Ev3int => EE1Ev3int	kvRP6_2 * pEE1Ev3int
vRP6_3	Cytoplasm	pEE1E1int => EE1E1int	kvRP6_3 * pEE1E1int
vRP6_4	Cytoplasm	pEE1EE1int => EE1EE1int	kvRP6_4 * pEE1EE1int
vRP6_5	Cytoplasm	pEE1E3int => EE1E3int	kvRP6_5 * pEE1E3int
vRP6_6	Cytoplasm	pEE1HE3int => EE1HE3int	kvRP6_6 * pEE1HE3int
vRP6_7	Cytoplasm	pEE1E4int => EE1E4int	kvRP6_7 * pEE1E4int
vRP6_8	Cytoplasm	pEE1HE4int => EE1HE4int	kvRP6_8 * pEE1HE4int
vRP6_9	Cytoplasm	pE2HE3int => E2HE3int	kvRP6_9 * pE2HE3int
vRP6_10	Cytoplasm	pHE3Ev3int => HE3Ev3int	kvRP6_10 * pHE3Ev3int
vRP6_11	Cytoplasm	pE1HE3int => E1HE3int	kvRP6_11 * pE1HE3int
vRP6_12	Cytoplasm	pHE3E4int => HE3E4int	kvRP6_12 * pHE3E4int
vRP6_13	Cytoplasm	pHE3HE4int => HE3HE4int	kvRP6_13 * pHE3HE4int
vRP6_14	Cytoplasm	pE2HE4int => E2HE4int	kvRP6_14 * pE2HE4int
vRP6_15	Cytoplasm	pHE4Ev3int => HE4Ev3int	kvRP6_15 * pHE4Ev3int
vRP6_16	Cytoplasm	pE1HE4int => E1HE4int	kvRP6_16 * pE1HE4int
vRP6_17	Cytoplasm	pE3HE4int => E3HE4int	kvRP6_17 * pE3HE4int
vRP6_18	Cytoplasm	pHE4E4int => HE4E4int	kvRP6_18 * pHE4E4int
vRP6_19	Cytoplasm	pHE4HE4int => HE4HE4int	kvRP6_19 * pHE4HE4int
vRP6_20	Cytoplasm	pHGF_Met_Metint => HGF_Met_Metint	kvRP6_20 * pHGF_Met_Metint
vRP6_21	Cytoplasm	pHGF_Met_HGF_Metint => HGF_Met_HGF_Metint	kvRP6_21 * pHGF_Met_HGF_Metint
vRP6_22	Cytoplasm	pPPrPPrint => PPrPPrint	kvRP6_22 * pPPrPPrint
vRP6_23	Cytoplasm	pPPrPrint => PPrPrint	kvRP6_23 * pPPrPrint
vRP6_24	Cytoplasm	pFFrFFrint => FFrFFrint	kvRP6_24 * pFFrFFrint
vRP6_25	Cytoplasm	pFFrFrint => FFrFrint	kvRP6_25 * pFFrFrint
vRP6_26	Cytoplasm	pIIrIr_int => IIrIr_int	kvRP6_26 * pIIrIr_int
vRP6_27	Cytoplasm	pINS_Isr_Isr_int => INS_Isr_Isr_int	kvRP6_27 * pINS_Isr_Isr_int
vRP6_28	Cytoplasm	pIIrIrI_int => IIrIrI_int	kvRP6_28 * pIIrIrI_int
vRP6_29	Cytoplasm	pINS_Isr_Isr_INS_int => INS_Isr_Isr_INS_int	kvRP6_29 * pINS_Isr_Isr_INS_int
vRP7_1	Cytoplasm	EE1E2int => pEE1E2int	kvRP7_1 * EE1E2int
vRP7_2	Cytoplasm	EE1Ev3int => pEE1Ev3int	kvRP7_2 * EE1Ev3int
vRP7_3	Cytoplasm	EE1E1int => pEE1E1int	kvRP7_3 * EE1E1int
vRP7_4	Cytoplasm	EE1EE1int => pEE1EE1int	kvRP7_4 * EE1EE1int
vRP7_5	Cytoplasm	EE1E3int => pEE1E3int	kvRP7_5 * EE1E3int
vRP7_6	Cytoplasm	EE1HE3int => pEE1HE3int	kvRP7_6 * EE1HE3int
vRP7_7	Cytoplasm	EE1E4int => pEE1E4int	kvRP7_7 * EE1E4int
vRP7_8	Cytoplasm	EE1HE4int => pEE1HE4int	kvRP7_8 * EE1HE4int
vRP7_9	Cytoplasm	E2HE3int => pE2HE3int	kvRP7_9 * E2HE3int
vRP7_10	Cytoplasm	HE3Ev3int => pHE3Ev3int	kvRP7_10 * HE3Ev3int
vRP7_11	Cytoplasm	E1HE3int => pE1HE3int	kvRP7_11 * E1HE3int
vRP7_12	Cytoplasm	HE3E4int => pHE3E4int	kvRP7_12 * HE3E4int
vRP7_13	Cytoplasm	HE3HE4int => pHE3HE4int	kvRP7_13 * HE3HE4int
vRP7_14	Cytoplasm	E2HE4int => pE2HE4int	kvRP7_14 * E2HE4int
vRP7_15	Cytoplasm	HE4Ev3int => pHE4Ev3int	kvRP7_15 * HE4Ev3int
vRP7_16	Cytoplasm	E1HE4int => pE1HE4int	kvRP7_16 * E1HE4int
vRP7_17	Cytoplasm	E3HE4int => pE3HE4int	kvRP7_17 * E3HE4int
vRP7_18	Cytoplasm	HE4E4int => pHE4E4int	kvRP7_18 * HE4E4int
vRP7_19	Cytoplasm	HE4HE4int => pHE4HE4int	kvRP7_19 * HE4HE4int
vRP7_20	Cytoplasm	HGF_Met_Metint => pHGF_Met_Metint	kvRP7_20 * HGF_Met_Metint
vRP7_21	Cytoplasm	HGF_Met_HGF_Metint => pHGF_Met_HGF_Metint	kvRP7_21 * HGF_Met_HGF_Metint
vRP7_22	Cytoplasm	PPrPPrint => pPPrPPrint	kvRP7_22 * PPrPPrint
vRP7_23	Cytoplasm	PPrPrint => pPPrPrint	kvRP7_23 * PPrPrint
vRP7_24	Cytoplasm	FFrFFrint => pFFrFFrint	kvRP7_24 * FFrFFrint
vRP7_25	Cytoplasm	FFrFrint => pFFrFrint	kvRP7_25 * FFrFrint
vRP7_26	Cytoplasm	IIrIr_int => pIIrIr_int	kvRP7_26 * IIrIr_int
vRP7_27	Cytoplasm	INS_Isr_Isr_int => pINS_Isr_Isr_int	kvRP7_27 * INS_Isr_Isr_int
vRP7_28	Cytoplasm	IIrIrI_int => pIIrIrI_int	kvRP7_28 * IIrIrI_int
vRP7_29	Cytoplasm	INS_Isr_Isr_INS_int => pINS_Isr_Isr_INS_int	kvRP7_29 * INS_Isr_Isr_INS_int
vRP8_1	Cytoplasm	EE1E2int => EE1E2	kvRP8_1 * EE1E2int
vRP8_2	Cytoplasm	EE1Ev3int => EE1Ev3	kvRP8_2 * EE1Ev3int
vRP8_3	Cytoplasm	EE1E1int => EE1E1	kvRP8_3 * EE1E1int
vRP8_4	Cytoplasm	EE1EE1int => EE1EE1	kvRP8_4 * EE1EE1int
vRP8_5	Cytoplasm	EE1E3int => EE1E3	kvRP8_5 * EE1E3int
vRP8_6	Cytoplasm	EE1HE3int => EE1HE3	kvRP8_6 * EE1HE3int
vRP8_7	Cytoplasm	EE1E4int => EE1E4	kvRP8_7 * EE1E4int
vRP8_8	Cytoplasm	EE1HE4int => EE1HE4	kvRP8_8 * EE1HE4int
vRP8_9	Cytoplasm	E2HE3int => E2HE3	kvRP8_9 * E2HE3int
vRP8_10	Cytoplasm	HE3Ev3int => HE3Ev3	kvRP8_10 * HE3Ev3int
vRP8_11	Cytoplasm	E1HE3int => E1HE3	kvRP8_11 * E1HE3int
vRP8_12	Cytoplasm	HE3E4int => HE3E4	kvRP8_12 * HE3E4int
vRP8_13	Cytoplasm	HE3HE4int => HE3HE4	kvRP8_13 * HE3HE4int
vRP8_14	Cytoplasm	E2HE4int => E2HE4	kvRP8_14 * E2HE4int
vRP8_15	Cytoplasm	HE4Ev3int => HE4Ev3	kvRP8_15 * HE4Ev3int
vRP8_16	Cytoplasm	E1HE4int => E1HE4	kvRP8_16 * E1HE4int
vRP8_17	Cytoplasm	E3HE4int => E3HE4	kvRP8_17 * E3HE4int
vRP8_18	Cytoplasm	HE4E4int => HE4E4	kvRP8_18 * HE4E4int
vRP8_19	Cytoplasm	HE4HE4int => HE4HE4	kvRP8_19 * HE4HE4int
vRP8_20	Cytoplasm	HGF_Met_Metint => HGF_Met_Met	kvRP8_20 * HGF_Met_Metint
vRP8_21	Cytoplasm	HGF_Met_HGF_Metint => HGF_Met_HGF_Met	kvRP8_21 * HGF_Met_HGF_Metint
vRP8_22	Cytoplasm	PPrPPrint => PPrPPr	kvRP8_22 * PPrPPrint
vRP8_23	Cytoplasm	PPrPrint => PPrPr	kvRP8_23 * PPrPrint
vRP8_24	Cytoplasm	FFrFFrint => FFrFFr	kvRP8_24 * FFrFFrint
vRP8_25	Cytoplasm	FFrFrint => FFrFr	kvRP8_25 * FFrFrint
vRP8_26	Cytoplasm	IIrIr_int => IIrIr	kvRP8_26 * IIrIr_int
vRP8_27	Cytoplasm	INS_Isr_Isr_int => INS_Isr_Isr	kvRP8_27 * INS_Isr_Isr_int
vRP8_28	Cytoplasm	IIrIrI_int => IIrIrI	kvRP8_28 * IIrIrI_int
vRP8_29	Cytoplasm	INS_Isr_Isr_INS_int => INS_Isr_Isr_INS	kvRP8_29 * INS_Isr_Isr_INS_int
vRP9_1	Cytoplasm	pEE1E2int + G2_SOS => pEE1E2int_G2_SOS	kvRP9_1 * pEE1E2int * G2_SOS
vRP9_2	Cytoplasm	pEE1Ev3int + G2_SOS => pEE1Ev3int_G2_SOS	kvRP9_2 * pEE1Ev3int * G2_SOS
vRP9_3	Cytoplasm	pEE1E1int + G2_SOS => pEE1E1int_G2_SOS	kvRP9_3 * pEE1E1int * G2_SOS
vRP9_4	Cytoplasm	pEE1EE1int + G2_SOS => pEE1EE1int_G2_SOS	kvRP9_4 * pEE1EE1int * G2_SOS
vRP9_5	Cytoplasm	pEE1E3int + G2_SOS => pEE1E3int_G2_SOS	kvRP9_5 * pEE1E3int * G2_SOS
vRP9_6	Cytoplasm	pEE1HE3int + G2_SOS => pEE1HE3int_G2_SOS	kvRP9_6 * pEE1HE3int * G2_SOS
vRP9_7	Cytoplasm	pEE1E4int + G2_SOS => pEE1E4int_G2_SOS	kvRP9_7 * pEE1E4int * G2_SOS
vRP9_8	Cytoplasm	pEE1HE4int + G2_SOS => pEE1HE4int_G2_SOS	kvRP9_8 * pEE1HE4int * G2_SOS
vRP9_9	Cytoplasm	pE2HE3int + G2_SOS => pE2HE3int_G2_SOS	kvRP9_9 * pE2HE3int * G2_SOS
vRP9_10	Cytoplasm	pHE3Ev3int + G2_SOS => pHE3Ev3int_G2_SOS	kvRP9_10 * pHE3Ev3int * G2_SOS
vRP9_11	Cytoplasm	pE1HE3int + G2_SOS => pE1HE3int_G2_SOS	kvRP9_11 * pE1HE3int * G2_SOS
vRP9_12	Cytoplasm	pHE3E4int + G2_SOS => pHE3E4int_G2_SOS	kvRP9_12 * pHE3E4int * G2_SOS
vRP9_13	Cytoplasm	pHE3HE4int + G2_SOS => pHE3HE4int_G2_SOS	kvRP9_13 * pHE3HE4int * G2_SOS
vRP9_14	Cytoplasm	pE2HE4int + G2_SOS => pE2HE4int_G2_SOS	kvRP9_14 * pE2HE4int * G2_SOS
vRP9_15	Cytoplasm	pHE4Ev3int + G2_SOS => pHE4Ev3int_G2_SOS	kvRP9_15 * pHE4Ev3int * G2_SOS
vRP9_16	Cytoplasm	pE1HE4int + G2_SOS => pE1HE4int_G2_SOS	kvRP9_16 * pE1HE4int * G2_SOS
vRP9_17	Cytoplasm	pE3HE4int + G2_SOS => pE3HE4int_G2_SOS	kvRP9_17 * pE3HE4int * G2_SOS
vRP9_18	Cytoplasm	pHE4E4int + G2_SOS => pHE4E4int_G2_SOS	kvRP9_18 * pHE4E4int * G2_SOS
vRP9_19	Cytoplasm	pHE4HE4int + G2_SOS => pHE4HE4int_G2_SOS	kvRP9_19 * pHE4HE4int * G2_SOS
vRP9_20	Cytoplasm	pHGF_Met_Metint + G2_SOS => pHGF_Met_Metint_G2_SOS	kvRP9_20 * pHGF_Met_Metint * G2_SOS
vRP9_21	Cytoplasm	pHGF_Met_HGF_Metint + G2_SOS => pHGF_Met_HGF_Metint_G2_SOS	kvRP9_21 * pHGF_Met_HGF_Metint * G2_SOS
vRP9_22	Cytoplasm	pPPrPPrint + G2_SOS => pPPrPPrint_G2_SOS	kvRP9_22 * pPPrPPrint * G2_SOS
vRP9_23	Cytoplasm	pPPrPrint + G2_SOS => pPPrPrint_G2_SOS	kvRP9_23 * pPPrPrint * G2_SOS
vRP9_24	Cytoplasm	pFFrFFrint + G2_SOS => pFFrFFrint_G2_SOS	kvRP9_24 * pFFrFFrint * G2_SOS
vRP9_25	Cytoplasm	pFFrFrint + G2_SOS => pFFrFrint_G2_SOS	kvRP9_25 * pFFrFrint * G2_SOS
vRP9_26	Cytoplasm	pIIrIr_int_IRS + G2_SOS => pIIrIr_int_IRS_G2_SOS	kvRP9_26 * pIIrIr_int_IRS * G2_SOS
vRP9_27	Cytoplasm	pINS_Isr_Isr_int_IRS + G2_SOS => pINS_Isr_Isr_int_IRS_G2_SOS	kvRP9_27 * pINS_Isr_Isr_int_IRS * G2_SOS
vRP9_28	Cytoplasm	pIIrIrI_int_IRS + G2_SOS => pIIrIrI_int_IRS_G2_SOS	kvRP9_28 * pIIrIrI_int_IRS * G2_SOS
vRP9_29	Cytoplasm	pINS_Isr_Isr_INS_int_IRS + G2_SOS => pINS_Isr_Isr_INS_int_IRS_G2_SOS	kvRP9_29 * pINS_Isr_Isr_INS_int_IRS * G2_SOS
vRP10_1	Cytoplasm	pEE1E2int_G2_SOS => pEE1E2int + G2_SOS	kvRP10_1 * pEE1E2int_G2_SOS
vRP10_2	Cytoplasm	pEE1Ev3int_G2_SOS => pEE1Ev3int + G2_SOS	kvRP10_2 * pEE1Ev3int_G2_SOS
vRP10_3	Cytoplasm	pEE1E1int_G2_SOS => pEE1E1int + G2_SOS	kvRP10_3 * pEE1E1int_G2_SOS
vRP10_4	Cytoplasm	pEE1EE1int_G2_SOS => pEE1EE1int + G2_SOS	kvRP10_4 * pEE1EE1int_G2_SOS
vRP10_5	Cytoplasm	pEE1E3int_G2_SOS => pEE1E3int + G2_SOS	kvRP10_5 * pEE1E3int_G2_SOS
vRP10_6	Cytoplasm	pEE1HE3int_G2_SOS => pEE1HE3int + G2_SOS	kvRP10_6 * pEE1HE3int_G2_SOS
vRP10_7	Cytoplasm	pEE1E4int_G2_SOS => pEE1E4int + G2_SOS	kvRP10_7 * pEE1E4int_G2_SOS
vRP10_8	Cytoplasm	pEE1HE4int_G2_SOS => pEE1HE4int + G2_SOS	kvRP10_8 * pEE1HE4int_G2_SOS
vRP10_9	Cytoplasm	pE2HE3int_G2_SOS => pE2HE3int + G2_SOS	kvRP10_9 * pE2HE3int_G2_SOS
vRP10_10	Cytoplasm	pHE3Ev3int_G2_SOS => pHE3Ev3int + G2_SOS	kvRP10_10 * pHE3Ev3int_G2_SOS
vRP10_11	Cytoplasm	pE1HE3int_G2_SOS => pE1HE3int + G2_SOS	kvRP10_11 * pE1HE3int_G2_SOS
vRP10_12	Cytoplasm	pHE3E4int_G2_SOS => pHE3E4int + G2_SOS	kvRP10_12 * pHE3E4int_G2_SOS
vRP10_13	Cytoplasm	pHE3HE4int_G2_SOS => pHE3HE4int + G2_SOS	kvRP10_13 * pHE3HE4int_G2_SOS
vRP10_14	Cytoplasm	pE2HE4int_G2_SOS => pE2HE4int + G2_SOS	kvRP10_14 * pE2HE4int_G2_SOS
vRP10_15	Cytoplasm	pHE4Ev3int_G2_SOS => pHE4Ev3int + G2_SOS	kvRP10_15 * pHE4Ev3int_G2_SOS
vRP10_16	Cytoplasm	pE1HE4int_G2_SOS => pE1HE4int + G2_SOS	kvRP10_16 * pE1HE4int_G2_SOS
vRP10_17	Cytoplasm	pE3HE4int_G2_SOS => pE3HE4int + G2_SOS	kvRP10_17 * pE3HE4int_G2_SOS
vRP10_18	Cytoplasm	pHE4E4int_G2_SOS => pHE4E4int + G2_SOS	kvRP10_18 * pHE4E4int_G2_SOS
vRP10_19	Cytoplasm	pHE4HE4int_G2_SOS => pHE4HE4int + G2_SOS	kvRP10_19 * pHE4HE4int_G2_SOS
vRP10_20	Cytoplasm	pHGF_Met_Metint_G2_SOS => pHGF_Met_Metint + G2_SOS	kvRP10_20 * pHGF_Met_Metint_G2_SOS
vRP10_21	Cytoplasm	pHGF_Met_HGF_Metint_G2_SOS => pHGF_Met_HGF_Metint + G2_SOS	kvRP10_21 * pHGF_Met_HGF_Metint_G2_SOS
vRP10_22	Cytoplasm	pPPrPPrint_G2_SOS => pPPrPPrint + G2_SOS	kvRP10_22 * pPPrPPrint_G2_SOS
vRP10_23	Cytoplasm	pPPrPrint_G2_SOS => pPPrPrint + G2_SOS	kvRP10_23 * pPPrPrint_G2_SOS
vRP10_24	Cytoplasm	pFFrFFrint_G2_SOS => pFFrFFrint + G2_SOS	kvRP10_24 * pFFrFFrint_G2_SOS
vRP10_25	Cytoplasm	pFFrFrint_G2_SOS => pFFrFrint + G2_SOS	kvRP10_25 * pFFrFrint_G2_SOS
vRP10_26	Cytoplasm	pIIrIr_int_IRS_G2_SOS => pIIrIr_int_IRS + G2_SOS	kvRP10_26 * pIIrIr_int_IRS_G2_SOS
vRP10_27	Cytoplasm	pINS_Isr_Isr_int_IRS_G2_SOS => pINS_Isr_Isr_int_IRS + G2_SOS	kvRP10_27 * pINS_Isr_Isr_int_IRS_G2_SOS
vRP10_28	Cytoplasm	pIIrIrI_int_IRS_G2_SOS => pIIrIrI_int_IRS + G2_SOS	kvRP10_28 * pIIrIrI_int_IRS_G2_SOS
vRP10_29	Cytoplasm	pINS_Isr_Isr_INS_int_IRS_G2_SOS => pINS_Isr_Isr_INS_int_IRS + G2_SOS	kvRP10_29 * pINS_Isr_Isr_INS_int_IRS_G2_SOS
vRP11_1	Cytoplasm	pEE1E2 + G2_SOS => pEE1E2_G2_SOS	kvRP11_1 * pEE1E2 * G2_SOS
vRP11_2	Cytoplasm	pEE1Ev3 + G2_SOS => pEE1Ev3_G2_SOS	kvRP11_2 * pEE1Ev3 * G2_SOS
vRP11_3	Cytoplasm	pEE1E1 + G2_SOS => pEE1E1_G2_SOS	kvRP11_3 * pEE1E1 * G2_SOS
vRP11_4	Cytoplasm	pEE1EE1 + G2_SOS => pEE1EE1_G2_SOS	kvRP11_4 * pEE1EE1 * G2_SOS
vRP11_5	Cytoplasm	pEE1E3 + G2_SOS => pEE1E3_G2_SOS	kvRP11_5 * pEE1E3 * G2_SOS
vRP11_6	Cytoplasm	pEE1HE3 + G2_SOS => pEE1HE3_G2_SOS	kvRP11_6 * pEE1HE3 * G2_SOS
vRP11_7	Cytoplasm	pEE1E4 + G2_SOS => pEE1E4_G2_SOS	kvRP11_7 * pEE1E4 * G2_SOS
vRP11_8	Cytoplasm	pEE1HE4 + G2_SOS => pEE1HE4_G2_SOS	kvRP11_8 * pEE1HE4 * G2_SOS
vRP11_9	Cytoplasm	pE2HE3 + G2_SOS => pE2HE3_G2_SOS	kvRP11_9 * pE2HE3 * G2_SOS
vRP11_10	Cytoplasm	pHE3Ev3 + G2_SOS => pHE3Ev3_G2_SOS	kvRP11_10 * pHE3Ev3 * G2_SOS
vRP11_11	Cytoplasm	pE1HE3 + G2_SOS => pE1HE3_G2_SOS	kvRP11_11 * pE1HE3 * G2_SOS
vRP11_12	Cytoplasm	pHE3E4 + G2_SOS => pHE3E4_G2_SOS	kvRP11_12 * pHE3E4 * G2_SOS
vRP11_13	Cytoplasm	pHE3HE4 + G2_SOS => pHE3HE4_G2_SOS	kvRP11_13 * pHE3HE4 * G2_SOS
vRP11_14	Cytoplasm	pE2HE4 + G2_SOS => pE2HE4_G2_SOS	kvRP11_14 * pE2HE4 * G2_SOS
vRP11_15	Cytoplasm	pHE4Ev3 + G2_SOS => pHE4Ev3_G2_SOS	kvRP11_15 * pHE4Ev3 * G2_SOS
vRP11_16	Cytoplasm	pE1HE4 + G2_SOS => pE1HE4_G2_SOS	kvRP11_16 * pE1HE4 * G2_SOS
vRP11_17	Cytoplasm	pE3HE4 + G2_SOS => pE3HE4_G2_SOS	kvRP11_17 * pE3HE4 * G2_SOS
vRP11_18	Cytoplasm	pHE4E4 + G2_SOS => pHE4E4_G2_SOS	kvRP11_18 * pHE4E4 * G2_SOS
vRP11_19	Cytoplasm	pHE4HE4 + G2_SOS => pHE4HE4_G2_SOS	kvRP11_19 * pHE4HE4 * G2_SOS
vRP11_20	Cytoplasm	pHGF_Met_Met + G2_SOS => pHGF_Met_Met_G2_SOS	kvRP11_20 * pHGF_Met_Met * G2_SOS
vRP11_21	Cytoplasm	pHGF_Met_HGF_Met + G2_SOS => pHGF_Met_HGF_Met_G2_SOS	kvRP11_21 * pHGF_Met_HGF_Met * G2_SOS
vRP11_22	Cytoplasm	pPPrPPr + G2_SOS => pPPrPPr_G2_SOS	kvRP11_22 * pPPrPPr * G2_SOS
vRP11_23	Cytoplasm	pPPrPr + G2_SOS => pPPrPr_G2_SOS	kvRP11_23 * pPPrPr * G2_SOS
vRP11_24	Cytoplasm	pFFrFFr + G2_SOS => pFFrFFr_G2_SOS	kvRP11_24 * pFFrFFr * G2_SOS
vRP11_25	Cytoplasm	pFFrFr + G2_SOS => pFFrFr_G2_SOS	kvRP11_25 * pFFrFr * G2_SOS
vRP11_26	Cytoplasm	pIIrIr_IRS + G2_SOS => pIIrIr_IRS_G2_SOS	kvRP11_26 * pIIrIr_IRS * G2_SOS
vRP11_27	Cytoplasm	pINS_Isr_Isr_IRS + G2_SOS => pINS_Isr_Isr_IRS_G2_SOS	kvRP11_27 * pINS_Isr_Isr_IRS * G2_SOS
vRP11_28	Cytoplasm	pIIrIrI_IRS + G2_SOS => pIIrIrI_IRS_G2_SOS	kvRP11_28 * pIIrIrI_IRS * G2_SOS
vRP11_29	Cytoplasm	pINS_Isr_Isr_INS_IRS + G2_SOS => pINS_Isr_Isr_INS_IRS_G2_SOS	kvRP11_29 * pINS_Isr_Isr_INS_IRS * G2_SOS
vRP12_1	Cytoplasm	pEE1E2_G2_SOS => pEE1E2 + G2_SOS	kvRP12_1 * pEE1E2_G2_SOS
vRP12_2	Cytoplasm	pEE1Ev3_G2_SOS => pEE1Ev3 + G2_SOS	kvRP12_2 * pEE1Ev3_G2_SOS
vRP12_3	Cytoplasm	pEE1E1_G2_SOS => pEE1E1 + G2_SOS	kvRP12_3 * pEE1E1_G2_SOS
vRP12_4	Cytoplasm	pEE1EE1_G2_SOS => pEE1EE1 + G2_SOS	kvRP12_4 * pEE1EE1_G2_SOS
vRP12_5	Cytoplasm	pEE1E3_G2_SOS => pEE1E3 + G2_SOS	kvRP12_5 * pEE1E3_G2_SOS
vRP12_6	Cytoplasm	pEE1HE3_G2_SOS => pEE1HE3 + G2_SOS	kvRP12_6 * pEE1HE3_G2_SOS
vRP12_7	Cytoplasm	pEE1E4_G2_SOS => pEE1E4 + G2_SOS	kvRP12_7 * pEE1E4_G2_SOS
vRP12_8	Cytoplasm	pEE1HE4_G2_SOS => pEE1HE4 + G2_SOS	kvRP12_8 * pEE1HE4_G2_SOS
vRP12_9	Cytoplasm	pE2HE3_G2_SOS => pE2HE3 + G2_SOS	kvRP12_9 * pE2HE3_G2_SOS
vRP12_10	Cytoplasm	pHE3Ev3_G2_SOS => pHE3Ev3 + G2_SOS	kvRP12_10 * pHE3Ev3_G2_SOS
vRP12_11	Cytoplasm	pE1HE3_G2_SOS => pE1HE3 + G2_SOS	kvRP12_11 * pE1HE3_G2_SOS
vRP12_12	Cytoplasm	pHE3E4_G2_SOS => pHE3E4 + G2_SOS	kvRP12_12 * pHE3E4_G2_SOS
vRP12_13	Cytoplasm	pHE3HE4_G2_SOS => pHE3HE4 + G2_SOS	kvRP12_13 * pHE3HE4_G2_SOS
vRP12_14	Cytoplasm	pE2HE4_G2_SOS => pE2HE4 + G2_SOS	kvRP12_14 * pE2HE4_G2_SOS
vRP12_15	Cytoplasm	pHE4Ev3_G2_SOS => pHE4Ev3 + G2_SOS	kvRP12_15 * pHE4Ev3_G2_SOS
vRP12_16	Cytoplasm	pE1HE4_G2_SOS => pE1HE4 + G2_SOS	kvRP12_16 * pE1HE4_G2_SOS
vRP12_17	Cytoplasm	pE3HE4_G2_SOS => pE3HE4 + G2_SOS	kvRP12_17 * pE3HE4_G2_SOS
vRP12_18	Cytoplasm	pHE4E4_G2_SOS => pHE4E4 + G2_SOS	kvRP12_18 * pHE4E4_G2_SOS
vRP12_19	Cytoplasm	pHE4HE4_G2_SOS => pHE4HE4 + G2_SOS	kvRP12_19 * pHE4HE4_G2_SOS
vRP12_20	Cytoplasm	pHGF_Met_Met_G2_SOS => pHGF_Met_Met + G2_SOS	kvRP12_20 * pHGF_Met_Met_G2_SOS
vRP12_21	Cytoplasm	pHGF_Met_HGF_Met_G2_SOS => pHGF_Met_HGF_Met + G2_SOS	kvRP12_21 * pHGF_Met_HGF_Met_G2_SOS
vRP12_22	Cytoplasm	pPPrPPr_G2_SOS => pPPrPPr + G2_SOS	kvRP12_22 * pPPrPPr_G2_SOS
vRP12_23	Cytoplasm	pPPrPr_G2_SOS => pPPrPr + G2_SOS	kvRP12_23 * pPPrPr_G2_SOS
vRP12_24	Cytoplasm	pFFrFFr_G2_SOS => pFFrFFr + G2_SOS	kvRP12_24 * pFFrFFr_G2_SOS
vRP12_25	Cytoplasm	pFFrFr_G2_SOS => pFFrFr + G2_SOS	kvRP12_25 * pFFrFr_G2_SOS
vRP12_26	Cytoplasm	pIIrIr_IRS_G2_SOS => pIIrIr_IRS + G2_SOS	kvRP12_26 * pIIrIr_IRS_G2_SOS
vRP12_27	Cytoplasm	pINS_Isr_Isr_IRS_G2_SOS => pINS_Isr_Isr_IRS + G2_SOS	kvRP12_27 * pINS_Isr_Isr_IRS_G2_SOS
vRP12_28	Cytoplasm	pIIrIrI_IRS_G2_SOS => pIIrIrI_IRS + G2_SOS	kvRP12_28 * pIIrIrI_IRS_G2_SOS
vRP12_29	Cytoplasm	pINS_Isr_Isr_INS_IRS_G2_SOS => pINS_Isr_Isr_INS_IRS + G2_SOS	kvRP12_29 * pINS_Isr_Isr_INS_IRS_G2_SOS
vRP13_1	Cytoplasm	pEE1E2 + PLCg => pEE1E2_PLCg	kvRP13_1 * pEE1E2 * PLCg
vRP13_2	Cytoplasm	pEE1Ev3 + PLCg => pEE1Ev3_PLCg	kvRP13_2 * pEE1Ev3 * PLCg
vRP13_3	Cytoplasm	pEE1E1 + PLCg => pEE1E1_PLCg	kvRP13_3 * pEE1E1 * PLCg
vRP13_4	Cytoplasm	pEE1EE1 + PLCg => pEE1EE1_PLCg	kvRP13_4 * pEE1EE1 * PLCg
vRP13_5	Cytoplasm	pEE1E3 + PLCg => pEE1E3_PLCg	kvRP13_5 * pEE1E3 * PLCg
vRP13_6	Cytoplasm	pEE1HE3 + PLCg => pEE1HE3_PLCg	kvRP13_6 * pEE1HE3 * PLCg
vRP13_7	Cytoplasm	pEE1E4 + PLCg => pEE1E4_PLCg	kvRP13_7 * pEE1E4 * PLCg
vRP13_8	Cytoplasm	pEE1HE4 + PLCg => pEE1HE4_PLCg	kvRP13_8 * pEE1HE4 * PLCg
vRP13_9	Cytoplasm	pE2HE3 + PLCg => pE2HE3_PLCg	kvRP13_9 * pE2HE3 * PLCg
vRP13_10	Cytoplasm	pHE3Ev3 + PLCg => pHE3Ev3_PLCg	kvRP13_10 * pHE3Ev3 * PLCg
vRP13_11	Cytoplasm	pE1HE3 + PLCg => pE1HE3_PLCg	kvRP13_11 * pE1HE3 * PLCg
vRP13_12	Cytoplasm	pHE3E4 + PLCg => pHE3E4_PLCg	kvRP13_12 * pHE3E4 * PLCg
vRP13_13	Cytoplasm	pHE3HE4 + PLCg => pHE3HE4_PLCg	kvRP13_13 * pHE3HE4 * PLCg
vRP13_14	Cytoplasm	pE2HE4 + PLCg => pE2HE4_PLCg	kvRP13_14 * pE2HE4 * PLCg
vRP13_15	Cytoplasm	pHE4Ev3 + PLCg => pHE4Ev3_PLCg	kvRP13_15 * pHE4Ev3 * PLCg
vRP13_16	Cytoplasm	pE1HE4 + PLCg => pE1HE4_PLCg	kvRP13_16 * pE1HE4 * PLCg
vRP13_17	Cytoplasm	pE3HE4 + PLCg => pE3HE4_PLCg	kvRP13_17 * pE3HE4 * PLCg
vRP13_18	Cytoplasm	pHE4E4 + PLCg => pHE4E4_PLCg	kvRP13_18 * pHE4E4 * PLCg
vRP13_19	Cytoplasm	pHE4HE4 + PLCg => pHE4HE4_PLCg	kvRP13_19 * pHE4HE4 * PLCg
vRP13_20	Cytoplasm	pHGF_Met_Met + PLCg => pHGF_Met_Met_PLCg	kvRP13_20 * pHGF_Met_Met * PLCg
vRP13_21	Cytoplasm	pHGF_Met_HGF_Met + PLCg => pHGF_Met_HGF_Met_PLCg	kvRP13_21 * pHGF_Met_HGF_Met * PLCg
vRP13_22	Cytoplasm	pPPrPPr + PLCg => pPPrPPr_PLCg	kvRP13_22 * pPPrPPr * PLCg
vRP13_23	Cytoplasm	pPPrPr + PLCg => pPPrPr_PLCg	kvRP13_23 * pPPrPr * PLCg
vRP13_24	Cytoplasm	pFFrFFr + PLCg => pFFrFFr_PLCg	kvRP13_24 * pFFrFFr * PLCg
vRP13_25	Cytoplasm	pFFrFr + PLCg => pFFrFr_PLCg	kvRP13_25 * pFFrFr * PLCg
vRP13_26	Cytoplasm	pIIrIr_IRS + PLCg => pIIrIr_IRS_PLCg	kvRP13_26 * pIIrIr_IRS * PLCg
vRP13_27	Cytoplasm	pINS_Isr_Isr_IRS + PLCg => pINS_Isr_Isr_IRS_PLCg	kvRP13_27 * pINS_Isr_Isr_IRS * PLCg
vRP13_28	Cytoplasm	pIIrIrI_IRS + PLCg => pIIrIrI_IRS_PLCg	kvRP13_28 * pIIrIrI_IRS * PLCg
vRP13_29	Cytoplasm	pINS_Isr_Isr_INS_IRS + PLCg => pINS_Isr_Isr_INS_IRS_PLCg	kvRP13_29 * pINS_Isr_Isr_INS_IRS * PLCg
vRP14_1	Cytoplasm	pEE1E2_PLCg => pEE1E2 + PLCg	kvRP14_1 * pEE1E2_PLCg
vRP14_2	Cytoplasm	pEE1Ev3_PLCg => pEE1Ev3 + PLCg	kvRP14_2 * pEE1Ev3_PLCg
vRP14_3	Cytoplasm	pEE1E1_PLCg => pEE1E1 + PLCg	kvRP14_3 * pEE1E1_PLCg
vRP14_4	Cytoplasm	pEE1EE1_PLCg => pEE1EE1 + PLCg	kvRP14_4 * pEE1EE1_PLCg
vRP14_5	Cytoplasm	pEE1E3_PLCg => pEE1E3 + PLCg	kvRP14_5 * pEE1E3_PLCg
vRP14_6	Cytoplasm	pEE1HE3_PLCg => pEE1HE3 + PLCg	kvRP14_6 * pEE1HE3_PLCg
vRP14_7	Cytoplasm	pEE1E4_PLCg => pEE1E4 + PLCg	kvRP14_7 * pEE1E4_PLCg
vRP14_8	Cytoplasm	pEE1HE4_PLCg => pEE1HE4 + PLCg	kvRP14_8 * pEE1HE4_PLCg
vRP14_9	Cytoplasm	pE2HE3_PLCg => pE2HE3 + PLCg	kvRP14_9 * pE2HE3_PLCg
vRP14_10	Cytoplasm	pHE3Ev3_PLCg => pHE3Ev3 + PLCg	kvRP14_10 * pHE3Ev3_PLCg
vRP14_11	Cytoplasm	pE1HE3_PLCg => pE1HE3 + PLCg	kvRP14_11 * pE1HE3_PLCg
vRP14_12	Cytoplasm	pHE3E4_PLCg => pHE3E4 + PLCg	kvRP14_12 * pHE3E4_PLCg
vRP14_13	Cytoplasm	pHE3HE4_PLCg => pHE3HE4 + PLCg	kvRP14_13 * pHE3HE4_PLCg
vRP14_14	Cytoplasm	pE2HE4_PLCg => pE2HE4 + PLCg	kvRP14_14 * pE2HE4_PLCg
vRP14_15	Cytoplasm	pHE4Ev3_PLCg => pHE4Ev3 + PLCg	kvRP14_15 * pHE4Ev3_PLCg
vRP14_16	Cytoplasm	pE1HE4_PLCg => pE1HE4 + PLCg	kvRP14_16 * pE1HE4_PLCg
vRP14_17	Cytoplasm	pE3HE4_PLCg => pE3HE4 + PLCg	kvRP14_17 * pE3HE4_PLCg
vRP14_18	Cytoplasm	pHE4E4_PLCg => pHE4E4 + PLCg	kvRP14_18 * pHE4E4_PLCg
vRP14_19	Cytoplasm	pHE4HE4_PLCg => pHE4HE4 + PLCg	kvRP14_19 * pHE4HE4_PLCg
vRP14_20	Cytoplasm	pHGF_Met_Met_PLCg => pHGF_Met_Met + PLCg	kvRP14_20 * pHGF_Met_Met_PLCg
vRP14_21	Cytoplasm	pHGF_Met_HGF_Met_PLCg => pHGF_Met_HGF_Met + PLCg	kvRP14_21 * pHGF_Met_HGF_Met_PLCg
vRP14_22	Cytoplasm	pPPrPPr_PLCg => pPPrPPr + PLCg	kvRP14_22 * pPPrPPr_PLCg
vRP14_23	Cytoplasm	pPPrPr_PLCg => pPPrPr + PLCg	kvRP14_23 * pPPrPr_PLCg
vRP14_24	Cytoplasm	pFFrFFr_PLCg => pFFrFFr + PLCg	kvRP14_24 * pFFrFFr_PLCg
vRP14_25	Cytoplasm	pFFrFr_PLCg => pFFrFr + PLCg	kvRP14_25 * pFFrFr_PLCg
vRP14_26	Cytoplasm	pIIrIr_IRS_PLCg => pIIrIr_IRS + PLCg	kvRP14_26 * pIIrIr_IRS_PLCg
vRP14_27	Cytoplasm	pINS_Isr_Isr_IRS_PLCg => pINS_Isr_Isr_IRS + PLCg	kvRP14_27 * pINS_Isr_Isr_IRS_PLCg
vRP14_28	Cytoplasm	pIIrIrI_IRS_PLCg => pIIrIrI_IRS + PLCg	kvRP14_28 * pIIrIrI_IRS_PLCg
vRP14_29	Cytoplasm	pINS_Isr_Isr_INS_IRS_PLCg => pINS_Isr_Isr_INS_IRS + PLCg	kvRP14_29 * pINS_Isr_Isr_INS_IRS_PLCg
vRP15_1	Cytoplasm	pEE1E2 + PI3K1 => pEE1E2_PI3K1	kvRP15_1 * pEE1E2 * PI3K1
vRP15_2	Cytoplasm	pEE1Ev3 + PI3K1 => pEE1Ev3_PI3K1	kvRP15_2 * pEE1Ev3 * PI3K1
vRP15_3	Cytoplasm	pEE1E1 + PI3K1 => pEE1E1_PI3K1	kvRP15_3 * pEE1E1 * PI3K1
vRP15_4	Cytoplasm	pEE1EE1 + PI3K1 => pEE1EE1_PI3K1	kvRP15_4 * pEE1EE1 * PI3K1
vRP15_5	Cytoplasm	pEE1E3 + PI3K1 => pEE1E3_PI3K1	kvRP15_5 * pEE1E3 * PI3K1
vRP15_6	Cytoplasm	pEE1HE3 + PI3K1 => pEE1HE3_PI3K1	kvRP15_6 * pEE1HE3 * PI3K1
vRP15_7	Cytoplasm	pEE1E4 + PI3K1 => pEE1E4_PI3K1	kvRP15_7 * pEE1E4 * PI3K1
vRP15_8	Cytoplasm	pEE1HE4 + PI3K1 => pEE1HE4_PI3K1	kvRP15_8 * pEE1HE4 * PI3K1
vRP15_9	Cytoplasm	pE2HE3 + PI3K1 => pE2HE3_PI3K1	kvRP15_9 * pE2HE3 * PI3K1
vRP15_10	Cytoplasm	pHE3Ev3 + PI3K1 => pHE3Ev3_PI3K1	kvRP15_10 * pHE3Ev3 * PI3K1
vRP15_11	Cytoplasm	pE1HE3 + PI3K1 => pE1HE3_PI3K1	kvRP15_11 * pE1HE3 * PI3K1
vRP15_12	Cytoplasm	pHE3E4 + PI3K1 => pHE3E4_PI3K1	kvRP15_12 * pHE3E4 * PI3K1
vRP15_13	Cytoplasm	pHE3HE4 + PI3K1 => pHE3HE4_PI3K1	kvRP15_13 * pHE3HE4 * PI3K1
vRP15_14	Cytoplasm	pE2HE4 + PI3K1 => pE2HE4_PI3K1	kvRP15_14 * pE2HE4 * PI3K1
vRP15_15	Cytoplasm	pHE4Ev3 + PI3K1 => pHE4Ev3_PI3K1	kvRP15_15 * pHE4Ev3 * PI3K1
vRP15_16	Cytoplasm	pE1HE4 + PI3K1 => pE1HE4_PI3K1	kvRP15_16 * pE1HE4 * PI3K1
vRP15_17	Cytoplasm	pE3HE4 + PI3K1 => pE3HE4_PI3K1	kvRP15_17 * pE3HE4 * PI3K1
vRP15_18	Cytoplasm	pHE4E4 + PI3K1 => pHE4E4_PI3K1	kvRP15_18 * pHE4E4 * PI3K1
vRP15_19	Cytoplasm	pHE4HE4 + PI3K1 => pHE4HE4_PI3K1	kvRP15_19 * pHE4HE4 * PI3K1
vRP15_20	Cytoplasm	pHGF_Met_Met + PI3K1 => pHGF_Met_Met_PI3K1	kvRP15_20 * pHGF_Met_Met * PI3K1
vRP15_21	Cytoplasm	pHGF_Met_HGF_Met + PI3K1 => pHGF_Met_HGF_Met_PI3K1	kvRP15_21 * pHGF_Met_HGF_Met * PI3K1
vRP15_22	Cytoplasm	pPPrPPr + PI3K1 => pPPrPPr_PI3K1	kvRP15_22 * pPPrPPr * PI3K1
vRP15_23	Cytoplasm	pPPrPr + PI3K1 => pPPrPr_PI3K1	kvRP15_23 * pPPrPr * PI3K1
vRP15_24	Cytoplasm	pFFrFFr + PI3K1 => pFFrFFr_PI3K1	kvRP15_24 * pFFrFFr * PI3K1
vRP15_25	Cytoplasm	pFFrFr + PI3K1 => pFFrFr_PI3K1	kvRP15_25 * pFFrFr * PI3K1
vRP15_26	Cytoplasm	pIIrIr_IRS + PI3K1 => pIIrIr_IRS_PI3K1	kvRP15_26 * pIIrIr_IRS * PI3K1
vRP15_27	Cytoplasm	pINS_Isr_Isr_IRS + PI3K1 => pINS_Isr_Isr_IRS_PI3K1	kvRP15_27 * pINS_Isr_Isr_IRS * PI3K1
vRP15_28	Cytoplasm	pIIrIrI_IRS + PI3K1 => pIIrIrI_IRS_PI3K1	kvRP15_28 * pIIrIrI_IRS * PI3K1
vRP15_29	Cytoplasm	pINS_Isr_Isr_INS_IRS + PI3K1 => pINS_Isr_Isr_INS_IRS_PI3K1	kvRP15_29 * pINS_Isr_Isr_INS_IRS * PI3K1
vRP16_1	Cytoplasm	pEE1E2_PI3K1 => pEE1E2 + PI3K1	kvRP16_1 * pEE1E2_PI3K1
vRP16_2	Cytoplasm	pEE1Ev3_PI3K1 => pEE1Ev3 + PI3K1	kvRP16_2 * pEE1Ev3_PI3K1
vRP16_3	Cytoplasm	pEE1E1_PI3K1 => pEE1E1 + PI3K1	kvRP16_3 * pEE1E1_PI3K1
vRP16_4	Cytoplasm	pEE1EE1_PI3K1 => pEE1EE1 + PI3K1	kvRP16_4 * pEE1EE1_PI3K1
vRP16_5	Cytoplasm	pEE1E3_PI3K1 => pEE1E3 + PI3K1	kvRP16_5 * pEE1E3_PI3K1
vRP16_6	Cytoplasm	pEE1HE3_PI3K1 => pEE1HE3 + PI3K1	kvRP16_6 * pEE1HE3_PI3K1
vRP16_7	Cytoplasm	pEE1E4_PI3K1 => pEE1E4 + PI3K1	kvRP16_7 * pEE1E4_PI3K1
vRP16_8	Cytoplasm	pEE1HE4_PI3K1 => pEE1HE4 + PI3K1	kvRP16_8 * pEE1HE4_PI3K1
vRP16_9	Cytoplasm	pE2HE3_PI3K1 => pE2HE3 + PI3K1	kvRP16_9 * pE2HE3_PI3K1
vRP16_10	Cytoplasm	pHE3Ev3_PI3K1 => pHE3Ev3 + PI3K1	kvRP16_10 * pHE3Ev3_PI3K1
vRP16_11	Cytoplasm	pE1HE3_PI3K1 => pE1HE3 + PI3K1	kvRP16_11 * pE1HE3_PI3K1
vRP16_12	Cytoplasm	pHE3E4_PI3K1 => pHE3E4 + PI3K1	kvRP16_12 * pHE3E4_PI3K1
vRP16_13	Cytoplasm	pHE3HE4_PI3K1 => pHE3HE4 + PI3K1	kvRP16_13 * pHE3HE4_PI3K1
vRP16_14	Cytoplasm	pE2HE4_PI3K1 => pE2HE4 + PI3K1	kvRP16_14 * pE2HE4_PI3K1
vRP16_15	Cytoplasm	pHE4Ev3_PI3K1 => pHE4Ev3 + PI3K1	kvRP16_15 * pHE4Ev3_PI3K1
vRP16_16	Cytoplasm	pE1HE4_PI3K1 => pE1HE4 + PI3K1	kvRP16_16 * pE1HE4_PI3K1
vRP16_17	Cytoplasm	pE3HE4_PI3K1 => pE3HE4 + PI3K1	kvRP16_17 * pE3HE4_PI3K1
vRP16_18	Cytoplasm	pHE4E4_PI3K1 => pHE4E4 + PI3K1	kvRP16_18 * pHE4E4_PI3K1
vRP16_19	Cytoplasm	pHE4HE4_PI3K1 => pHE4HE4 + PI3K1	kvRP16_19 * pHE4HE4_PI3K1
vRP16_20	Cytoplasm	pHGF_Met_Met_PI3K1 => pHGF_Met_Met + PI3K1	kvRP16_20 * pHGF_Met_Met_PI3K1
vRP16_21	Cytoplasm	pHGF_Met_HGF_Met_PI3K1 => pHGF_Met_HGF_Met + PI3K1	kvRP16_21 * pHGF_Met_HGF_Met_PI3K1
vRP16_22	Cytoplasm	pPPrPPr_PI3K1 => pPPrPPr + PI3K1	kvRP16_22 * pPPrPPr_PI3K1
vRP16_23	Cytoplasm	pPPrPr_PI3K1 => pPPrPr + PI3K1	kvRP16_23 * pPPrPr_PI3K1
vRP16_24	Cytoplasm	pFFrFFr_PI3K1 => pFFrFFr + PI3K1	kvRP16_24 * pFFrFFr_PI3K1
vRP16_25	Cytoplasm	pFFrFr_PI3K1 => pFFrFr + PI3K1	kvRP16_25 * pFFrFr_PI3K1
vRP16_26	Cytoplasm	pIIrIr_IRS_PI3K1 => pIIrIr_IRS + PI3K1	kvRP16_26 * pIIrIr_IRS_PI3K1
vRP16_27	Cytoplasm	pINS_Isr_Isr_IRS_PI3K1 => pINS_Isr_Isr_IRS + PI3K1	kvRP16_27 * pINS_Isr_Isr_IRS_PI3K1
vRP16_28	Cytoplasm	pIIrIrI_IRS_PI3K1 => pIIrIrI_IRS + PI3K1	kvRP16_28 * pIIrIrI_IRS_PI3K1
vRP16_29	Cytoplasm	pINS_Isr_Isr_INS_IRS_PI3K1 => pINS_Isr_Isr_INS_IRS + PI3K1	kvRP16_29 * pINS_Isr_Isr_INS_IRS_PI3K1
vRP17_1	Cytoplasm	pEE1E2 + PI3K2 => pEE1E2_PI3K2	kvRP17_1 * pEE1E2 * PI3K2
vRP17_2	Cytoplasm	pEE1Ev3 + PI3K2 => pEE1Ev3_PI3K2	kvRP17_2 * pEE1Ev3 * PI3K2
vRP17_3	Cytoplasm	pEE1E1 + PI3K2 => pEE1E1_PI3K2	kvRP17_3 * pEE1E1 * PI3K2
vRP17_4	Cytoplasm	pEE1EE1 + PI3K2 => pEE1EE1_PI3K2	kvRP17_4 * pEE1EE1 * PI3K2
vRP17_5	Cytoplasm	pEE1E3 + PI3K2 => pEE1E3_PI3K2	kvRP17_5 * pEE1E3 * PI3K2
vRP17_6	Cytoplasm	pEE1HE3 + PI3K2 => pEE1HE3_PI3K2	kvRP17_6 * pEE1HE3 * PI3K2
vRP17_7	Cytoplasm	pEE1E4 + PI3K2 => pEE1E4_PI3K2	kvRP17_7 * pEE1E4 * PI3K2
vRP17_8	Cytoplasm	pEE1HE4 + PI3K2 => pEE1HE4_PI3K2	kvRP17_8 * pEE1HE4 * PI3K2
vRP17_9	Cytoplasm	pE2HE3 + PI3K2 => pE2HE3_PI3K2	kvRP17_9 * pE2HE3 * PI3K2
vRP17_10	Cytoplasm	pHE3Ev3 + PI3K2 => pHE3Ev3_PI3K2	kvRP17_10 * pHE3Ev3 * PI3K2
vRP17_11	Cytoplasm	pE1HE3 + PI3K2 => pE1HE3_PI3K2	kvRP17_11 * pE1HE3 * PI3K2
vRP17_12	Cytoplasm	pHE3E4 + PI3K2 => pHE3E4_PI3K2	kvRP17_12 * pHE3E4 * PI3K2
vRP17_13	Cytoplasm	pHE3HE4 + PI3K2 => pHE3HE4_PI3K2	kvRP17_13 * pHE3HE4 * PI3K2
vRP17_14	Cytoplasm	pE2HE4 + PI3K2 => pE2HE4_PI3K2	kvRP17_14 * pE2HE4 * PI3K2
vRP17_15	Cytoplasm	pHE4Ev3 + PI3K2 => pHE4Ev3_PI3K2	kvRP17_15 * pHE4Ev3 * PI3K2
vRP17_16	Cytoplasm	pE1HE4 + PI3K2 => pE1HE4_PI3K2	kvRP17_16 * pE1HE4 * PI3K2
vRP17_17	Cytoplasm	pE3HE4 + PI3K2 => pE3HE4_PI3K2	kvRP17_17 * pE3HE4 * PI3K2
vRP17_18	Cytoplasm	pHE4E4 + PI3K2 => pHE4E4_PI3K2	kvRP17_18 * pHE4E4 * PI3K2
vRP17_19	Cytoplasm	pHE4HE4 + PI3K2 => pHE4HE4_PI3K2	kvRP17_19 * pHE4HE4 * PI3K2
vRP17_20	Cytoplasm	pHGF_Met_Met + PI3K2 => pHGF_Met_Met_PI3K2	kvRP17_20 * pHGF_Met_Met * PI3K2
vRP17_21	Cytoplasm	pHGF_Met_HGF_Met + PI3K2 => pHGF_Met_HGF_Met_PI3K2	kvRP17_21 * pHGF_Met_HGF_Met * PI3K2
vRP17_22	Cytoplasm	pPPrPPr + PI3K2 => pPPrPPr_PI3K2	kvRP17_22 * pPPrPPr * PI3K2
vRP17_23	Cytoplasm	pPPrPr + PI3K2 => pPPrPr_PI3K2	kvRP17_23 * pPPrPr * PI3K2
vRP17_24	Cytoplasm	pFFrFFr + PI3K2 => pFFrFFr_PI3K2	kvRP17_24 * pFFrFFr * PI3K2
vRP17_25	Cytoplasm	pFFrFr + PI3K2 => pFFrFr_PI3K2	kvRP17_25 * pFFrFr * PI3K2
vRP17_26	Cytoplasm	pIIrIr_IRS + PI3K2 => pIIrIr_IRS_PI3K2	kvRP17_26 * pIIrIr_IRS * PI3K2
vRP17_27	Cytoplasm	pINS_Isr_Isr_IRS + PI3K2 => pINS_Isr_Isr_IRS_PI3K2	kvRP17_27 * pINS_Isr_Isr_IRS * PI3K2
vRP17_28	Cytoplasm	pIIrIrI_IRS + PI3K2 => pIIrIrI_IRS_PI3K2	kvRP17_28 * pIIrIrI_IRS * PI3K2
vRP17_29	Cytoplasm	pINS_Isr_Isr_INS_IRS + PI3K2 => pINS_Isr_Isr_INS_IRS_PI3K2	kvRP17_29 * pINS_Isr_Isr_INS_IRS * PI3K2
vRP18_1	Cytoplasm	pEE1E2_PI3K2 => pEE1E2 + PI3K2	kvRP18_1 * pEE1E2_PI3K2
vRP18_2	Cytoplasm	pEE1Ev3_PI3K2 => pEE1Ev3 + PI3K2	kvRP18_2 * pEE1Ev3_PI3K2
vRP18_3	Cytoplasm	pEE1E1_PI3K2 => pEE1E1 + PI3K2	kvRP18_3 * pEE1E1_PI3K2
vRP18_4	Cytoplasm	pEE1EE1_PI3K2 => pEE1EE1 + PI3K2	kvRP18_4 * pEE1EE1_PI3K2
vRP18_5	Cytoplasm	pEE1E3_PI3K2 => pEE1E3 + PI3K2	kvRP18_5 * pEE1E3_PI3K2
vRP18_6	Cytoplasm	pEE1HE3_PI3K2 => pEE1HE3 + PI3K2	kvRP18_6 * pEE1HE3_PI3K2
vRP18_7	Cytoplasm	pEE1E4_PI3K2 => pEE1E4 + PI3K2	kvRP18_7 * pEE1E4_PI3K2
vRP18_8	Cytoplasm	pEE1HE4_PI3K2 => pEE1HE4 + PI3K2	kvRP18_8 * pEE1HE4_PI3K2
vRP18_9	Cytoplasm	pE2HE3_PI3K2 => pE2HE3 + PI3K2	kvRP18_9 * pE2HE3_PI3K2
vRP18_10	Cytoplasm	pHE3Ev3_PI3K2 => pHE3Ev3 + PI3K2	kvRP18_10 * pHE3Ev3_PI3K2
vRP18_11	Cytoplasm	pE1HE3_PI3K2 => pE1HE3 + PI3K2	kvRP18_11 * pE1HE3_PI3K2
vRP18_12	Cytoplasm	pHE3E4_PI3K2 => pHE3E4 + PI3K2	kvRP18_12 * pHE3E4_PI3K2
vRP18_13	Cytoplasm	pHE3HE4_PI3K2 => pHE3HE4 + PI3K2	kvRP18_13 * pHE3HE4_PI3K2
vRP18_14	Cytoplasm	pE2HE4_PI3K2 => pE2HE4 + PI3K2	kvRP18_14 * pE2HE4_PI3K2
vRP18_15	Cytoplasm	pHE4Ev3_PI3K2 => pHE4Ev3 + PI3K2	kvRP18_15 * pHE4Ev3_PI3K2
vRP18_16	Cytoplasm	pE1HE4_PI3K2 => pE1HE4 + PI3K2	kvRP18_16 * pE1HE4_PI3K2
vRP18_17	Cytoplasm	pE3HE4_PI3K2 => pE3HE4 + PI3K2	kvRP18_17 * pE3HE4_PI3K2
vRP18_18	Cytoplasm	pHE4E4_PI3K2 => pHE4E4 + PI3K2	kvRP18_18 * pHE4E4_PI3K2
vRP18_19	Cytoplasm	pHE4HE4_PI3K2 => pHE4HE4 + PI3K2	kvRP18_19 * pHE4HE4_PI3K2
vRP18_20	Cytoplasm	pHGF_Met_Met_PI3K2 => pHGF_Met_Met + PI3K2	kvRP18_20 * pHGF_Met_Met_PI3K2
vRP18_21	Cytoplasm	pHGF_Met_HGF_Met_PI3K2 => pHGF_Met_HGF_Met + PI3K2	kvRP18_21 * pHGF_Met_HGF_Met_PI3K2
vRP18_22	Cytoplasm	pPPrPPr_PI3K2 => pPPrPPr + PI3K2	kvRP18_22 * pPPrPPr_PI3K2
vRP18_23	Cytoplasm	pPPrPr_PI3K2 => pPPrPr + PI3K2	kvRP18_23 * pPPrPr_PI3K2
vRP18_24	Cytoplasm	pFFrFFr_PI3K2 => pFFrFFr + PI3K2	kvRP18_24 * pFFrFFr_PI3K2
vRP18_25	Cytoplasm	pFFrFr_PI3K2 => pFFrFr + PI3K2	kvRP18_25 * pFFrFr_PI3K2
vRP18_26	Cytoplasm	pIIrIr_IRS_PI3K2 => pIIrIr_IRS + PI3K2	kvRP18_26 * pIIrIr_IRS_PI3K2
vRP18_27	Cytoplasm	pINS_Isr_Isr_IRS_PI3K2 => pINS_Isr_Isr_IRS + PI3K2	kvRP18_27 * pINS_Isr_Isr_IRS_PI3K2
vRP18_28	Cytoplasm	pIIrIrI_IRS_PI3K2 => pIIrIrI_IRS + PI3K2	kvRP18_28 * pIIrIrI_IRS_PI3K2
vRP18_29	Cytoplasm	pINS_Isr_Isr_INS_IRS_PI3K2 => pINS_Isr_Isr_INS_IRS + PI3K2	kvRP18_29 * pINS_Isr_Isr_INS_IRS_PI3K2
vRP19_1	Cytoplasm	pEE1E2int_G2_SOS + RasD => pEE1E2int_G2_SOS_RasD	kvRP19_1 * pEE1E2int_G2_SOS * RasD
vRP19_2	Cytoplasm	pEE1Ev3int_G2_SOS + RasD => pEE1Ev3int_G2_SOS_RasD	kvRP19_2 * pEE1Ev3int_G2_SOS * RasD
vRP19_3	Cytoplasm	pEE1E1int_G2_SOS + RasD => pEE1E1int_G2_SOS_RasD	kvRP19_3 * pEE1E1int_G2_SOS * RasD
vRP19_4	Cytoplasm	pEE1EE1int_G2_SOS + RasD => pEE1EE1int_G2_SOS_RasD	kvRP19_4 * pEE1EE1int_G2_SOS * RasD
vRP19_5	Cytoplasm	pEE1E3int_G2_SOS + RasD => pEE1E3int_G2_SOS_RasD	kvRP19_5 * pEE1E3int_G2_SOS * RasD
vRP19_6	Cytoplasm	pEE1HE3int_G2_SOS + RasD => pEE1HE3int_G2_SOS_RasD	kvRP19_6 * pEE1HE3int_G2_SOS * RasD
vRP19_7	Cytoplasm	pEE1E4int_G2_SOS + RasD => pEE1E4int_G2_SOS_RasD	kvRP19_7 * pEE1E4int_G2_SOS * RasD
vRP19_8	Cytoplasm	pEE1HE4int_G2_SOS + RasD => pEE1HE4int_G2_SOS_RasD	kvRP19_8 * pEE1HE4int_G2_SOS * RasD
vRP19_9	Cytoplasm	pE2HE3int_G2_SOS + RasD => pE2HE3int_G2_SOS_RasD	kvRP19_9 * pE2HE3int_G2_SOS * RasD
vRP19_10	Cytoplasm	pHE3Ev3int_G2_SOS + RasD => pHE3Ev3int_G2_SOS_RasD	kvRP19_10 * pHE3Ev3int_G2_SOS * RasD
vRP19_11	Cytoplasm	pE1HE3int_G2_SOS + RasD => pE1HE3int_G2_SOS_RasD	kvRP19_11 * pE1HE3int_G2_SOS * RasD
vRP19_12	Cytoplasm	pHE3E4int_G2_SOS + RasD => pHE3E4int_G2_SOS_RasD	kvRP19_12 * pHE3E4int_G2_SOS * RasD
vRP19_13	Cytoplasm	pHE3HE4int_G2_SOS + RasD => pHE3HE4int_G2_SOS_RasD	kvRP19_13 * pHE3HE4int_G2_SOS * RasD
vRP19_14	Cytoplasm	pE2HE4int_G2_SOS + RasD => pE2HE4int_G2_SOS_RasD	kvRP19_14 * pE2HE4int_G2_SOS * RasD
vRP19_15	Cytoplasm	pHE4Ev3int_G2_SOS + RasD => pHE4Ev3int_G2_SOS_RasD	kvRP19_15 * pHE4Ev3int_G2_SOS * RasD
vRP19_16	Cytoplasm	pE1HE4int_G2_SOS + RasD => pE1HE4int_G2_SOS_RasD	kvRP19_16 * pE1HE4int_G2_SOS * RasD
vRP19_17	Cytoplasm	pE3HE4int_G2_SOS + RasD => pE3HE4int_G2_SOS_RasD	kvRP19_17 * pE3HE4int_G2_SOS * RasD
vRP19_18	Cytoplasm	pHE4E4int_G2_SOS + RasD => pHE4E4int_G2_SOS_RasD	kvRP19_18 * pHE4E4int_G2_SOS * RasD
vRP19_19	Cytoplasm	pHE4HE4int_G2_SOS + RasD => pHE4HE4int_G2_SOS_RasD	kvRP19_19 * pHE4HE4int_G2_SOS * RasD
vRP19_20	Cytoplasm	pHGF_Met_Metint_G2_SOS + RasD => pHGF_Met_Metint_G2_SOS_RasD	kvRP19_20 * pHGF_Met_Metint_G2_SOS * RasD
vRP19_21	Cytoplasm	pHGF_Met_HGF_Metint_G2_SOS + RasD => pHGF_Met_HGF_Metint_G2_SOS_RasD	kvRP19_21 * pHGF_Met_HGF_Metint_G2_SOS * RasD
vRP19_22	Cytoplasm	pPPrPPrint_G2_SOS + RasD => pPPrPPrint_G2_SOS_RasD	kvRP19_22 * pPPrPPrint_G2_SOS * RasD
vRP19_23	Cytoplasm	pPPrPrint_G2_SOS + RasD => pPPrPrint_G2_SOS_RasD	kvRP19_23 * pPPrPrint_G2_SOS * RasD
vRP19_24	Cytoplasm	pFFrFFrint_G2_SOS + RasD => pFFrFFrint_G2_SOS_RasD	kvRP19_24 * pFFrFFrint_G2_SOS * RasD
vRP19_25	Cytoplasm	pFFrFrint_G2_SOS + RasD => pFFrFrint_G2_SOS_RasD	kvRP19_25 * pFFrFrint_G2_SOS * RasD
vRP19_26	Cytoplasm	pIIrIr_int_IRS_G2_SOS + RasD => pIIrIr_int_IRS_G2_SOS_RasD	kvRP19_26 * pIIrIr_int_IRS_G2_SOS * RasD
vRP19_27	Cytoplasm	pINS_Isr_Isr_int_IRS_G2_SOS + RasD => pINS_Isr_Isr_int_IRS_G2_SOS_RasD	kvRP19_27 * pINS_Isr_Isr_int_IRS_G2_SOS * RasD
vRP19_28	Cytoplasm	pIIrIrI_int_IRS_G2_SOS + RasD => pIIrIrI_int_IRS_G2_SOS_RasD	kvRP19_28 * pIIrIrI_int_IRS_G2_SOS * RasD
vRP19_29	Cytoplasm	pINS_Isr_Isr_INS_int_IRS_G2_SOS + RasD => pINS_Isr_Isr_INS_int_IRS_G2_SOS_RasD	kvRP19_29 * pINS_Isr_Isr_INS_int_IRS_G2_SOS * RasD
vRP20_1	Cytoplasm	pEE1E2int_G2_SOS_RasD => pEE1E2int_G2_SOS + RasD	kvRP20_1 * pEE1E2int_G2_SOS_RasD
vRP20_2	Cytoplasm	pEE1Ev3int_G2_SOS_RasD => pEE1Ev3int_G2_SOS + RasD	kvRP20_2 * pEE1Ev3int_G2_SOS_RasD
vRP20_3	Cytoplasm	pEE1E1int_G2_SOS_RasD => pEE1E1int_G2_SOS + RasD	kvRP20_3 * pEE1E1int_G2_SOS_RasD
vRP20_4	Cytoplasm	pEE1EE1int_G2_SOS_RasD => pEE1EE1int_G2_SOS + RasD	kvRP20_4 * pEE1EE1int_G2_SOS_RasD
vRP20_5	Cytoplasm	pEE1E3int_G2_SOS_RasD => pEE1E3int_G2_SOS + RasD	kvRP20_5 * pEE1E3int_G2_SOS_RasD
vRP20_6	Cytoplasm	pEE1HE3int_G2_SOS_RasD => pEE1HE3int_G2_SOS + RasD	kvRP20_6 * pEE1HE3int_G2_SOS_RasD
vRP20_7	Cytoplasm	pEE1E4int_G2_SOS_RasD => pEE1E4int_G2_SOS + RasD	kvRP20_7 * pEE1E4int_G2_SOS_RasD
vRP20_8	Cytoplasm	pEE1HE4int_G2_SOS_RasD => pEE1HE4int_G2_SOS + RasD	kvRP20_8 * pEE1HE4int_G2_SOS_RasD
vRP20_9	Cytoplasm	pE2HE3int_G2_SOS_RasD => pE2HE3int_G2_SOS + RasD	kvRP20_9 * pE2HE3int_G2_SOS_RasD
vRP20_10	Cytoplasm	pHE3Ev3int_G2_SOS_RasD => pHE3Ev3int_G2_SOS + RasD	kvRP20_10 * pHE3Ev3int_G2_SOS_RasD
vRP20_11	Cytoplasm	pE1HE3int_G2_SOS_RasD => pE1HE3int_G2_SOS + RasD	kvRP20_11 * pE1HE3int_G2_SOS_RasD
vRP20_12	Cytoplasm	pHE3E4int_G2_SOS_RasD => pHE3E4int_G2_SOS + RasD	kvRP20_12 * pHE3E4int_G2_SOS_RasD
vRP20_13	Cytoplasm	pHE3HE4int_G2_SOS_RasD => pHE3HE4int_G2_SOS + RasD	kvRP20_13 * pHE3HE4int_G2_SOS_RasD
vRP20_14	Cytoplasm	pE2HE4int_G2_SOS_RasD => pE2HE4int_G2_SOS + RasD	kvRP20_14 * pE2HE4int_G2_SOS_RasD
vRP20_15	Cytoplasm	pHE4Ev3int_G2_SOS_RasD => pHE4Ev3int_G2_SOS + RasD	kvRP20_15 * pHE4Ev3int_G2_SOS_RasD
vRP20_16	Cytoplasm	pE1HE4int_G2_SOS_RasD => pE1HE4int_G2_SOS + RasD	kvRP20_16 * pE1HE4int_G2_SOS_RasD
vRP20_17	Cytoplasm	pE3HE4int_G2_SOS_RasD => pE3HE4int_G2_SOS + RasD	kvRP20_17 * pE3HE4int_G2_SOS_RasD
vRP20_18	Cytoplasm	pHE4E4int_G2_SOS_RasD => pHE4E4int_G2_SOS + RasD	kvRP20_18 * pHE4E4int_G2_SOS_RasD
vRP20_19	Cytoplasm	pHE4HE4int_G2_SOS_RasD => pHE4HE4int_G2_SOS + RasD	kvRP20_19 * pHE4HE4int_G2_SOS_RasD
vRP20_20	Cytoplasm	pHGF_Met_Metint_G2_SOS_RasD => pHGF_Met_Metint_G2_SOS + RasD	kvRP20_20 * pHGF_Met_Metint_G2_SOS_RasD
vRP20_21	Cytoplasm	pHGF_Met_HGF_Metint_G2_SOS_RasD => pHGF_Met_HGF_Metint_G2_SOS + RasD	kvRP20_21 * pHGF_Met_HGF_Metint_G2_SOS_RasD
vRP20_22	Cytoplasm	pPPrPPrint_G2_SOS_RasD => pPPrPPrint_G2_SOS + RasD	kvRP20_22 * pPPrPPrint_G2_SOS_RasD
vRP20_23	Cytoplasm	pPPrPrint_G2_SOS_RasD => pPPrPrint_G2_SOS + RasD	kvRP20_23 * pPPrPrint_G2_SOS_RasD
vRP20_24	Cytoplasm	pFFrFFrint_G2_SOS_RasD => pFFrFFrint_G2_SOS + RasD	kvRP20_24 * pFFrFFrint_G2_SOS_RasD
vRP20_25	Cytoplasm	pFFrFrint_G2_SOS_RasD => pFFrFrint_G2_SOS + RasD	kvRP20_25 * pFFrFrint_G2_SOS_RasD
vRP20_26	Cytoplasm	pIIrIr_int_IRS_G2_SOS_RasD => pIIrIr_int_IRS_G2_SOS + RasD	kvRP20_26 * pIIrIr_int_IRS_G2_SOS_RasD
vRP20_27	Cytoplasm	pINS_Isr_Isr_int_IRS_G2_SOS_RasD => pINS_Isr_Isr_int_IRS_G2_SOS + RasD	kvRP20_27 * pINS_Isr_Isr_int_IRS_G2_SOS_RasD
vRP20_28	Cytoplasm	pIIrIrI_int_IRS_G2_SOS_RasD => pIIrIrI_int_IRS_G2_SOS + RasD	kvRP20_28 * pIIrIrI_int_IRS_G2_SOS_RasD
vRP20_29	Cytoplasm	pINS_Isr_Isr_INS_int_IRS_G2_SOS_RasD => pINS_Isr_Isr_INS_int_IRS_G2_SOS + RasD	kvRP20_29 * pINS_Isr_Isr_INS_int_IRS_G2_SOS_RasD
vRP21_1	Cytoplasm	pEE1E2int_G2_SOS_RasD => pEE1E2int_G2_SOS + RasT	kvRP21_1 * pEE1E2int_G2_SOS_RasD
vRP21_2	Cytoplasm	pEE1Ev3int_G2_SOS_RasD => pEE1Ev3int_G2_SOS + RasT	kvRP21_2 * pEE1Ev3int_G2_SOS_RasD
vRP21_3	Cytoplasm	pEE1E1int_G2_SOS_RasD => pEE1E1int_G2_SOS + RasT	kvRP21_3 * pEE1E1int_G2_SOS_RasD
vRP21_4	Cytoplasm	pEE1EE1int_G2_SOS_RasD => pEE1EE1int_G2_SOS + RasT	kvRP21_4 * pEE1EE1int_G2_SOS_RasD
vRP21_5	Cytoplasm	pEE1E3int_G2_SOS_RasD => pEE1E3int_G2_SOS + RasT	kvRP21_5 * pEE1E3int_G2_SOS_RasD
vRP21_6	Cytoplasm	pEE1HE3int_G2_SOS_RasD => pEE1HE3int_G2_SOS + RasT	kvRP21_6 * pEE1HE3int_G2_SOS_RasD
vRP21_7	Cytoplasm	pEE1E4int_G2_SOS_RasD => pEE1E4int_G2_SOS + RasT	kvRP21_7 * pEE1E4int_G2_SOS_RasD
vRP21_8	Cytoplasm	pEE1HE4int_G2_SOS_RasD => pEE1HE4int_G2_SOS + RasT	kvRP21_8 * pEE1HE4int_G2_SOS_RasD
vRP21_9	Cytoplasm	pE2HE3int_G2_SOS_RasD => pE2HE3int_G2_SOS + RasT	kvRP21_9 * pE2HE3int_G2_SOS_RasD
vRP21_10	Cytoplasm	pHE3Ev3int_G2_SOS_RasD => pHE3Ev3int_G2_SOS + RasT	kvRP21_10 * pHE3Ev3int_G2_SOS_RasD
vRP21_11	Cytoplasm	pE1HE3int_G2_SOS_RasD => pE1HE3int_G2_SOS + RasT	kvRP21_11 * pE1HE3int_G2_SOS_RasD
vRP21_12	Cytoplasm	pHE3E4int_G2_SOS_RasD => pHE3E4int_G2_SOS + RasT	kvRP21_12 * pHE3E4int_G2_SOS_RasD
vRP21_13	Cytoplasm	pHE3HE4int_G2_SOS_RasD => pHE3HE4int_G2_SOS + RasT	kvRP21_13 * pHE3HE4int_G2_SOS_RasD
vRP21_14	Cytoplasm	pE2HE4int_G2_SOS_RasD => pE2HE4int_G2_SOS + RasT	kvRP21_14 * pE2HE4int_G2_SOS_RasD
vRP21_15	Cytoplasm	pHE4Ev3int_G2_SOS_RasD => pHE4Ev3int_G2_SOS + RasT	kvRP21_15 * pHE4Ev3int_G2_SOS_RasD
vRP21_16	Cytoplasm	pE1HE4int_G2_SOS_RasD => pE1HE4int_G2_SOS + RasT	kvRP21_16 * pE1HE4int_G2_SOS_RasD
vRP21_17	Cytoplasm	pE3HE4int_G2_SOS_RasD => pE3HE4int_G2_SOS + RasT	kvRP21_17 * pE3HE4int_G2_SOS_RasD
vRP21_18	Cytoplasm	pHE4E4int_G2_SOS_RasD => pHE4E4int_G2_SOS + RasT	kvRP21_18 * pHE4E4int_G2_SOS_RasD
vRP21_19	Cytoplasm	pHE4HE4int_G2_SOS_RasD => pHE4HE4int_G2_SOS + RasT	kvRP21_19 * pHE4HE4int_G2_SOS_RasD
vRP21_20	Cytoplasm	pHGF_Met_Metint_G2_SOS_RasD => pHGF_Met_Metint_G2_SOS + RasT	kvRP21_20 * pHGF_Met_Metint_G2_SOS_RasD
vRP21_21	Cytoplasm	pHGF_Met_HGF_Metint_G2_SOS_RasD => pHGF_Met_HGF_Metint_G2_SOS + RasT	kvRP21_21 * pHGF_Met_HGF_Metint_G2_SOS_RasD
vRP21_22	Cytoplasm	pPPrPPrint_G2_SOS_RasD => pPPrPPrint_G2_SOS + RasT	kvRP21_22 * pPPrPPrint_G2_SOS_RasD
vRP21_23	Cytoplasm	pPPrPrint_G2_SOS_RasD => pPPrPrint_G2_SOS + RasT	kvRP21_23 * pPPrPrint_G2_SOS_RasD
vRP21_24	Cytoplasm	pFFrFFrint_G2_SOS_RasD => pFFrFFrint_G2_SOS + RasT	kvRP21_24 * pFFrFFrint_G2_SOS_RasD
vRP21_25	Cytoplasm	pFFrFrint_G2_SOS_RasD => pFFrFrint_G2_SOS + RasT	kvRP21_25 * pFFrFrint_G2_SOS_RasD
vRP21_26	Cytoplasm	pIIrIr_int_IRS_G2_SOS_RasD => pIIrIr_int_IRS_G2_SOS + RasT	kvRP21_26 * pIIrIr_int_IRS_G2_SOS_RasD
vRP21_27	Cytoplasm	pINS_Isr_Isr_int_IRS_G2_SOS_RasD => pINS_Isr_Isr_int_IRS_G2_SOS + RasT	kvRP21_27 * pINS_Isr_Isr_int_IRS_G2_SOS_RasD
vRP21_28	Cytoplasm	pIIrIrI_int_IRS_G2_SOS_RasD => pIIrIrI_int_IRS_G2_SOS + RasT	kvRP21_28 * pIIrIrI_int_IRS_G2_SOS_RasD
vRP21_29	Cytoplasm	pINS_Isr_Isr_INS_int_IRS_G2_SOS_RasD => pINS_Isr_Isr_INS_int_IRS_G2_SOS + RasT	kvRP21_29 * pINS_Isr_Isr_INS_int_IRS_G2_SOS_RasD
vRP22_1	Cytoplasm	pEE1E2_G2_SOS + RasD => pEE1E2_G2_SOS_RasD	kvRP22_1 * pEE1E2_G2_SOS * RasD
vRP22_2	Cytoplasm	pEE1Ev3_G2_SOS + RasD => pEE1Ev3_G2_SOS_RasD	kvRP22_2 * pEE1Ev3_G2_SOS * RasD
vRP22_3	Cytoplasm	pEE1E1_G2_SOS + RasD => pEE1E1_G2_SOS_RasD	kvRP22_3 * pEE1E1_G2_SOS * RasD
vRP22_4	Cytoplasm	pEE1EE1_G2_SOS + RasD => pEE1EE1_G2_SOS_RasD	kvRP22_4 * pEE1EE1_G2_SOS * RasD
vRP22_5	Cytoplasm	pEE1E3_G2_SOS + RasD => pEE1E3_G2_SOS_RasD	kvRP22_5 * pEE1E3_G2_SOS * RasD
vRP22_6	Cytoplasm	pEE1HE3_G2_SOS + RasD => pEE1HE3_G2_SOS_RasD	kvRP22_6 * pEE1HE3_G2_SOS * RasD
vRP22_7	Cytoplasm	pEE1E4_G2_SOS + RasD => pEE1E4_G2_SOS_RasD	kvRP22_7 * pEE1E4_G2_SOS * RasD
vRP22_8	Cytoplasm	pEE1HE4_G2_SOS + RasD => pEE1HE4_G2_SOS_RasD	kvRP22_8 * pEE1HE4_G2_SOS * RasD
vRP22_9	Cytoplasm	pE2HE3_G2_SOS + RasD => pE2HE3_G2_SOS_RasD	kvRP22_9 * pE2HE3_G2_SOS * RasD
vRP22_10	Cytoplasm	pHE3Ev3_G2_SOS + RasD => pHE3Ev3_G2_SOS_RasD	kvRP22_10 * pHE3Ev3_G2_SOS * RasD
vRP22_11	Cytoplasm	pE1HE3_G2_SOS + RasD => pE1HE3_G2_SOS_RasD	kvRP22_11 * pE1HE3_G2_SOS * RasD
vRP22_12	Cytoplasm	pHE3E4_G2_SOS + RasD => pHE3E4_G2_SOS_RasD	kvRP22_12 * pHE3E4_G2_SOS * RasD
vRP22_13	Cytoplasm	pHE3HE4_G2_SOS + RasD => pHE3HE4_G2_SOS_RasD	kvRP22_13 * pHE3HE4_G2_SOS * RasD
vRP22_14	Cytoplasm	pE2HE4_G2_SOS + RasD => pE2HE4_G2_SOS_RasD	kvRP22_14 * pE2HE4_G2_SOS * RasD
vRP22_15	Cytoplasm	pHE4Ev3_G2_SOS + RasD => pHE4Ev3_G2_SOS_RasD	kvRP22_15 * pHE4Ev3_G2_SOS * RasD
vRP22_16	Cytoplasm	pE1HE4_G2_SOS + RasD => pE1HE4_G2_SOS_RasD	kvRP22_16 * pE1HE4_G2_SOS * RasD
vRP22_17	Cytoplasm	pE3HE4_G2_SOS + RasD => pE3HE4_G2_SOS_RasD	kvRP22_17 * pE3HE4_G2_SOS * RasD
vRP22_18	Cytoplasm	pHE4E4_G2_SOS + RasD => pHE4E4_G2_SOS_RasD	kvRP22_18 * pHE4E4_G2_SOS * RasD
vRP22_19	Cytoplasm	pHE4HE4_G2_SOS + RasD => pHE4HE4_G2_SOS_RasD	kvRP22_19 * pHE4HE4_G2_SOS * RasD
vRP22_20	Cytoplasm	pHGF_Met_Met_G2_SOS + RasD => pHGF_Met_Met_G2_SOS_RasD	kvRP22_20 * pHGF_Met_Met_G2_SOS * RasD
vRP22_21	Cytoplasm	pHGF_Met_HGF_Met_G2_SOS + RasD => pHGF_Met_HGF_Met_G2_SOS_RasD	kvRP22_21 * pHGF_Met_HGF_Met_G2_SOS * RasD
vRP22_22	Cytoplasm	pPPrPPr_G2_SOS + RasD => pPPrPPr_G2_SOS_RasD	kvRP22_22 * pPPrPPr_G2_SOS * RasD
vRP22_23	Cytoplasm	pPPrPr_G2_SOS + RasD => pPPrPr_G2_SOS_RasD	kvRP22_23 * pPPrPr_G2_SOS * RasD
vRP22_24	Cytoplasm	pFFrFFr_G2_SOS + RasD => pFFrFFr_G2_SOS_RasD	kvRP22_24 * pFFrFFr_G2_SOS * RasD
vRP22_25	Cytoplasm	pFFrFr_G2_SOS + RasD => pFFrFr_G2_SOS_RasD	kvRP22_25 * pFFrFr_G2_SOS * RasD
vRP22_26	Cytoplasm	pIIrIr_IRS_G2_SOS + RasD => pIIrIr_IRS_G2_SOS_RasD	kvRP22_26 * pIIrIr_IRS_G2_SOS * RasD
vRP22_27	Cytoplasm	pINS_Isr_Isr_IRS_G2_SOS + RasD => pINS_Isr_Isr_IRS_G2_SOS_RasD	kvRP22_27 * pINS_Isr_Isr_IRS_G2_SOS * RasD
vRP22_28	Cytoplasm	pIIrIrI_IRS_G2_SOS + RasD => pIIrIrI_IRS_G2_SOS_RasD	kvRP22_28 * pIIrIrI_IRS_G2_SOS * RasD
vRP22_29	Cytoplasm	pINS_Isr_Isr_INS_IRS_G2_SOS + RasD => pINS_Isr_Isr_INS_IRS_G2_SOS_RasD	kvRP22_29 * pINS_Isr_Isr_INS_IRS_G2_SOS * RasD
vRP23_1	Cytoplasm	pEE1E2_G2_SOS_RasD => pEE1E2_G2_SOS + RasD	kvRP23_1 * pEE1E2_G2_SOS_RasD
vRP23_2	Cytoplasm	pEE1Ev3_G2_SOS_RasD => pEE1Ev3_G2_SOS + RasD	kvRP23_2 * pEE1Ev3_G2_SOS_RasD
vRP23_3	Cytoplasm	pEE1E1_G2_SOS_RasD => pEE1E1_G2_SOS + RasD	kvRP23_3 * pEE1E1_G2_SOS_RasD
vRP23_4	Cytoplasm	pEE1EE1_G2_SOS_RasD => pEE1EE1_G2_SOS + RasD	kvRP23_4 * pEE1EE1_G2_SOS_RasD
vRP23_5	Cytoplasm	pEE1E3_G2_SOS_RasD => pEE1E3_G2_SOS + RasD	kvRP23_5 * pEE1E3_G2_SOS_RasD
vRP23_6	Cytoplasm	pEE1HE3_G2_SOS_RasD => pEE1HE3_G2_SOS + RasD	kvRP23_6 * pEE1HE3_G2_SOS_RasD
vRP23_7	Cytoplasm	pEE1E4_G2_SOS_RasD => pEE1E4_G2_SOS + RasD	kvRP23_7 * pEE1E4_G2_SOS_RasD
vRP23_8	Cytoplasm	pEE1HE4_G2_SOS_RasD => pEE1HE4_G2_SOS + RasD	kvRP23_8 * pEE1HE4_G2_SOS_RasD
vRP23_9	Cytoplasm	pE2HE3_G2_SOS_RasD => pE2HE3_G2_SOS + RasD	kvRP23_9 * pE2HE3_G2_SOS_RasD
vRP23_10	Cytoplasm	pHE3Ev3_G2_SOS_RasD => pHE3Ev3_G2_SOS + RasD	kvRP23_10 * pHE3Ev3_G2_SOS_RasD
vRP23_11	Cytoplasm	pE1HE3_G2_SOS_RasD => pE1HE3_G2_SOS + RasD	kvRP23_11 * pE1HE3_G2_SOS_RasD
vRP23_12	Cytoplasm	pHE3E4_G2_SOS_RasD => pHE3E4_G2_SOS + RasD	kvRP23_12 * pHE3E4_G2_SOS_RasD
vRP23_13	Cytoplasm	pHE3HE4_G2_SOS_RasD => pHE3HE4_G2_SOS + RasD	kvRP23_13 * pHE3HE4_G2_SOS_RasD
vRP23_14	Cytoplasm	pE2HE4_G2_SOS_RasD => pE2HE4_G2_SOS + RasD	kvRP23_14 * pE2HE4_G2_SOS_RasD
vRP23_15	Cytoplasm	pHE4Ev3_G2_SOS_RasD => pHE4Ev3_G2_SOS + RasD	kvRP23_15 * pHE4Ev3_G2_SOS_RasD
vRP23_16	Cytoplasm	pE1HE4_G2_SOS_RasD => pE1HE4_G2_SOS + RasD	kvRP23_16 * pE1HE4_G2_SOS_RasD
vRP23_17	Cytoplasm	pE3HE4_G2_SOS_RasD => pE3HE4_G2_SOS + RasD	kvRP23_17 * pE3HE4_G2_SOS_RasD
vRP23_18	Cytoplasm	pHE4E4_G2_SOS_RasD => pHE4E4_G2_SOS + RasD	kvRP23_18 * pHE4E4_G2_SOS_RasD
vRP23_19	Cytoplasm	pHE4HE4_G2_SOS_RasD => pHE4HE4_G2_SOS + RasD	kvRP23_19 * pHE4HE4_G2_SOS_RasD
vRP23_20	Cytoplasm	pHGF_Met_Met_G2_SOS_RasD => pHGF_Met_Met_G2_SOS + RasD	kvRP23_20 * pHGF_Met_Met_G2_SOS_RasD
vRP23_21	Cytoplasm	pHGF_Met_HGF_Met_G2_SOS_RasD => pHGF_Met_HGF_Met_G2_SOS + RasD	kvRP23_21 * pHGF_Met_HGF_Met_G2_SOS_RasD
vRP23_22	Cytoplasm	pPPrPPr_G2_SOS_RasD => pPPrPPr_G2_SOS + RasD	kvRP23_22 * pPPrPPr_G2_SOS_RasD
vRP23_23	Cytoplasm	pPPrPr_G2_SOS_RasD => pPPrPr_G2_SOS + RasD	kvRP23_23 * pPPrPr_G2_SOS_RasD
vRP23_24	Cytoplasm	pFFrFFr_G2_SOS_RasD => pFFrFFr_G2_SOS + RasD	kvRP23_24 * pFFrFFr_G2_SOS_RasD
vRP23_25	Cytoplasm	pFFrFr_G2_SOS_RasD => pFFrFr_G2_SOS + RasD	kvRP23_25 * pFFrFr_G2_SOS_RasD
vRP23_26	Cytoplasm	pIIrIr_IRS_G2_SOS_RasD => pIIrIr_IRS_G2_SOS + RasD	kvRP23_26 * pIIrIr_IRS_G2_SOS_RasD
vRP23_27	Cytoplasm	pINS_Isr_Isr_IRS_G2_SOS_RasD => pINS_Isr_Isr_IRS_G2_SOS + RasD	kvRP23_27 * pINS_Isr_Isr_IRS_G2_SOS_RasD
vRP23_28	Cytoplasm	pIIrIrI_IRS_G2_SOS_RasD => pIIrIrI_IRS_G2_SOS + RasD	kvRP23_28 * pIIrIrI_IRS_G2_SOS_RasD
vRP23_29	Cytoplasm	pINS_Isr_Isr_INS_IRS_G2_SOS_RasD => pINS_Isr_Isr_INS_IRS_G2_SOS + RasD	kvRP23_29 * pINS_Isr_Isr_INS_IRS_G2_SOS_RasD
vRP24_1	Cytoplasm	pEE1E2_G2_SOS_RasD => pEE1E2_G2_SOS + RasT	kvRP24_1 * pEE1E2_G2_SOS_RasD
vRP24_2	Cytoplasm	pEE1Ev3_G2_SOS_RasD => pEE1Ev3_G2_SOS + RasT	kvRP24_2 * pEE1Ev3_G2_SOS_RasD
vRP24_3	Cytoplasm	pEE1E1_G2_SOS_RasD => pEE1E1_G2_SOS + RasT	kvRP24_3 * pEE1E1_G2_SOS_RasD
vRP24_4	Cytoplasm	pEE1EE1_G2_SOS_RasD => pEE1EE1_G2_SOS + RasT	kvRP24_4 * pEE1EE1_G2_SOS_RasD
vRP24_5	Cytoplasm	pEE1E3_G2_SOS_RasD => pEE1E3_G2_SOS + RasT	kvRP24_5 * pEE1E3_G2_SOS_RasD
vRP24_6	Cytoplasm	pEE1HE3_G2_SOS_RasD => pEE1HE3_G2_SOS + RasT	kvRP24_6 * pEE1HE3_G2_SOS_RasD
vRP24_7	Cytoplasm	pEE1E4_G2_SOS_RasD => pEE1E4_G2_SOS + RasT	kvRP24_7 * pEE1E4_G2_SOS_RasD
vRP24_8	Cytoplasm	pEE1HE4_G2_SOS_RasD => pEE1HE4_G2_SOS + RasT	kvRP24_8 * pEE1HE4_G2_SOS_RasD
vRP24_9	Cytoplasm	pE2HE3_G2_SOS_RasD => pE2HE3_G2_SOS + RasT	kvRP24_9 * pE2HE3_G2_SOS_RasD
vRP24_10	Cytoplasm	pHE3Ev3_G2_SOS_RasD => pHE3Ev3_G2_SOS + RasT	kvRP24_10 * pHE3Ev3_G2_SOS_RasD
vRP24_11	Cytoplasm	pE1HE3_G2_SOS_RasD => pE1HE3_G2_SOS + RasT	kvRP24_11 * pE1HE3_G2_SOS_RasD
vRP24_12	Cytoplasm	pHE3E4_G2_SOS_RasD => pHE3E4_G2_SOS + RasT	kvRP24_12 * pHE3E4_G2_SOS_RasD
vRP24_13	Cytoplasm	pHE3HE4_G2_SOS_RasD => pHE3HE4_G2_SOS + RasT	kvRP24_13 * pHE3HE4_G2_SOS_RasD
vRP24_14	Cytoplasm	pE2HE4_G2_SOS_RasD => pE2HE4_G2_SOS + RasT	kvRP24_14 * pE2HE4_G2_SOS_RasD
vRP24_15	Cytoplasm	pHE4Ev3_G2_SOS_RasD => pHE4Ev3_G2_SOS + RasT	kvRP24_15 * pHE4Ev3_G2_SOS_RasD
vRP24_16	Cytoplasm	pE1HE4_G2_SOS_RasD => pE1HE4_G2_SOS + RasT	kvRP24_16 * pE1HE4_G2_SOS_RasD
vRP24_17	Cytoplasm	pE3HE4_G2_SOS_RasD => pE3HE4_G2_SOS + RasT	kvRP24_17 * pE3HE4_G2_SOS_RasD
vRP24_18	Cytoplasm	pHE4E4_G2_SOS_RasD => pHE4E4_G2_SOS + RasT	kvRP24_18 * pHE4E4_G2_SOS_RasD
vRP24_19	Cytoplasm	pHE4HE4_G2_SOS_RasD => pHE4HE4_G2_SOS + RasT	kvRP24_19 * pHE4HE4_G2_SOS_RasD
vRP24_20	Cytoplasm	pHGF_Met_Met_G2_SOS_RasD => pHGF_Met_Met_G2_SOS + RasT	kvRP24_20 * pHGF_Met_Met_G2_SOS_RasD
vRP24_21	Cytoplasm	pHGF_Met_HGF_Met_G2_SOS_RasD => pHGF_Met_HGF_Met_G2_SOS + RasT	kvRP24_21 * pHGF_Met_HGF_Met_G2_SOS_RasD
vRP24_22	Cytoplasm	pPPrPPr_G2_SOS_RasD => pPPrPPr_G2_SOS + RasT	kvRP24_22 * pPPrPPr_G2_SOS_RasD
vRP24_23	Cytoplasm	pPPrPr_G2_SOS_RasD => pPPrPr_G2_SOS + RasT	kvRP24_23 * pPPrPr_G2_SOS_RasD
vRP24_24	Cytoplasm	pFFrFFr_G2_SOS_RasD => pFFrFFr_G2_SOS + RasT	kvRP24_24 * pFFrFFr_G2_SOS_RasD
vRP24_25	Cytoplasm	pFFrFr_G2_SOS_RasD => pFFrFr_G2_SOS + RasT	kvRP24_25 * pFFrFr_G2_SOS_RasD
vRP24_26	Cytoplasm	pIIrIr_IRS_G2_SOS_RasD => pIIrIr_IRS_G2_SOS + RasT	kvRP24_26 * pIIrIr_IRS_G2_SOS_RasD
vRP24_27	Cytoplasm	pINS_Isr_Isr_IRS_G2_SOS_RasD => pINS_Isr_Isr_IRS_G2_SOS + RasT	kvRP24_27 * pINS_Isr_Isr_IRS_G2_SOS_RasD
vRP24_28	Cytoplasm	pIIrIrI_IRS_G2_SOS_RasD => pIIrIrI_IRS_G2_SOS + RasT	kvRP24_28 * pIIrIrI_IRS_G2_SOS_RasD
vRP24_29	Cytoplasm	pINS_Isr_Isr_INS_IRS_G2_SOS_RasD => pINS_Isr_Isr_INS_IRS_G2_SOS + RasT	kvRP24_29 * pINS_Isr_Isr_INS_IRS_G2_SOS_RasD
vRP25_1	Cytoplasm	pEE1E2_PLCg + PIP2 => pEE1E2_PLCg_PIP2	kvRP25_1 * pEE1E2_PLCg * PIP2
vRP25_2	Cytoplasm	pEE1Ev3_PLCg + PIP2 => pEE1Ev3_PLCg_PIP2	kvRP25_2 * pEE1Ev3_PLCg * PIP2
vRP25_3	Cytoplasm	pEE1E1_PLCg + PIP2 => pEE1E1_PLCg_PIP2	kvRP25_3 * pEE1E1_PLCg * PIP2
vRP25_4	Cytoplasm	pEE1EE1_PLCg + PIP2 => pEE1EE1_PLCg_PIP2	kvRP25_4 * pEE1EE1_PLCg * PIP2
vRP25_5	Cytoplasm	pEE1E3_PLCg + PIP2 => pEE1E3_PLCg_PIP2	kvRP25_5 * pEE1E3_PLCg * PIP2
vRP25_6	Cytoplasm	pEE1HE3_PLCg + PIP2 => pEE1HE3_PLCg_PIP2	kvRP25_6 * pEE1HE3_PLCg * PIP2
vRP25_7	Cytoplasm	pEE1E4_PLCg + PIP2 => pEE1E4_PLCg_PIP2	kvRP25_7 * pEE1E4_PLCg * PIP2
vRP25_8	Cytoplasm	pEE1HE4_PLCg + PIP2 => pEE1HE4_PLCg_PIP2	kvRP25_8 * pEE1HE4_PLCg * PIP2
vRP25_9	Cytoplasm	pE2HE3_PLCg + PIP2 => pE2HE3_PLCg_PIP2	kvRP25_9 * pE2HE3_PLCg * PIP2
vRP25_10	Cytoplasm	pHE3Ev3_PLCg + PIP2 => pHE3Ev3_PLCg_PIP2	kvRP25_10 * pHE3Ev3_PLCg * PIP2
vRP25_11	Cytoplasm	pE1HE3_PLCg + PIP2 => pE1HE3_PLCg_PIP2	kvRP25_11 * pE1HE3_PLCg * PIP2
vRP25_12	Cytoplasm	pHE3E4_PLCg + PIP2 => pHE3E4_PLCg_PIP2	kvRP25_12 * pHE3E4_PLCg * PIP2
vRP25_13	Cytoplasm	pHE3HE4_PLCg + PIP2 => pHE3HE4_PLCg_PIP2	kvRP25_13 * pHE3HE4_PLCg * PIP2
vRP25_14	Cytoplasm	pE2HE4_PLCg + PIP2 => pE2HE4_PLCg_PIP2	kvRP25_14 * pE2HE4_PLCg * PIP2
vRP25_15	Cytoplasm	pHE4Ev3_PLCg + PIP2 => pHE4Ev3_PLCg_PIP2	kvRP25_15 * pHE4Ev3_PLCg * PIP2
vRP25_16	Cytoplasm	pE1HE4_PLCg + PIP2 => pE1HE4_PLCg_PIP2	kvRP25_16 * pE1HE4_PLCg * PIP2
vRP25_17	Cytoplasm	pE3HE4_PLCg + PIP2 => pE3HE4_PLCg_PIP2	kvRP25_17 * pE3HE4_PLCg * PIP2
vRP25_18	Cytoplasm	pHE4E4_PLCg + PIP2 => pHE4E4_PLCg_PIP2	kvRP25_18 * pHE4E4_PLCg * PIP2
vRP25_19	Cytoplasm	pHE4HE4_PLCg + PIP2 => pHE4HE4_PLCg_PIP2	kvRP25_19 * pHE4HE4_PLCg * PIP2
vRP25_20	Cytoplasm	pHGF_Met_Met_PLCg + PIP2 => pHGF_Met_Met_PLCg_PIP2	kvRP25_20 * pHGF_Met_Met_PLCg * PIP2
vRP25_21	Cytoplasm	pHGF_Met_HGF_Met_PLCg + PIP2 => pHGF_Met_HGF_Met_PLCg_PIP2	kvRP25_21 * pHGF_Met_HGF_Met_PLCg * PIP2
vRP25_22	Cytoplasm	pPPrPPr_PLCg + PIP2 => pPPrPPr_PLCg_PIP2	kvRP25_22 * pPPrPPr_PLCg * PIP2
vRP25_23	Cytoplasm	pPPrPr_PLCg + PIP2 => pPPrPr_PLCg_PIP2	kvRP25_23 * pPPrPr_PLCg * PIP2
vRP25_24	Cytoplasm	pFFrFFr_PLCg + PIP2 => pFFrFFr_PLCg_PIP2	kvRP25_24 * pFFrFFr_PLCg * PIP2
vRP25_25	Cytoplasm	pFFrFr_PLCg + PIP2 => pFFrFr_PLCg_PIP2	kvRP25_25 * pFFrFr_PLCg * PIP2
vRP25_26	Cytoplasm	pIIrIr_IRS_PLCg + PIP2 => pIIrIr_IRS_PLCg_PIP2	kvRP25_26 * pIIrIr_IRS_PLCg * PIP2
vRP25_27	Cytoplasm	pINS_Isr_Isr_IRS_PLCg + PIP2 => pINS_Isr_Isr_IRS_PLCg_PIP2	kvRP25_27 * pINS_Isr_Isr_IRS_PLCg * PIP2
vRP25_28	Cytoplasm	pIIrIrI_IRS_PLCg + PIP2 => pIIrIrI_IRS_PLCg_PIP2	kvRP25_28 * pIIrIrI_IRS_PLCg * PIP2
vRP25_29	Cytoplasm	pINS_Isr_Isr_INS_IRS_PLCg + PIP2 => pINS_Isr_Isr_INS_IRS_PLCg_PIP2	kvRP25_29 * pINS_Isr_Isr_INS_IRS_PLCg * PIP2
vRP26_1	Cytoplasm	pEE1E2_PLCg_PIP2 => pEE1E2_PLCg + PIP2	kvRP26_1 * pEE1E2_PLCg_PIP2
vRP26_2	Cytoplasm	pEE1Ev3_PLCg_PIP2 => pEE1Ev3_PLCg + PIP2	kvRP26_2 * pEE1Ev3_PLCg_PIP2
vRP26_3	Cytoplasm	pEE1E1_PLCg_PIP2 => pEE1E1_PLCg + PIP2	kvRP26_3 * pEE1E1_PLCg_PIP2
vRP26_4	Cytoplasm	pEE1EE1_PLCg_PIP2 => pEE1EE1_PLCg + PIP2	kvRP26_4 * pEE1EE1_PLCg_PIP2
vRP26_5	Cytoplasm	pEE1E3_PLCg_PIP2 => pEE1E3_PLCg + PIP2	kvRP26_5 * pEE1E3_PLCg_PIP2
vRP26_6	Cytoplasm	pEE1HE3_PLCg_PIP2 => pEE1HE3_PLCg + PIP2	kvRP26_6 * pEE1HE3_PLCg_PIP2
vRP26_7	Cytoplasm	pEE1E4_PLCg_PIP2 => pEE1E4_PLCg + PIP2	kvRP26_7 * pEE1E4_PLCg_PIP2
vRP26_8	Cytoplasm	pEE1HE4_PLCg_PIP2 => pEE1HE4_PLCg + PIP2	kvRP26_8 * pEE1HE4_PLCg_PIP2
vRP26_9	Cytoplasm	pE2HE3_PLCg_PIP2 => pE2HE3_PLCg + PIP2	kvRP26_9 * pE2HE3_PLCg_PIP2
vRP26_10	Cytoplasm	pHE3Ev3_PLCg_PIP2 => pHE3Ev3_PLCg + PIP2	kvRP26_10 * pHE3Ev3_PLCg_PIP2
vRP26_11	Cytoplasm	pE1HE3_PLCg_PIP2 => pE1HE3_PLCg + PIP2	kvRP26_11 * pE1HE3_PLCg_PIP2
vRP26_12	Cytoplasm	pHE3E4_PLCg_PIP2 => pHE3E4_PLCg + PIP2	kvRP26_12 * pHE3E4_PLCg_PIP2
vRP26_13	Cytoplasm	pHE3HE4_PLCg_PIP2 => pHE3HE4_PLCg + PIP2	kvRP26_13 * pHE3HE4_PLCg_PIP2
vRP26_14	Cytoplasm	pE2HE4_PLCg_PIP2 => pE2HE4_PLCg + PIP2	kvRP26_14 * pE2HE4_PLCg_PIP2
vRP26_15	Cytoplasm	pHE4Ev3_PLCg_PIP2 => pHE4Ev3_PLCg + PIP2	kvRP26_15 * pHE4Ev3_PLCg_PIP2
vRP26_16	Cytoplasm	pE1HE4_PLCg_PIP2 => pE1HE4_PLCg + PIP2	kvRP26_16 * pE1HE4_PLCg_PIP2
vRP26_17	Cytoplasm	pE3HE4_PLCg_PIP2 => pE3HE4_PLCg + PIP2	kvRP26_17 * pE3HE4_PLCg_PIP2
vRP26_18	Cytoplasm	pHE4E4_PLCg_PIP2 => pHE4E4_PLCg + PIP2	kvRP26_18 * pHE4E4_PLCg_PIP2
vRP26_19	Cytoplasm	pHE4HE4_PLCg_PIP2 => pHE4HE4_PLCg + PIP2	kvRP26_19 * pHE4HE4_PLCg_PIP2
vRP26_20	Cytoplasm	pHGF_Met_Met_PLCg_PIP2 => pHGF_Met_Met_PLCg + PIP2	kvRP26_20 * pHGF_Met_Met_PLCg_PIP2
vRP26_21	Cytoplasm	pHGF_Met_HGF_Met_PLCg_PIP2 => pHGF_Met_HGF_Met_PLCg + PIP2	kvRP26_21 * pHGF_Met_HGF_Met_PLCg_PIP2
vRP26_22	Cytoplasm	pPPrPPr_PLCg_PIP2 => pPPrPPr_PLCg + PIP2	kvRP26_22 * pPPrPPr_PLCg_PIP2
vRP26_23	Cytoplasm	pPPrPr_PLCg_PIP2 => pPPrPr_PLCg + PIP2	kvRP26_23 * pPPrPr_PLCg_PIP2
vRP26_24	Cytoplasm	pFFrFFr_PLCg_PIP2 => pFFrFFr_PLCg + PIP2	kvRP26_24 * pFFrFFr_PLCg_PIP2
vRP26_25	Cytoplasm	pFFrFr_PLCg_PIP2 => pFFrFr_PLCg + PIP2	kvRP26_25 * pFFrFr_PLCg_PIP2
vRP26_26	Cytoplasm	pIIrIr_IRS_PLCg_PIP2 => pIIrIr_IRS_PLCg + PIP2	kvRP26_26 * pIIrIr_IRS_PLCg_PIP2
vRP26_27	Cytoplasm	pINS_Isr_Isr_IRS_PLCg_PIP2 => pINS_Isr_Isr_IRS_PLCg + PIP2	kvRP26_27 * pINS_Isr_Isr_IRS_PLCg_PIP2
vRP26_28	Cytoplasm	pIIrIrI_IRS_PLCg_PIP2 => pIIrIrI_IRS_PLCg + PIP2	kvRP26_28 * pIIrIrI_IRS_PLCg_PIP2
vRP26_29	Cytoplasm	pINS_Isr_Isr_INS_IRS_PLCg_PIP2 => pINS_Isr_Isr_INS_IRS_PLCg + PIP2	kvRP26_29 * pINS_Isr_Isr_INS_IRS_PLCg_PIP2
vRP27_1	Cytoplasm	pEE1E2_PLCg_PIP2 => pEE1E2_PLCg + DAG + IP3	kvRP27_1 * pEE1E2_PLCg_PIP2
vRP27_2	Cytoplasm	pEE1Ev3_PLCg_PIP2 => pEE1Ev3_PLCg + DAG + IP3	kvRP27_2 * pEE1Ev3_PLCg_PIP2
vRP27_3	Cytoplasm	pEE1E1_PLCg_PIP2 => pEE1E1_PLCg + DAG + IP3	kvRP27_3 * pEE1E1_PLCg_PIP2
vRP27_4	Cytoplasm	pEE1EE1_PLCg_PIP2 => pEE1EE1_PLCg + DAG + IP3	kvRP27_4 * pEE1EE1_PLCg_PIP2
vRP27_5	Cytoplasm	pEE1E3_PLCg_PIP2 => pEE1E3_PLCg + DAG + IP3	kvRP27_5 * pEE1E3_PLCg_PIP2
vRP27_6	Cytoplasm	pEE1HE3_PLCg_PIP2 => pEE1HE3_PLCg + DAG + IP3	kvRP27_6 * pEE1HE3_PLCg_PIP2
vRP27_7	Cytoplasm	pEE1E4_PLCg_PIP2 => pEE1E4_PLCg + DAG + IP3	kvRP27_7 * pEE1E4_PLCg_PIP2
vRP27_8	Cytoplasm	pEE1HE4_PLCg_PIP2 => pEE1HE4_PLCg + DAG + IP3	kvRP27_8 * pEE1HE4_PLCg_PIP2
vRP27_9	Cytoplasm	pE2HE3_PLCg_PIP2 => pE2HE3_PLCg + DAG + IP3	kvRP27_9 * pE2HE3_PLCg_PIP2
vRP27_10	Cytoplasm	pHE3Ev3_PLCg_PIP2 => pHE3Ev3_PLCg + DAG + IP3	kvRP27_10 * pHE3Ev3_PLCg_PIP2
vRP27_11	Cytoplasm	pE1HE3_PLCg_PIP2 => pE1HE3_PLCg + DAG + IP3	kvRP27_11 * pE1HE3_PLCg_PIP2
vRP27_12	Cytoplasm	pHE3E4_PLCg_PIP2 => pHE3E4_PLCg + DAG + IP3	kvRP27_12 * pHE3E4_PLCg_PIP2
vRP27_13	Cytoplasm	pHE3HE4_PLCg_PIP2 => pHE3HE4_PLCg + DAG + IP3	kvRP27_13 * pHE3HE4_PLCg_PIP2
vRP27_14	Cytoplasm	pE2HE4_PLCg_PIP2 => pE2HE4_PLCg + DAG + IP3	kvRP27_14 * pE2HE4_PLCg_PIP2
vRP27_15	Cytoplasm	pHE4Ev3_PLCg_PIP2 => pHE4Ev3_PLCg + DAG + IP3	kvRP27_15 * pHE4Ev3_PLCg_PIP2
vRP27_16	Cytoplasm	pE1HE4_PLCg_PIP2 => pE1HE4_PLCg + DAG + IP3	kvRP27_16 * pE1HE4_PLCg_PIP2
vRP27_17	Cytoplasm	pE3HE4_PLCg_PIP2 => pE3HE4_PLCg + DAG + IP3	kvRP27_17 * pE3HE4_PLCg_PIP2
vRP27_18	Cytoplasm	pHE4E4_PLCg_PIP2 => pHE4E4_PLCg + DAG + IP3	kvRP27_18 * pHE4E4_PLCg_PIP2
vRP27_19	Cytoplasm	pHE4HE4_PLCg_PIP2 => pHE4HE4_PLCg + DAG + IP3	kvRP27_19 * pHE4HE4_PLCg_PIP2
vRP27_20	Cytoplasm	pHGF_Met_Met_PLCg_PIP2 => pHGF_Met_Met_PLCg + DAG + IP3	kvRP27_20 * pHGF_Met_Met_PLCg_PIP2
vRP27_21	Cytoplasm	pHGF_Met_HGF_Met_PLCg_PIP2 => pHGF_Met_HGF_Met_PLCg + DAG + IP3	kvRP27_21 * pHGF_Met_HGF_Met_PLCg_PIP2
vRP27_22	Cytoplasm	pPPrPPr_PLCg_PIP2 => pPPrPPr_PLCg + DAG + IP3	kvRP27_22 * pPPrPPr_PLCg_PIP2
vRP27_23	Cytoplasm	pPPrPr_PLCg_PIP2 => pPPrPr_PLCg + DAG + IP3	kvRP27_23 * pPPrPr_PLCg_PIP2
vRP27_24	Cytoplasm	pFFrFFr_PLCg_PIP2 => pFFrFFr_PLCg + DAG + IP3	kvRP27_24 * pFFrFFr_PLCg_PIP2
vRP27_25	Cytoplasm	pFFrFr_PLCg_PIP2 => pFFrFr_PLCg + DAG + IP3	kvRP27_25 * pFFrFr_PLCg_PIP2
vRP27_26	Cytoplasm	pIIrIr_IRS_PLCg_PIP2 => pIIrIr_IRS_PLCg + DAG + IP3	kvRP27_26 * pIIrIr_IRS_PLCg_PIP2
vRP27_27	Cytoplasm	pINS_Isr_Isr_IRS_PLCg_PIP2 => pINS_Isr_Isr_IRS_PLCg + DAG + IP3	kvRP27_27 * pINS_Isr_Isr_IRS_PLCg_PIP2
vRP27_28	Cytoplasm	pIIrIrI_IRS_PLCg_PIP2 => pIIrIrI_IRS_PLCg + DAG + IP3	kvRP27_28 * pIIrIrI_IRS_PLCg_PIP2
vRP27_29	Cytoplasm	pINS_Isr_Isr_INS_IRS_PLCg_PIP2 => pINS_Isr_Isr_INS_IRS_PLCg + DAG + IP3	kvRP27_29 * pINS_Isr_Isr_INS_IRS_PLCg_PIP2
vRP28_1	Cytoplasm	pEE1E2_PI3K1 + PIP2 => pEE1E2_PI3K1_PIP2	kvRP28_1 * pEE1E2_PI3K1 * PIP2
vRP28_2	Cytoplasm	pEE1Ev3_PI3K1 + PIP2 => pEE1Ev3_PI3K1_PIP2	kvRP28_2 * pEE1Ev3_PI3K1 * PIP2
vRP28_3	Cytoplasm	pEE1E1_PI3K1 + PIP2 => pEE1E1_PI3K1_PIP2	kvRP28_3 * pEE1E1_PI3K1 * PIP2
vRP28_4	Cytoplasm	pEE1EE1_PI3K1 + PIP2 => pEE1EE1_PI3K1_PIP2	kvRP28_4 * pEE1EE1_PI3K1 * PIP2
vRP28_5	Cytoplasm	pEE1E3_PI3K1 + PIP2 => pEE1E3_PI3K1_PIP2	kvRP28_5 * pEE1E3_PI3K1 * PIP2
vRP28_6	Cytoplasm	pEE1HE3_PI3K1 + PIP2 => pEE1HE3_PI3K1_PIP2	kvRP28_6 * pEE1HE3_PI3K1 * PIP2
vRP28_7	Cytoplasm	pEE1E4_PI3K1 + PIP2 => pEE1E4_PI3K1_PIP2	kvRP28_7 * pEE1E4_PI3K1 * PIP2
vRP28_8	Cytoplasm	pEE1HE4_PI3K1 + PIP2 => pEE1HE4_PI3K1_PIP2	kvRP28_8 * pEE1HE4_PI3K1 * PIP2
vRP28_9	Cytoplasm	pE2HE3_PI3K1 + PIP2 => pE2HE3_PI3K1_PIP2	kvRP28_9 * pE2HE3_PI3K1 * PIP2
vRP28_10	Cytoplasm	pHE3Ev3_PI3K1 + PIP2 => pHE3Ev3_PI3K1_PIP2	kvRP28_10 * pHE3Ev3_PI3K1 * PIP2
vRP28_11	Cytoplasm	pE1HE3_PI3K1 + PIP2 => pE1HE3_PI3K1_PIP2	kvRP28_11 * pE1HE3_PI3K1 * PIP2
vRP28_12	Cytoplasm	pHE3E4_PI3K1 + PIP2 => pHE3E4_PI3K1_PIP2	kvRP28_12 * pHE3E4_PI3K1 * PIP2
vRP28_13	Cytoplasm	pHE3HE4_PI3K1 + PIP2 => pHE3HE4_PI3K1_PIP2	kvRP28_13 * pHE3HE4_PI3K1 * PIP2
vRP28_14	Cytoplasm	pE2HE4_PI3K1 + PIP2 => pE2HE4_PI3K1_PIP2	kvRP28_14 * pE2HE4_PI3K1 * PIP2
vRP28_15	Cytoplasm	pHE4Ev3_PI3K1 + PIP2 => pHE4Ev3_PI3K1_PIP2	kvRP28_15 * pHE4Ev3_PI3K1 * PIP2
vRP28_16	Cytoplasm	pE1HE4_PI3K1 + PIP2 => pE1HE4_PI3K1_PIP2	kvRP28_16 * pE1HE4_PI3K1 * PIP2
vRP28_17	Cytoplasm	pE3HE4_PI3K1 + PIP2 => pE3HE4_PI3K1_PIP2	kvRP28_17 * pE3HE4_PI3K1 * PIP2
vRP28_18	Cytoplasm	pHE4E4_PI3K1 + PIP2 => pHE4E4_PI3K1_PIP2	kvRP28_18 * pHE4E4_PI3K1 * PIP2
vRP28_19	Cytoplasm	pHE4HE4_PI3K1 + PIP2 => pHE4HE4_PI3K1_PIP2	kvRP28_19 * pHE4HE4_PI3K1 * PIP2
vRP28_20	Cytoplasm	pHGF_Met_Met_PI3K1 + PIP2 => pHGF_Met_Met_PI3K1_PIP2	kvRP28_20 * pHGF_Met_Met_PI3K1 * PIP2
vRP28_21	Cytoplasm	pHGF_Met_HGF_Met_PI3K1 + PIP2 => pHGF_Met_HGF_Met_PI3K1_PIP2	kvRP28_21 * pHGF_Met_HGF_Met_PI3K1 * PIP2
vRP28_22	Cytoplasm	pPPrPPr_PI3K1 + PIP2 => pPPrPPr_PI3K1_PIP2	kvRP28_22 * pPPrPPr_PI3K1 * PIP2
vRP28_23	Cytoplasm	pPPrPr_PI3K1 + PIP2 => pPPrPr_PI3K1_PIP2	kvRP28_23 * pPPrPr_PI3K1 * PIP2
vRP28_24	Cytoplasm	pFFrFFr_PI3K1 + PIP2 => pFFrFFr_PI3K1_PIP2	kvRP28_24 * pFFrFFr_PI3K1 * PIP2
vRP28_25	Cytoplasm	pFFrFr_PI3K1 + PIP2 => pFFrFr_PI3K1_PIP2	kvRP28_25 * pFFrFr_PI3K1 * PIP2
vRP28_26	Cytoplasm	pIIrIr_IRS_PI3K1 + PIP2 => pIIrIr_IRS_PI3K1_PIP2	kvRP28_26 * pIIrIr_IRS_PI3K1 * PIP2
vRP28_27	Cytoplasm	pINS_Isr_Isr_IRS_PI3K1 + PIP2 => pINS_Isr_Isr_IRS_PI3K1_PIP2	kvRP28_27 * pINS_Isr_Isr_IRS_PI3K1 * PIP2
vRP28_28	Cytoplasm	pIIrIrI_IRS_PI3K1 + PIP2 => pIIrIrI_IRS_PI3K1_PIP2	kvRP28_28 * pIIrIrI_IRS_PI3K1 * PIP2
vRP28_29	Cytoplasm	pINS_Isr_Isr_INS_IRS_PI3K1 + PIP2 => pINS_Isr_Isr_INS_IRS_PI3K1_PIP2	kvRP28_29 * pINS_Isr_Isr_INS_IRS_PI3K1 * PIP2
vRP29_1	Cytoplasm	pEE1E2_PI3K1_PIP2 => pEE1E2_PI3K1 + PIP2	kvRP29_1 * pEE1E2_PI3K1_PIP2
vRP29_2	Cytoplasm	pEE1Ev3_PI3K1_PIP2 => pEE1Ev3_PI3K1 + PIP2	kvRP29_2 * pEE1Ev3_PI3K1_PIP2
vRP29_3	Cytoplasm	pEE1E1_PI3K1_PIP2 => pEE1E1_PI3K1 + PIP2	kvRP29_3 * pEE1E1_PI3K1_PIP2
vRP29_4	Cytoplasm	pEE1EE1_PI3K1_PIP2 => pEE1EE1_PI3K1 + PIP2	kvRP29_4 * pEE1EE1_PI3K1_PIP2
vRP29_5	Cytoplasm	pEE1E3_PI3K1_PIP2 => pEE1E3_PI3K1 + PIP2	kvRP29_5 * pEE1E3_PI3K1_PIP2
vRP29_6	Cytoplasm	pEE1HE3_PI3K1_PIP2 => pEE1HE3_PI3K1 + PIP2	kvRP29_6 * pEE1HE3_PI3K1_PIP2
vRP29_7	Cytoplasm	pEE1E4_PI3K1_PIP2 => pEE1E4_PI3K1 + PIP2	kvRP29_7 * pEE1E4_PI3K1_PIP2
vRP29_8	Cytoplasm	pEE1HE4_PI3K1_PIP2 => pEE1HE4_PI3K1 + PIP2	kvRP29_8 * pEE1HE4_PI3K1_PIP2
vRP29_9	Cytoplasm	pE2HE3_PI3K1_PIP2 => pE2HE3_PI3K1 + PIP2	kvRP29_9 * pE2HE3_PI3K1_PIP2
vRP29_10	Cytoplasm	pHE3Ev3_PI3K1_PIP2 => pHE3Ev3_PI3K1 + PIP2	kvRP29_10 * pHE3Ev3_PI3K1_PIP2
vRP29_11	Cytoplasm	pE1HE3_PI3K1_PIP2 => pE1HE3_PI3K1 + PIP2	kvRP29_11 * pE1HE3_PI3K1_PIP2
vRP29_12	Cytoplasm	pHE3E4_PI3K1_PIP2 => pHE3E4_PI3K1 + PIP2	kvRP29_12 * pHE3E4_PI3K1_PIP2
vRP29_13	Cytoplasm	pHE3HE4_PI3K1_PIP2 => pHE3HE4_PI3K1 + PIP2	kvRP29_13 * pHE3HE4_PI3K1_PIP2
vRP29_14	Cytoplasm	pE2HE4_PI3K1_PIP2 => pE2HE4_PI3K1 + PIP2	kvRP29_14 * pE2HE4_PI3K1_PIP2
vRP29_15	Cytoplasm	pHE4Ev3_PI3K1_PIP2 => pHE4Ev3_PI3K1 + PIP2	kvRP29_15 * pHE4Ev3_PI3K1_PIP2
vRP29_16	Cytoplasm	pE1HE4_PI3K1_PIP2 => pE1HE4_PI3K1 + PIP2	kvRP29_16 * pE1HE4_PI3K1_PIP2
vRP29_17	Cytoplasm	pE3HE4_PI3K1_PIP2 => pE3HE4_PI3K1 + PIP2	kvRP29_17 * pE3HE4_PI3K1_PIP2
vRP29_18	Cytoplasm	pHE4E4_PI3K1_PIP2 => pHE4E4_PI3K1 + PIP2	kvRP29_18 * pHE4E4_PI3K1_PIP2
vRP29_19	Cytoplasm	pHE4HE4_PI3K1_PIP2 => pHE4HE4_PI3K1 + PIP2	kvRP29_19 * pHE4HE4_PI3K1_PIP2
vRP29_20	Cytoplasm	pHGF_Met_Met_PI3K1_PIP2 => pHGF_Met_Met_PI3K1 + PIP2	kvRP29_20 * pHGF_Met_Met_PI3K1_PIP2
vRP29_21	Cytoplasm	pHGF_Met_HGF_Met_PI3K1_PIP2 => pHGF_Met_HGF_Met_PI3K1 + PIP2	kvRP29_21 * pHGF_Met_HGF_Met_PI3K1_PIP2
vRP29_22	Cytoplasm	pPPrPPr_PI3K1_PIP2 => pPPrPPr_PI3K1 + PIP2	kvRP29_22 * pPPrPPr_PI3K1_PIP2
vRP29_23	Cytoplasm	pPPrPr_PI3K1_PIP2 => pPPrPr_PI3K1 + PIP2	kvRP29_23 * pPPrPr_PI3K1_PIP2
vRP29_24	Cytoplasm	pFFrFFr_PI3K1_PIP2 => pFFrFFr_PI3K1 + PIP2	kvRP29_24 * pFFrFFr_PI3K1_PIP2
vRP29_25	Cytoplasm	pFFrFr_PI3K1_PIP2 => pFFrFr_PI3K1 + PIP2	kvRP29_25 * pFFrFr_PI3K1_PIP2
vRP29_26	Cytoplasm	pIIrIr_IRS_PI3K1_PIP2 => pIIrIr_IRS_PI3K1 + PIP2	kvRP29_26 * pIIrIr_IRS_PI3K1_PIP2
vRP29_27	Cytoplasm	pINS_Isr_Isr_IRS_PI3K1_PIP2 => pINS_Isr_Isr_IRS_PI3K1 + PIP2	kvRP29_27 * pINS_Isr_Isr_IRS_PI3K1_PIP2
vRP29_28	Cytoplasm	pIIrIrI_IRS_PI3K1_PIP2 => pIIrIrI_IRS_PI3K1 + PIP2	kvRP29_28 * pIIrIrI_IRS_PI3K1_PIP2
vRP29_29	Cytoplasm	pINS_Isr_Isr_INS_IRS_PI3K1_PIP2 => pINS_Isr_Isr_INS_IRS_PI3K1 + PIP2	kvRP29_29 * pINS_Isr_Isr_INS_IRS_PI3K1_PIP2
vRP30_1	Cytoplasm	pEE1E2_PI3K1_PIP2 => pEE1E2_PI3K1 + PIP3	kvRP30_1 * pEE1E2_PI3K1_PIP2
vRP30_2	Cytoplasm	pEE1Ev3_PI3K1_PIP2 => pEE1Ev3_PI3K1 + PIP3	kvRP30_2 * pEE1Ev3_PI3K1_PIP2
vRP30_3	Cytoplasm	pEE1E1_PI3K1_PIP2 => pEE1E1_PI3K1 + PIP3	kvRP30_3 * pEE1E1_PI3K1_PIP2
vRP30_4	Cytoplasm	pEE1EE1_PI3K1_PIP2 => pEE1EE1_PI3K1 + PIP3	kvRP30_4 * pEE1EE1_PI3K1_PIP2
vRP30_5	Cytoplasm	pEE1E3_PI3K1_PIP2 => pEE1E3_PI3K1 + PIP3	kvRP30_5 * pEE1E3_PI3K1_PIP2
vRP30_6	Cytoplasm	pEE1HE3_PI3K1_PIP2 => pEE1HE3_PI3K1 + PIP3	kvRP30_6 * pEE1HE3_PI3K1_PIP2
vRP30_7	Cytoplasm	pEE1E4_PI3K1_PIP2 => pEE1E4_PI3K1 + PIP3	kvRP30_7 * pEE1E4_PI3K1_PIP2
vRP30_8	Cytoplasm	pEE1HE4_PI3K1_PIP2 => pEE1HE4_PI3K1 + PIP3	kvRP30_8 * pEE1HE4_PI3K1_PIP2
vRP30_9	Cytoplasm	pE2HE3_PI3K1_PIP2 => pE2HE3_PI3K1 + PIP3	kvRP30_9 * pE2HE3_PI3K1_PIP2
vRP30_10	Cytoplasm	pHE3Ev3_PI3K1_PIP2 => pHE3Ev3_PI3K1 + PIP3	kvRP30_10 * pHE3Ev3_PI3K1_PIP2
vRP30_11	Cytoplasm	pE1HE3_PI3K1_PIP2 => pE1HE3_PI3K1 + PIP3	kvRP30_11 * pE1HE3_PI3K1_PIP2
vRP30_12	Cytoplasm	pHE3E4_PI3K1_PIP2 => pHE3E4_PI3K1 + PIP3	kvRP30_12 * pHE3E4_PI3K1_PIP2
vRP30_13	Cytoplasm	pHE3HE4_PI3K1_PIP2 => pHE3HE4_PI3K1 + PIP3	kvRP30_13 * pHE3HE4_PI3K1_PIP2
vRP30_14	Cytoplasm	pE2HE4_PI3K1_PIP2 => pE2HE4_PI3K1 + PIP3	kvRP30_14 * pE2HE4_PI3K1_PIP2
vRP30_15	Cytoplasm	pHE4Ev3_PI3K1_PIP2 => pHE4Ev3_PI3K1 + PIP3	kvRP30_15 * pHE4Ev3_PI3K1_PIP2
vRP30_16	Cytoplasm	pE1HE4_PI3K1_PIP2 => pE1HE4_PI3K1 + PIP3	kvRP30_16 * pE1HE4_PI3K1_PIP2
vRP30_17	Cytoplasm	pE3HE4_PI3K1_PIP2 => pE3HE4_PI3K1 + PIP3	kvRP30_17 * pE3HE4_PI3K1_PIP2
vRP30_18	Cytoplasm	pHE4E4_PI3K1_PIP2 => pHE4E4_PI3K1 + PIP3	kvRP30_18 * pHE4E4_PI3K1_PIP2
vRP30_19	Cytoplasm	pHE4HE4_PI3K1_PIP2 => pHE4HE4_PI3K1 + PIP3	kvRP30_19 * pHE4HE4_PI3K1_PIP2
vRP30_20	Cytoplasm	pHGF_Met_Met_PI3K1_PIP2 => pHGF_Met_Met_PI3K1 + PIP3	kvRP30_20 * pHGF_Met_Met_PI3K1_PIP2
vRP30_21	Cytoplasm	pHGF_Met_HGF_Met_PI3K1_PIP2 => pHGF_Met_HGF_Met_PI3K1 + PIP3	kvRP30_21 * pHGF_Met_HGF_Met_PI3K1_PIP2
vRP30_22	Cytoplasm	pPPrPPr_PI3K1_PIP2 => pPPrPPr_PI3K1 + PIP3	kvRP30_22 * pPPrPPr_PI3K1_PIP2
vRP30_23	Cytoplasm	pPPrPr_PI3K1_PIP2 => pPPrPr_PI3K1 + PIP3	kvRP30_23 * pPPrPr_PI3K1_PIP2
vRP30_24	Cytoplasm	pFFrFFr_PI3K1_PIP2 => pFFrFFr_PI3K1 + PIP3	kvRP30_24 * pFFrFFr_PI3K1_PIP2
vRP30_25	Cytoplasm	pFFrFr_PI3K1_PIP2 => pFFrFr_PI3K1 + PIP3	kvRP30_25 * pFFrFr_PI3K1_PIP2
vRP30_26	Cytoplasm	pIIrIr_IRS_PI3K1_PIP2 => pIIrIr_IRS_PI3K1 + PIP3	kvRP30_26 * pIIrIr_IRS_PI3K1_PIP2
vRP30_27	Cytoplasm	pINS_Isr_Isr_IRS_PI3K1_PIP2 => pINS_Isr_Isr_IRS_PI3K1 + PIP3	kvRP30_27 * pINS_Isr_Isr_IRS_PI3K1_PIP2
vRP30_28	Cytoplasm	pIIrIrI_IRS_PI3K1_PIP2 => pIIrIrI_IRS_PI3K1 + PIP3	kvRP30_28 * pIIrIrI_IRS_PI3K1_PIP2
vRP30_29	Cytoplasm	pINS_Isr_Isr_INS_IRS_PI3K1_PIP2 => pINS_Isr_Isr_INS_IRS_PI3K1 + PIP3	kvRP30_29 * pINS_Isr_Isr_INS_IRS_PI3K1_PIP2
vRP31_1	Cytoplasm	pEE1E2_PI3K2 + PIP => pEE1E2_PI3K2_PIP	kvRP31_1 * pEE1E2_PI3K2 * PIP
vRP31_2	Cytoplasm	pEE1Ev3_PI3K2 + PIP => pEE1Ev3_PI3K2_PIP	kvRP31_2 * pEE1Ev3_PI3K2 * PIP
vRP31_3	Cytoplasm	pEE1E1_PI3K2 + PIP => pEE1E1_PI3K2_PIP	kvRP31_3 * pEE1E1_PI3K2 * PIP
vRP31_4	Cytoplasm	pEE1EE1_PI3K2 + PIP => pEE1EE1_PI3K2_PIP	kvRP31_4 * pEE1EE1_PI3K2 * PIP
vRP31_5	Cytoplasm	pEE1E3_PI3K2 + PIP => pEE1E3_PI3K2_PIP	kvRP31_5 * pEE1E3_PI3K2 * PIP
vRP31_6	Cytoplasm	pEE1HE3_PI3K2 + PIP => pEE1HE3_PI3K2_PIP	kvRP31_6 * pEE1HE3_PI3K2 * PIP
vRP31_7	Cytoplasm	pEE1E4_PI3K2 + PIP => pEE1E4_PI3K2_PIP	kvRP31_7 * pEE1E4_PI3K2 * PIP
vRP31_8	Cytoplasm	pEE1HE4_PI3K2 + PIP => pEE1HE4_PI3K2_PIP	kvRP31_8 * pEE1HE4_PI3K2 * PIP
vRP31_9	Cytoplasm	pE2HE3_PI3K2 + PIP => pE2HE3_PI3K2_PIP	kvRP31_9 * pE2HE3_PI3K2 * PIP
vRP31_10	Cytoplasm	pHE3Ev3_PI3K2 + PIP => pHE3Ev3_PI3K2_PIP	kvRP31_10 * pHE3Ev3_PI3K2 * PIP
vRP31_11	Cytoplasm	pE1HE3_PI3K2 + PIP => pE1HE3_PI3K2_PIP	kvRP31_11 * pE1HE3_PI3K2 * PIP
vRP31_12	Cytoplasm	pHE3E4_PI3K2 + PIP => pHE3E4_PI3K2_PIP	kvRP31_12 * pHE3E4_PI3K2 * PIP
vRP31_13	Cytoplasm	pHE3HE4_PI3K2 + PIP => pHE3HE4_PI3K2_PIP	kvRP31_13 * pHE3HE4_PI3K2 * PIP
vRP31_14	Cytoplasm	pE2HE4_PI3K2 + PIP => pE2HE4_PI3K2_PIP	kvRP31_14 * pE2HE4_PI3K2 * PIP
vRP31_15	Cytoplasm	pHE4Ev3_PI3K2 + PIP => pHE4Ev3_PI3K2_PIP	kvRP31_15 * pHE4Ev3_PI3K2 * PIP
vRP31_16	Cytoplasm	pE1HE4_PI3K2 + PIP => pE1HE4_PI3K2_PIP	kvRP31_16 * pE1HE4_PI3K2 * PIP
vRP31_17	Cytoplasm	pE3HE4_PI3K2 + PIP => pE3HE4_PI3K2_PIP	kvRP31_17 * pE3HE4_PI3K2 * PIP
vRP31_18	Cytoplasm	pHE4E4_PI3K2 + PIP => pHE4E4_PI3K2_PIP	kvRP31_18 * pHE4E4_PI3K2 * PIP
vRP31_19	Cytoplasm	pHE4HE4_PI3K2 + PIP => pHE4HE4_PI3K2_PIP	kvRP31_19 * pHE4HE4_PI3K2 * PIP
vRP31_20	Cytoplasm	pHGF_Met_Met_PI3K2 + PIP => pHGF_Met_Met_PI3K2_PIP	kvRP31_20 * pHGF_Met_Met_PI3K2 * PIP
vRP31_21	Cytoplasm	pHGF_Met_HGF_Met_PI3K2 + PIP => pHGF_Met_HGF_Met_PI3K2_PIP	kvRP31_21 * pHGF_Met_HGF_Met_PI3K2 * PIP
vRP31_22	Cytoplasm	pPPrPPr_PI3K2 + PIP => pPPrPPr_PI3K2_PIP	kvRP31_22 * pPPrPPr_PI3K2 * PIP
vRP31_23	Cytoplasm	pPPrPr_PI3K2 + PIP => pPPrPr_PI3K2_PIP	kvRP31_23 * pPPrPr_PI3K2 * PIP
vRP31_24	Cytoplasm	pFFrFFr_PI3K2 + PIP => pFFrFFr_PI3K2_PIP	kvRP31_24 * pFFrFFr_PI3K2 * PIP
vRP31_25	Cytoplasm	pFFrFr_PI3K2 + PIP => pFFrFr_PI3K2_PIP	kvRP31_25 * pFFrFr_PI3K2 * PIP
vRP31_26	Cytoplasm	pIIrIr_IRS_PI3K2 + PIP => pIIrIr_IRS_PI3K2_PIP	kvRP31_26 * pIIrIr_IRS_PI3K2 * PIP
vRP31_27	Cytoplasm	pINS_Isr_Isr_IRS_PI3K2 + PIP => pINS_Isr_Isr_IRS_PI3K2_PIP	kvRP31_27 * pINS_Isr_Isr_IRS_PI3K2 * PIP
vRP31_28	Cytoplasm	pIIrIrI_IRS_PI3K2 + PIP => pIIrIrI_IRS_PI3K2_PIP	kvRP31_28 * pIIrIrI_IRS_PI3K2 * PIP
vRP31_29	Cytoplasm	pINS_Isr_Isr_INS_IRS_PI3K2 + PIP => pINS_Isr_Isr_INS_IRS_PI3K2_PIP	kvRP31_29 * pINS_Isr_Isr_INS_IRS_PI3K2 * PIP
vRP32_1	Cytoplasm	pEE1E2_PI3K2_PIP => pEE1E2_PI3K2 + PIP	kvRP32_1 * pEE1E2_PI3K2_PIP
vRP32_2	Cytoplasm	pEE1Ev3_PI3K2_PIP => pEE1Ev3_PI3K2 + PIP	kvRP32_2 * pEE1Ev3_PI3K2_PIP
vRP32_3	Cytoplasm	pEE1E1_PI3K2_PIP => pEE1E1_PI3K2 + PIP	kvRP32_3 * pEE1E1_PI3K2_PIP
vRP32_4	Cytoplasm	pEE1EE1_PI3K2_PIP => pEE1EE1_PI3K2 + PIP	kvRP32_4 * pEE1EE1_PI3K2_PIP
vRP32_5	Cytoplasm	pEE1E3_PI3K2_PIP => pEE1E3_PI3K2 + PIP	kvRP32_5 * pEE1E3_PI3K2_PIP
vRP32_6	Cytoplasm	pEE1HE3_PI3K2_PIP => pEE1HE3_PI3K2 + PIP	kvRP32_6 * pEE1HE3_PI3K2_PIP
vRP32_7	Cytoplasm	pEE1E4_PI3K2_PIP => pEE1E4_PI3K2 + PIP	kvRP32_7 * pEE1E4_PI3K2_PIP
vRP32_8	Cytoplasm	pEE1HE4_PI3K2_PIP => pEE1HE4_PI3K2 + PIP	kvRP32_8 * pEE1HE4_PI3K2_PIP
vRP32_9	Cytoplasm	pE2HE3_PI3K2_PIP => pE2HE3_PI3K2 + PIP	kvRP32_9 * pE2HE3_PI3K2_PIP
vRP32_10	Cytoplasm	pHE3Ev3_PI3K2_PIP => pHE3Ev3_PI3K2 + PIP	kvRP32_10 * pHE3Ev3_PI3K2_PIP
vRP32_11	Cytoplasm	pE1HE3_PI3K2_PIP => pE1HE3_PI3K2 + PIP	kvRP32_11 * pE1HE3_PI3K2_PIP
vRP32_12	Cytoplasm	pHE3E4_PI3K2_PIP => pHE3E4_PI3K2 + PIP	kvRP32_12 * pHE3E4_PI3K2_PIP
vRP32_13	Cytoplasm	pHE3HE4_PI3K2_PIP => pHE3HE4_PI3K2 + PIP	kvRP32_13 * pHE3HE4_PI3K2_PIP
vRP32_14	Cytoplasm	pE2HE4_PI3K2_PIP => pE2HE4_PI3K2 + PIP	kvRP32_14 * pE2HE4_PI3K2_PIP
vRP32_15	Cytoplasm	pHE4Ev3_PI3K2_PIP => pHE4Ev3_PI3K2 + PIP	kvRP32_15 * pHE4Ev3_PI3K2_PIP
vRP32_16	Cytoplasm	pE1HE4_PI3K2_PIP => pE1HE4_PI3K2 + PIP	kvRP32_16 * pE1HE4_PI3K2_PIP
vRP32_17	Cytoplasm	pE3HE4_PI3K2_PIP => pE3HE4_PI3K2 + PIP	kvRP32_17 * pE3HE4_PI3K2_PIP
vRP32_18	Cytoplasm	pHE4E4_PI3K2_PIP => pHE4E4_PI3K2 + PIP	kvRP32_18 * pHE4E4_PI3K2_PIP
vRP32_19	Cytoplasm	pHE4HE4_PI3K2_PIP => pHE4HE4_PI3K2 + PIP	kvRP32_19 * pHE4HE4_PI3K2_PIP
vRP32_20	Cytoplasm	pHGF_Met_Met_PI3K2_PIP => pHGF_Met_Met_PI3K2 + PIP	kvRP32_20 * pHGF_Met_Met_PI3K2_PIP
vRP32_21	Cytoplasm	pHGF_Met_HGF_Met_PI3K2_PIP => pHGF_Met_HGF_Met_PI3K2 + PIP	kvRP32_21 * pHGF_Met_HGF_Met_PI3K2_PIP
vRP32_22	Cytoplasm	pPPrPPr_PI3K2_PIP => pPPrPPr_PI3K2 + PIP	kvRP32_22 * pPPrPPr_PI3K2_PIP
vRP32_23	Cytoplasm	pPPrPr_PI3K2_PIP => pPPrPr_PI3K2 + PIP	kvRP32_23 * pPPrPr_PI3K2_PIP
vRP32_24	Cytoplasm	pFFrFFr_PI3K2_PIP => pFFrFFr_PI3K2 + PIP	kvRP32_24 * pFFrFFr_PI3K2_PIP
vRP32_25	Cytoplasm	pFFrFr_PI3K2_PIP => pFFrFr_PI3K2 + PIP	kvRP32_25 * pFFrFr_PI3K2_PIP
vRP32_26	Cytoplasm	pIIrIr_IRS_PI3K2_PIP => pIIrIr_IRS_PI3K2 + PIP	kvRP32_26 * pIIrIr_IRS_PI3K2_PIP
vRP32_27	Cytoplasm	pINS_Isr_Isr_IRS_PI3K2_PIP => pINS_Isr_Isr_IRS_PI3K2 + PIP	kvRP32_27 * pINS_Isr_Isr_IRS_PI3K2_PIP
vRP32_28	Cytoplasm	pIIrIrI_IRS_PI3K2_PIP => pIIrIrI_IRS_PI3K2 + PIP	kvRP32_28 * pIIrIrI_IRS_PI3K2_PIP
vRP32_29	Cytoplasm	pINS_Isr_Isr_INS_IRS_PI3K2_PIP => pINS_Isr_Isr_INS_IRS_PI3K2 + PIP	kvRP32_29 * pINS_Isr_Isr_INS_IRS_PI3K2_PIP
vRP33_1	Cytoplasm	pEE1E2_PI3K2_PIP => pEE1E2_PI3K2 + PI3P	kvRP33_1 * pEE1E2_PI3K2_PIP
vRP33_2	Cytoplasm	pEE1Ev3_PI3K2_PIP => pEE1Ev3_PI3K2 + PI3P	kvRP33_2 * pEE1Ev3_PI3K2_PIP
vRP33_3	Cytoplasm	pEE1E1_PI3K2_PIP => pEE1E1_PI3K2 + PI3P	kvRP33_3 * pEE1E1_PI3K2_PIP
vRP33_4	Cytoplasm	pEE1EE1_PI3K2_PIP => pEE1EE1_PI3K2 + PI3P	kvRP33_4 * pEE1EE1_PI3K2_PIP
vRP33_5	Cytoplasm	pEE1E3_PI3K2_PIP => pEE1E3_PI3K2 + PI3P	kvRP33_5 * pEE1E3_PI3K2_PIP
vRP33_6	Cytoplasm	pEE1HE3_PI3K2_PIP => pEE1HE3_PI3K2 + PI3P	kvRP33_6 * pEE1HE3_PI3K2_PIP
vRP33_7	Cytoplasm	pEE1E4_PI3K2_PIP => pEE1E4_PI3K2 + PI3P	kvRP33_7 * pEE1E4_PI3K2_PIP
vRP33_8	Cytoplasm	pEE1HE4_PI3K2_PIP => pEE1HE4_PI3K2 + PI3P	kvRP33_8 * pEE1HE4_PI3K2_PIP
vRP33_9	Cytoplasm	pE2HE3_PI3K2_PIP => pE2HE3_PI3K2 + PI3P	kvRP33_9 * pE2HE3_PI3K2_PIP
vRP33_10	Cytoplasm	pHE3Ev3_PI3K2_PIP => pHE3Ev3_PI3K2 + PI3P	kvRP33_10 * pHE3Ev3_PI3K2_PIP
vRP33_11	Cytoplasm	pE1HE3_PI3K2_PIP => pE1HE3_PI3K2 + PI3P	kvRP33_11 * pE1HE3_PI3K2_PIP
vRP33_12	Cytoplasm	pHE3E4_PI3K2_PIP => pHE3E4_PI3K2 + PI3P	kvRP33_12 * pHE3E4_PI3K2_PIP
vRP33_13	Cytoplasm	pHE3HE4_PI3K2_PIP => pHE3HE4_PI3K2 + PI3P	kvRP33_13 * pHE3HE4_PI3K2_PIP
vRP33_14	Cytoplasm	pE2HE4_PI3K2_PIP => pE2HE4_PI3K2 + PI3P	kvRP33_14 * pE2HE4_PI3K2_PIP
vRP33_15	Cytoplasm	pHE4Ev3_PI3K2_PIP => pHE4Ev3_PI3K2 + PI3P	kvRP33_15 * pHE4Ev3_PI3K2_PIP
vRP33_16	Cytoplasm	pE1HE4_PI3K2_PIP => pE1HE4_PI3K2 + PI3P	kvRP33_16 * pE1HE4_PI3K2_PIP
vRP33_17	Cytoplasm	pE3HE4_PI3K2_PIP => pE3HE4_PI3K2 + PI3P	kvRP33_17 * pE3HE4_PI3K2_PIP
vRP33_18	Cytoplasm	pHE4E4_PI3K2_PIP => pHE4E4_PI3K2 + PI3P	kvRP33_18 * pHE4E4_PI3K2_PIP
vRP33_19	Cytoplasm	pHE4HE4_PI3K2_PIP => pHE4HE4_PI3K2 + PI3P	kvRP33_19 * pHE4HE4_PI3K2_PIP
vRP33_20	Cytoplasm	pHGF_Met_Met_PI3K2_PIP => pHGF_Met_Met_PI3K2 + PI3P	kvRP33_20 * pHGF_Met_Met_PI3K2_PIP
vRP33_21	Cytoplasm	pHGF_Met_HGF_Met_PI3K2_PIP => pHGF_Met_HGF_Met_PI3K2 + PI3P	kvRP33_21 * pHGF_Met_HGF_Met_PI3K2_PIP
vRP33_22	Cytoplasm	pPPrPPr_PI3K2_PIP => pPPrPPr_PI3K2 + PI3P	kvRP33_22 * pPPrPPr_PI3K2_PIP
vRP33_23	Cytoplasm	pPPrPr_PI3K2_PIP => pPPrPr_PI3K2 + PI3P	kvRP33_23 * pPPrPr_PI3K2_PIP
vRP33_24	Cytoplasm	pFFrFFr_PI3K2_PIP => pFFrFFr_PI3K2 + PI3P	kvRP33_24 * pFFrFFr_PI3K2_PIP
vRP33_25	Cytoplasm	pFFrFr_PI3K2_PIP => pFFrFr_PI3K2 + PI3P	kvRP33_25 * pFFrFr_PI3K2_PIP
vRP33_26	Cytoplasm	pIIrIr_IRS_PI3K2_PIP => pIIrIr_IRS_PI3K2 + PI3P	kvRP33_26 * pIIrIr_IRS_PI3K2_PIP
vRP33_27	Cytoplasm	pINS_Isr_Isr_IRS_PI3K2_PIP => pINS_Isr_Isr_IRS_PI3K2 + PI3P	kvRP33_27 * pINS_Isr_Isr_IRS_PI3K2_PIP
vRP33_28	Cytoplasm	pIIrIrI_IRS_PI3K2_PIP => pIIrIrI_IRS_PI3K2 + PI3P	kvRP33_28 * pIIrIrI_IRS_PI3K2_PIP
vRP33_29	Cytoplasm	pINS_Isr_Isr_INS_IRS_PI3K2_PIP => pINS_Isr_Isr_INS_IRS_PI3K2 + PI3P	kvRP33_29 * pINS_Isr_Isr_INS_IRS_PI3K2_PIP
vRP34_1	Cytoplasm	pIIrIr + IRS => pIIrIr_IRS	kvRP34_1 * pIIrIr * IRS
vRP34_2	Cytoplasm	pIIrIr_IRS => pIIrIr + IRS	kvRP34_2 * pIIrIr_IRS
vRP34_3	Cytoplasm	pINS_Isr_Isr + IRS => pINS_Isr_Isr_IRS	kvRP34_3 * pINS_Isr_Isr * IRS
vRP34_4	Cytoplasm	pINS_Isr_Isr_IRS => pINS_Isr_Isr + IRS	kvRP34_4 * pINS_Isr_Isr_IRS
vRP34_5	Cytoplasm	pIIrIrI + IRS => pIIrIrI_IRS	kvRP34_5 * pIIrIrI * IRS
vRP34_6	Cytoplasm	pIIrIrI_IRS => pIIrIrI + IRS	kvRP34_6 * pIIrIrI_IRS
vRP34_7	Cytoplasm	pINS_Isr_Isr_INS + IRS => pINS_Isr_Isr_INS_IRS	kvRP34_7 * pINS_Isr_Isr_INS * IRS
vRP34_8	Cytoplasm	pINS_Isr_Isr_INS_IRS => pINS_Isr_Isr_INS + IRS	kvRP34_8 * pINS_Isr_Isr_INS_IRS
vRP34_9	Cytoplasm	pIIrIr_int + IRS => pIIrIr_int_IRS	kvRP34_9 * pIIrIr_int * IRS
vRP34_10	Cytoplasm	pIIrIr_int_IRS => pIIrIr_int + IRS	kvRP34_10 * pIIrIr_int_IRS
vRP34_11	Cytoplasm	pINS_Isr_Isr_int + IRS => pINS_Isr_Isr_int_IRS	kvRP34_11 * pINS_Isr_Isr_int * IRS
vRP34_12	Cytoplasm	pINS_Isr_Isr_int_IRS => pINS_Isr_Isr_int + IRS	kvRP34_12 * pINS_Isr_Isr_int_IRS
vRP34_13	Cytoplasm	pIIrIrI_int + IRS => pIIrIrI_int_IRS	kvRP34_13 * pIIrIrI_int * IRS
vRP34_14	Cytoplasm	pIIrIrI_int_IRS => pIIrIrI_int + IRS	kvRP34_14 * pIIrIrI_int_IRS
vRP34_15	Cytoplasm	pINS_Isr_Isr_INS_int + IRS => pINS_Isr_Isr_INS_int_IRS	kvRP34_15 * pINS_Isr_Isr_INS_int * IRS
vRP34_16	Cytoplasm	pINS_Isr_Isr_INS_int_IRS => pINS_Isr_Isr_INS_int + IRS	kvRP34_16 * pINS_Isr_Isr_INS_int_IRS
vP1	Cytoplasm	RasT + CRaf => RasT_CRaf	kvP1 * RasT * CRaf
vP2	Cytoplasm	RasT_CRaf => RasT + CRaf	kvP2 * RasT_CRaf
vP3	Cytoplasm	RasT + BRaf => RasT_BRaf	kvP3 * RasT * BRaf
vP4	Cytoplasm	RasT_BRaf => RasT + BRaf	kvP4 * RasT_BRaf
vP5	Cytoplasm	2 RasT_CRaf => RasT_CRaf_CRaf	kvP5 * RasT_CRaf * RasT_CRaf
vP6	Cytoplasm	RasT_CRaf_CRaf => 2 RasT_CRaf	kvP6 * RasT_CRaf_CRaf
vP7	Cytoplasm	2 RasT_BRaf => RasT_BRaf_BRaf	kvP7 * RasT_BRaf * RasT_BRaf
vP8	Cytoplasm	RasT_BRaf_BRaf => 2 RasT_BRaf	kvP8 * RasT_BRaf_BRaf
vP9	Cytoplasm	RasT_CRaf + RasT_BRaf => RasT_CRaf_BRaf	kvP9 * RasT_CRaf * RasT_BRaf
vP10	Cytoplasm	RasT_CRaf_BRaf => RasT_CRaf + RasT_BRaf	kvP10 * RasT_CRaf_BRaf
vP13	Cytoplasm	MEK + RasT_CRaf_CRaf => MEK_RasT_CRaf_CRaf	kvP13 * MEK * RasT_CRaf_CRaf
vP14	Cytoplasm	MEK_RasT_CRaf_CRaf => MEK + RasT_CRaf_CRaf	kvP14 * MEK_RasT_CRaf_CRaf
vP15	Cytoplasm	MEK_RasT_CRaf_CRaf => pMEK + RasT_CRaf_CRaf	kvP15 * MEK_RasT_CRaf_CRaf
vP16	Cytoplasm	pMEK + RasT_CRaf_CRaf => pMEK_RasT_CRaf_CRaf	kvP16 * pMEK * RasT_CRaf_CRaf
vP17	Cytoplasm	pMEK_RasT_CRaf_CRaf => pMEK + RasT_CRaf_CRaf	kvP17 * pMEK_RasT_CRaf_CRaf
vP18	Cytoplasm	pMEK_RasT_CRaf_CRaf => ppMEK + RasT_CRaf_CRaf	kvP18 * pMEK_RasT_CRaf_CRaf
vP19	Cytoplasm	MEK + RasT_BRaf_BRaf => MEK_RasT_BRaf_BRaf	kvP19 * MEK * RasT_BRaf_BRaf
vP20	Cytoplasm	MEK_RasT_BRaf_BRaf => MEK + RasT_BRaf_BRaf	kvP20 * MEK_RasT_BRaf_BRaf
vP21	Cytoplasm	MEK_RasT_BRaf_BRaf => pMEK + RasT_BRaf_BRaf	kvP21 * MEK_RasT_BRaf_BRaf
vP22	Cytoplasm	pMEK + RasT_BRaf_BRaf => pMEK_RasT_BRaf_BRaf	kvP22 * pMEK * RasT_BRaf_BRaf
vP23	Cytoplasm	pMEK_RasT_BRaf_BRaf => pMEK + RasT_BRaf_BRaf	kvP23 * pMEK_RasT_BRaf_BRaf
vP24	Cytoplasm	pMEK_RasT_BRaf_BRaf => ppMEK + RasT_BRaf_BRaf	kvP24 * pMEK_RasT_BRaf_BRaf
vP25	Cytoplasm	RasT_CRaf_BRaf + MEK => MEK_RasT_CRaf_BRaf	kvP25 * RasT_CRaf_BRaf * MEK
vP26	Cytoplasm	MEK_RasT_CRaf_BRaf => RasT_CRaf_BRaf + MEK	kvP26 * MEK_RasT_CRaf_BRaf
vP27	Cytoplasm	MEK_RasT_CRaf_BRaf => RasT_CRaf_BRaf + pMEK	kvP27 * MEK_RasT_CRaf_BRaf
vP28	Cytoplasm	RasT_CRaf_BRaf + pMEK => pMEK_RasT_CRaf_BRaf	kvP28 * RasT_CRaf_BRaf * pMEK
vP29	Cytoplasm	pMEK_RasT_CRaf_BRaf => RasT_CRaf_BRaf + pMEK	kvP29 * pMEK_RasT_CRaf_BRaf
vP30	Cytoplasm	pMEK_RasT_CRaf_BRaf => RasT_CRaf_BRaf + ppMEK	kvP30 * pMEK_RasT_CRaf_BRaf
vP31	Cytoplasm	pMEK => MEK	kvP31 * pMEK
vP32	Cytoplasm	ppMEK => pMEK	kvP32 * ppMEK
vP33	Cytoplasm	ppMEK + ERK => ERK_ppMEK	kvP33 * ppMEK * ERK
vP34	Cytoplasm	ERK_ppMEK => ppMEK + ERK	kvP34 * ERK_ppMEK
vP35	Cytoplasm	ERK_ppMEK => ppMEK + pERK	kvP35 * ERK_ppMEK
vP36	Cytoplasm	ppMEK + pERK => pERK_ppMEK	kvP36 * ppMEK * pERK
vP37	Cytoplasm	pERK_ppMEK => ppMEK + pERK	kvP37 * pERK_ppMEK
vP38	Cytoplasm	pERK_ppMEK => ppMEK + ppERK	kvP38 * pERK_ppMEK
vP39	Nucleus	ppERKnuc + MKP1 => ppERKnuc_MKP1	kvP39 * ppERKnuc * MKP1
vP40	Nucleus	ppERKnuc_MKP1 => ppERKnuc + MKP1	kvP40 * ppERKnuc_MKP1
vP41	Nucleus	ppERKnuc_MKP1 => ERKnuc + MKP1	kvP41 * ppERKnuc_MKP1
vP42	Nucleus	pMKP1 => MKP1	kvP42 * pMKP1
vP43	Nucleus	pcFos => cFos	kvP43 * pcFos
vP44	Cytoplasm	pTSC2 => TSC2	kvP44 * pTSC2
vP45	Nucleus	pRSKnuc => pRSK	kvP45 * pRSKnuc
vP46	Cytoplasm	G2_SOS + ppERK => G2_SOS_ppERK	kvP46 * G2_SOS * ppERK
vP47	Cytoplasm	G2_SOS_ppERK => G2_SOS + ppERK	kvP47 * G2_SOS_ppERK
vP48	Cytoplasm	G2_SOS_ppERK => G2_pSOS + ppERK	kvP48 * G2_SOS_ppERK
vP49	Cytoplasm	G2_pSOS => G2_SOS	kvP49 * G2_pSOS
vP50	Cytoplasm	CRaf + ppERK => CRaf_ppERK	kvP50 * CRaf * ppERK
vP51	Cytoplasm	CRaf_ppERK => CRaf + ppERK	kvP51 * CRaf_ppERK
vP52	Cytoplasm	CRaf_ppERK => pCRaf + ppERK	kvP52 * CRaf_ppERK
vP53	Cytoplasm	pCRaf => CRaf	kvP53 * pCRaf
vP54	Cytoplasm	DAG_GRP + RasD => RasD_DAG_GRP	kvP54 * DAG_GRP * RasD
vP55	Cytoplasm	RasD_DAG_GRP => DAG_GRP + RasD	kvP55 * RasD_DAG_GRP
vP56	Cytoplasm	RasD_DAG_GRP => DAG_GRP + RasT	kvP56 * RasD_DAG_GRP
vP57	Cytoplasm	RasT + NF1 => RasT_NF1	kvP57 * RasT * NF1
vP58	Cytoplasm	RasT_NF1 => RasT + NF1	kvP58 * RasT_NF1
vP59	Cytoplasm	RasT_NF1 => RasD + NF1	kvP59 * RasT_NF1
vP60	Cytoplasm	NF1 + ppERK => NF1_ppERK	kvP60 * NF1 * ppERK
vP61	Cytoplasm	NF1_ppERK => NF1 + ppERK	kvP61 * NF1_ppERK
vP62	Cytoplasm	NF1_ppERK => pNF1 + ppERK	kvP62 * NF1_ppERK
vP63	Cytoplasm	pNF1 => NF1	kvP63 * pNF1
vP64	Cytoplasm	MKP3 + pERK => pERK_MKP3	kvP64 * MKP3 * pERK
vP65	Cytoplasm	pERK_MKP3 => MKP3 + pERK	kvP65 * pERK_MKP3
vP66	Cytoplasm	pERK_MKP3 => MKP3 + ERK	kvP66 * pERK_MKP3
vP67	Cytoplasm	ppERK => pERK	kvP67 * ppERK
vP68	Cytoplasm	ppERK_MKP3 => MKP3 + ppERK	kvP68 * ppERK_MKP3
vP69	Cytoplasm	ppERK_MKP3 => MKP3 + pERK	kvP69 * ppERK_MKP3
vP70	Cytoplasm	RSK + ppERK => RSK_ppERK	kvP70 * RSK * ppERK
vP71	Cytoplasm	RSK_ppERK => RSK + ppERK	kvP71 * RSK_ppERK
vP72	Cytoplasm	RSK_ppERK => pRSK + ppERK	kvP72 * RSK_ppERK
vP73	Cytoplasm	pRSK => RSK	kvP73 * pRSK
vP74	Cytoplasm	ppERK => ppERKnuc	kvP74 * ppERK
vP75	Nucleus	ERKnuc => ppERKnuc	kvP75 * ERKnuc
vP76	Nucleus	ppERKnuc + pMKP1 => ppERKnuc_pMKP1	kvP76 * ppERKnuc * pMKP1
vP77	Nucleus	ppERKnuc_pMKP1 => ppERKnuc + pMKP1	kvP77 * ppERKnuc_pMKP1
vP78	Nucleus	ppERKnuc_pMKP1 => ERKnuc + pMKP1	kvP78 * ppERKnuc_pMKP1
vP79	Nucleus	ERKnuc => ERK	kvP79 * ERKnuc
vP80	Cytoplasm	pRSK => pRSKnuc	kvP80 * pRSK
vP81	Nucleus	pRSKnuc + MKP1 => pRSKnuc_MKP1	kvP81 * pRSKnuc * MKP1
vP82	Nucleus	pRSKnuc_MKP1 => pRSKnuc + MKP1	kvP82 * pRSKnuc_MKP1
vP83	Nucleus	pRSKnuc_MKP1 => pRSKnuc + pMKP1	kvP83 * pRSKnuc_MKP1
vP86	Nucleus	ppERKnuc_MKP1 => ppERKnuc + pMKP1	kvP86 * ppERKnuc_MKP1
vP87	Nucleus	pRSKnuc + cFos => cFos_pRSKnuc	kvP87 * pRSKnuc * cFos
vP88	Nucleus	cFos_pRSKnuc => pRSKnuc + cFos	kvP88 * cFos_pRSKnuc
vP89	Nucleus	cFos_pRSKnuc => pRSKnuc + pcFos	kvP89 * cFos_pRSKnuc
vP90	Nucleus	ppERKnuc + cFos => cFos_ppERKnuc	kvP90 * ppERKnuc * cFos
vP91	Nucleus	cFos_ppERKnuc => ppERKnuc + cFos	kvP91 * cFos_ppERKnuc
vP92	Nucleus	cFos_ppERKnuc => ppERKnuc + pcFos	kvP92 * cFos_ppERKnuc
vP93	Nucleus	pcFos + cJun => pcFos_cJun	kvP93 * pcFos * cJun
vP94	Nucleus	pcFos_cJun => pcFos + cJun	kvP94 * pcFos_cJun
vP95	Cytoplasm	DAG + GRP => DAG_GRP	kvP95 * DAG * GRP
vP96	Cytoplasm	DAG_GRP => DAG + GRP	kvP96 * DAG_GRP
vP97	Cytoplasm	DAG + PKC => DAG_PKC	kvP97 * DAG * PKC
vP98	Cytoplasm	DAG_PKC => DAG + PKC	kvP98 * DAG_PKC
vP99	Cytoplasm	DAG_PKC + RKIP => RKIP_DAG_PKC	kvP99 * DAG_PKC * RKIP
vP100	Cytoplasm	RKIP_DAG_PKC => DAG_PKC + RKIP	kvP100 * RKIP_DAG_PKC
vP101	Cytoplasm	RKIP_DAG_PKC => DAG_PKC + pRKIP	kvP101 * RKIP_DAG_PKC
vP102	Cytoplasm	pRKIP => RKIP	kvP102 * pRKIP
vP103	Cytoplasm	CRaf + RKIP => RKIP_CRaf	kvP103 * CRaf * RKIP
vP104	Cytoplasm	RKIP_CRaf => CRaf + RKIP	kvP104 * RKIP_CRaf
vP105	Cytoplasm	PIP3 + PTEN => PIP3_PTEN	kvP105 * PIP3 * PTEN
vP106	Cytoplasm	PIP3_PTEN => PIP3 + PTEN	kvP106 * PIP3_PTEN
vP107	Cytoplasm	PIP3_PTEN => PIP2 + PTEN	kvP107 * PIP3_PTEN
vP108	Cytoplasm	PIP3 + AKT => PIP3_AKT	kvP108 * PIP3 * AKT
vP109	Cytoplasm	PIP3_AKT => PIP3 + AKT	kvP109 * PIP3_AKT
vP110	Cytoplasm	PIP3 + PDK1 => PIP3_PDK1	kvP110 * PIP3 * PDK1
vP111	Cytoplasm	PIP3_PDK1 => PIP3 + PDK1	kvP111 * PIP3_PDK1
vP112	Cytoplasm	Rictor + mTOR => mTORC2	kvP112 * Rictor * mTOR
vP113	Cytoplasm	mTORC2 => Rictor + mTOR	kvP113 * mTORC2
vP114	Cytoplasm	PIP3_AKT + PIP3_PDK1 => PIP3_AKT_PIP3_PDK1	kvP114 * PIP3_AKT * PIP3_PDK1
vP115	Cytoplasm	PIP3_AKT_PIP3_PDK1 => PIP3_AKT + PIP3_PDK1	kvP115 * PIP3_AKT_PIP3_PDK1
vP116	Cytoplasm	PIP3_AKT_PIP3_PDK1 => PIP3_PDK1 + PIP3_pAKT	kvP116 * PIP3_AKT_PIP3_PDK1
vP117	Cytoplasm	PIP3_pAKT => PIP3_AKT	kvP117 * PIP3_pAKT
vP118	Cytoplasm	PIP3_pAKT + mTORC2 => PIP3_pAKT_mTORC2	kvP118 * PIP3_pAKT * mTORC2
vP119	Cytoplasm	PIP3_pAKT_mTORC2 => PIP3_pAKT + mTORC2	kvP119 * PIP3_pAKT_mTORC2
vP120	Cytoplasm	PIP3_pAKT_mTORC2 => mTORC2 + PIP3_ppAKT	kvP120 * PIP3_pAKT_mTORC2
vP121	Cytoplasm	PIP3_ppAKT => PIP3_pAKT	kvP121 * PIP3_ppAKT
vP122	Cytoplasm	PIP3_ppAKT => PIP3 + ppAKT	kvP122 * PIP3_ppAKT
vP123	Cytoplasm	PIP3 + ppAKT => PIP3_ppAKT	kvP123 * PIP3 * ppAKT
vP124	Cytoplasm	ppAKT + GSK3b => GSK3b_ppAKT	kvP124 * ppAKT * GSK3b
vP125	Cytoplasm	GSK3b_ppAKT => ppAKT + GSK3b	kvP125 * GSK3b_ppAKT
vP126	Cytoplasm	GSK3b_ppAKT => ppAKT + pGSK3b	kvP126 * GSK3b_ppAKT
vP127	Cytoplasm	pGSK3b => GSK3b	kvP127 * pGSK3b
vP128	Cytoplasm	bCATENIN => pbCATENIN	(kP128_1*bCATENIN*(GSK3b^kP128_2))/((kP128_3^kP128_2)+(GSK3b^kP128_2))
vP131	Cytoplasm	pbCATENIN => bCATENIN	kvP131 * pbCATENIN
vP132	Cytoplasm	bCATENIN => bCATENINnuc	kvP132 * bCATENIN
vP133	Nucleus	bCATENINnuc => bCATENIN	kvP133 * bCATENINnuc
vP134	Cytoplasm	ppAKT + TSC2 => TSC2_ppAKT	kvP134 * ppAKT * TSC2
vP135	Cytoplasm	TSC2_ppAKT => ppAKT + TSC2	kvP135 * TSC2_ppAKT
vP136	Cytoplasm	TSC2_ppAKT => ppAKT + pTSC2	kvP136 * TSC2_ppAKT
vP137	Cytoplasm	TSC2 + ppERK => TSC2_ppERK	kvP137 * TSC2 * ppERK
vP138	Cytoplasm	TSC2_ppERK => TSC2 + ppERK	kvP138 * TSC2_ppERK
vP139	Cytoplasm	TSC2_ppERK => pTSC2 + ppERK	kvP139 * TSC2_ppERK
vP140	Cytoplasm	TSC1 + TSC2 => TSC	kvP140 * TSC1 * TSC2
vP141	Cytoplasm	TSC => TSC1 + TSC2	kvP141 * TSC
vP146	Cytoplasm	mTORC1 => mTORC1active	kvP146 * mTORC1
vP147	Cytoplasm	mTORC1active => mTORC1	(kP147_1*mTORC1active*(TSC^kP147_2))/(kP147_3+(TSC^kP147_2))
vP148	Cytoplasm	mTOR + Raptor => mTORC1	kvP148 * mTOR * Raptor
vP149	Cytoplasm	mTORC1 => mTOR + Raptor	kvP149 * mTORC1
vP150	Cytoplasm	mTORC1active + EIF4EBP1 => EIF4EBP1_mTORC1active	kvP150 * mTORC1active * EIF4EBP1
vP151	Cytoplasm	EIF4EBP1_mTORC1active => mTORC1active + EIF4EBP1	kvP151 * EIF4EBP1_mTORC1active
vP152	Cytoplasm	EIF4EBP1_mTORC1active => mTORC1active + pEIF4EBP1	kvP152 * EIF4EBP1_mTORC1active
vP153	Cytoplasm	pEIF4EBP1 => EIF4EBP1	kvP153 * pEIF4EBP1
vP154	Cytoplasm	mTORC1active + S6K => S6K_mTORC1active	kvP154 * mTORC1active * S6K
vP155	Cytoplasm	S6K_mTORC1active => mTORC1active + S6K	kvP155 * S6K_mTORC1active
vP156	Cytoplasm	S6K_mTORC1active => mTORC1active + pS6K	kvP156 * S6K_mTORC1active
vP157	Cytoplasm	pS6K => S6K	kvP157 * pS6K
vP158	Cytoplasm	ppAKT + FOXO => FOXO_ppAKT	kvP158 * ppAKT * FOXO
vP159	Cytoplasm	FOXO_ppAKT => ppAKT + FOXO	kvP159 * FOXO_ppAKT
vP160	Cytoplasm	FOXO_ppAKT => ppAKT + pFOXO	kvP160 * FOXO_ppAKT
vP161	Cytoplasm	pFOXO => FOXO	kvP161 * pFOXO
vP162	Cytoplasm	PI3K1 + mTORC1active => PI3K1_mTORC1active	kvP162 * PI3K1 * mTORC1active
vP163	Cytoplasm	PI3K1_mTORC1active => PI3K1 + mTORC1active	kvP163 * PI3K1_mTORC1active
vP164	Cytoplasm	PI3K1_mTORC1active => pPI3K1 + mTORC1active	kvP164 * PI3K1_mTORC1active
vP165	Cytoplasm	pPI3K1 => PI3K1	kvP165 * pPI3K1
vP166	Cytoplasm	PI3KC1 + PI3KR1 => PI3K1	kvP166 * PI3KC1 * PI3KR1
vP167	Cytoplasm	PI3K1 => PI3KC1 + PI3KR1	kvP167 * PI3K1
vP168	Cytoplasm	PI3P => PIP	kvP168 * PI3P
vP169	Cytoplasm	G2 + SOS => G2_SOS	kvP169 * G2 * SOS
vP170	Cytoplasm	G2_SOS => G2 + SOS	kvP170 * G2_SOS
vP171	Cytoplasm	EIF4EBP1 + EIF4E => EIF4EBP1_EIF4E	kvP171 * EIF4EBP1 * EIF4E
vP172	Cytoplasm	EIF4EBP1_EIF4E => EIF4EBP1 + EIF4E	kvP172 * EIF4EBP1_EIF4E
vP173	Cytoplasm	 => PIP2	kP173
vP174	Cytoplasm	pbCATENIN => 	kP174*pbCATENIN*TSC
vP175	Cytoplasm	pERK => ERK	kvP175 * pERK
vP176	Cytoplasm	ppERK => pERK	kvP176 * ppERK
vP177	Nucleus	ppERKnuc => ERKnuc	kvP177 * ppERKnuc
vP178	Cytoplasm	ppAKT => pAKT	kvP178 * ppAKT
vP179	Cytoplasm	pAKT => AKT	kvP179 * pAKT
vP180	Cytoplasm	RhebT => RhebD	kvP180 * RhebT
vP181	Cytoplasm	FOXO => FOXOnuc	kvP181 * FOXO
vP182	Nucleus	FOXOnuc => FOXO	kvP182 * FOXOnuc
vP183	Cytoplasm	PIP2 => PIP3	kvP183 * PIP2
vP184	Cytoplasm	PIP3 => PIP2	kvP184 * PIP3
vP185	Cytoplasm	RasD => RasT	kvP185 * RasD
vP186	Cytoplasm	RasT => RasD	kvP186 * RasT
vP187	Cytoplasm	ppMEK + MEKi => MEKi_ppMEK	kvP187 * ppMEK * MEKi
vP188	Cytoplasm	MEKi_ppMEK => ppMEK + MEKi	kvP188 * MEKi_ppMEK
vP189	Cytoplasm	AKT + AKTi => AKTi_AKT	kvP189 * AKT * AKTi
vP190	Cytoplasm	AKTi_AKT => AKT + AKTi	kvP190 * AKTi_AKT
vDP1	Cytoplasm	MDM2 + ppAKT => ppAKT_MDM2	kvDP1 * MDM2 * ppAKT
vDP2	Cytoplasm	ppAKT_MDM2 => MDM2 + ppAKT	kvDP2 * ppAKT_MDM2
vDP3	Cytoplasm	ppAKT_MDM2 => pMDM2 + ppAKT	kvDP3 * ppAKT_MDM2
vDP4	Cytoplasm	pMDM2 => MDM2	kvDP4 * pMDM2
vPA1	Cytoplasm	BIM + ppERK => ppERK_BIM	kvPA1 * BIM * ppERK
vPA2	Cytoplasm	ppERK_BIM => BIM + ppERK	kvPA2 * ppERK_BIM
vPA3	Cytoplasm	ppERK_BIM => pBIM + ppERK	kvPA3 * ppERK_BIM
vPA4	Cytoplasm	pBIM => BIM	kvPA4 * pBIM
vPA5	Cytoplasm	BAD + ppAKT => ppAKT_BAD	kvPA5 * BAD * ppAKT
vPA6	Cytoplasm	ppAKT_BAD => BAD + ppAKT	kvPA6 * ppAKT_BAD
vPA7	Cytoplasm	ppAKT_BAD => pBAD + ppAKT	kvPA7 * ppAKT_BAD
vPA8	Cytoplasm	BAD + ppERK => ppERK_BAD	kvPA8 * BAD * ppERK
vPA9	Cytoplasm	ppERK_BAD => BAD + ppERK	kvPA9 * ppERK_BAD
vPA10	Cytoplasm	ppERK_BAD => pBAD + ppERK	kvPA10 * ppERK_BAD
vPA11	Cytoplasm	pBAD => BAD	kvPA11 * pBAD
vAd1	Cytoplasm	L_R => 	kvAd1 * L_R
vAd2	Cytoplasm	Ractive => 	kvAd2 * Ractive
vAd3	Cytoplasm	Ractive_flip => 	kvAd3 * Ractive_flip
vAd4	Cytoplasm	Ractive_pC8 => 	kvAd4 * Ractive_pC8
vAd5	Cytoplasm	C8 => 	kvAd5 * C8
vAd6	Cytoplasm	C8_Bar => 	kvAd6 * C8_Bar
vAd7	Cytoplasm	C8_pC3 => 	kvAd7 * C8_pC3
vAd8	Cytoplasm	C3 => 	kvAd8 * C3
vAd9	Cytoplasm	C3_pC6 => 	kvAd9 * C3_pC6
vAd10	Cytoplasm	C6 => 	kvAd10 * C6
vAd11	Cytoplasm	C6_C8 => 	kvAd11 * C6_C8
vAd12	Cytoplasm	C3_XIAP => 	kvAd12 * C3_XIAP
vAd13	Cytoplasm	C3_PARP => 	kvAd13 * C3_PARP
vAd14	Cytoplasm	cPARP => 	kvAd14 * cPARP
vAd15	Cytoplasm	C8_Bid => 	kvAd15 * C8_Bid
vAd16	Cytoplasm	tBid => 	kvAd16 * tBid
vAd17	Cytoplasm	tBid_Bcl2c => 	kvAd17 * tBid_Bcl2c
vAd18	Cytoplasm	tBid_Bax => 	kvAd18 * tBid_Bax
vAd19	Cytoplasm	Baxactive => 	kvAd19 * Baxactive
vAd20	Mitochondrion	Baxm => 	kvAd20 * Baxm
vAd21	Mitochondrion	Bcl2 => 	kvAd21 * Bcl2
vAd22	Mitochondrion	Baxm_Bcl2 => 	kvAd22 * Baxm_Bcl2
vAd23	Mitochondrion	Bax2 => 	kvAd23 * Bax2
vAd24	Mitochondrion	Bax2_Bcl2 => 	kvAd24 * Bax2_Bcl2
vAd25	Mitochondrion	Bax4 => 	kvAd25 * Bax4
vAd26	Mitochondrion	Bax4_Bcl2 => 	kvAd26 * Bax4_Bcl2
vAd27	Mitochondrion	CytoCr => 	kvAd27 * CytoCr
vAd28	Mitochondrion	Smacr => 	kvAd28 * Smacr
vAd29	Cytoplasm	CytoC => 	kvAd29 * CytoC
vAd30	Cytoplasm	CytoC_Apaf => 	kvAd30 * CytoC_Apaf
vAd31	Cytoplasm	Apafactive => 	kvAd31 * Apafactive
vAd32	Cytoplasm	Apop => 	kvAd32 * Apop
vAd33	Cytoplasm	Apop_C3 => 	kvAd33 * Apop_C3
vAd34	Cytoplasm	Smac => 	kvAd34 * Smac
vAd35	Cytoplasm	Apop_XIAP => 	kvAd35 * Apop_XIAP
vAd36	Cytoplasm	Smac_XIAP => 	kvAd36 * Smac_XIAP
vAd37	Cytoplasm	C3_Ub => 	kvAd37 * C3_Ub
vAd38	Cytoplasm	Bcl2c_BAD => 	kvAd38 * Bcl2c_BAD
vAd39	Cytoplasm	Bcl2c_PUMA => 	kvAd39 * Bcl2c_PUMA
vAd40	Cytoplasm	Bcl2c_NOXA => 	kvAd40 * Bcl2c_NOXA
vAd41	Cytoplasm	BIM_Bax => 	kvAd41 * BIM_Bax
vAd42	Cytoplasm	Bcl2c_BIM => 	kvAd42 * Bcl2c_BIM
vAd43	Cytoplasm	ppERK_BIM => 	kvAd43 * ppERK_BIM
vAd44	Cytoplasm	pBIM => 	kvAd44 * pBIM
vAd45	Cytoplasm	ppAKT_BAD => 	kvAd45 * ppAKT_BAD
vAd46	Cytoplasm	pBAD => 	kvAd46 * pBAD
vAd47	Cytoplasm	ppERK_BAD => 	kvAd47 * ppERK_BAD
vRd1	Cytoplasm	pE1 => 	kvRd1 * pE1
vRd2	Cytoplasm	pE2 => 	kvRd2 * pE2
vRd3	Cytoplasm	pE4 => 	kvRd3 * pE4
vRd4	Cytoplasm	E1E1 => 	kvRd4 * E1E1
vRd5	Cytoplasm	E1E2 => 	kvRd5 * E1E2
vRd6	Cytoplasm	E1E3 => 	kvRd6 * E1E3
vRd7	Cytoplasm	E1E4 => 	kvRd7 * E1E4
vRd8	Cytoplasm	E2E2 => 	kvRd8 * E2E2
vRd9	Cytoplasm	E2E3 => 	kvRd9 * E2E3
vRd10	Cytoplasm	E2E4 => 	kvRd10 * E2E4
vRd11	Cytoplasm	E3E4 => 	kvRd11 * E3E4
vRd12	Cytoplasm	E4E4 => 	kvRd12 * E4E4
vRd13	Cytoplasm	Met_Met => 	kvRd13 * Met_Met
vRd14	Cytoplasm	FrFr => 	kvRd14 * FrFr
vRd15	Cytoplasm	IrIr => 	kvRd15 * IrIr
vRd16	Cytoplasm	Isr_Isr => 	kvRd16 * Isr_Isr
vRd17	Cytoplasm	EE1 => 	kvRd17 * EE1
vRd18	Cytoplasm	HE3 => 	kvRd18 * HE3
vRd19	Cytoplasm	HE4 => 	kvRd19 * HE4
vRd20	Cytoplasm	HGF_Met => 	kvRd20 * HGF_Met
vRd21	Cytoplasm	PPr => 	kvRd21 * PPr
vRd22	Cytoplasm	FFr => 	kvRd22 * FFr
vRd23	Cytoplasm	EE1E2 => 	kvRd23 * EE1E2
vRd24	Cytoplasm	EE1Ev3 => 	kvRd24 * EE1Ev3
vRd25	Cytoplasm	EE1E1 => 	kvRd25 * EE1E1
vRd26	Cytoplasm	EE1E3 => 	kvRd26 * EE1E3
vRd27	Cytoplasm	EE1E4 => 	kvRd27 * EE1E4
vRd28	Cytoplasm	E2HE3 => 	kvRd28 * E2HE3
vRd29	Cytoplasm	E1HE3 => 	kvRd29 * E1HE3
vRd30	Cytoplasm	HE3E3 => 	kvRd30 * HE3E3
vRd31	Cytoplasm	HE3Ev3 => 	kvRd31 * HE3Ev3
vRd32	Cytoplasm	HE3E4 => 	kvRd32 * HE3E4
vRd33	Cytoplasm	E2HE4 => 	kvRd33 * E2HE4
vRd34	Cytoplasm	HE4Ev3 => 	kvRd34 * HE4Ev3
vRd35	Cytoplasm	E1HE4 => 	kvRd35 * E1HE4
vRd36	Cytoplasm	E3HE4 => 	kvRd36 * E3HE4
vRd37	Cytoplasm	HE4E4 => 	kvRd37 * HE4E4
vRd38	Cytoplasm	HGF_Met_Met => 	kvRd38 * HGF_Met_Met
vRd39	Cytoplasm	PPrPr => 	kvRd39 * PPrPr
vRd40	Cytoplasm	FFrFr => 	kvRd40 * FFrFr
vRd41	Cytoplasm	IIrIr => 	kvRd41 * IIrIr
vRd42	Cytoplasm	INS_Isr_Isr => 	kvRd42 * INS_Isr_Isr
vRd43	Cytoplasm	EE1EE1 => 	kvRd43 * EE1EE1
vRd44	Cytoplasm	EE1HE3 => 	kvRd44 * EE1HE3
vRd45	Cytoplasm	EE1HE4 => 	kvRd45 * EE1HE4
vRd46	Cytoplasm	HE3HE3 => 	kvRd46 * HE3HE3
vRd47	Cytoplasm	HE3HE4 => 	kvRd47 * HE3HE4
vRd48	Cytoplasm	HE4HE4 => 	kvRd48 * HE4HE4
vRd49	Cytoplasm	HGF_Met_HGF_Met => 	kvRd49 * HGF_Met_HGF_Met
vRd50	Cytoplasm	PPrPPr => 	kvRd50 * PPrPPr
vRd51	Cytoplasm	FFrFFr => 	kvRd51 * FFrFFr
vRd52	Cytoplasm	IIrIrI => 	kvRd52 * IIrIrI
vRd53	Cytoplasm	INS_Isr_Isr_INS => 	kvRd53 * INS_Isr_Isr_INS
vRd54	Cytoplasm	E1_ppERK => 	kvRd54 * E1_ppERK
vRd55	Cytoplasm	E2_ppERK => 	kvRd55 * E2_ppERK
vRd56	Cytoplasm	E4_ppERK => 	kvRd56 * E4_ppERK
vRPd1_1	Cytoplasm	pEE1E2 => 	kvRPd1_1 * pEE1E2
vRPd1_2	Cytoplasm	pEE1Ev3 => 	kvRPd1_2 * pEE1Ev3
vRPd1_3	Cytoplasm	pEE1E1 => 	kvRPd1_3 * pEE1E1
vRPd1_4	Cytoplasm	pEE1EE1 => 	kvRPd1_4 * pEE1EE1
vRPd1_5	Cytoplasm	pEE1E3 => 	kvRPd1_5 * pEE1E3
vRPd1_6	Cytoplasm	pEE1HE3 => 	kvRPd1_6 * pEE1HE3
vRPd1_7	Cytoplasm	pEE1E4 => 	kvRPd1_7 * pEE1E4
vRPd1_8	Cytoplasm	pEE1HE4 => 	kvRPd1_8 * pEE1HE4
vRPd1_9	Cytoplasm	pE2HE3 => 	kvRPd1_9 * pE2HE3
vRPd1_10	Cytoplasm	pHE3Ev3 => 	kvRPd1_10 * pHE3Ev3
vRPd1_11	Cytoplasm	pE1HE3 => 	kvRPd1_11 * pE1HE3
vRPd1_12	Cytoplasm	pHE3E4 => 	kvRPd1_12 * pHE3E4
vRPd1_13	Cytoplasm	pHE3HE4 => 	kvRPd1_13 * pHE3HE4
vRPd1_14	Cytoplasm	pE2HE4 => 	kvRPd1_14 * pE2HE4
vRPd1_15	Cytoplasm	pHE4Ev3 => 	kvRPd1_15 * pHE4Ev3
vRPd1_16	Cytoplasm	pE1HE4 => 	kvRPd1_16 * pE1HE4
vRPd1_17	Cytoplasm	pE3HE4 => 	kvRPd1_17 * pE3HE4
vRPd1_18	Cytoplasm	pHE4E4 => 	kvRPd1_18 * pHE4E4
vRPd1_19	Cytoplasm	pHE4HE4 => 	kvRPd1_19 * pHE4HE4
vRPd1_20	Cytoplasm	pHGF_Met_Met => 	kvRPd1_20 * pHGF_Met_Met
vRPd1_21	Cytoplasm	pHGF_Met_HGF_Met => 	kvRPd1_21 * pHGF_Met_HGF_Met
vRPd1_22	Cytoplasm	pPPrPPr => 	kvRPd1_22 * pPPrPPr
vRPd1_23	Cytoplasm	pPPrPr => 	kvRPd1_23 * pPPrPr
vRPd1_24	Cytoplasm	pFFrFFr => 	kvRPd1_24 * pFFrFFr
vRPd1_25	Cytoplasm	pFFrFr => 	kvRPd1_25 * pFFrFr
vRPd1_26	Cytoplasm	pIIrIr => 	kvRPd1_26 * pIIrIr
vRPd1_27	Cytoplasm	pINS_Isr_Isr => 	kvRPd1_27 * pINS_Isr_Isr
vRPd1_28	Cytoplasm	pIIrIrI => 	kvRPd1_28 * pIIrIrI
vRPd1_29	Cytoplasm	pINS_Isr_Isr_INS => 	kvRPd1_29 * pINS_Isr_Isr_INS
vRPd1_30	Cytoplasm	pIIrIr_IRS => 	kvRPd1_30 * pIIrIr_IRS
vRPd1_31	Cytoplasm	pINS_Isr_Isr_IRS => 	kvRPd1_31 * pINS_Isr_Isr_IRS
vRPd1_32	Cytoplasm	pIIrIrI_IRS => 	kvRPd1_32 * pIIrIrI_IRS
vRPd1_33	Cytoplasm	pINS_Isr_Isr_INS_IRS => 	kvRPd1_33 * pINS_Isr_Isr_INS_IRS
vRPd2_1	Cytoplasm	Sp_EE1E2 => 	kvRPd2_1 * Sp_EE1E2
vRPd2_2	Cytoplasm	Sp_EE1Ev3 => 	kvRPd2_2 * Sp_EE1Ev3
vRPd2_3	Cytoplasm	Sp_EE1E1 => 	kvRPd2_3 * Sp_EE1E1
vRPd2_4	Cytoplasm	Sp_EE1EE1 => 	kvRPd2_4 * Sp_EE1EE1
vRPd2_5	Cytoplasm	Sp_EE1E3 => 	kvRPd2_5 * Sp_EE1E3
vRPd2_6	Cytoplasm	Sp_EE1HE3 => 	kvRPd2_6 * Sp_EE1HE3
vRPd2_7	Cytoplasm	Sp_EE1E4 => 	kvRPd2_7 * Sp_EE1E4
vRPd2_8	Cytoplasm	Sp_EE1HE4 => 	kvRPd2_8 * Sp_EE1HE4
vRPd2_9	Cytoplasm	Sp_E2HE3 => 	kvRPd2_9 * Sp_E2HE3
vRPd2_10	Cytoplasm	Sp_HE3Ev3 => 	kvRPd2_10 * Sp_HE3Ev3
vRPd2_11	Cytoplasm	Sp_E1HE3 => 	kvRPd2_11 * Sp_E1HE3
vRPd2_12	Cytoplasm	Sp_HE3E4 => 	kvRPd2_12 * Sp_HE3E4
vRPd2_13	Cytoplasm	Sp_HE3HE4 => 	kvRPd2_13 * Sp_HE3HE4
vRPd2_14	Cytoplasm	Sp_E2HE4 => 	kvRPd2_14 * Sp_E2HE4
vRPd2_15	Cytoplasm	Sp_HE4Ev3 => 	kvRPd2_15 * Sp_HE4Ev3
vRPd2_16	Cytoplasm	Sp_E1HE4 => 	kvRPd2_16 * Sp_E1HE4
vRPd2_17	Cytoplasm	Sp_E3HE4 => 	kvRPd2_17 * Sp_E3HE4
vRPd2_18	Cytoplasm	Sp_HE4E4 => 	kvRPd2_18 * Sp_HE4E4
vRPd2_19	Cytoplasm	Sp_HE4HE4 => 	kvRPd2_19 * Sp_HE4HE4
vRPd2_20	Cytoplasm	Sp_HGF_Met_Met => 	kvRPd2_20 * Sp_HGF_Met_Met
vRPd2_21	Cytoplasm	Sp_HGF_Met_HGF_Met => 	kvRPd2_21 * Sp_HGF_Met_HGF_Met
vRPd2_22	Cytoplasm	Sp_PPrPPr => 	kvRPd2_22 * Sp_PPrPPr
vRPd2_23	Cytoplasm	Sp_PPrPr => 	kvRPd2_23 * Sp_PPrPr
vRPd2_24	Cytoplasm	Sp_FFrFFr => 	kvRPd2_24 * Sp_FFrFFr
vRPd2_25	Cytoplasm	Sp_FFrFr => 	kvRPd2_25 * Sp_FFrFr
vRPd2_26	Cytoplasm	Sp_IIrIr => 	kvRPd2_26 * Sp_IIrIr
vRPd2_27	Cytoplasm	Sp_INS_Isr_Isr => 	kvRPd2_27 * Sp_INS_Isr_Isr
vRPd2_28	Cytoplasm	Sp_IIrIrI => 	kvRPd2_28 * Sp_IIrIrI
vRPd2_29	Cytoplasm	Sp_INS_Isr_Isr_INS => 	kvRPd2_29 * Sp_INS_Isr_Isr_INS
vRPd3_1	Cytoplasm	EE1E2int => 	kvRPd3_1 * EE1E2int
vRPd3_2	Cytoplasm	EE1Ev3int => 	kvRPd3_2 * EE1Ev3int
vRPd3_3	Cytoplasm	EE1E1int => 	kvRPd3_3 * EE1E1int
vRPd3_4	Cytoplasm	EE1EE1int => 	kvRPd3_4 * EE1EE1int
vRPd3_5	Cytoplasm	EE1E3int => 	kvRPd3_5 * EE1E3int
vRPd3_6	Cytoplasm	EE1HE3int => 	kvRPd3_6 * EE1HE3int
vRPd3_7	Cytoplasm	EE1E4int => 	kvRPd3_7 * EE1E4int
vRPd3_8	Cytoplasm	EE1HE4int => 	kvRPd3_8 * EE1HE4int
vRPd3_9	Cytoplasm	E2HE3int => 	kvRPd3_9 * E2HE3int
vRPd3_10	Cytoplasm	HE3Ev3int => 	kvRPd3_10 * HE3Ev3int
vRPd3_11	Cytoplasm	E1HE3int => 	kvRPd3_11 * E1HE3int
vRPd3_12	Cytoplasm	HE3E4int => 	kvRPd3_12 * HE3E4int
vRPd3_13	Cytoplasm	HE3HE4int => 	kvRPd3_13 * HE3HE4int
vRPd3_14	Cytoplasm	E2HE4int => 	kvRPd3_14 * E2HE4int
vRPd3_15	Cytoplasm	HE4Ev3int => 	kvRPd3_15 * HE4Ev3int
vRPd3_16	Cytoplasm	E1HE4int => 	kvRPd3_16 * E1HE4int
vRPd3_17	Cytoplasm	E3HE4int => 	kvRPd3_17 * E3HE4int
vRPd3_18	Cytoplasm	HE4E4int => 	kvRPd3_18 * HE4E4int
vRPd3_19	Cytoplasm	HE4HE4int => 	kvRPd3_19 * HE4HE4int
vRPd3_20	Cytoplasm	HGF_Met_Metint => 	kvRPd3_20 * HGF_Met_Metint
vRPd3_21	Cytoplasm	HGF_Met_HGF_Metint => 	kvRPd3_21 * HGF_Met_HGF_Metint
vRPd3_22	Cytoplasm	PPrPPrint => 	kvRPd3_22 * PPrPPrint
vRPd3_23	Cytoplasm	PPrPrint => 	kvRPd3_23 * PPrPrint
vRPd3_24	Cytoplasm	FFrFFrint => 	kvRPd3_24 * FFrFFrint
vRPd3_25	Cytoplasm	FFrFrint => 	kvRPd3_25 * FFrFrint
vRPd3_26	Cytoplasm	IIrIr_int => 	kvRPd3_26 * IIrIr_int
vRPd3_27	Cytoplasm	INS_Isr_Isr_int => 	kvRPd3_27 * INS_Isr_Isr_int
vRPd3_28	Cytoplasm	IIrIrI_int => 	kvRPd3_28 * IIrIrI_int
vRPd3_29	Cytoplasm	INS_Isr_Isr_INS_int => 	kvRPd3_29 * INS_Isr_Isr_INS_int
vRPd4_1	Cytoplasm	pEE1E2int => 	kvRPd4_1 * pEE1E2int
vRPd4_2	Cytoplasm	pEE1Ev3int => 	kvRPd4_2 * pEE1Ev3int
vRPd4_3	Cytoplasm	pEE1E1int => 	kvRPd4_3 * pEE1E1int
vRPd4_4	Cytoplasm	pEE1EE1int => 	kvRPd4_4 * pEE1EE1int
vRPd4_5	Cytoplasm	pEE1E3int => 	kvRPd4_5 * pEE1E3int
vRPd4_6	Cytoplasm	pEE1HE3int => 	kvRPd4_6 * pEE1HE3int
vRPd4_7	Cytoplasm	pEE1E4int => 	kvRPd4_7 * pEE1E4int
vRPd4_8	Cytoplasm	pEE1HE4int => 	kvRPd4_8 * pEE1HE4int
vRPd4_9	Cytoplasm	pE2HE3int => 	kvRPd4_9 * pE2HE3int
vRPd4_10	Cytoplasm	pHE3Ev3int => 	kvRPd4_10 * pHE3Ev3int
vRPd4_11	Cytoplasm	pE1HE3int => 	kvRPd4_11 * pE1HE3int
vRPd4_12	Cytoplasm	pHE3E4int => 	kvRPd4_12 * pHE3E4int
vRPd4_13	Cytoplasm	pHE3HE4int => 	kvRPd4_13 * pHE3HE4int
vRPd4_14	Cytoplasm	pE2HE4int => 	kvRPd4_14 * pE2HE4int
vRPd4_15	Cytoplasm	pHE4Ev3int => 	kvRPd4_15 * pHE4Ev3int
vRPd4_16	Cytoplasm	pE1HE4int => 	kvRPd4_16 * pE1HE4int
vRPd4_17	Cytoplasm	pE3HE4int => 	kvRPd4_17 * pE3HE4int
vRPd4_18	Cytoplasm	pHE4E4int => 	kvRPd4_18 * pHE4E4int
vRPd4_19	Cytoplasm	pHE4HE4int => 	kvRPd4_19 * pHE4HE4int
vRPd4_20	Cytoplasm	pHGF_Met_Metint => 	kvRPd4_20 * pHGF_Met_Metint
vRPd4_21	Cytoplasm	pHGF_Met_HGF_Metint => 	kvRPd4_21 * pHGF_Met_HGF_Metint
vRPd4_22	Cytoplasm	pPPrPPrint => 	kvRPd4_22 * pPPrPPrint
vRPd4_23	Cytoplasm	pPPrPrint => 	kvRPd4_23 * pPPrPrint
vRPd4_24	Cytoplasm	pFFrFFrint => 	kvRPd4_24 * pFFrFFrint
vRPd4_25	Cytoplasm	pFFrFrint => 	kvRPd4_25 * pFFrFrint
vRPd4_26	Cytoplasm	pIIrIr_int => 	kvRPd4_26 * pIIrIr_int
vRPd4_27	Cytoplasm	pINS_Isr_Isr_int => 	kvRPd4_27 * pINS_Isr_Isr_int
vRPd4_28	Cytoplasm	pIIrIrI_int => 	kvRPd4_28 * pIIrIrI_int
vRPd4_29	Cytoplasm	pINS_Isr_Isr_INS_int => 	kvRPd4_29 * pINS_Isr_Isr_INS_int
vRPd4_30	Cytoplasm	pIIrIr_int_IRS => 	kvRPd4_30 * pIIrIr_int_IRS
vRPd4_31	Cytoplasm	pINS_Isr_Isr_int_IRS => 	kvRPd4_31 * pINS_Isr_Isr_int_IRS
vRPd4_32	Cytoplasm	pIIrIrI_int_IRS => 	kvRPd4_32 * pIIrIrI_int_IRS
vRPd4_33	Cytoplasm	pINS_Isr_Isr_INS_int_IRS => 	kvRPd4_33 * pINS_Isr_Isr_INS_int_IRS
vRPd5_1	Cytoplasm	pEE1E2_G2_SOS => 	kvRPd5_1 * pEE1E2_G2_SOS
vRPd5_2	Cytoplasm	pEE1Ev3_G2_SOS => 	kvRPd5_2 * pEE1Ev3_G2_SOS
vRPd5_3	Cytoplasm	pEE1E1_G2_SOS => 	kvRPd5_3 * pEE1E1_G2_SOS
vRPd5_4	Cytoplasm	pEE1EE1_G2_SOS => 	kvRPd5_4 * pEE1EE1_G2_SOS
vRPd5_5	Cytoplasm	pEE1E3_G2_SOS => 	kvRPd5_5 * pEE1E3_G2_SOS
vRPd5_6	Cytoplasm	pEE1HE3_G2_SOS => 	kvRPd5_6 * pEE1HE3_G2_SOS
vRPd5_7	Cytoplasm	pEE1E4_G2_SOS => 	kvRPd5_7 * pEE1E4_G2_SOS
vRPd5_8	Cytoplasm	pEE1HE4_G2_SOS => 	kvRPd5_8 * pEE1HE4_G2_SOS
vRPd5_9	Cytoplasm	pE2HE3_G2_SOS => 	kvRPd5_9 * pE2HE3_G2_SOS
vRPd5_10	Cytoplasm	pHE3Ev3_G2_SOS => 	kvRPd5_10 * pHE3Ev3_G2_SOS
vRPd5_11	Cytoplasm	pE1HE3_G2_SOS => 	kvRPd5_11 * pE1HE3_G2_SOS
vRPd5_12	Cytoplasm	pHE3E4_G2_SOS => 	kvRPd5_12 * pHE3E4_G2_SOS
vRPd5_13	Cytoplasm	pHE3HE4_G2_SOS => 	kvRPd5_13 * pHE3HE4_G2_SOS
vRPd5_14	Cytoplasm	pE2HE4_G2_SOS => 	kvRPd5_14 * pE2HE4_G2_SOS
vRPd5_15	Cytoplasm	pHE4Ev3_G2_SOS => 	kvRPd5_15 * pHE4Ev3_G2_SOS
vRPd5_16	Cytoplasm	pE1HE4_G2_SOS => 	kvRPd5_16 * pE1HE4_G2_SOS
vRPd5_17	Cytoplasm	pE3HE4_G2_SOS => 	kvRPd5_17 * pE3HE4_G2_SOS
vRPd5_18	Cytoplasm	pHE4E4_G2_SOS => 	kvRPd5_18 * pHE4E4_G2_SOS
vRPd5_19	Cytoplasm	pHE4HE4_G2_SOS => 	kvRPd5_19 * pHE4HE4_G2_SOS
vRPd5_20	Cytoplasm	pHGF_Met_Met_G2_SOS => 	kvRPd5_20 * pHGF_Met_Met_G2_SOS
vRPd5_21	Cytoplasm	pHGF_Met_HGF_Met_G2_SOS => 	kvRPd5_21 * pHGF_Met_HGF_Met_G2_SOS
vRPd5_22	Cytoplasm	pPPrPPr_G2_SOS => 	kvRPd5_22 * pPPrPPr_G2_SOS
vRPd5_23	Cytoplasm	pPPrPr_G2_SOS => 	kvRPd5_23 * pPPrPr_G2_SOS
vRPd5_24	Cytoplasm	pFFrFFr_G2_SOS => 	kvRPd5_24 * pFFrFFr_G2_SOS
vRPd5_25	Cytoplasm	pFFrFr_G2_SOS => 	kvRPd5_25 * pFFrFr_G2_SOS
vRPd5_26	Cytoplasm	pIIrIr_IRS_G2_SOS => 	kvRPd5_26 * pIIrIr_IRS_G2_SOS
vRPd5_27	Cytoplasm	pINS_Isr_Isr_IRS_G2_SOS => 	kvRPd5_27 * pINS_Isr_Isr_IRS_G2_SOS
vRPd5_28	Cytoplasm	pIIrIrI_IRS_G2_SOS => 	kvRPd5_28 * pIIrIrI_IRS_G2_SOS
vRPd5_29	Cytoplasm	pINS_Isr_Isr_INS_IRS_G2_SOS => 	kvRPd5_29 * pINS_Isr_Isr_INS_IRS_G2_SOS
vRPd6_1	Cytoplasm	pEE1E2int_G2_SOS => 	kvRPd6_1 * pEE1E2int_G2_SOS
vRPd6_2	Cytoplasm	pEE1Ev3int_G2_SOS => 	kvRPd6_2 * pEE1Ev3int_G2_SOS
vRPd6_3	Cytoplasm	pEE1E1int_G2_SOS => 	kvRPd6_3 * pEE1E1int_G2_SOS
vRPd6_4	Cytoplasm	pEE1EE1int_G2_SOS => 	kvRPd6_4 * pEE1EE1int_G2_SOS
vRPd6_5	Cytoplasm	pEE1E3int_G2_SOS => 	kvRPd6_5 * pEE1E3int_G2_SOS
vRPd6_6	Cytoplasm	pEE1HE3int_G2_SOS => 	kvRPd6_6 * pEE1HE3int_G2_SOS
vRPd6_7	Cytoplasm	pEE1E4int_G2_SOS => 	kvRPd6_7 * pEE1E4int_G2_SOS
vRPd6_8	Cytoplasm	pEE1HE4int_G2_SOS => 	kvRPd6_8 * pEE1HE4int_G2_SOS
vRPd6_9	Cytoplasm	pE2HE3int_G2_SOS => 	kvRPd6_9 * pE2HE3int_G2_SOS
vRPd6_10	Cytoplasm	pHE3Ev3int_G2_SOS => 	kvRPd6_10 * pHE3Ev3int_G2_SOS
vRPd6_11	Cytoplasm	pE1HE3int_G2_SOS => 	kvRPd6_11 * pE1HE3int_G2_SOS
vRPd6_12	Cytoplasm	pHE3E4int_G2_SOS => 	kvRPd6_12 * pHE3E4int_G2_SOS
vRPd6_13	Cytoplasm	pHE3HE4int_G2_SOS => 	kvRPd6_13 * pHE3HE4int_G2_SOS
vRPd6_14	Cytoplasm	pE2HE4int_G2_SOS => 	kvRPd6_14 * pE2HE4int_G2_SOS
vRPd6_15	Cytoplasm	pHE4Ev3int_G2_SOS => 	kvRPd6_15 * pHE4Ev3int_G2_SOS
vRPd6_16	Cytoplasm	pE1HE4int_G2_SOS => 	kvRPd6_16 * pE1HE4int_G2_SOS
vRPd6_17	Cytoplasm	pE3HE4int_G2_SOS => 	kvRPd6_17 * pE3HE4int_G2_SOS
vRPd6_18	Cytoplasm	pHE4E4int_G2_SOS => 	kvRPd6_18 * pHE4E4int_G2_SOS
vRPd6_19	Cytoplasm	pHE4HE4int_G2_SOS => 	kvRPd6_19 * pHE4HE4int_G2_SOS
vRPd6_20	Cytoplasm	pHGF_Met_Metint_G2_SOS => 	kvRPd6_20 * pHGF_Met_Metint_G2_SOS
vRPd6_21	Cytoplasm	pHGF_Met_HGF_Metint_G2_SOS => 	kvRPd6_21 * pHGF_Met_HGF_Metint_G2_SOS
vRPd6_22	Cytoplasm	pPPrPPrint_G2_SOS => 	kvRPd6_22 * pPPrPPrint_G2_SOS
vRPd6_23	Cytoplasm	pPPrPrint_G2_SOS => 	kvRPd6_23 * pPPrPrint_G2_SOS
vRPd6_24	Cytoplasm	pFFrFFrint_G2_SOS => 	kvRPd6_24 * pFFrFFrint_G2_SOS
vRPd6_25	Cytoplasm	pFFrFrint_G2_SOS => 	kvRPd6_25 * pFFrFrint_G2_SOS
vRPd6_26	Cytoplasm	pIIrIr_int_IRS_G2_SOS => 	kvRPd6_26 * pIIrIr_int_IRS_G2_SOS
vRPd6_27	Cytoplasm	pINS_Isr_Isr_int_IRS_G2_SOS => 	kvRPd6_27 * pINS_Isr_Isr_int_IRS_G2_SOS
vRPd6_28	Cytoplasm	pIIrIrI_int_IRS_G2_SOS => 	kvRPd6_28 * pIIrIrI_int_IRS_G2_SOS
vRPd6_29	Cytoplasm	pINS_Isr_Isr_INS_int_IRS_G2_SOS => 	kvRPd6_29 * pINS_Isr_Isr_INS_int_IRS_G2_SOS
vRPd7_1	Cytoplasm	pEE1E2_PLCg => 	kvRPd7_1 * pEE1E2_PLCg
vRPd7_2	Cytoplasm	pEE1Ev3_PLCg => 	kvRPd7_2 * pEE1Ev3_PLCg
vRPd7_3	Cytoplasm	pEE1E1_PLCg => 	kvRPd7_3 * pEE1E1_PLCg
vRPd7_4	Cytoplasm	pEE1EE1_PLCg => 	kvRPd7_4 * pEE1EE1_PLCg
vRPd7_5	Cytoplasm	pEE1E3_PLCg => 	kvRPd7_5 * pEE1E3_PLCg
vRPd7_6	Cytoplasm	pEE1HE3_PLCg => 	kvRPd7_6 * pEE1HE3_PLCg
vRPd7_7	Cytoplasm	pEE1E4_PLCg => 	kvRPd7_7 * pEE1E4_PLCg
vRPd7_8	Cytoplasm	pEE1HE4_PLCg => 	kvRPd7_8 * pEE1HE4_PLCg
vRPd7_9	Cytoplasm	pE2HE3_PLCg => 	kvRPd7_9 * pE2HE3_PLCg
vRPd7_10	Cytoplasm	pHE3Ev3_PLCg => 	kvRPd7_10 * pHE3Ev3_PLCg
vRPd7_11	Cytoplasm	pE1HE3_PLCg => 	kvRPd7_11 * pE1HE3_PLCg
vRPd7_12	Cytoplasm	pHE3E4_PLCg => 	kvRPd7_12 * pHE3E4_PLCg
vRPd7_13	Cytoplasm	pHE3HE4_PLCg => 	kvRPd7_13 * pHE3HE4_PLCg
vRPd7_14	Cytoplasm	pE2HE4_PLCg => 	kvRPd7_14 * pE2HE4_PLCg
vRPd7_15	Cytoplasm	pHE4Ev3_PLCg => 	kvRPd7_15 * pHE4Ev3_PLCg
vRPd7_16	Cytoplasm	pE1HE4_PLCg => 	kvRPd7_16 * pE1HE4_PLCg
vRPd7_17	Cytoplasm	pE3HE4_PLCg => 	kvRPd7_17 * pE3HE4_PLCg
vRPd7_18	Cytoplasm	pHE4E4_PLCg => 	kvRPd7_18 * pHE4E4_PLCg
vRPd7_19	Cytoplasm	pHE4HE4_PLCg => 	kvRPd7_19 * pHE4HE4_PLCg
vRPd7_20	Cytoplasm	pHGF_Met_Met_PLCg => 	kvRPd7_20 * pHGF_Met_Met_PLCg
vRPd7_21	Cytoplasm	pHGF_Met_HGF_Met_PLCg => 	kvRPd7_21 * pHGF_Met_HGF_Met_PLCg
vRPd7_22	Cytoplasm	pPPrPPr_PLCg => 	kvRPd7_22 * pPPrPPr_PLCg
vRPd7_23	Cytoplasm	pPPrPr_PLCg => 	kvRPd7_23 * pPPrPr_PLCg
vRPd7_24	Cytoplasm	pFFrFFr_PLCg => 	kvRPd7_24 * pFFrFFr_PLCg
vRPd7_25	Cytoplasm	pFFrFr_PLCg => 	kvRPd7_25 * pFFrFr_PLCg
vRPd7_26	Cytoplasm	pIIrIr_IRS_PLCg => 	kvRPd7_26 * pIIrIr_IRS_PLCg
vRPd7_27	Cytoplasm	pINS_Isr_Isr_IRS_PLCg => 	kvRPd7_27 * pINS_Isr_Isr_IRS_PLCg
vRPd7_28	Cytoplasm	pIIrIrI_IRS_PLCg => 	kvRPd7_28 * pIIrIrI_IRS_PLCg
vRPd7_29	Cytoplasm	pINS_Isr_Isr_INS_IRS_PLCg => 	kvRPd7_29 * pINS_Isr_Isr_INS_IRS_PLCg
vRPd8_1	Cytoplasm	pEE1E2_PI3K1 => 	kvRPd8_1 * pEE1E2_PI3K1
vRPd8_2	Cytoplasm	pEE1Ev3_PI3K1 => 	kvRPd8_2 * pEE1Ev3_PI3K1
vRPd8_3	Cytoplasm	pEE1E1_PI3K1 => 	kvRPd8_3 * pEE1E1_PI3K1
vRPd8_4	Cytoplasm	pEE1EE1_PI3K1 => 	kvRPd8_4 * pEE1EE1_PI3K1
vRPd8_5	Cytoplasm	pEE1E3_PI3K1 => 	kvRPd8_5 * pEE1E3_PI3K1
vRPd8_6	Cytoplasm	pEE1HE3_PI3K1 => 	kvRPd8_6 * pEE1HE3_PI3K1
vRPd8_7	Cytoplasm	pEE1E4_PI3K1 => 	kvRPd8_7 * pEE1E4_PI3K1
vRPd8_8	Cytoplasm	pEE1HE4_PI3K1 => 	kvRPd8_8 * pEE1HE4_PI3K1
vRPd8_9	Cytoplasm	pE2HE3_PI3K1 => 	kvRPd8_9 * pE2HE3_PI3K1
vRPd8_10	Cytoplasm	pHE3Ev3_PI3K1 => 	kvRPd8_10 * pHE3Ev3_PI3K1
vRPd8_11	Cytoplasm	pE1HE3_PI3K1 => 	kvRPd8_11 * pE1HE3_PI3K1
vRPd8_12	Cytoplasm	pHE3E4_PI3K1 => 	kvRPd8_12 * pHE3E4_PI3K1
vRPd8_13	Cytoplasm	pHE3HE4_PI3K1 => 	kvRPd8_13 * pHE3HE4_PI3K1
vRPd8_14	Cytoplasm	pE2HE4_PI3K1 => 	kvRPd8_14 * pE2HE4_PI3K1
vRPd8_15	Cytoplasm	pHE4Ev3_PI3K1 => 	kvRPd8_15 * pHE4Ev3_PI3K1
vRPd8_16	Cytoplasm	pE1HE4_PI3K1 => 	kvRPd8_16 * pE1HE4_PI3K1
vRPd8_17	Cytoplasm	pE3HE4_PI3K1 => 	kvRPd8_17 * pE3HE4_PI3K1
vRPd8_18	Cytoplasm	pHE4E4_PI3K1 => 	kvRPd8_18 * pHE4E4_PI3K1
vRPd8_19	Cytoplasm	pHE4HE4_PI3K1 => 	kvRPd8_19 * pHE4HE4_PI3K1
vRPd8_20	Cytoplasm	pHGF_Met_Met_PI3K1 => 	kvRPd8_20 * pHGF_Met_Met_PI3K1
vRPd8_21	Cytoplasm	pHGF_Met_HGF_Met_PI3K1 => 	kvRPd8_21 * pHGF_Met_HGF_Met_PI3K1
vRPd8_22	Cytoplasm	pPPrPPr_PI3K1 => 	kvRPd8_22 * pPPrPPr_PI3K1
vRPd8_23	Cytoplasm	pPPrPr_PI3K1 => 	kvRPd8_23 * pPPrPr_PI3K1
vRPd8_24	Cytoplasm	pFFrFFr_PI3K1 => 	kvRPd8_24 * pFFrFFr_PI3K1
vRPd8_25	Cytoplasm	pFFrFr_PI3K1 => 	kvRPd8_25 * pFFrFr_PI3K1
vRPd8_26	Cytoplasm	pIIrIr_IRS_PI3K1 => 	kvRPd8_26 * pIIrIr_IRS_PI3K1
vRPd8_27	Cytoplasm	pINS_Isr_Isr_IRS_PI3K1 => 	kvRPd8_27 * pINS_Isr_Isr_IRS_PI3K1
vRPd8_28	Cytoplasm	pIIrIrI_IRS_PI3K1 => 	kvRPd8_28 * pIIrIrI_IRS_PI3K1
vRPd8_29	Cytoplasm	pINS_Isr_Isr_INS_IRS_PI3K1 => 	kvRPd8_29 * pINS_Isr_Isr_INS_IRS_PI3K1
vRPd10_1	Cytoplasm	pEE1E2_PI3K2 => 	kvRPd10_1 * pEE1E2_PI3K2
vRPd10_2	Cytoplasm	pEE1Ev3_PI3K2 => 	kvRPd10_2 * pEE1Ev3_PI3K2
vRPd10_3	Cytoplasm	pEE1E1_PI3K2 => 	kvRPd10_3 * pEE1E1_PI3K2
vRPd10_4	Cytoplasm	pEE1EE1_PI3K2 => 	kvRPd10_4 * pEE1EE1_PI3K2
vRPd10_5	Cytoplasm	pEE1E3_PI3K2 => 	kvRPd10_5 * pEE1E3_PI3K2
vRPd10_6	Cytoplasm	pEE1HE3_PI3K2 => 	kvRPd10_6 * pEE1HE3_PI3K2
vRPd10_7	Cytoplasm	pEE1E4_PI3K2 => 	kvRPd10_7 * pEE1E4_PI3K2
vRPd10_8	Cytoplasm	pEE1HE4_PI3K2 => 	kvRPd10_8 * pEE1HE4_PI3K2
vRPd10_9	Cytoplasm	pE2HE3_PI3K2 => 	kvRPd10_9 * pE2HE3_PI3K2
vRPd10_10	Cytoplasm	pHE3Ev3_PI3K2 => 	kvRPd10_10 * pHE3Ev3_PI3K2
vRPd10_11	Cytoplasm	pE1HE3_PI3K2 => 	kvRPd10_11 * pE1HE3_PI3K2
vRPd10_12	Cytoplasm	pHE3E4_PI3K2 => 	kvRPd10_12 * pHE3E4_PI3K2
vRPd10_13	Cytoplasm	pHE3HE4_PI3K2 => 	kvRPd10_13 * pHE3HE4_PI3K2
vRPd10_14	Cytoplasm	pE2HE4_PI3K2 => 	kvRPd10_14 * pE2HE4_PI3K2
vRPd10_15	Cytoplasm	pHE4Ev3_PI3K2 => 	kvRPd10_15 * pHE4Ev3_PI3K2
vRPd10_16	Cytoplasm	pE1HE4_PI3K2 => 	kvRPd10_16 * pE1HE4_PI3K2
vRPd10_17	Cytoplasm	pE3HE4_PI3K2 => 	kvRPd10_17 * pE3HE4_PI3K2
vRPd10_18	Cytoplasm	pHE4E4_PI3K2 => 	kvRPd10_18 * pHE4E4_PI3K2
vRPd10_19	Cytoplasm	pHE4HE4_PI3K2 => 	kvRPd10_19 * pHE4HE4_PI3K2
vRPd10_20	Cytoplasm	pHGF_Met_Met_PI3K2 => 	kvRPd10_20 * pHGF_Met_Met_PI3K2
vRPd10_21	Cytoplasm	pHGF_Met_HGF_Met_PI3K2 => 	kvRPd10_21 * pHGF_Met_HGF_Met_PI3K2
vRPd10_22	Cytoplasm	pPPrPPr_PI3K2 => 	kvRPd10_22 * pPPrPPr_PI3K2
vRPd10_23	Cytoplasm	pPPrPr_PI3K2 => 	kvRPd10_23 * pPPrPr_PI3K2
vRPd10_24	Cytoplasm	pFFrFFr_PI3K2 => 	kvRPd10_24 * pFFrFFr_PI3K2
vRPd10_25	Cytoplasm	pFFrFr_PI3K2 => 	kvRPd10_25 * pFFrFr_PI3K2
vRPd10_26	Cytoplasm	pIIrIr_IRS_PI3K2 => 	kvRPd10_26 * pIIrIr_IRS_PI3K2
vRPd10_27	Cytoplasm	pINS_Isr_Isr_IRS_PI3K2 => 	kvRPd10_27 * pINS_Isr_Isr_IRS_PI3K2
vRPd10_28	Cytoplasm	pIIrIrI_IRS_PI3K2 => 	kvRPd10_28 * pIIrIrI_IRS_PI3K2
vRPd10_29	Cytoplasm	pINS_Isr_Isr_INS_IRS_PI3K2 => 	kvRPd10_29 * pINS_Isr_Isr_INS_IRS_PI3K2
vRPd11_1	Cytoplasm	pEE1E2int_G2_SOS_RasD => 	kvRPd11_1 * pEE1E2int_G2_SOS_RasD
vRPd11_2	Cytoplasm	pEE1Ev3int_G2_SOS_RasD => 	kvRPd11_2 * pEE1Ev3int_G2_SOS_RasD
vRPd11_3	Cytoplasm	pEE1E1int_G2_SOS_RasD => 	kvRPd11_3 * pEE1E1int_G2_SOS_RasD
vRPd11_4	Cytoplasm	pEE1EE1int_G2_SOS_RasD => 	kvRPd11_4 * pEE1EE1int_G2_SOS_RasD
vRPd11_5	Cytoplasm	pEE1E3int_G2_SOS_RasD => 	kvRPd11_5 * pEE1E3int_G2_SOS_RasD
vRPd11_6	Cytoplasm	pEE1HE3int_G2_SOS_RasD => 	kvRPd11_6 * pEE1HE3int_G2_SOS_RasD
vRPd11_7	Cytoplasm	pEE1E4int_G2_SOS_RasD => 	kvRPd11_7 * pEE1E4int_G2_SOS_RasD
vRPd11_8	Cytoplasm	pEE1HE4int_G2_SOS_RasD => 	kvRPd11_8 * pEE1HE4int_G2_SOS_RasD
vRPd11_9	Cytoplasm	pE2HE3int_G2_SOS_RasD => 	kvRPd11_9 * pE2HE3int_G2_SOS_RasD
vRPd11_10	Cytoplasm	pHE3Ev3int_G2_SOS_RasD => 	kvRPd11_10 * pHE3Ev3int_G2_SOS_RasD
vRPd11_11	Cytoplasm	pE1HE3int_G2_SOS_RasD => 	kvRPd11_11 * pE1HE3int_G2_SOS_RasD
vRPd11_12	Cytoplasm	pHE3E4int_G2_SOS_RasD => 	kvRPd11_12 * pHE3E4int_G2_SOS_RasD
vRPd11_13	Cytoplasm	pHE3HE4int_G2_SOS_RasD => 	kvRPd11_13 * pHE3HE4int_G2_SOS_RasD
vRPd11_14	Cytoplasm	pE2HE4int_G2_SOS_RasD => 	kvRPd11_14 * pE2HE4int_G2_SOS_RasD
vRPd11_15	Cytoplasm	pHE4Ev3int_G2_SOS_RasD => 	kvRPd11_15 * pHE4Ev3int_G2_SOS_RasD
vRPd11_16	Cytoplasm	pE1HE4int_G2_SOS_RasD => 	kvRPd11_16 * pE1HE4int_G2_SOS_RasD
vRPd11_17	Cytoplasm	pE3HE4int_G2_SOS_RasD => 	kvRPd11_17 * pE3HE4int_G2_SOS_RasD
vRPd11_18	Cytoplasm	pHE4E4int_G2_SOS_RasD => 	kvRPd11_18 * pHE4E4int_G2_SOS_RasD
vRPd11_19	Cytoplasm	pHE4HE4int_G2_SOS_RasD => 	kvRPd11_19 * pHE4HE4int_G2_SOS_RasD
vRPd11_20	Cytoplasm	pHGF_Met_Metint_G2_SOS_RasD => 	kvRPd11_20 * pHGF_Met_Metint_G2_SOS_RasD
vRPd11_21	Cytoplasm	pHGF_Met_HGF_Metint_G2_SOS_RasD => 	kvRPd11_21 * pHGF_Met_HGF_Metint_G2_SOS_RasD
vRPd11_22	Cytoplasm	pPPrPPrint_G2_SOS_RasD => 	kvRPd11_22 * pPPrPPrint_G2_SOS_RasD
vRPd11_23	Cytoplasm	pPPrPrint_G2_SOS_RasD => 	kvRPd11_23 * pPPrPrint_G2_SOS_RasD
vRPd11_24	Cytoplasm	pFFrFFrint_G2_SOS_RasD => 	kvRPd11_24 * pFFrFFrint_G2_SOS_RasD
vRPd11_25	Cytoplasm	pFFrFrint_G2_SOS_RasD => 	kvRPd11_25 * pFFrFrint_G2_SOS_RasD
vRPd11_26	Cytoplasm	pIIrIr_int_IRS_G2_SOS_RasD => 	kvRPd11_26 * pIIrIr_int_IRS_G2_SOS_RasD
vRPd11_27	Cytoplasm	pINS_Isr_Isr_int_IRS_G2_SOS_RasD => 	kvRPd11_27 * pINS_Isr_Isr_int_IRS_G2_SOS_RasD
vRPd11_28	Cytoplasm	pIIrIrI_int_IRS_G2_SOS_RasD => 	kvRPd11_28 * pIIrIrI_int_IRS_G2_SOS_RasD
vRPd11_29	Cytoplasm	pINS_Isr_Isr_INS_int_IRS_G2_SOS_RasD => 	kvRPd11_29 * pINS_Isr_Isr_INS_int_IRS_G2_SOS_RasD
vRPd12_1	Cytoplasm	pEE1E2_G2_SOS_RasD => 	kvRPd12_1 * pEE1E2_G2_SOS_RasD
vRPd12_2	Cytoplasm	pEE1Ev3_G2_SOS_RasD => 	kvRPd12_2 * pEE1Ev3_G2_SOS_RasD
vRPd12_3	Cytoplasm	pEE1E1_G2_SOS_RasD => 	kvRPd12_3 * pEE1E1_G2_SOS_RasD
vRPd12_4	Cytoplasm	pEE1EE1_G2_SOS_RasD => 	kvRPd12_4 * pEE1EE1_G2_SOS_RasD
vRPd12_5	Cytoplasm	pEE1E3_G2_SOS_RasD => 	kvRPd12_5 * pEE1E3_G2_SOS_RasD
vRPd12_6	Cytoplasm	pEE1HE3_G2_SOS_RasD => 	kvRPd12_6 * pEE1HE3_G2_SOS_RasD
vRPd12_7	Cytoplasm	pEE1E4_G2_SOS_RasD => 	kvRPd12_7 * pEE1E4_G2_SOS_RasD
vRPd12_8	Cytoplasm	pEE1HE4_G2_SOS_RasD => 	kvRPd12_8 * pEE1HE4_G2_SOS_RasD
vRPd12_9	Cytoplasm	pE2HE3_G2_SOS_RasD => 	kvRPd12_9 * pE2HE3_G2_SOS_RasD
vRPd12_10	Cytoplasm	pHE3Ev3_G2_SOS_RasD => 	kvRPd12_10 * pHE3Ev3_G2_SOS_RasD
vRPd12_11	Cytoplasm	pE1HE3_G2_SOS_RasD => 	kvRPd12_11 * pE1HE3_G2_SOS_RasD
vRPd12_12	Cytoplasm	pHE3E4_G2_SOS_RasD => 	kvRPd12_12 * pHE3E4_G2_SOS_RasD
vRPd12_13	Cytoplasm	pHE3HE4_G2_SOS_RasD => 	kvRPd12_13 * pHE3HE4_G2_SOS_RasD
vRPd12_14	Cytoplasm	pE2HE4_G2_SOS_RasD => 	kvRPd12_14 * pE2HE4_G2_SOS_RasD
vRPd12_15	Cytoplasm	pHE4Ev3_G2_SOS_RasD => 	kvRPd12_15 * pHE4Ev3_G2_SOS_RasD
vRPd12_16	Cytoplasm	pE1HE4_G2_SOS_RasD => 	kvRPd12_16 * pE1HE4_G2_SOS_RasD
vRPd12_17	Cytoplasm	pE3HE4_G2_SOS_RasD => 	kvRPd12_17 * pE3HE4_G2_SOS_RasD
vRPd12_18	Cytoplasm	pHE4E4_G2_SOS_RasD => 	kvRPd12_18 * pHE4E4_G2_SOS_RasD
vRPd12_19	Cytoplasm	pHE4HE4_G2_SOS_RasD => 	kvRPd12_19 * pHE4HE4_G2_SOS_RasD
vRPd12_20	Cytoplasm	pHGF_Met_Met_G2_SOS_RasD => 	kvRPd12_20 * pHGF_Met_Met_G2_SOS_RasD
vRPd12_21	Cytoplasm	pHGF_Met_HGF_Met_G2_SOS_RasD => 	kvRPd12_21 * pHGF_Met_HGF_Met_G2_SOS_RasD
vRPd12_22	Cytoplasm	pPPrPPr_G2_SOS_RasD => 	kvRPd12_22 * pPPrPPr_G2_SOS_RasD
vRPd12_23	Cytoplasm	pPPrPr_G2_SOS_RasD => 	kvRPd12_23 * pPPrPr_G2_SOS_RasD
vRPd12_24	Cytoplasm	pFFrFFr_G2_SOS_RasD => 	kvRPd12_24 * pFFrFFr_G2_SOS_RasD
vRPd12_25	Cytoplasm	pFFrFr_G2_SOS_RasD => 	kvRPd12_25 * pFFrFr_G2_SOS_RasD
vRPd12_26	Cytoplasm	pIIrIr_IRS_G2_SOS_RasD => 	kvRPd12_26 * pIIrIr_IRS_G2_SOS_RasD
vRPd12_27	Cytoplasm	pINS_Isr_Isr_IRS_G2_SOS_RasD => 	kvRPd12_27 * pINS_Isr_Isr_IRS_G2_SOS_RasD
vRPd12_28	Cytoplasm	pIIrIrI_IRS_G2_SOS_RasD => 	kvRPd12_28 * pIIrIrI_IRS_G2_SOS_RasD
vRPd12_29	Cytoplasm	pINS_Isr_Isr_INS_IRS_G2_SOS_RasD => 	kvRPd12_29 * pINS_Isr_Isr_INS_IRS_G2_SOS_RasD
vRPd13_1	Cytoplasm	pEE1E2_PLCg_PIP2 => 	kvRPd13_1 * pEE1E2_PLCg_PIP2
vRPd13_2	Cytoplasm	pEE1Ev3_PLCg_PIP2 => 	kvRPd13_2 * pEE1Ev3_PLCg_PIP2
vRPd13_3	Cytoplasm	pEE1E1_PLCg_PIP2 => 	kvRPd13_3 * pEE1E1_PLCg_PIP2
vRPd13_4	Cytoplasm	pEE1EE1_PLCg_PIP2 => 	kvRPd13_4 * pEE1EE1_PLCg_PIP2
vRPd13_5	Cytoplasm	pEE1E3_PLCg_PIP2 => 	kvRPd13_5 * pEE1E3_PLCg_PIP2
vRPd13_6	Cytoplasm	pEE1HE3_PLCg_PIP2 => 	kvRPd13_6 * pEE1HE3_PLCg_PIP2
vRPd13_7	Cytoplasm	pEE1E4_PLCg_PIP2 => 	kvRPd13_7 * pEE1E4_PLCg_PIP2
vRPd13_8	Cytoplasm	pEE1HE4_PLCg_PIP2 => 	kvRPd13_8 * pEE1HE4_PLCg_PIP2
vRPd13_9	Cytoplasm	pE2HE3_PLCg_PIP2 => 	kvRPd13_9 * pE2HE3_PLCg_PIP2
vRPd13_10	Cytoplasm	pHE3Ev3_PLCg_PIP2 => 	kvRPd13_10 * pHE3Ev3_PLCg_PIP2
vRPd13_11	Cytoplasm	pE1HE3_PLCg_PIP2 => 	kvRPd13_11 * pE1HE3_PLCg_PIP2
vRPd13_12	Cytoplasm	pHE3E4_PLCg_PIP2 => 	kvRPd13_12 * pHE3E4_PLCg_PIP2
vRPd13_13	Cytoplasm	pHE3HE4_PLCg_PIP2 => 	kvRPd13_13 * pHE3HE4_PLCg_PIP2
vRPd13_14	Cytoplasm	pE2HE4_PLCg_PIP2 => 	kvRPd13_14 * pE2HE4_PLCg_PIP2
vRPd13_15	Cytoplasm	pHE4Ev3_PLCg_PIP2 => 	kvRPd13_15 * pHE4Ev3_PLCg_PIP2
vRPd13_16	Cytoplasm	pE1HE4_PLCg_PIP2 => 	kvRPd13_16 * pE1HE4_PLCg_PIP2
vRPd13_17	Cytoplasm	pE3HE4_PLCg_PIP2 => 	kvRPd13_17 * pE3HE4_PLCg_PIP2
vRPd13_18	Cytoplasm	pHE4E4_PLCg_PIP2 => 	kvRPd13_18 * pHE4E4_PLCg_PIP2
vRPd13_19	Cytoplasm	pHE4HE4_PLCg_PIP2 => 	kvRPd13_19 * pHE4HE4_PLCg_PIP2
vRPd13_20	Cytoplasm	pHGF_Met_Met_PLCg_PIP2 => 	kvRPd13_20 * pHGF_Met_Met_PLCg_PIP2
vRPd13_21	Cytoplasm	pHGF_Met_HGF_Met_PLCg_PIP2 => 	kvRPd13_21 * pHGF_Met_HGF_Met_PLCg_PIP2
vRPd13_22	Cytoplasm	pPPrPPr_PLCg_PIP2 => 	kvRPd13_22 * pPPrPPr_PLCg_PIP2
vRPd13_23	Cytoplasm	pPPrPr_PLCg_PIP2 => 	kvRPd13_23 * pPPrPr_PLCg_PIP2
vRPd13_24	Cytoplasm	pFFrFFr_PLCg_PIP2 => 	kvRPd13_24 * pFFrFFr_PLCg_PIP2
vRPd13_25	Cytoplasm	pFFrFr_PLCg_PIP2 => 	kvRPd13_25 * pFFrFr_PLCg_PIP2
vRPd13_26	Cytoplasm	pIIrIr_IRS_PLCg_PIP2 => 	kvRPd13_26 * pIIrIr_IRS_PLCg_PIP2
vRPd13_27	Cytoplasm	pINS_Isr_Isr_IRS_PLCg_PIP2 => 	kvRPd13_27 * pINS_Isr_Isr_IRS_PLCg_PIP2
vRPd13_28	Cytoplasm	pIIrIrI_IRS_PLCg_PIP2 => 	kvRPd13_28 * pIIrIrI_IRS_PLCg_PIP2
vRPd13_29	Cytoplasm	pINS_Isr_Isr_INS_IRS_PLCg_PIP2 => 	kvRPd13_29 * pINS_Isr_Isr_INS_IRS_PLCg_PIP2
vRPd14_1	Cytoplasm	pEE1E2_PI3K1_PIP2 => 	kvRPd14_1 * pEE1E2_PI3K1_PIP2
vRPd14_2	Cytoplasm	pEE1Ev3_PI3K1_PIP2 => 	kvRPd14_2 * pEE1Ev3_PI3K1_PIP2
vRPd14_3	Cytoplasm	pEE1E1_PI3K1_PIP2 => 	kvRPd14_3 * pEE1E1_PI3K1_PIP2
vRPd14_4	Cytoplasm	pEE1EE1_PI3K1_PIP2 => 	kvRPd14_4 * pEE1EE1_PI3K1_PIP2
vRPd14_5	Cytoplasm	pEE1E3_PI3K1_PIP2 => 	kvRPd14_5 * pEE1E3_PI3K1_PIP2
vRPd14_6	Cytoplasm	pEE1HE3_PI3K1_PIP2 => 	kvRPd14_6 * pEE1HE3_PI3K1_PIP2
vRPd14_7	Cytoplasm	pEE1E4_PI3K1_PIP2 => 	kvRPd14_7 * pEE1E4_PI3K1_PIP2
vRPd14_8	Cytoplasm	pEE1HE4_PI3K1_PIP2 => 	kvRPd14_8 * pEE1HE4_PI3K1_PIP2
vRPd14_9	Cytoplasm	pE2HE3_PI3K1_PIP2 => 	kvRPd14_9 * pE2HE3_PI3K1_PIP2
vRPd14_10	Cytoplasm	pHE3Ev3_PI3K1_PIP2 => 	kvRPd14_10 * pHE3Ev3_PI3K1_PIP2
vRPd14_11	Cytoplasm	pE1HE3_PI3K1_PIP2 => 	kvRPd14_11 * pE1HE3_PI3K1_PIP2
vRPd14_12	Cytoplasm	pHE3E4_PI3K1_PIP2 => 	kvRPd14_12 * pHE3E4_PI3K1_PIP2
vRPd14_13	Cytoplasm	pHE3HE4_PI3K1_PIP2 => 	kvRPd14_13 * pHE3HE4_PI3K1_PIP2
vRPd14_14	Cytoplasm	pE2HE4_PI3K1_PIP2 => 	kvRPd14_14 * pE2HE4_PI3K1_PIP2
vRPd14_15	Cytoplasm	pHE4Ev3_PI3K1_PIP2 => 	kvRPd14_15 * pHE4Ev3_PI3K1_PIP2
vRPd14_16	Cytoplasm	pE1HE4_PI3K1_PIP2 => 	kvRPd14_16 * pE1HE4_PI3K1_PIP2
vRPd14_17	Cytoplasm	pE3HE4_PI3K1_PIP2 => 	kvRPd14_17 * pE3HE4_PI3K1_PIP2
vRPd14_18	Cytoplasm	pHE4E4_PI3K1_PIP2 => 	kvRPd14_18 * pHE4E4_PI3K1_PIP2
vRPd14_19	Cytoplasm	pHE4HE4_PI3K1_PIP2 => 	kvRPd14_19 * pHE4HE4_PI3K1_PIP2
vRPd14_20	Cytoplasm	pHGF_Met_Met_PI3K1_PIP2 => 	kvRPd14_20 * pHGF_Met_Met_PI3K1_PIP2
vRPd14_21	Cytoplasm	pHGF_Met_HGF_Met_PI3K1_PIP2 => 	kvRPd14_21 * pHGF_Met_HGF_Met_PI3K1_PIP2
vRPd14_22	Cytoplasm	pPPrPPr_PI3K1_PIP2 => 	kvRPd14_22 * pPPrPPr_PI3K1_PIP2
vRPd14_23	Cytoplasm	pPPrPr_PI3K1_PIP2 => 	kvRPd14_23 * pPPrPr_PI3K1_PIP2
vRPd14_24	Cytoplasm	pFFrFFr_PI3K1_PIP2 => 	kvRPd14_24 * pFFrFFr_PI3K1_PIP2
vRPd14_25	Cytoplasm	pFFrFr_PI3K1_PIP2 => 	kvRPd14_25 * pFFrFr_PI3K1_PIP2
vRPd14_26	Cytoplasm	pIIrIr_IRS_PI3K1_PIP2 => 	kvRPd14_26 * pIIrIr_IRS_PI3K1_PIP2
vRPd14_27	Cytoplasm	pINS_Isr_Isr_IRS_PI3K1_PIP2 => 	kvRPd14_27 * pINS_Isr_Isr_IRS_PI3K1_PIP2
vRPd14_28	Cytoplasm	pIIrIrI_IRS_PI3K1_PIP2 => 	kvRPd14_28 * pIIrIrI_IRS_PI3K1_PIP2
vRPd14_29	Cytoplasm	pINS_Isr_Isr_INS_IRS_PI3K1_PIP2 => 	kvRPd14_29 * pINS_Isr_Isr_INS_IRS_PI3K1_PIP2
vRPd16_1	Cytoplasm	pEE1E2_PI3K2_PIP => 	kvRPd16_1 * pEE1E2_PI3K2_PIP
vRPd16_2	Cytoplasm	pEE1Ev3_PI3K2_PIP => 	kvRPd16_2 * pEE1Ev3_PI3K2_PIP
vRPd16_3	Cytoplasm	pEE1E1_PI3K2_PIP => 	kvRPd16_3 * pEE1E1_PI3K2_PIP
vRPd16_4	Cytoplasm	pEE1EE1_PI3K2_PIP => 	kvRPd16_4 * pEE1EE1_PI3K2_PIP
vRPd16_5	Cytoplasm	pEE1E3_PI3K2_PIP => 	kvRPd16_5 * pEE1E3_PI3K2_PIP
vRPd16_6	Cytoplasm	pEE1HE3_PI3K2_PIP => 	kvRPd16_6 * pEE1HE3_PI3K2_PIP
vRPd16_7	Cytoplasm	pEE1E4_PI3K2_PIP => 	kvRPd16_7 * pEE1E4_PI3K2_PIP
vRPd16_8	Cytoplasm	pEE1HE4_PI3K2_PIP => 	kvRPd16_8 * pEE1HE4_PI3K2_PIP
vRPd16_9	Cytoplasm	pE2HE3_PI3K2_PIP => 	kvRPd16_9 * pE2HE3_PI3K2_PIP
vRPd16_10	Cytoplasm	pHE3Ev3_PI3K2_PIP => 	kvRPd16_10 * pHE3Ev3_PI3K2_PIP
vRPd16_11	Cytoplasm	pE1HE3_PI3K2_PIP => 	kvRPd16_11 * pE1HE3_PI3K2_PIP
vRPd16_12	Cytoplasm	pHE3E4_PI3K2_PIP => 	kvRPd16_12 * pHE3E4_PI3K2_PIP
vRPd16_13	Cytoplasm	pHE3HE4_PI3K2_PIP => 	kvRPd16_13 * pHE3HE4_PI3K2_PIP
vRPd16_14	Cytoplasm	pE2HE4_PI3K2_PIP => 	kvRPd16_14 * pE2HE4_PI3K2_PIP
vRPd16_15	Cytoplasm	pHE4Ev3_PI3K2_PIP => 	kvRPd16_15 * pHE4Ev3_PI3K2_PIP
vRPd16_16	Cytoplasm	pE1HE4_PI3K2_PIP => 	kvRPd16_16 * pE1HE4_PI3K2_PIP
vRPd16_17	Cytoplasm	pE3HE4_PI3K2_PIP => 	kvRPd16_17 * pE3HE4_PI3K2_PIP
vRPd16_18	Cytoplasm	pHE4E4_PI3K2_PIP => 	kvRPd16_18 * pHE4E4_PI3K2_PIP
vRPd16_19	Cytoplasm	pHE4HE4_PI3K2_PIP => 	kvRPd16_19 * pHE4HE4_PI3K2_PIP
vRPd16_20	Cytoplasm	pHGF_Met_Met_PI3K2_PIP => 	kvRPd16_20 * pHGF_Met_Met_PI3K2_PIP
vRPd16_21	Cytoplasm	pHGF_Met_HGF_Met_PI3K2_PIP => 	kvRPd16_21 * pHGF_Met_HGF_Met_PI3K2_PIP
vRPd16_22	Cytoplasm	pPPrPPr_PI3K2_PIP => 	kvRPd16_22 * pPPrPPr_PI3K2_PIP
vRPd16_23	Cytoplasm	pPPrPr_PI3K2_PIP => 	kvRPd16_23 * pPPrPr_PI3K2_PIP
vRPd16_24	Cytoplasm	pFFrFFr_PI3K2_PIP => 	kvRPd16_24 * pFFrFFr_PI3K2_PIP
vRPd16_25	Cytoplasm	pFFrFr_PI3K2_PIP => 	kvRPd16_25 * pFFrFr_PI3K2_PIP
vRPd16_26	Cytoplasm	pIIrIr_IRS_PI3K2_PIP => 	kvRPd16_26 * pIIrIr_IRS_PI3K2_PIP
vRPd16_27	Cytoplasm	pINS_Isr_Isr_IRS_PI3K2_PIP => 	kvRPd16_27 * pINS_Isr_Isr_IRS_PI3K2_PIP
vRPd16_28	Cytoplasm	pIIrIrI_IRS_PI3K2_PIP => 	kvRPd16_28 * pIIrIrI_IRS_PI3K2_PIP
vRPd16_29	Cytoplasm	pINS_Isr_Isr_INS_IRS_PI3K2_PIP => 	kvRPd16_29 * pINS_Isr_Isr_INS_IRS_PI3K2_PIP
vPd1	Cytoplasm	G2_SOS => 	kvPd1 * G2_SOS
vPd2	Cytoplasm	G2_pSOS => 	kvPd2 * G2_pSOS
vPd3	Cytoplasm	PI3K1 => 	kvPd3 * PI3K1
vPd4	Cytoplasm	pPI3K1 => 	kvPd4 * pPI3K1
vPd5	Cytoplasm	mTORC1 => 	kvPd5 * mTORC1
vPd6	Cytoplasm	mTORC1active => 	kvPd6 * mTORC1active
vPd7	Cytoplasm	PIP => 	kvPd7 * PIP
vPd8	Cytoplasm	PI3P => 	kvPd8 * PI3P
vPd9	Cytoplasm	DAG => 	kvPd9 * DAG
vPd10	Cytoplasm	DAG_GRP => 	kvPd10 * DAG_GRP
vPd11	Cytoplasm	RasT => 	kvPd11 * RasT
vPd12	Cytoplasm	pNF1 => 	kvPd12 * pNF1
vPd13	Cytoplasm	pCRaf => 	kvPd13 * pCRaf
vPd14	Cytoplasm	RasT_CRaf => 	kvPd14 * RasT_CRaf
vPd15	Cytoplasm	RasT_CRaf_BRaf => 	kvPd15 * RasT_CRaf_BRaf
vPd16	Cytoplasm	pMEK => 	kvPd16 * pMEK
vPd17	Cytoplasm	ppMEK => 	kvPd17 * ppMEK
vPd18	Nucleus	ERKnuc => 	kvPd18 * ERKnuc
vPd19	Nucleus	ppERKnuc => 	kvPd19 * ppERKnuc
vPd20	Cytoplasm	pRSK => 	kvPd20 * pRSK
vPd21	Nucleus	pRSKnuc => 	kvPd21 * pRSKnuc
vPd22	Nucleus	pMKP1 => 	kvPd22 * pMKP1
vPd23	Nucleus	pcFos => 	kvPd23 * pcFos
vPd24	Nucleus	pcFos_cJun => 	kvPd24 * pcFos_cJun
vPd25	Nucleus	bCATENINnuc => 	kvPd25 * bCATENINnuc
vPd26	Cytoplasm	pbCATENIN => 	kvPd26 * pbCATENIN
vPd27	Cytoplasm	IP3 => 	kvPd27 * IP3
vPd28	Cytoplasm	PIP2 => 	kvPd28 * PIP2
vPd29	Cytoplasm	PIP3 => 	kvPd29 * PIP3
vPd30	Cytoplasm	PIP3_AKT => 	kvPd30 * PIP3_AKT
vPd31	Cytoplasm	pAKT => 	kvPd31 * pAKT
vPd32	Cytoplasm	ppAKT => 	kvPd32 * ppAKT
vPd33	Cytoplasm	PIP3_PDK1 => 	kvPd33 * PIP3_PDK1
vPd34	Cytoplasm	PIP3_pAKT => 	kvPd34 * PIP3_pAKT
vPd35	Cytoplasm	mTORC2 => 	kvPd35 * mTORC2
vPd36	Cytoplasm	PIP3_ppAKT => 	kvPd36 * PIP3_ppAKT
vPd37	Cytoplasm	pGSK3b => 	kvPd37 * pGSK3b
vPd38	Cytoplasm	pTSC2 => 	kvPd38 * pTSC2
vPd39	Cytoplasm	TSC => 	kvPd39 * TSC
vPd40	Cytoplasm	DAG_PKC => 	kvPd40 * DAG_PKC
vPd41	Cytoplasm	pRKIP => 	kvPd41 * pRKIP
vPd42	Cytoplasm	RKIP_CRaf => 	kvPd42 * RKIP_CRaf
vPd43	Cytoplasm	pERK => 	kvPd43 * pERK
vPd44	Cytoplasm	ppERK => 	kvPd44 * ppERK
vPd45	Cytoplasm	pFOXO => 	kvPd45 * pFOXO
vPd46	Cytoplasm	RhebT => 	kvPd46 * RhebT
vPd47	Cytoplasm	pS6K => 	kvPd47 * pS6K
vPd48	Cytoplasm	pEIF4EBP1 => 	kvPd48 * pEIF4EBP1
vPd49	Cytoplasm	G2_SOS_ppERK => 	kvPd49 * G2_SOS_ppERK
vPd50	Cytoplasm	CRaf_ppERK => 	kvPd50 * CRaf_ppERK
vPd51	Cytoplasm	RasD_DAG_GRP => 	kvPd51 * RasD_DAG_GRP
vPd52	Cytoplasm	RasT_NF1 => 	kvPd52 * RasT_NF1
vPd53	Cytoplasm	NF1_ppERK => 	kvPd53 * NF1_ppERK
vPd54	Cytoplasm	MEK_RasT_CRaf_BRaf => 	kvPd54 * MEK_RasT_CRaf_BRaf
vPd55	Cytoplasm	pMEK_RasT_CRaf_BRaf => 	kvPd55 * pMEK_RasT_CRaf_BRaf
vPd56	Cytoplasm	ERK_ppMEK => 	kvPd56 * ERK_ppMEK
vPd57	Cytoplasm	pERK_ppMEK => 	kvPd57 * pERK_ppMEK
vPd58	Cytoplasm	RSK_ppERK => 	kvPd58 * RSK_ppERK
vPd59	Nucleus	pRSKnuc_MKP1 => 	kvPd59 * pRSKnuc_MKP1
vPd60	Nucleus	ppERKnuc_MKP1 => 	kvPd60 * ppERKnuc_MKP1
vPd61	Nucleus	cFos_pRSKnuc => 	kvPd61 * cFos_pRSKnuc
vPd62	Nucleus	cFos_ppERKnuc => 	kvPd62 * cFos_ppERKnuc
vPd63	Cytoplasm	RKIP_DAG_PKC => 	kvPd63 * RKIP_DAG_PKC
vPd64	Cytoplasm	PIP3_PTEN => 	kvPd64 * PIP3_PTEN
vPd65	Cytoplasm	PIP3_AKT_PIP3_PDK1 => 	kvPd65 * PIP3_AKT_PIP3_PDK1
vPd66	Cytoplasm	PIP3_pAKT_mTORC2 => 	kvPd66 * PIP3_pAKT_mTORC2
vPd67	Cytoplasm	GSK3b_ppAKT => 	kvPd67 * GSK3b_ppAKT
vPd69	Cytoplasm	TSC2_ppAKT => 	kvPd69 * TSC2_ppAKT
vPd70	Cytoplasm	TSC2_ppERK => 	kvPd70 * TSC2_ppERK
vPd71	Cytoplasm	RhebT_TSC => 	kvPd71 * RhebT_TSC
vPd72	Cytoplasm	EIF4EBP1_mTORC1active => 	kvPd72 * EIF4EBP1_mTORC1active
vPd73	Cytoplasm	S6K_mTORC1active => 	kvPd73 * S6K_mTORC1active
vPd74	Cytoplasm	FOXO_ppAKT => 	kvPd74 * FOXO_ppAKT
vPd75	Cytoplasm	PI3K1_mTORC1active => 	kvPd75 * PI3K1_mTORC1active
vPd76	Cytoplasm	pERK_MKP3 => 	kvPd76 * pERK_MKP3
vPd77	Cytoplasm	ppERK_MKP3 => 	kvPd77 * ppERK_MKP3
vPd78	Cytoplasm	ppERKnuc_pMKP1 => 	kvPd78 * ppERKnuc_pMKP1
vPd79	Cytoplasm	RasT_BRaf => 	kvPd79 * RasT_BRaf
vPd80	Cytoplasm	RasT_BRaf_BRaf => 	kvPd80 * RasT_BRaf_BRaf
vPd81	Cytoplasm	MEK_RasT_BRaf_BRaf => 	kvPd81 * MEK_RasT_BRaf_BRaf
vPd82	Cytoplasm	pMEK_RasT_BRaf_BRaf => 	kvPd82 * pMEK_RasT_BRaf_BRaf
vPd83	Cytoplasm	EIF4EBP1_EIF4E => 	kvPd83 * EIF4EBP1_EIF4E
vPd84	Cytoplasm	RasT_CRaf_CRaf => 	kvPd84 * RasT_CRaf_CRaf
vPd85	Cytoplasm	MEK_RasT_CRaf_CRaf => 	kvPd85 * MEK_RasT_CRaf_CRaf
vPd86	Cytoplasm	pMEK_RasT_CRaf_CRaf => 	kvPd86 * pMEK_RasT_CRaf_CRaf
vPd87	Nucleus	FOXOnuc => 	kvPd87 * FOXOnuc
vPd88	Cytoplasm	MEKi_ppMEK => 	kvPd88 * MEKi_ppMEK
vPd89	Cytoplasm	AKTi_AKT => 	kvPd89 * AKTi_AKT
