speciesId	compartment	type	initialConcentration (nM)	solver	annotation
cyt_abs__ribosome_	Cytoplasm	Ribosome	1897.371866	Deterministic	GO:0005840
nuc_prot_i__P53_	Nucleus	Protein	296.618651	Deterministic	P04637
nuc_prot_a__P53_	Nucleus	Protein	6.24613433	Deterministic	P04637
nuc_prot__MDM2_1_	Nucleus	Protein	205.6185213	Deterministic	Q00987-1
nuc_prot__PPM1D_1_	Nucleus	Protein	2.230730408	Deterministic	O15297-1
nuc_prot_a__ATM_	Nucleus	Protein	0.0	Deterministic	Q13315
nuc_prot_a__ATR_1_	Nucleus	Protein	0.0	Deterministic	Q13535-1
nuc_abs__MDM2delay1_	Nucleus	Protein	6.24613433	Deterministic	Q00987-1
nuc_abs__MDM2delay2_	Nucleus	Protein	6.24613433	Deterministic	Q00987-1
nuc_abs__MDM2delay3_	Nucleus	Protein	6.24613433	Deterministic	Q00987-1
nuc_abs__MDM2delay4_	Nucleus	Protein	6.24613433	Deterministic	Q00987-1
nuc_abs__MDM2delay5_	Nucleus	Protein	6.24613433	Deterministic	Q00987-1
nuc_abs__MDM2delay6_	Nucleus	Protein	6.24613433	Deterministic	Q00987-1
nuc_abs__MDM2delay7_	Nucleus	Protein	6.24613433	Deterministic	Q00987-1
nuc_abs__MDM2delay8_	Nucleus	Protein	6.24613433	Deterministic	Q00987-1
nuc_abs__MDM2delay9_	Nucleus	Protein	6.24613433	Deterministic	Q00987-1
nuc_abs__MDM2delay10_	Nucleus	Protein	6.24613433	Deterministic	Q00987-1
nuc_abs__WIP1delay1_	Nucleus	Protein	6.24613433	Deterministic	O15297-1
nuc_abs__WIP1delay2_	Nucleus	Protein	6.24613433	Deterministic	O15297-1
nuc_abs__WIP1delay3_	Nucleus	Protein	6.24613433	Deterministic	O15297-1
nuc_abs__WIP1delay4_	Nucleus	Protein	6.24613433	Deterministic	O15297-1
nuc_abs__WIP1delay5_	Nucleus	Protein	6.24613433	Deterministic	O15297-1
nuc_abs__WIP1delay6_	Nucleus	Protein	6.24613433	Deterministic	O15297-1
nuc_abs__WIP1delay7_	Nucleus	Protein	6.24613433	Deterministic	O15297-1
nuc_abs__WIP1delay8_	Nucleus	Protein	6.24613433	Deterministic	O15297-1
nuc_abs__WIP1delay9_	Nucleus	Protein	6.24613433	Deterministic	O15297-1
nuc_abs__WIP1delay10_	Nucleus	Protein	6.24613433	Deterministic	O15297-1
nuc_prot__BRCA2_	Nucleus	Protein	0.8217966444	Deterministic	P51587
nuc_prot__MSH6_1_	Nucleus	Protein	45.50365668	Deterministic	P52701-1
nuc_prot__MGMT_	Nucleus	Protein	120.2551816	Deterministic	P16455
nuc_abs__DNADoubleStrandBreak_	Nucleus	Compound	0.0002439506892	Deterministic	CHEMBL454708
nuc_abs__DNASingleStrandBreak_	Nucleus	Compound	6.05e-06	Deterministic	GO:0000012
nuc_cong__p_p_AKT__MDM2_1_	Nucleus	Protein	0.0	Deterministic	P31749,Q00987-1,P31751
nuc_prot__p_MDM2_1_	Nucleus	Protein	0.0	Deterministic	Q00987-1
nuc_prot__ARF_1_	Nucleus	Protein	0.0	Deterministic	Q8N726-1
nuc_prot__MDM4_1_	Nucleus	Protein	0.02721568768	Deterministic	O15151-1
nuc_prot_a__P53__MDM4_1_	Nucleus	Protein	0.0	Deterministic	P04637,O15151-1
nuc_prot_i__ATM_	Nucleus	Protein	1.503759502	Deterministic	Q13315
nuc_prot_i__ATR_1_	Nucleus	Protein	2.400324008	Deterministic	Q13535-1
nuc_prot__RB_	Nucleus	Protein	7983.140007	Deterministic	P06400
nuc_prot__pT373_RB_	Nucleus	Protein	0.5354928863	Deterministic	P06400
nuc_prot__pT373_pS807_pS811_RB_	Nucleus	Protein	0.006971196379	Deterministic	P06400
nuc_cong__E2F_	Nucleus	Protein	1117.207529	Deterministic	Q01094,Q14209,O00716
nuc_cong__CCND_	Nucleus	Protein	0.2333115979	Deterministic	P24385,P30279,P30281
nuc_cong_i__CCND__CDK4and6_	Nucleus	Protein	0.5891171682	Deterministic	P24385,P30279,P30281,P11802,Q00534
nuc_cong__CCND__CDK4and6_	Nucleus	Protein	3.85369761	Deterministic	P24385,P30279,P30281,P11802,Q00534
nuc_cong__CCND__CDK4and6__CDN1B_	Nucleus	Protein	0.787522147	Deterministic	P24385,P30279,P30281,P11802,Q00534,P46527
nuc_cong__CCNE_	Nucleus	Protein	0.2553392305	Deterministic	P24864,O96020
nuc_cong_i__CCNE__CDK2_	Nucleus	Protein	0.8895689476	Deterministic	P24864,O96020,P24941
nuc_cong__CCNE__CDK2_	Nucleus	Protein	2.746655183	Deterministic	P24864,O96020,P24941
nuc_prot__SKP2_1_	Nucleus	Protein	11.40896301	Deterministic	Q13309-1
nuc_cong__CCNE__CDK2__CDN1B_	Nucleus	Protein	1.122585115	Deterministic	P24864,O96020,P24941 P46527
nuc_prot__MPIP1_1_	Nucleus	Protein	141.2881402	Deterministic	P30304-1
nuc_prot_i__MPIP2_1_	Nucleus	Protein	49.17500389	Deterministic	P30305-1
nuc_prot_i__MPIP1_1_	Nucleus	Protein	16.02256602	Deterministic	P30304-1
nuc_prot_i__MPIP3_1_	Nucleus	Protein	55.29821475	Deterministic	P30307-1
nuc_prot__CCNA2_	Nucleus	Protein	4.029092509	Deterministic	P20248
nuc_prot_i__CCNA__CDK2_	Nucleus	Protein	14.03683866	Deterministic	P20248,P24941
nuc_prot__CCNA__CDK2_	Nucleus	Protein	5.235356085	Deterministic	P20248,P24941
nuc_prot__CCNA__CDK2__CDN1B_	Nucleus	Protein	1.283844951	Deterministic	P20248,P24941,P46527
nuc_prot__CDN1B_	Nucleus	Protein	20.43549408	Deterministic	P46527
nuc_prot_i__FZR1_1_	Nucleus	Protein	0.5985884632	Deterministic	P12830-1
nuc_prot_a__FZR1_1_	Nucleus	Protein	108.8028846	Deterministic	P12830-1
nuc_cong__p_E2F_	Nucleus	Protein	11.60507992	Deterministic	Q01094,Q14209,O00716
nuc_prot__pT187_CDN1B_	Nucleus	Protein	4.204625911	Deterministic	P46527
nuc_prot__MPIP2_1_	Nucleus	Protein	41.64971959	Deterministic	P30305-1
nuc_cong__CCNB_	Nucleus	Protein	3.443669431	Deterministic	P14635
nuc_cong_i__CCNB__CDK1_	Nucleus	Protein	3.901124927	Deterministic	P14635,Q8WWL7,P06493
nuc_cong__CCNB__CDK1_	Nucleus	Protein	0.6842719645	Deterministic	P14635,P06493
nuc_prot_i__CDC20_	Nucleus	Protein	71.16747301	Deterministic	Q12834
nuc_prot_a__CDC20_	Nucleus	Protein	0.7301463448	Deterministic	Q12834
nuc_prot__MPIP3_1_	Nucleus	Protein	9.403016576	Deterministic	P30307-1
nuc_prot__WEE1_1_	Nucleus	Protein	26.5188928	Deterministic	P30291-1
nuc_prot__pS123_WEE1_1_	Nucleus	Protein	16.74041512	Deterministic	P30291-1
nuc_cong__CCNB__CDK1__CDN1B_	Nucleus	Protein	0.08390062297	Deterministic	P14635,P06493,P46527
nuc_prot__CHK1_1_	Nucleus	Protein	0.1497720439	Deterministic	O14757-1
nuc_cong__RB__E2F_	Nucleus	Protein	8918.824124	Deterministic	P06400,Q01094,Q14209,O00716
nuc_cong__pT373_RB__E2F_	Nucleus	Protein	0.2991284689	Deterministic	P06400,Q01094,Q14209,O00716
nuc_prot__CDN1A_1_	Nucleus	Protein	20.87340931	Deterministic	P38936
nuc_cong__CCND__CDK4and6__CDN1A_	Nucleus	Protein	0.4826389818	Deterministic	P24385,P30279,P30281,P11802,Q00534,P38936
nuc_cong__CCNE__CDK2__CDN1A_	Nucleus	Protein	0.2293282558	Deterministic	P24864,O96020,P46527,P38936
nuc_cong__CCNA__CDK2__CDN1A_	Nucleus	Protein	0.2622714049	Deterministic	P20248,P24941,P38936
nuc_cong__CCNB__CDK1__CDN1A_	Nucleus	Protein	0.01713970232	Deterministic	P14635,P06493,P38936
exc_prot__TNF10_1_	Extracellular	Protein	0.0	Deterministic	P50591-1
cyt_cong__TNFRSF10_	Cytoplasm	Protein	8.031117651	Deterministic	O00220,O14763
cyt_cong__TNF10_1__TNFRSF10_	Cytoplasm	Protein	0.0	Deterministic	P50591-1,O00220,O14763
cyt_cong_a__TNF10_1__TNFRSF10_	Cytoplasm	Protein	0.0	Deterministic	O00220,O14763
cyt_prot__CFLAR_1_	Cytoplasm	Protein	0.5259203514	Deterministic	O15519-1
cyt_cong_a__TNF10_1__TNFRSF10__CFLAR_1_	Cytoplasm	Protein	0.0	Deterministic	O00220,O14763,O15519-1
cyt_cong_i__CASP8_	Cytoplasm	Protein	26.5263809	Deterministic	Q14790,Q92851
cyt_cong_a__TNF10_1__TNFRSF10__CASP8_	Cytoplasm	Protein	0.0	Deterministic	O00220,O14763,Q14790,Q92851
cyt_cong_a__CASP8_	Cytoplasm	Protein	0.0005051866364	Deterministic	Q14790,Q92851
cyt_prot__BFAR_1_	Cytoplasm	Protein	0.8411539614	Deterministic	Q9NZS9-1
cyt_cong__CASP8__BFAR_1_	Cytoplasm	Protein	0.001306372322	Deterministic	Q14790,Q92851,Q9NZS9-1
cyt_cong__CASP3_	Cytoplasm	Protein	79.9328682	Deterministic	P42574,P55210
cyt_cong__CASP8__CASP3_	Cytoplasm	Protein	0.006376929866	Deterministic	Q14790,Q92851,P42574,P55210
cyt_cong__cl_CASP3_	Cytoplasm	Protein	0.0002025657987	Deterministic	P42574,P55210
cyt_prot_i__CASP6_	Cytoplasm	Protein	47.67662922	Deterministic	P55212
cyt_cong__CASP3__CASP6_	Cytoplasm	Protein	3.05e-08	Deterministic	P42574,P55210,P55212
cyt_prot_a__CASP6_	Cytoplasm	Protein	0.0005733205948	Deterministic	P55212
cyt_cong__CASP6__CASP8_	Cytoplasm	Protein	1.44e-07	Deterministic	P55212,Q14790,Q92851
cyt_prot__XIAP_1_	Cytoplasm	Protein	5.269689424	Deterministic	P98170
cyt_cong__CASP3__XIAP_1_	Cytoplasm	Protein	6.68e-05	Deterministic	P42574,P55210,P98170
cyt_prot__PARP1_1_	Cytoplasm	Protein	639.6157705	Deterministic	P09874
cyt_cong__CASP3__PARP1_1_	Cytoplasm	Protein	4.06e-06	Deterministic	P42574,P55210,P09874
cyt_prot__cl_PARP1_1_	Cytoplasm	Protein	1.619665788	Deterministic	P09874
cyt_prot__BID_1_	Cytoplasm	Protein	50.47541201	Deterministic	P55957-1
cyt_cong__CASP8__BID_1_	Cytoplasm	Protein	7.31e-05	Deterministic	Q14790,Q92851,P55957-1
cyt_prot__cl_BID_1_	Cytoplasm	Protein	1.6e-06	Deterministic	P55957-1
cyt_cong__BCL2_	Cytoplasm	Protein	12.4806229	Deterministic	P10415,Q07817,Q07820
cyt_cong__cl_BID_1__BCL2_	Cytoplasm	Protein	5.62e-05	Deterministic	P55957-1,P10415,Q07817,Q07820
cyt_prot_i__BAX_1_	Cytoplasm	Protein	88.22685878	Deterministic	Q07812-1
cyt_prot__cl_BID_1__BAX_1_	Cytoplasm	Protein	4.46e-08	Deterministic	P55957-1,Q07812-1
cyt_prot_a__BAX_1_	Cytoplasm	Protein	0.0001441807424	Deterministic	Q07812-1
mit_prot_a__BAX_1_	Mitochondria	Protein	0.001926774373	Deterministic	Q07812-1
mit_cong__BCL2_	Mitochondria	Protein	1.780761749	Deterministic	P10415,Q07817,Q07820
mit_cong__BAX_1__BCL2_	Mitochondria	Protein	0.009670088024	Deterministic	Q07812-1,P10415,Q07817,Q07820
mit_prot_a__BAX_1__BAX_1_	Mitochondria	Protein	0.0001173834856	Deterministic	Q07812-1
mit_cong__BAX_1__BAX_1__BCL2_	Mitochondria	Protein	0.0005891237988	Deterministic	Q07812-1,P10415,Q07817,Q07820
mit_prot_a__BAX_1__BAX_1__BAX_1__BAX_1_	Mitochondria	Protein	4.36e-07	Deterministic	Q07812-1
mit_cong__BAX_1__BAX_1__BAX_1__BAX_1__BCL2_	Mitochondria	Protein	2.19e-06	Deterministic	Q07812-1,P10415,Q07817,Q07820
mit_abs_i__pore_	Mitochondria	Organelle	2259.969091	Deterministic	GO:0005739
mit_abs__BAX_1__BAX_1__BAX_1__BAX_1__pore_	Mitochondria	Organelle	3.11e-06	Deterministic	GO:0005739,Q07812-1
mit_abs_a__pore_	Mitochondria	Organelle	0.0003110284153	Deterministic	GO:0005739
mit_prot__CY1_	Mitochondria	Organelle	15542.58969	Deterministic	GO:0005739,P08574
mit_abs__pore__CY1_	Mitochondria	Organelle	0.02779283998	Deterministic	GO:0005739,P08574
mit_prot_i__CY1_	Mitochondria	Protein	0.2778550028	Deterministic	P08574
mit_prot__DBLOH_1_	Mitochondria	Protein	1450.93993	Deterministic	Q9NR28-1
mit_abs__pore__DBLOH_1_	Mitochondria	Organelle	0.002594531676	Deterministic	GO:0005739,Q9NR28-1
mit_prot_i__DBLOH_1_	Mitochondria	Protein	0.02083931858	Deterministic	Q9NR28-1
cyt_prot__CY1_	Cytoplasm	Protein	0.01944728057	Deterministic	P08574
cyt_prot__APAF_1_	Cytoplasm	Protein	0.09689042078	Deterministic	O14727-1
cyt_prot__CY1__APAF_1_	Cytoplasm	Protein	2.98e-06	Deterministic	P08574,O14727-1
cyt_prot_a__APAF_1_	Cytoplasm	Protein	0.01099338724	Deterministic	O14727-1
cyt_prot__CASP9_1_	Cytoplasm	Protein	3.457423761	Deterministic	Q8NBP7-1
cyt_prot_a__APAF_1__CASP9_1_	Cytoplasm	Protein	0.003099873576	Deterministic	O14727-1,Q8NBP7-1
cyt_cong_a__APAF_1__CASP9_1__CASP3_	Cytoplasm	Protein	0.003541869409	Deterministic	O14727-1,Q8NBP7-1,P42574,P55210
cyt_prot__DBLOH_1_	Cytoplasm	Protein	0.001101638753	Deterministic	Q9NR28-1
cyt_prot_a__APAF_1__CASP9_1__XIAP_1_	Cytoplasm	Protein	0.1004381305	Deterministic	O14727-1,Q8NBP7-1,P98170
cyt_prot__DBLOH_1__XIAP_1_	Cytoplasm	Protein	0.1249285759	Deterministic	Q9NR28-1,P98170
cyt_cong__u_CASP3_	Cytoplasm	Protein	2.870304688	Deterministic	P42574,P55210
cyt_prot__BAD_1_	Cytoplasm	Protein	0.09507959995	Deterministic	Q92934
cyt_prot__BBC3_1_	Cytoplasm	Protein	0.02909906781	Deterministic	Q9BXH1-1
cyt_prot__APR_1_	Cytoplasm	Protein	0.005557139906	Deterministic	Q13794-1
cyt_cong__BCL2__BAD_1_	Cytoplasm	Protein	3.344393378	Deterministic	P10415,Q07817,Q07820,Q92934
cyt_cong__BCL2__BBC3_1_	Cytoplasm	Protein	1.023550054	Deterministic	P10415,Q07817,Q07820,Q9BXH1-1
cyt_cong__BCL2__APR_1_	Cytoplasm	Protein	0.1943622176	Deterministic	P10415,Q07817,Q07820,Q13794-1
cyt_prot__B2L11_1_	Cytoplasm	Protein	0.06038534651	Deterministic	O43521-1
cyt_prot__B2L11_1__BAX_1_	Cytoplasm	Protein	8.41e-08	Deterministic	O43521-1,Q07812-1
cyt_cong__BCL2__B2L11_1_	Cytoplasm	Protein	2.124034525	Deterministic	P10415,Q07817,Q07820,O43521-1
cyt_cong__p_p_ERK__B2L11_1_	Cytoplasm	Protein	0.0005970032356	Deterministic	P28482,P27361,P27361,O43521-1
cyt_prot__pS69_B2L11_1_	Cytoplasm	Protein	0.1058178115	Deterministic	O43521-1
cyt_cong__p_p_AKT__BAD_	Cytoplasm	Protein	3.36e-05	Deterministic	P31749,P31751,Q9Y243,Q92934
cyt_prot__p_BAD_	Cytoplasm	Protein	0.8912808864	Deterministic	Q92934
cyt_cong__p_p_ERK__BAD_	Cytoplasm	Protein	0.0009400569297	Deterministic	P28482,P27361,P27361,Q92934
exc_prot__EGF_1_	Extracellular	Protein	0.0	Deterministic	P01133-1
exc_prot__NRG1_1_	Extracellular	Protein	0.0	Deterministic	Q02297-1
exc_prot__HGF_1_	Extracellular	Protein	0.0	Deterministic	P14210-1
exc_prot__PDGFB_1_	Extracellular	Protein	0.0	Deterministic	P01127-1
exc_cong__FGF_	Extracellular	Protein	0.0	Deterministic	P05230,P09038
exc_cong__IGF_	Extracellular	Protein	0.0	Deterministic	P05019,P01344
exc_prot__INS_1_	Extracellular	Protein	0.0	Deterministic	P01308-1
cyt_prot__EGFR_1_	Cytoplasm	Protein	50.1219597	Deterministic	P00533-1
cyt_prot__pT693_EGFR_1_	Cytoplasm	Protein	4.954806943	Deterministic	P00533-1
cyt_prot__ERBB2_1_	Cytoplasm	Protein	3.805080167	Deterministic	P04626-1
cyt_prot__pT701_ERBB2_1_	Cytoplasm	Protein	0.3761707462	Deterministic	P04626-1
cyt_prot__ERBB3_1_	Cytoplasm	Protein	1.739750707	Deterministic	P21860-1
cyt_prot__ERBB4_1_	Cytoplasm	Protein	0.0	Deterministic	Q15303-1
cyt_prot__pT699_ERBB4_1_	Cytoplasm	Protein	0.0	Deterministic	Q15303-1
cyt_prot__MET_1_	Cytoplasm	Protein	8.573223223	Deterministic	P08581-1
cyt_cong__PGFRB_	Cytoplasm	Protein	0.2296760081	Deterministic	P09619
cyt_cong__FGFR_	Cytoplasm	Protein	0.1867129635	Deterministic	P11362,P21802
cyt_prot__IGF1R_1_	Cytoplasm	Protein	0.02181478989	Deterministic	P08069
cyt_prot__INSR_1_	Cytoplasm	Protein	0.02979621395	Deterministic	P06213-1
cyt_prot__EGFR_1__EGFR_1_	Cytoplasm	Protein	2.512172788	Deterministic	P00533-1
cyt_prot__EGFR_1__ERBB2_1_	Cytoplasm	Protein	0.1907151857	Deterministic	P00533-1,P04626-1
cyt_prot__EGFR_1__ERBB3_1_	Cytoplasm	Protein	0.08719839388	Deterministic	P00533-1,P21860-1
cyt_prot__EGFR_1__ERBB4_1_	Cytoplasm	Protein	0.0	Deterministic	P00533-1,Q15303-1
cyt_prot__ERBB2_1__ERBB2_1_	Cytoplasm	Protein	0.01447848456	Deterministic	P04626-1
cyt_prot__ERBB2_1__ERBB3_1_	Cytoplasm	Protein	0.006619809285	Deterministic	P04626-1,P21860-1
cyt_prot__ERBB2_1__ERBB4_1_	Cytoplasm	Protein	0.0	Deterministic	P04626-1,Q15303-1
cyt_prot__ERBB3_1__ERBB4_1_	Cytoplasm	Protein	0.0	Deterministic	P21860-1,Q15303-1
cyt_prot__ERBB4_1__ERBB4_1_	Cytoplasm	Protein	0.0	Deterministic	Q15303-1
cyt_prot__MET_1__MET_1_	Cytoplasm	Protein	0.07349967525	Deterministic	P08581-1
cyt_cong__FGFR__FGFR_	Cytoplasm	Protein	3.49e-05	Deterministic	P11362,P21802
cyt_prot__IGF1R_1__IGF1R_1_	Cytoplasm	Protein	0.7268990861	Deterministic	P08069
cyt_prot__INSR_1__INSR_1_	Cytoplasm	Protein	0.3089398557	Deterministic	P06213-1
cyt_prot__EGF_1__EGFR_1_	Cytoplasm	Protein	0.0	Deterministic	P01133-1,P00533-1
cyt_prot__NRG1_1__ERBB3_1_	Cytoplasm	Protein	0.0	Deterministic	Q02297-1,P21860-1
cyt_prot__NRG1_1__ERBB4_1_	Cytoplasm	Protein	0.0	Deterministic	Q02297-1,Q15303-1
cyt_prot__HGF_1__MET_1_	Cytoplasm	Protein	0.0	Deterministic	P14210-1,P08581-1
cyt_cong__PDGFB_1__PGFRB_	Cytoplasm	Protein	0.0	Deterministic	P01127-1,P09619,P01133-1
cyt_cong__FGF__FGFR_	Cytoplasm	Protein	0.0	Deterministic	P05230,P09038,P11362,P21802
cyt_prot__EGF_1__EGFR_1__ERBB2_1_	Cytoplasm	Protein	0.0	Deterministic	P01133-1,P00533-1,P04626-1
cyt_prot__EGF_1__EGFR_1__EGFR_1_	Cytoplasm	Protein	0.0	Deterministic	P01133-1,P00533-1
cyt_prot__EGF_1__EGFR_1__ERBB3_1_	Cytoplasm	Protein	0.0	Deterministic	P01133-1,P00533-1,P21860-1
cyt_prot__EGF_1__EGFR_1__ERBB4_1_	Cytoplasm	Protein	0.0	Deterministic	P01133-1,P00533-1,Q15303-1
cyt_prot__ERBB2_1__NRG1_1__ERBB3_1_	Cytoplasm	Protein	0.0	Deterministic	P04626-1,Q02297-1,P21860-1
cyt_prot__EGFR_1__NRG1_1__ERBB3_1_	Cytoplasm	Protein	0.0	Deterministic	P00533-1,Q02297-1,P21860-1
cyt_prot__NRG1_1__ERBB3_1__ERBB3_1_	Cytoplasm	Protein	0.0	Deterministic	Q02297-1,P21860-1
cyt_prot__NRG1_1__ERBB3_1__ERBB4_1_	Cytoplasm	Protein	0.0	Deterministic	Q02297-1,P21860-1,Q15303-1
cyt_prot__ERBB2_1__NRG1_1__ERBB4_1_	Cytoplasm	Protein	0.0	Deterministic	P04626-1,Q02297-1,Q15303-1
cyt_prot__EGFR_1__NRG1_1__ERBB4_1_	Cytoplasm	Protein	0.0	Deterministic	P00533-1,Q02297-1,Q15303-1
cyt_prot__ERBB3_1__NRG1_1__ERBB4_1_	Cytoplasm	Protein	0.0	Deterministic	P21860-1,Q02297-1,Q15303-1
cyt_prot__NRG1_1__ERBB4_1__ERBB4_1_	Cytoplasm	Protein	0.0	Deterministic	Q02297-1,Q15303-1
cyt_prot__HGF_1__MET_1__MET_1_	Cytoplasm	Protein	0.0	Deterministic	P14210-1,P08581-1
cyt_cong__PDGFB_1__PGFRB__PGFRB_	Cytoplasm	Protein	0.0	Deterministic	P01127-1,P09619
cyt_cong__FGF__FGFR__FGFR_	Cytoplasm	Protein	0.0	Deterministic	P05230,P09038,P21802,P11362
cyt_cong__IGF__IGF1R_1__IGF1R_1_	Cytoplasm	Protein	0.0	Deterministic	P05019,P01344,P08069
cyt_prot__INS_1__INSR_1__INSR_1_	Cytoplasm	Protein	0.0	Deterministic	P01308-1,P06213-1
cyt_prot__EGF_1__EGFR_1__EGF_1__EGFR_1_	Cytoplasm	Protein	0.0	Deterministic	P01133-1,P00533-1
cyt_prot__EGF_1__EGFR_1__NRG1_1__ERBB3_1_	Cytoplasm	Protein	0.0	Deterministic	P01133-1,P00533-1,Q02297-1,P21860-1
cyt_prot__EGF_1__EGFR_1__NRG1_1__ERBB4_1_	Cytoplasm	Protein	0.0	Deterministic	P01133-1,P00533-1,Q02297-1,Q15303-1
cyt_prot__NRG1_1__ERBB3_1__NRG1_1__ERBB3_1_	Cytoplasm	Protein	0.0	Deterministic	Q02297-1,P21860-1
cyt_prot__NRG1_1__ERBB3_1__NRG1_1__ERBB4_1_	Cytoplasm	Protein	0.0	Deterministic	Q02297-1,P21860-1,Q15303-1
cyt_prot__NRG1_1__ERBB4_1__NRG1_1__ERBB4_1_	Cytoplasm	Protein	0.0	Deterministic	Q02297-1,Q15303-1
cyt_prot__HGF_1__MET_1__HGF_1__MET_1_	Cytoplasm	Protein	0.0	Deterministic	P08581-1,P14210-1
cyt_cong__PDGFB_1__PGFRB__PDGFB_1__PGFRB_	Cytoplasm	Protein	0.0	Deterministic	P01127-1,P09619
cyt_cong__FGF__FGFR__FGF__FGFR_	Cytoplasm	Protein	0.0	Deterministic	P21802,P11362,P05230,P09038
cyt_cong__IGF__IGF1R_1__IGF__IGF1R_1_	Cytoplasm	Protein	0.0	Deterministic	P05019,P01344,P08069
cyt_prot__INS_1__INSR_1__INS_1__INSR_1_	Cytoplasm	Protein	0.0	Deterministic	P01308-1,P06213-1
cyt_cong__EGFR_1__p_p_ERK_	Cytoplasm	Protein	0.4955557535	Deterministic	P00533-1,P28482,P27361
cyt_cong__ERBB2_1__p_p_ERK_	Cytoplasm	Protein	0.03762098543	Deterministic	P04626-1,P28482,P27361
cyt_cong__ERBB4_1__p_p_ERK_	Cytoplasm	Protein	0.0	Deterministic	Q15303-1,P28482,P27361
cyt_prot__EGF_1__p_EGFR_1__p_ERBB2_1_	Cytoplasm	Protein	0.0	Deterministic	P01133-1,P00533-1,P04626-1
cyt_prot__EGF_1__p_EGFR_1__p_EGFR_1_	Cytoplasm	Protein	0.0	Deterministic	P01133-1,P00533-1
cyt_prot__EGF_1__p_EGFR_1__EGF_1__p_EGFR_1_	Cytoplasm	Protein	0.0	Deterministic	P01133-1,P00533-1
cyt_prot__EGF_1__p_EGFR_1__p_ERBB3_1_	Cytoplasm	Protein	0.0	Deterministic	P01133-1,P00533-1,P21860-1
cyt_prot__EGF_1__p_EGFR_1__NRG1_1__p_ERBB3_1_	Cytoplasm	Protein	0.0	Deterministic	P01133-1,P00533-1,Q02297-1,P21860-1
cyt_prot__EGF_1__p_EGFR_1__p_ERBB4_1_	Cytoplasm	Protein	0.0	Deterministic	P01133-1,P00533-1,Q15303-1
cyt_prot__EGF_1__p_EGFR_1__NRG1_1__p_ERBB4_1_	Cytoplasm	Protein	0.0	Deterministic	P01133-1,P00533-1,Q02297-1,Q15303-1
cyt_prot__p_ERBB2_1__NRG1_1__p_ERBB3_1_	Cytoplasm	Protein	0.0	Deterministic	P04626-1,Q02297-1,P21860-1
cyt_prot__p_EGFR_1__NRG1_1__p_ERBB3_1_	Cytoplasm	Protein	0.0	Deterministic	P00533-1,Q02297-1,P21860-1
cyt_prot__NRG1_1___p_ERBB3_1__p_ERBB4_1_	Cytoplasm	Protein	0.0	Deterministic	Q02297-1,P21860-1,Q15303-1
cyt_prot__NRG1_1__p_ERBB3_1__NRG1_1__p_ERBB4_1_	Cytoplasm	Protein	0.0	Deterministic	Q02297-1,P21860-1,Q15303-1
cyt_prot__p_ERBB2_1__NRG1_1__p_ERBB4_1_	Cytoplasm	Protein	0.0	Deterministic	P04626-1,Q15303-1,Q02297-1
cyt_prot__p_EGFR_1__NRG1_1__p_ERBB4_1_	Cytoplasm	Protein	0.0	Deterministic	P00533-1,Q02297-1,Q15303-1
cyt_prot__p_ERBB3_1__NRG1_1__p_ERBB4_1_	Cytoplasm	Protein	0.0	Deterministic	P21860-1,Q02297-1,Q15303-1
cyt_prot__NRG1_1__p_ERBB4_1__p_ERBB4_1_	Cytoplasm	Protein	0.0	Deterministic	Q02297-1,Q15303-1
cyt_prot__NRG1_1__p_ERBB4_1__NRG1_1__p_ERBB4_1_	Cytoplasm	Protein	0.0	Deterministic	Q02297-1,Q15303-1
cyt_prot__HGF_1__p_MET_1__p_MET_1_	Cytoplasm	Protein	0.0	Deterministic	P14210-1,P08581-1
cyt_prot__HGF_1__p_MET_1__HGF_1__p_MET_1_	Cytoplasm	Protein	0.0	Deterministic	P14210-1,P08581-1
cyt_cong__PDGFB_1__p_PGFRB__PDGFB_1__p_PGFRB_	Cytoplasm	Protein	0.0	Deterministic	P01127,P16234,P09619
cyt_cong__PDGFB_1__p_PGFRB__p_PGFRB_	Cytoplasm	Protein	0.0	Deterministic	P01127,P16234,P09619
cyt_cong__FGF__p_FGFR__FGF__p_FGFR_	Cytoplasm	Protein	0.0	Deterministic	P05230,P09038,P11362,P21802
cyt_cong__FGF__p_FGFR__p_FGFR_	Cytoplasm	Protein	0.0	Deterministic	P05230,P09038,P11362,P21802
cyt_cong__IGF__p_IGF1R_1__p_IGF1R_1_	Cytoplasm	Protein	0.0	Deterministic	P05019,P01344,P08069
cyt_prot__INS_1__p_INSR_1__p_INSR_1_	Cytoplasm	Protein	0.0	Deterministic	P01308-1,P06213-1
cyt_cong__IGF__p_IGF1R_1__p_IGF1R_1__IGF_	Cytoplasm	Protein	0.0	Deterministic	P05019,P01344,P08069
cyt_prot__INS_1__p_INSR_1__p_INSR_1__INS_1_	Cytoplasm	Protein	0.0	Deterministic	P01308-1,P06213-1
cyt_cong__IGF__p_IGF1R_1__p_IGF1R_1__IRS_	Cytoplasm	Protein	0.0	Deterministic	P35568,P01344,P05019,Q9Y4H2,P08069
cyt_cong__INS_1__p_INSR_1__p_INSR_1__IRS_	Cytoplasm	Protein	0.0	Deterministic	P01308-1,P06213-1,P35568,Q9Y4H2
cyt_cong__IGF__p_IGF1R_1__p_IGF1R_1__IGF__IRS_	Cytoplasm	Protein	0.0	Deterministic	P08069,Q9Y4H2,P05019,P35568,P01344
cyt_cong__INS_1__p_INSR_1__p_INSR_1__INS_1__IRS_	Cytoplasm	Protein	0.0	Deterministic	P01308-1,P06213-1,P35568,Q9Y4H2
cyt_prot__SPY2__EGF_1__EGFR_1__ERBB2_1_	Cytoplasm	Protein	0.0	Deterministic	O43597,P01133-1,P00533-1,P04626-1
cyt_prot__SPY2__EGF_1__EGFR_1__EGFR_1_	Cytoplasm	Protein	0.0	Deterministic	O43597,P01133-1,P00533-1
cyt_prot__SPY2__EGF_1__EGFR_1__EGF_1__EGFR_1_	Cytoplasm	Protein	0.0	Deterministic	O43597,P01133-1,P00533-1
cyt_prot__SPY2__EGF_1__EGFR_1__ERBB3_1_	Cytoplasm	Protein	0.0	Deterministic	O43597,P01133-1,P00533-1,P21860-1
cyt_prot__SPY2__EGF_1__EGFR_1__NRG1_1__ERBB3_1_	Cytoplasm	Protein	0.0	Deterministic	O43597,P01133-1,P00533-1,Q02297-1,P21860-1
cyt_prot__SPY2__EGF_1__EGFR_1__ERBB4_1_	Cytoplasm	Protein	0.0	Deterministic	O43597,P01133-1,P00533-1,Q15303-1
cyt_prot__SPY2__EGF_1__EGFR_1__NRG1_1__ERBB4_1_	Cytoplasm	Protein	0.0	Deterministic	P00533-1,Q15303-1,O43597,P01133-1,Q02297-1
cyt_prot__SPY2__ERBB2_1__NRG1_1__ERBB3_1_	Cytoplasm	Protein	0.0	Deterministic	P21860-1,O43597,P04626-1,Q02297-1
cyt_prot__SPY2__EGFR_1__NRG1_1__ERBB3_1_	Cytoplasm	Protein	0.0	Deterministic	O43597,P00533-1,Q02297-1,P21860-1
cyt_prot__SPY2__NRG1_1__ERBB3_1__ERBB4_1_	Cytoplasm	Protein	0.0	Deterministic	O43597,Q02297-1,P21860-1,Q15303-1
cyt_prot__SPY2__NRG1_1__ERBB3_1__NRG1_1__ERBB4_1_	Cytoplasm	Protein	0.0	Deterministic	O43597,Q02297-1,P21860-1,Q15303-1
cyt_prot__SPY2__ERBB2_1__NRG1_1__ERBB4_1_	Cytoplasm	Protein	0.0	Deterministic	O43597,P04626-1,Q02297-1,Q15303-1
cyt_prot__SPY2__EGFR_1__NRG1_1__ERBB4_1_	Cytoplasm	Protein	0.0	Deterministic	O43597,P00533-1,Q02297-1,Q15303-1
cyt_prot__SPY2__ERBB3_1__NRG1_1__ERBB4_1_	Cytoplasm	Protein	0.0	Deterministic	O43597,P21860-1,Q02297-1,Q15303-1
cyt_prot__SPY2__NRG1_1__ERBB4_1__ERBB4_1_	Cytoplasm	Protein	0.0	Deterministic	O43597,Q02297-1,Q15303-1
cyt_prot__SPY2__NRG1_1__ERBB4_1__NRG1_1__ERBB4_1_	Cytoplasm	Protein	0.0	Deterministic	O43597,Q02297-1,Q15303-1
cyt_prot__SPY2__HGF_1__MET_1__MET_1_	Cytoplasm	Protein	0.0	Deterministic	O43597,P14210-1,P08581-1
cyt_prot__SPY2__HGF_1__MET_1__HGF_1__MET_1_	Cytoplasm	Protein	0.0	Deterministic	O43597,P14210-1,P08581-1
cyt_cong__SPY2__PDGFB_1__PGFRB__PDGFB_1__PGFRB_	Cytoplasm	Protein	0.0	Deterministic	O43597,P01127-1,P09619
cyt_cong__SPY2__PDGFB_1__PGFRB__PGFRB_	Cytoplasm	Protein	0.0	Deterministic	O43597,P01127-1,P09619
cyt_cong__SPY2__FGF__FGFR__FGF__FGFR_	Cytoplasm	Protein	0.0	Deterministic	O43597,P21802,P11362,P05230,P09038
cyt_cong__SPY2__FGF__FGFR__FGFR_	Cytoplasm	Protein	0.0	Deterministic	O43597,P21802,P11362,P05230,P09038
cyt_cong__SPY2__IGF__IGF1R_1__IGF1R_1_	Cytoplasm	Protein	0.0	Deterministic	P08069,O43597,P01344,P05019
cyt_prot__SPY2__INS_1__INSR_1__INSR_1_	Cytoplasm	Protein	0.0	Deterministic	O43597,P01308-1,P06213-1
cyt_cong__SPY2__IGF__IGF1R_1__IGF1R_1__IGF_	Cytoplasm	Protein	0.0	Deterministic	P08069,O43597,P01344,P05019
cyt_prot__SPY2__INS_1__INSR_1__INSR_1__INS_1_	Cytoplasm	Protein	0.0	Deterministic	O43597,P01308-1,P06213-1
cyt_prot_in__EGF_1__EGFR_1__ERBB2_1_	Cytoplasm	Protein	0.0	Deterministic	P01133-1,P00533-1,P04626-1
cyt_prot_in__EGF_1__EGFR_1__EGFR_1_	Cytoplasm	Protein	0.0	Deterministic	P01133-1,P00533-1
cyt_prot_in__EGF_1__EGFR_1__EGF_1__EGFR_1_	Cytoplasm	Protein	0.0	Deterministic	P01133-1,P00533-1
cyt_prot_in__EGF_1__EGFR_1__ERBB3_1_	Cytoplasm	Protein	0.0	Deterministic	P01133-1,P00533-1,P21860-1
cyt_prot_in__EGF_1__EGFR_1__NRG1_1__ERBB3_1_	Cytoplasm	Protein	0.0	Deterministic	P01133-1,P00533-1,Q02297-1,P21860-1
cyt_prot_in__EGF_1__EGFR_1__ERBB4_1_	Cytoplasm	Protein	0.0	Deterministic	P01133-1,P00533-1,Q15303-1
cyt_prot_in__EGF_1__EGFR_1__NRG1_1__ERBB4_1_	Cytoplasm	Protein	0.0	Deterministic	P01133-1,P00533-1,Q02297-1,Q15303-1
cyt_prot_in__ERBB2_1__NRG1_1__ERBB3_1_	Cytoplasm	Protein	0.0	Deterministic	P04626-1,Q02297-1,P21860-1
cyt_prot_in__EGFR_1__NRG1_1__ERBB3_1_	Cytoplasm	Protein	0.0	Deterministic	P00533-1,Q02297-1,P21860-1
cyt_prot_in__NRG1_1__ERBB3_1__ERBB4_1_	Cytoplasm	Protein	0.0	Deterministic	Q02297-1,P21860-1,Q15303-1
cyt_prot_in__NRG1_1__ERBB3_1__NRG1_1__ERBB4_1_	Cytoplasm	Protein	0.0	Deterministic	Q02297-1,P21860-1,Q15303-1
cyt_prot_in__ERBB2_1__NRG1_1__ERBB4_1_	Cytoplasm	Protein	0.0	Deterministic	P04626-1,Q02297-1,Q15303-1
cyt_prot_in__EGFR_1__NRG1_1__ERBB4_1_	Cytoplasm	Protein	0.0	Deterministic	P00533-1,Q02297-1,Q15303-1
cyt_prot_in__ERBB3_1__NRG1_1__ERBB4_1_	Cytoplasm	Protein	0.0	Deterministic	P21860-1,Q02297-1,Q15303-1
cyt_prot_in__NRG1_1__ERBB4_1__ERBB4_1_	Cytoplasm	Protein	0.0	Deterministic	Q02297-1,Q15303-1
cyt_prot_in__NRG1_1__ERBB4_1__NRG1_1__ERBB4_1_	Cytoplasm	Protein	0.0	Deterministic	Q02297-1,Q15303-1
cyt_prot_in__HGF_1__MET_1__MET_1_	Cytoplasm	Protein	0.0	Deterministic	P08581-1,P14210-1
cyt_prot_in__HGF_1__MET_1__HGF_1__MET_1_	Cytoplasm	Protein	0.0	Deterministic	P08581-1,P14210-1
cyt_cong_in__PDGFB_1__PGFRB__PDGFB_1__PGFRB_	Cytoplasm	Protein	0.0	Deterministic	P01127-1,P09619
cyt_cong_in__PDGFB_1__PGFRB__PGFRB_	Cytoplasm	Protein	0.0	Deterministic	P01127-1,P09619
cyt_cong_in__FGF__FGFR__FGF__FGFR_	Cytoplasm	Protein	0.0	Deterministic	P21802,P11362,P05230,P09038
cyt_cong_in__FGF__FGFR__FGFR_	Cytoplasm	Protein	0.0	Deterministic	P21802,P11362,P05230,P09038
cyt_cong_in__IGF__IGF1R_1__IGF1R_1_	Cytoplasm	Protein	0.0	Deterministic	P05019,P01344,P08069
cyt_prot_in__INS_1__INSR_1__INSR_1_	Cytoplasm	Protein	0.0	Deterministic	P01308-1,P06213-1
cyt_cong_in__IGF__IGF1R_1__IGF1R_1__IGF_	Cytoplasm	Protein	0.0	Deterministic	P05019,P01344,P08069
cyt_prot_in__INS_1__INSR_1__INSR_1__INS_1_	Cytoplasm	Protein	0.0	Deterministic	P01308-1,P06213-1
cyt_prot_in__EGF_1__p_EGFR_1__p_ERBB2_1_	Cytoplasm	Protein	0.0	Deterministic	P01133-1,P00533-1,P04626-1
cyt_prot_in__EGF_1__p_EGFR_1__p_EGFR_1_	Cytoplasm	Protein	0.0	Deterministic	P01133-1,P00533-1
cyt_prot_in__EGF_1__p_EGFR_1__EGF_1__p_EGFR_1_	Cytoplasm	Protein	0.0	Deterministic	P01133-1,P00533-1
cyt_prot_in__EGF_1__p_EGFR_1__p_ERBB3_1_	Cytoplasm	Protein	0.0	Deterministic	P01133-1,P00533-1,P21860-1
cyt_prot_in__EGF_1__p_EGFR_1__NRG1_1__p_ERBB3_1_	Cytoplasm	Protein	0.0	Deterministic	P01133-1,P00533-1,Q02297-1,P21860-1
cyt_prot_in__EGF_1__p_EGFR_1__p_ERBB4_1_	Cytoplasm	Protein	0.0	Deterministic	Q15303-1,P00533-1,P01133-1
cyt_prot_in__EGF_1__p_EGFR_1__NRG1_1__p_ERBB4_1_	Cytoplasm	Protein	0.0	Deterministic	Q02297-1,P00533-1,P01133-1,Q15303-1
cyt_prot_in__p_ERBB2_1__NRG1_1__p_ERBB3_1_	Cytoplasm	Protein	0.0	Deterministic	P04626-1,Q02297-1,P21860-1
cyt_prot_in__p_EGFR_1__NRG1_1__p_ERBB3_1_	Cytoplasm	Protein	0.0	Deterministic	P21860-1,Q02297-1,P00533-1
cyt_prot_in__NRG1_1__p_ERBB3_1__p_ERBB4_1_	Cytoplasm	Protein	0.0	Deterministic	Q02297-1,P21860-1,Q15303-1
cyt_prot_in__NRG1_1__p_ERBB3_1__NRG1_1__p_ERBB4_1_	Cytoplasm	Protein	0.0	Deterministic	Q02297-1,P21860-1,Q15303-1
cyt_prot_in__p_ERBB2_1__NRG1_1__p_ERBB4_1_	Cytoplasm	Protein	0.0	Deterministic	P04626-1,Q02297-1,Q15303-1
cyt_prot_in__p_EGFR_1__NRG1_1__p_ERBB4_1_	Cytoplasm	Protein	0.0	Deterministic	P00533-1,Q02297-1,Q15303-1
cyt_prot_in__p_ERBB3_1__NRG1_1__p_ERBB4_1_	Cytoplasm	Protein	0.0	Deterministic	P21860-1,Q02297-1,Q15303-1
cyt_prot_in__NRG1_1__p_ERBB4_1__p_ERBB4_1_	Cytoplasm	Protein	0.0	Deterministic	Q02297-1,Q15303-1
cyt_prot_in__NRG1_1__p_ERBB4_1__NRG1_1__p_ERBB4_1_	Cytoplasm	Protein	0.0	Deterministic	Q02297-1,Q15303-1
cyt_prot_in__HGF_1__p_MET_1__p_MET_1_	Cytoplasm	Protein	0.0	Deterministic	P14210-1,P08581-1
cyt_prot_in__HGF_1__p_MET_1__HGF_1__p_MET_1_	Cytoplasm	Protein	0.0	Deterministic	P14210-1,P08581-1
cyt_cong_in__PDGFB_1__p_PGFRB__PDGFB_1__p_PGFRB_	Cytoplasm	Protein	0.0	Deterministic	P01127,P16234,P09619
cyt_cong_in__PDGFB_1__p_PGFRB__p_PGFRB_	Cytoplasm	Protein	0.0	Deterministic	P01127,P16234,P09619
cyt_cong_in__FGF__p_FGFR__FGF__p_FGFR_	Cytoplasm	Protein	0.0	Deterministic	P05230,P09038,P11362,P21802
cyt_cong_in__FGF__p_FGFR__p_FGFR_	Cytoplasm	Protein	0.0	Deterministic	P05230,P09038,P11362,P21802
cyt_cong_in__IGF__p_IGF1R_1__p_IGF1R_1_	Cytoplasm	Protein	0.0	Deterministic	P05019,P01344,P08069
cyt_prot_in__INS_1__p_INSR_1__p_INSR_1_	Cytoplasm	Protein	0.0	Deterministic	P01308-1,P06213-1
cyt_cong_in__IGF__p_IGF1R_1__p_IGF1R_1__IGF_	Cytoplasm	Protein	0.0	Deterministic	P05019,P01344,P08069
cyt_prot_in__INS_1__p_INSR_1__p_INSR_1__INS_1_	Cytoplasm	Protein	0.0	Deterministic	P01308-1,P06213-1
cyt_cong_in__IGF__p_IGF1R_1__p_IGF1R_1__IRS_	Cytoplasm	Protein	0.0	Deterministic	P35568,P01344,P05019,Q9Y4H2,P08069
cyt_cong_in__INS_1__p_INSR_1__p_INSR_1__IRS_	Cytoplasm	Protein	0.0	Deterministic	Q9Y4H2,P06213-1,P35568,P01308-1
cyt_cong_in__IGF__p_IGF1R_1__p_IGF1R_1__IGF__IRS_	Cytoplasm	Protein	0.0	Deterministic	P35568,P01344,P05019,Q9Y4H2,P08069
cyt_cong_in__INS_1__p_INSR_1__p_INSR_1__INS_1__IRS_	Cytoplasm	Protein	0.0	Deterministic	P35568,P06213-1,Q9Y4H2,P01308-1
cyt_prot__EGF_1__p_EGFR_1__p_ERBB2_1__GRB2__SOS1_1_	Cytoplasm	Protein	0.0	Deterministic	P01133-1,P00533-1,P04626-1,P62993,Q07889-1
cyt_prot__EGF_1__p_EGFR_1__p_EGFR_1__GRB2__SOS1_1_	Cytoplasm	Protein	0.0	Deterministic	P01133-1,P00533-1,P62993-1,Q07889-1
cyt_prot__EGF_1__p_EGFR_1__EGF_1__p_EGFR_1__GRB2__SOS1_1_	Cytoplasm	Protein	0.0	Deterministic	P01133-1,P00533-1,P62993-1,Q07889-1
cyt_prot__EGF_1__p_EGFR_1__p_ERBB3_1__GRB2__SOS1_1_	Cytoplasm	Protein	0.0	Deterministic	P01133-1,P00533-1,P21860-1,P62993-1,Q07889-1
cyt_prot__EGF_1__p_EGFR_1__NRG1_1__p_ERBB3_1__GRB2__SOS1_1_	Cytoplasm	Protein	0.0	Deterministic	P01133-1,P00533-1,Q02297-1,P21860-1,P62993-1,Q07889-1
cyt_prot__EGF_1__p_EGFR_1__p_ERBB4_1__GRB2__SOS1_1_	Cytoplasm	Protein	0.0	Deterministic	P01133-1,P00533-1,Q15303-1,P62993-1,Q07889-1
cyt_prot__EGF_1__p_EGFR_1__NRG1_1__p_ERBB4_1__GRB2__SOS1_1_	Cytoplasm	Protein	0.0	Deterministic	P01133-1,P00533-1,Q02297-1,Q15303-1,P62993-1,Q07889-1
cyt_prot__p_ERBB2_1__NRG1_1__p_ERBB3_1__GRB2__SOS1_1_	Cytoplasm	Protein	0.0	Deterministic	P04626-1,Q02297-1,P21860-1,P62993-1,Q07889-1
cyt_prot__p_EGFR_1__NRG1_1__p_ERBB3_1__GRB2__SOS1_1_	Cytoplasm	Protein	0.0	Deterministic	P00533-1,Q02297-1,P21860-1,P62993-1,Q07889-1
cyt_prot__NRG1_1__p_ERBB3_1__p_ERBB4_1__GRB2__SOS1_1_	Cytoplasm	Protein	0.0	Deterministic	Q02297-1,P21860-1,Q15303-1,P62993-1,Q07889-1
cyt_prot__NRG1_1__p_ERBB3_1__NRG1_1__p_ERBB4_1__GRB2__SOS1_1_	Cytoplasm	Protein	0.0	Deterministic	Q02297-1,P21860-1,Q15303-1,P62993-1,Q07889-1
cyt_prot__p_ERBB2_1__NRG1_1__p_ERBB4_1__GRB2__SOS1_1_	Cytoplasm	Protein	0.0	Deterministic	P04626-1,Q02297-1,Q15303-1,P62993-1,Q07889-1
cyt_prot__p_EGFR_1__NRG1_1__p_ERBB4_1__GRB2__SOS1_1_	Cytoplasm	Protein	0.0	Deterministic	P00533-1,Q02297-1,Q15303-1,P62993-1,Q07889-1
cyt_prot__p_ERBB3_1__NRG1_1__p_ERBB4_1__GRB2__SOS1_1_	Cytoplasm	Protein	0.0	Deterministic	P21860-1,Q02297-1,Q15303-1,P62993-1,Q07889-1
cyt_prot__NRG1_1__p_ERBB4_1__p_ERBB4_1__GRB2__SOS1_1_	Cytoplasm	Protein	0.0	Deterministic	Q02297-1,Q15303-1,P62993-1,Q07889-1
cyt_prot__NRG1_1__p_ERBB4_1__NRG1_1__p_ERBB4_1__GRB2__SOS1_1_	Cytoplasm	Protein	0.0	Deterministic	Q02297-1,Q15303-1,P62993-1,Q07889-1
cyt_prot__HGF_1__p_MET_1__p_MET_1__GRB2__SOS1_1_	Cytoplasm	Protein	0.0	Deterministic	P14210-1,P08581-1,P62993-1,Q07889-1
cyt_prot__HGF_1__p_MET_1__HGF_1__p_MET_1__GRB2__SOS1_1_	Cytoplasm	Protein	0.0	Deterministic	P14210-1,P08581-1,P62993-1,Q07889-1
cyt_cong__PDGFB_1__PGFRB__PDGFB_1__PGFRB__GRB2__SOS1_1_	Cytoplasm	Protein	0.0	Deterministic	P09619,Q07889-1,P01127-1,P62993-1
cyt_cong__PDGFB_1__PGFRB__PGFRB__GRB2__SOS1_1_	Cytoplasm	Protein	0.0	Deterministic	P09619,Q07889-1,P01127-1,P62993-1
cyt_cong__FGF__FGFR__FGF__FGFR__GRB2__SOS1_1_	Cytoplasm	Protein	0.0	Deterministic	P21802,P11362,Q07889-1,P05230,P62993-1,P09038
cyt_cong__FGF__FGFR__FGFR__GRB2__SOS1_1_	Cytoplasm	Protein	0.0	Deterministic	P21802,P11362,Q07889-1,P05230,P62993-1,P09038
cyt_cong__IGF__p_IGF1R_1__p_IGF1R_1__IRS__GRB2__SOS1_1_	Cytoplasm	Protein	0.0	Deterministic	P08069,Q07889-1,Q9Y4H2,P05019,P35568,P62993-1,P01344
cyt_cong__INS_1__p_INSR_1__p_INSR_1__IRS__GRB2__SOS1_1_	Cytoplasm	Protein	0.0	Deterministic	P35568,Q07889-1,Q9Y4H2,P06213-1,P01308-1,P62993-1
cyt_cong__IGF__p_IGF1R_1__p_IGF1R_1__IGF__IRS__GRB2__SOS1_1_	Cytoplasm	Protein	0.0	Deterministic	P08069,Q07889-1,Q9Y4H2,P05019,P35568,P62993-1,P01344
cyt_cong__INS_1__p_INSR_1__p_INSR_1__INS_1__IRS__GRB2__SOS1_1_	Cytoplasm	Protein	0.0	Deterministic	P35568,Q07889-1,Q9Y4H2,P06213-1,P01308-1,P62993-1
cyt_prot_in__EGF_1__p_EGFR_1__p_ERBB2_1__GRB2__SOS1_1_	Cytoplasm	Protein	0.0	Deterministic	P00533-1,P62993-1,P04626-1,Q07889-1,P01133-1
cyt_prot_in__EGF_1__p_EGFR_1__p_EGFR_1__GRB2__SOS1_1_	Cytoplasm	Protein	0.0	Deterministic	Q07889-1,P00533-1,P62993-1,P01133-1
cyt_prot_in__EGF_1__p_EGFR_1__EGF_1__p_EGFR_1__GRB2__SOS1_1_	Cytoplasm	Protein	0.0	Deterministic	Q07889-1,P00533-1,P62993-1,P01133-1
cyt_prot_in__EGF_1__p_EGFR_1__p_ERBB3_1__GRB2__SOS1_1_	Cytoplasm	Protein	0.0	Deterministic	Q07889-1,P21860-1,P62993-1,P01133-1,P00533-1
cyt_prot_in__EGF_1__p_EGFR_1__NRG1_1__p_ERBB3_1__GRB2__SOS1_1_	Cytoplasm	Protein	0.0	Deterministic	Q07889-1,Q02297-1,P62993-1,P01133-1,P21860-1,P00533-1
cyt_prot_in__EGF_1__p_EGFR_1__p_ERBB4_1__GRB2__SOS1_1_	Cytoplasm	Protein	0.0	Deterministic	Q07889-1,Q15303-1,P62993-1,P01133-1,P00533-1
cyt_prot_in__EGF_1__p_EGFR_1__NRG1_1__p_ERBB4_1__GRB2__SOS1_1_	Cytoplasm	Protein	0.0	Deterministic	Q07889-1,Q02297-1,P62993-1,P01133-1,Q15303-1
cyt_prot_in__p_ERBB2_1__NRG1_1__p_ERBB3_1__GRB2__SOS1_1_	Cytoplasm	Protein	0.0	Deterministic	Q07889-1,Q02297-1,P62993-1,P21860-1,P21860-1
cyt_prot_in__p_EGFR_1__NRG1_1__p_ERBB3_1__GRB2__SOS1_1_	Cytoplasm	Protein	0.0	Deterministic	Q07889-1,Q02297-1,P62993-1,P21860-1,P00533-1
cyt_prot_in__NRG1_1__p_ERBB3_1__p_ERBB4_1__GRB2__SOS1_1_	Cytoplasm	Protein	0.0	Deterministic	Q07889-1,Q02297-1,P62993-1,Q15303-1,P21860-1
cyt_prot_in__NRG1_1__p_ERBB3_1__NRG1_1__p_ERBB4_1__GRB2__SOS1_1_	Cytoplasm	Protein	0.0	Deterministic	Q07889-1,Q02297-1,P62993-1,Q15303-1,P21860-1
cyt_prot_in__p_ERBB2_1__NRG1_1__p_ERBB4_1__GRB2__SOS1_1_	Cytoplasm	Protein	0.0	Deterministic	Q07889-1,Q02297-1,P62993-1,Q15303-1,P04626-1
cyt_prot_in__p_EGFR_1__NRG1_1__p_ERBB4_1__GRB2__SOS1_1_	Cytoplasm	Protein	0.0	Deterministic	Q07889-1,Q02297-1,P62993-1,Q15303-1,P00533-1
cyt_prot_in__p_ERBB3_1__NRG1_1__p_ERBB4_1__GRB2__SOS1_1_	Cytoplasm	Protein	0.0	Deterministic	Q07889-1,Q02297-1,P62993-1,Q15303-1,P21860-1
cyt_prot_in__NRG1_1__p_ERBB4_1__p_ERBB4_1__GRB2__SOS1_1_	Cytoplasm	Protein	0.0	Deterministic	Q07889-1,Q02297-1,P62993-1,Q15303-1
cyt_prot_in__NRG1_1__p_ERBB4_1__NRG1_1__p_ERBB4_1__GRB2__SOS1_1_	Cytoplasm	Protein	0.0	Deterministic	Q07889-1,Q02297-1,P62993-1,Q15303-1
cyt_prot_in__HGF_1__p_MET_1__p_MET_1__GRB2__SOS1_1_	Cytoplasm	Protein	0.0	Deterministic	Q07889-1,P08581-1,P62993-1,P14210-1
cyt_prot_in__HGF_1__p_MET_1__HGF_1__p_MET_1__GRB2__SOS1_1_	Cytoplasm	Protein	0.0	Deterministic	Q07889-1,P08581-1,P62993-1,P14210-1
cyt_cong_in__PDGFB_1__PGFRB__PDGFB_1__PGFRB__GRB2__SOS1_1_	Cytoplasm	Protein	0.0	Deterministic	P62993-1,P09619,Q07889-1,P01127-1
cyt_cong_in__PDGFB_1__PGFRB__PGFRB__GRB2__SOS1_1_	Cytoplasm	Protein	0.0	Deterministic	P62993-1,P09619,Q07889-1,P01127-1
cyt_cong_in__FGF__FGFR__FGF__FGFR__GRB2__SOS1_1_	Cytoplasm	Protein	0.0	Deterministic	P09038,P05230,P21802,P62993-1,Q07889-1,P11362
cyt_cong_in__FGF__FGFR__FGFR__GRB2__SOS1_1_	Cytoplasm	Protein	0.0	Deterministic	P09038,P05230,P21802,P62993-1,Q07889-1,P11362
cyt_cong_in__IGF__p_IGF1R_1__p_IGF1R_1__IRS__GRB2__SOS1_1_	Cytoplasm	Protein	0.0	Deterministic	Q9Y4H2,P62993-1,P35568,P08069,Q07889-1,P05019,P01344
cyt_cong_in__INS_1__p_INSR_1__p_INSR_1__IRS__GRB2__SOS1_1_	Cytoplasm	Protein	0.0	Deterministic	Q9Y4H2,P62993-1,P35568,Q07889-1,P06213-1,P01308-1
cyt_cong_in__IGF__p_IGF1R_1__p_IGF1R_1__IGF__IRS__GRB2__SOS1_1_	Cytoplasm	Protein	0.0	Deterministic	Q9Y4H2,P62993-1,P35568,P08069,Q07889-1,P05019,P01344
cyt_cong_in__INS_1__p_INSR_1__p_INSR_1__INS_1__IRS__GRB2__SOS1_1_	Cytoplasm	Protein	0.0	Deterministic	Q9Y4H2,P62993-1,P35568,Q07889-1,P06213-1,P01308-1
cyt_cong__EGF_1__p_EGFR_1__p_ERBB2_1__PLCG_	Cytoplasm	Protein	0.0	Deterministic	P01133-1,P00533-1,P04626-1,P19174,P16885
cyt_cong__EGF_1__p_EGFR_1__p_EGFR_1__PLCG_	Cytoplasm	Protein	0.0	Deterministic	P01133-1,P00533-1,P19174,P16885
cyt_cong__EGF_1__p_EGFR_1__EGF_1__p_EGFR_1__PLCG_	Cytoplasm	Protein	0.0	Deterministic	P01133-1,P00533-1,P19174,P16885
cyt_cong__EGF_1__p_EGFR_1__p_ERBB3_1__PLCG_	Cytoplasm	Protein	0.0	Deterministic	P01133-1,P00533-1,P21860-1,P19174,P16885
cyt_cong__EGF_1__p_EGFR_1__NRG1_1__p_ERBB3_1__PLCG_	Cytoplasm	Protein	0.0	Deterministic	P01133-1,P00533-1,Q02297-1,P21860-1,P19174,P16885
cyt_cong__EGF_1__p_EGFR_1__p_ERBB4_1__PLCG_	Cytoplasm	Protein	0.0	Deterministic	P16885,P01133-1,P19174,Q15303-1,P00533-1
cyt_cong__EGF_1__p_EGFR_1__NRG1_1__p_ERBB4_1__PLCG_	Cytoplasm	Protein	0.0	Deterministic	P01133-1,P00533-1,Q02297-1,Q15303-1,P19174,P16885
cyt_cong__p_ERBB2_1__NRG1_1__p_ERBB3_1__PLCG_	Cytoplasm	Protein	0.0	Deterministic	P04626-1,Q02297-1,P21860-1,P19174,P16885
cyt_cong__p_EGFR_1__NRG1_1__p_ERBB3_1__PLCG_	Cytoplasm	Protein	0.0	Deterministic	P00533-1,Q02297-1,P21860-1,P19174,P16885
cyt_cong__NRG1_1__p_ERBB3_1__p_ERBB4_1__PLCG_	Cytoplasm	Protein	0.0	Deterministic	Q02297-1,P21860-1,Q15303-1,P19174,P16885
cyt_cong__NRG1_1__p_ERBB3_1__NRG1_1__p_ERBB4_1__PLCG_	Cytoplasm	Protein	0.0	Deterministic	Q02297-1,P21860-1,Q15303-1,P19174,P16885
cyt_cong__p_ERBB2_1__NRG1_1__p_ERBB4_1__PLCG_	Cytoplasm	Protein	0.0	Deterministic	P04626-1,Q02297-1,Q15303-1,P19174,P16885
cyt_cong__p_EGFR_1__NRG1_1__p_ERBB4_1__PLCG_	Cytoplasm	Protein	0.0	Deterministic	P00533-1,Q02297-1,Q15303-1,P19174,P16885
cyt_cong__p_ERBB3_1__NRG1_1__p_ERBB4_1__PLCG_	Cytoplasm	Protein	0.0	Deterministic	P21860-1,Q02297-1,Q15303-1,P19174,P19885
cyt_cong__NRG1_1__p_ERBB4_1__p_ERBB4_1__PLCG_	Cytoplasm	Protein	0.0	Deterministic	Q02297-1,Q15303-1,P19174,P16885
cyt_cong__NRG1_1__p_ERBB4_1__NRG1_1__p_ERBB4_1__PLCG_	Cytoplasm	Protein	0.0	Deterministic	Q02297-1,Q15303-1,P19174,P16885
cyt_cong__HGF_1__p_MET_1__p_MET_1__PLCG_	Cytoplasm	Protein	0.0	Deterministic	P19885,P19174,P08581-1,P14210-1
cyt_cong__HGF_1__p_MET_1__HGF_1__p_MET_1__PLCG_	Cytoplasm	Protein	0.0	Deterministic	P19885,P19174,P08581-1,P14210-1
cyt_cong__PDGFB_1__PGFRB__PDGFB_1__PGFRB__PLCG_	Cytoplasm	Protein	0.0	Deterministic	P19174,P09619,P01127-1,P16885
cyt_cong__PDGFB_1__PGFRB__PGFRB__PLCG_	Cytoplasm	Protein	0.0	Deterministic	P19174,P09619,P01127-1,P16885
cyt_cong__FGF__FGFR__FGF__FGFR__PLCG_	Cytoplasm	Protein	0.0	Deterministic	P16885,P21802,P11362,P05230,P19174,P09038
cyt_cong__FGF__FGFR__FGFR__PLCG_	Cytoplasm	Protein	0.0	Deterministic	P16885,P21802,P11362,P05230,P19174,P09038
cyt_cong__IGF__p_IGF1R_1__p_IGF1R_1__IRS__PLCG_	Cytoplasm	Protein	0.0	Deterministic	P08069,P19174,Q9Y4H2,P05019,P35568,P16885,P01344
cyt_cong__INS_1__p_INSR_1__p_INSR_1__IRS__PLCG_	Cytoplasm	Protein	0.0	Deterministic	P35568,P06213-1,Q9Y4H2,P01308-1,P19174,P16885
cyt_cong__IGF__p_IGF1R_1__p_IGF1R_1__IGF__IRS__PLCG_	Cytoplasm	Protein	0.0	Deterministic	P35568,P01344,P05019,Q9Y4H2,P08069,P19174,P16885
cyt_cong__INS_1__p_INSR_1__p_INSR_1__INS_1__IRS__PLCG_	Cytoplasm	Protein	0.0	Deterministic	P35568,P06213-1,Q9Y4H2,P01308-1,P19174,P16885
cyt_cong__EGF_1__p_EGFR_1__p_ERBB2_1__PIK3C__PIK3R_	Cytoplasm	Protein	0.0	Deterministic	P04626-1,P01133-1,P00533-1,P42336,P42338,P48736,O00329,P27986,O00459,Q92569,Q99570
cyt_cong__EGF_1__p_EGFR_1__p_EGFR_1__PIK3C__PIK3R_	Cytoplasm	Protein	0.0	Deterministic	P00533-1,P01133-1,P42336,P42338,P48736,O00329,P27986,O00459,Q92569,Q99570
cyt_cong__EGF_1__p_EGFR_1__EGF_1__p_EGFR_1__PIK3C__PIK3R_	Cytoplasm	Protein	0.0	Deterministic	P00533-1,P01133-1,P42336,P42338,P48736,O00329,P27986,O00459,Q92569,Q99570
cyt_cong__EGF_1__p_EGFR_1__p_ERBB3_1__PIK3C__PIK3R_	Cytoplasm	Protein	0.0	Deterministic	P00533-1,P01133-1,P21860-1,P42336,P42338,P48736,O00329,P27986,O00459,Q92569,Q99570
cyt_cong__EGF_1__p_EGFR_1__NRG1_1__p_ERBB3_1__PIK3C__PIK3R_	Cytoplasm	Protein	0.0	Deterministic	P00533-1,Q02297-1,P21860-1,P01133-1,P42336,P42338,P48736,O00329,P27986,O00459,Q92569,Q99570
cyt_cong__EGF_1__p_EGFR_1__p_ERBB4_1__PIK3C__PIK3R_	Cytoplasm	Protein	0.0	Deterministic	P00533-1,P01133-1,Q15303-1,P42336,P42338,P48736,O00329,P27986,O00459,Q92569,Q99570
cyt_cong__EGF_1__p_EGFR_1__NRG1_1__p_ERBB4_1__PIK3C__PIK3R_	Cytoplasm	Protein	0.0	Deterministic	P00533-1,Q02297-1,Q15303-1,P01133-1,P42336,P42338,P48736,O00329,P27986,O00459,Q92569,Q99570
cyt_cong__p_ERBB2_1__NRG1_1__p_ERBB3_1__PIK3C__PIK3R_	Cytoplasm	Protein	0.0	Deterministic	Q02297-1,P04626-1,P21860-1,P42336,P42338,P48736,O00329,P27986,O00459,Q92569,Q99570
cyt_cong__p_EGFR_1__NRG1_1__p_ERBB3_1__PIK3C__PIK3R_	Cytoplasm	Protein	0.0	Deterministic	Q02297-1,P00533-1,P21860-1,P42336,P42338,P48736,O00329,P27986,O00459,Q92569,Q99570
cyt_cong__NRG1_1__p_ERBB3_1__p_ERBB4_1__PIK3C__PIK3R_	Cytoplasm	Protein	0.0	Deterministic	Q02297-1,P21860-1,Q15303-1,P42336,P42338,P48736,O00329,P27986,O00459,Q92569,Q99570
cyt_cong__NRG1_1__p_ERBB3_1__NRG1_1__p_ERBB4_1__PIK3C__PIK3R_	Cytoplasm	Protein	0.0	Deterministic	Q02297-1,P21860-1,Q15303-1,P42336,P42338,P48736,O00329,P27986,O00459,Q92569,Q99570
cyt_cong__p_ERBB2_1__NRG1_1__p_ERBB4_1__PIK3C__PIK3R_	Cytoplasm	Protein	0.0	Deterministic	Q02297-1,P04626-1,Q15303-1,P42336,P42338,P48736,O00329,P27986,O00459,Q92569,Q99570
cyt_cong__p_EGFR_1__NRG1_1__p_ERBB4_1__PIK3C__PIK3R_	Cytoplasm	Protein	0.0	Deterministic	Q02297-1,P00533-1,Q15303-1,P42336,P42338,P48736,O00329,P27986,O00459,Q92569,Q99570
cyt_cong__p_ERBB3_1__NRG1_1__p_ERBB4_1__PIK3C__PIK3R_	Cytoplasm	Protein	0.0	Deterministic	Q02297-1,P21860-1,Q15303-1,P42336,P42338,P48736,O00329,P27986,O00459,Q92569,Q99570
cyt_cong__NRG1_1__p_ERBB4_1__p_ERBB4_1__PIK3C__PIK3R_	Cytoplasm	Protein	0.0	Deterministic	Q15303-1,Q02297-1,P42336,P42338,P48736,O00329,P27986,O00459,Q92569,Q99570
cyt_cong__NRG1_1__p_ERBB4_1__NRG1_1__p_ERBB4_1__PIK3C__PIK3R_	Cytoplasm	Protein	0.0	Deterministic	Q15303-1,Q02297-1,P42336,P42338,P48736,O00329,P27986,O00459,Q92569,Q99570
cyt_cong__HGF_1__p_MET_1__p_MET_1__PIK3C__PIK3R_	Cytoplasm	Protein	0.0	Deterministic	P14210-1,P08581-1,P42336,P42338,P48736,O00329,P27986,O00459,Q92569,Q99570
cyt_cong__HGF_1__p_MET_1__HGF_1__p_MET_1__PIK3C__PIK3R_	Cytoplasm	Protein	0.0	Deterministic	P14210-1,P08581-1,P42336,P42338,P48736,O00329,P27986,O00459,Q92569,Q99570
cyt_cong__PDGFB_1__PGFRB__PDGFB_1__PGFRB__PIK3C__PIK3R_	Cytoplasm	Protein	0.0	Deterministic	P09619,P01127-1,P42336,P42338,P48736,O00329,P27986,O00459,Q92569,Q99570
cyt_cong__PDGFB_1__PGFRB__PGFRB__PIK3C__PIK3R_	Cytoplasm	Protein	0.0	Deterministic	P09619,P01127-1,P42336,P42338,P48736,O00329,P27986,O00459,Q92569,Q99570
cyt_cong__FGF__FGFR__FGF__FGFR__PIK3C__PIK3R_	Cytoplasm	Protein	0.0	Deterministic	P21802,P11362,P05230,P09038,P42336,P42338,P48736,O00329,P27986,O00459,Q92569,Q99570
cyt_cong__FGF__FGFR__FGFR__PIK3C__PIK3R_	Cytoplasm	Protein	0.0	Deterministic	P21802,P11362,P05230,P09038,P42336,P42338,P48736,O00329,P27986,O00459,Q92569,Q99570
cyt_cong__IGF__p_IGF1R_1__p_IGF1R_1__IRS__PIK3C__PIK3R_	Cytoplasm	Protein	0.0	Deterministic	P35568,P01344,P05019,Q9Y4H2,P08069,P42336,P42338,P48736,O00329,P27986,O00459,Q92569,Q99570
cyt_cong__INS_1__p_INSR_1__p_INSR_1__IRS__PIK3C__PIK3R_	Cytoplasm	Protein	0.0	Deterministic	P35568,P06213-1,Q9Y4H2,P01308-1,P42336,P42338,P48736,O00329,P27986,O00459,Q92569,Q99570
cyt_cong__IGF__p_IGF1R_1__p_IGF1R_1__IGF__IRS__PIK3C__PIK3R_	Cytoplasm	Protein	0.0	Deterministic	P35568,P01344,P05019,Q9Y4H2,P08069,P42336,P42338,P48736,O00329,P27986,O00459,Q92569,Q99570
cyt_cong__INS_1__p_INSR_1__p_INSR_1__INS_1__IRS__PIK3C__PIK3R_	Cytoplasm	Protein	0.0	Deterministic	P35568,P06213-1,Q9Y4H2,P01308-1,P42336,P42338,P48736,O00329,P27986,O00459,Q92569,Q99570
cyt_prot__EGF_1__p_EGFR_1__p_ERBB2_1__P3C2A_	Cytoplasm	Protein	0.0	Deterministic	P04626-1,P01133-1,P00533-1,O00443-1
cyt_prot__EGF_1__p_EGFR_1__p_EGFR_1__P3C2A_	Cytoplasm	Protein	0.0	Deterministic	P00533-1,P01133-1,O00443-1
cyt_prot__EGF_1__p_EGFR_1__EGF_1__p_EGFR_1__P3C2A_	Cytoplasm	Protein	0.0	Deterministic	P00533-1,P01133-1,O00443-1
cyt_prot__EGF_1__p_EGFR_1__p_ERBB3_1__P3C2A_	Cytoplasm	Protein	0.0	Deterministic	P00533-1,P01133-1,P21860-1,O00443-1
cyt_prot__EGF_1__p_EGFR_1__NRG1_1__p_ERBB3_1__P3C2A_	Cytoplasm	Protein	0.0	Deterministic	P00533-1,Q02297-1,P21860-1,P01133-1,O00443-1
cyt_prot__EGF_1__p_EGFR_1__p_ERBB4_1__P3C2A_	Cytoplasm	Protein	0.0	Deterministic	P00533-1,P01133-1,Q15303-1,O00443-1
cyt_prot__EGF_1__p_EGFR_1__NRG1_1__p_ERBB4_1__P3C2A_	Cytoplasm	Protein	0.0	Deterministic	P00533-1,Q02297-1,Q15303-1,P01133-1,O00443-1
cyt_prot__p_ERBB2_1__NRG1_1__p_ERBB3_1__P3C2A_	Cytoplasm	Protein	0.0	Deterministic	Q02297-1,P04626-1,P21860-1,O00443-1
cyt_prot__p_EGFR_1__NRG1_1__p_ERBB3_1__P3C2A_	Cytoplasm	Protein	0.0	Deterministic	Q02297-1,P00533-1,P21860-1,O00443-1
cyt_prot__NRG1_1__p_ERBB3_1__p_ERBB4_1__P3C2A_	Cytoplasm	Protein	0.0	Deterministic	Q02297-1,P21860-1,Q15303-1,O00443-1
cyt_prot__NRG1_1__p_ERBB3_1__NRG1_1__p_ERBB4_1__P3C2A_	Cytoplasm	Protein	0.0	Deterministic	Q02297-1,P21860-1,Q15303-1,O00443-1
cyt_prot__p_ERBB2_1__NRG1_1__p_ERBB4_1__P3C2A_	Cytoplasm	Protein	0.0	Deterministic	Q02297-1,P04626-1,Q15303-1,O00443-1
cyt_prot__p_EGFR_1__NRG1_1__p_ERBB4_1__P3C2A_	Cytoplasm	Protein	0.0	Deterministic	Q02297-1,P00533-1,Q15303-1,O00443-1
cyt_prot__p_ERBB3_1__NRG1_1__p_ERBB4_1__P3C2A_	Cytoplasm	Protein	0.0	Deterministic	Q02297-1,P21860-1,Q15303-1,O00443-1
cyt_prot__NRG1_1__p_ERBB4_1__p_ERBB4_1__P3C2A_	Cytoplasm	Protein	0.0	Deterministic	Q15303-1,Q02297-1,O00443-1
cyt_prot__NRG1_1__p_ERBB4_1__NRG1_1__p_ERBB4_1__P3C2A_	Cytoplasm	Protein	0.0	Deterministic	Q15303-1,Q02297-1,O00443-1
cyt_prot__HGF_1__p_MET_1__p_MET_1__P3C2A_	Cytoplasm	Protein	0.0	Deterministic	P14210-1,P08581-1,O00443-1
cyt_prot__HGF_1__p_MET_1__HGF_1__p_MET_1__P3C2A_	Cytoplasm	Protein	0.0	Deterministic	P14210-1,P08581-1,O00443-1
cyt_cong__PDGFB_1__PGFRB__PDGFB_1__PGFRB__P3C2A_	Cytoplasm	Protein	0.0	Deterministic	P09619,P01127-1,O00443-1
cyt_cong__PDGFB_1__PGFRB__PGFRB__P3C2A_	Cytoplasm	Protein	0.0	Deterministic	P09619,P01127-1,O00443-1
cyt_cong__FGF__FGFR__FGF__FGFR__P3C2A_	Cytoplasm	Protein	0.0	Deterministic	P21802,P11362,P05230,P09038,O00443-1
cyt_cong__FGF__FGFR__FGFR__P3C2A_	Cytoplasm	Protein	0.0	Deterministic	P21802,P11362,P05230,P09038,O00443-1
cyt_cong__IGF__p_IGF1R_1__p_IGF1R_1__IRS__P3C2A_	Cytoplasm	Protein	0.0	Deterministic	P35568,P01344,P05019,Q9Y4H2,P08069,O00443-1
cyt_cong__INS_1__p_INSR_1__p_INSR_1__IRS__P3C2A_	Cytoplasm	Protein	0.0	Deterministic	P35568,P06213-1,Q9Y4H2,P01308-1,O00443-1
cyt_cong__IGF__p_IGF1R_1__p_IGF1R_1__IGF__IRS__P3C2A_	Cytoplasm	Protein	0.0	Deterministic	P35568,P01344,P05019,Q9Y4H2,P08069,O00443-1
cyt_cong__INS_1__p_INSR_1__p_INSR_1__INS_1__IRS__P3C2A_	Cytoplasm	Protein	0.0	Deterministic	P35568,P06213-1,Q9Y4H2,P01308-1,O00443-1
cyt_cong_in__EGF_1__p_EGFR_1__p_ERBB2_1__GRB2__SOS1_1__RAS__GDP_	Cytoplasm	Protein	0.0	Deterministic	P01133-1,P00533-1,P04626-1,P62993-1,Q07889-1,P01111,P01116,P01112
cyt_cong_in__EGF_1__p_EGFR_1__p_EGFR_1__GRB2__SOS1_1__RAS__GDP_	Cytoplasm	Protein	0.0	Deterministic	Q07889-1,P00533-1,P62993-1,P01133-1,P01111,P01116,P01112
cyt_cong_in__EGF_1__p_EGFR_1__EGF_1__p_EGFR_1__GRB2__SOS1_1__RAS__GDP_	Cytoplasm	Protein	0.0	Deterministic	P01111,P01116,P01112,CHEBI:17522,Q07889-1,P01133-1,P00533-1,P62993-1
cyt_cong_in__EGF_1__p_EGFR_1__p_ERBB3_1__GRB2__SOS1_1__RAS__GDP_	Cytoplasm	Protein	0.0	Deterministic	P01111,P01116,P01112,CHEBI:17522,Q07889-1,P01133-1,P21860-1,P62993-1,P00533-1
cyt_cong_in__EGF_1__p_EGFR_1__NRG1_1__p_ERBB3_1__GRB2__SOS1_1__RAS__GDP_	Cytoplasm	Protein	0.0	Deterministic	P01111,Q02297-1,P01116,P01112,CHEBI:17522,Q07889-1,P62993-1,P00533-1,P01133-1,P21860-1
cyt_cong_in__EGF_1__p_EGFR_1__p_ERBB4_1__GRB2__SOS1_1__RAS__GDP_	Cytoplasm	Protein	0.0	Deterministic	P01111,P01116,P01112,CHEBI:17522,Q07889-1,P01133-1,P00533-1,P62993-1,Q15303-1
cyt_cong_in__EGF_1__p_EGFR_1__NRG1_1__p_ERBB4_1__GRB2__SOS1_1__RAS__GDP_	Cytoplasm	Protein	0.0	Deterministic	P01111,Q02297-1,P01116,P01112,CHEBI:17522,Q07889-1,P01133-1,P00533-1,P62993-1,Q15303-1
cyt_cong_in__p_ERBB2_1__NRG1_1__p_ERBB3_1__GRB2__SOS1_1__RAS__GDP_	Cytoplasm	Protein	0.0	Deterministic	P01111,Q02297-1,P01116,P01112,CHEBI:17522,Q07889-1
cyt_cong_in__p_EGFR_1__NRG1_1__p_ERBB3_1__GRB2__SOS1_1__RAS__GDP_	Cytoplasm	Protein	0.0	Deterministic	P01111,Q02297-1,P01116,P01112,CHEBI:17522,Q07889-1
cyt_cong_in__NRG1_1__p_ERBB3_1__p_ERBB4_1__GRB2__SOS1_1__RAS__GDP_	Cytoplasm	Protein	0.0	Deterministic	P01111,Q02297-1,P01116,P01112,CHEBI:17522,Q07889-1
cyt_cong_in__NRG1_1__p_ERBB3_1__NRG1_1__p_ERBB4_1__GRB2__SOS1_1__RAS__GDP_	Cytoplasm	Protein	0.0	Deterministic	P01111,Q02297-1,P01116,P01112,CHEBI:17522,Q07889-1
cyt_cong_in__p_ERBB2_1__NRG1_1__p_ERBB4_1__GRB2__SOS1_1__RAS__GDP_	Cytoplasm	Protein	0.0	Deterministic	P01111,Q02297-1,P01116,P01112,CHEBI:17522,Q07889-1
cyt_cong_in__p_EGFR_1__NRG1_1__p_ERBB4_1__GRB2__SOS1_1__RAS__GDP_	Cytoplasm	Protein	0.0	Deterministic	P01111,Q02297-1,P01116,P01112,CHEBI:17522,Q07889-1
cyt_cong_in__p_ERBB3_1__NRG1_1__p_ERBB4_1__GRB2__SOS1_1__RAS__GDP_	Cytoplasm	Protein	0.0	Deterministic	P01111,Q02297-1,P01116,P01112,CHEBI:17522,Q07889-1
cyt_cong_in__NRG1_1__p_ERBB4_1__p_ERBB4_1__GRB2__SOS1_1__RAS__GDP_	Cytoplasm	Protein	0.0	Deterministic	P01111,Q02297-1,P01116,P01112,CHEBI:17522,Q07889-1
cyt_cong_in__NRG1_1__p_ERBB4_1__NRG1_1__p_ERBB4_1__GRB2__SOS1_1__RAS__GDP_	Cytoplasm	Protein	0.0	Deterministic	P01111,Q02297-1,P01116,P01112,CHEBI:17522,Q07889-1
cyt_cong_in__HGF_1__p_MET_1__p_MET_1__GRB2__SOS1_1__RAS__GDP_	Cytoplasm	Protein	0.0	Deterministic	P01111,P01116,P01112,CHEBI:17522,Q07889-1,P14210-1
cyt_cong_in__HGF_1__p_MET_1__HGF_1__p_MET_1__GRB2__SOS1_1__RAS__GDP_	Cytoplasm	Protein	0.0	Deterministic	P01111,P01116,P01112,CHEBI:17522,Q07889-1,P14210-1
cyt_cong_in__PDGFB_1__PGFRB__PDGFB_1__PGFRB__GRB2__SOS1_1__RAS__GDP_	Cytoplasm	Protein	0.0	Deterministic	P01111,P01116,P09619,P01112,CHEBI:17522,Q07889-1
cyt_cong_in__PDGFB_1__PGFRB__PGFRB__GRB2__SOS1_1__RAS__GDP_	Cytoplasm	Protein	0.0	Deterministic	P01111,P01116,P09619,P01112,CHEBI:17522,Q07889-1
cyt_cong_in__FGF__FGFR__FGF__FGFR__GRB2__SOS1_1__RAS__GDP_	Cytoplasm	Protein	0.0	Deterministic	P01111,P01116,P09038,P05230,CHEBI:17522,P01112,Q07889-1
cyt_cong_in__FGF__FGFR__FGFR__GRB2__SOS1_1__RAS__GDP_	Cytoplasm	Protein	0.0	Deterministic	P01111,P01116,P09038,P05230,CHEBI:17522,P01112,Q07889-1
cyt_cong_in__IGF__p_IGF1R_1__p_IGF1R_1__IRS__GRB2__SOS1_1__RAS__GDP_	Cytoplasm	Protein	0.0	Deterministic	Q9Y4H2,P01111,P01116,P35568,CHEBI:17522,P01112,P08069
cyt_cong_in__INS_1__p_INSR_1__p_INSR_1__IRS__GRB2__SOS1_1__RAS__GDP_	Cytoplasm	Protein	0.0	Deterministic	Q9Y4H2,P01111,P01116,P35568,CHEBI:17522,P01112,P06213-1
cyt_cong_in__IGF__p_IGF1R_1__p_IGF1R_1__IGF__IRS__GRB2__SOS1_1__RAS__GDP_	Cytoplasm	Protein	0.0	Deterministic	Q9Y4H2,P01111,P01116,P35568,CHEBI:17522,P01112,P08069
cyt_cong_in__INS_1__p_INSR_1__p_INSR_1__INS_1__IRS__GRB2__SOS1_1__RAS__GDP_	Cytoplasm	Protein	0.0	Deterministic	Q9Y4H2,P01111,P01116,P35568,CHEBI:17522,P01112,P06213-1
cyt_cong__EGF_1__p_EGFR_1__p_ERBB2_1__GRB2__SOS1_1__RAS__GDP_	Cytoplasm	Protein	0.0	Deterministic	P01111,P01116,P01112,CHEBI:17522,Q07889-1,P01133-1
cyt_cong__EGF_1__p_EGFR_1__p_EGFR_1__GRB2__SOS1_1__RAS__GDP_	Cytoplasm	Protein	0.0	Deterministic	P01111,P01116,P01112,CHEBI:17522,Q07889-1,P01133-1
cyt_cong__EGF_1__p_EGFR_1__EGF_1__p_EGFR_1__GRB2__SOS1_1__RAS__GDP_	Cytoplasm	Protein	0.0	Deterministic	P01111,P01116,P01112,CHEBI:17522,Q07889-1,P01133-1
cyt_cong__EGF_1__p_EGFR_1__p_ERBB3_1__GRB2__SOS1_1__RAS__GDP_	Cytoplasm	Protein	0.0	Deterministic	P01111,P01116,P01112,CHEBI:17522,Q07889-1,P01133-1
cyt_cong__EGF_1__p_EGFR_1__NRG1_1__p_ERBB3_1__GRB2__SOS1_1__RAS__GDP_	Cytoplasm	Protein	0.0	Deterministic	P01111,Q02297-1,P01116,P01112,CHEBI:17522,Q07889-1
cyt_cong__EGF_1__p_EGFR_1__p_ERBB4_1__GRB2__SOS1_1__RAS__GDP_	Cytoplasm	Protein	0.0	Deterministic	P01111,P01116,P01112,CHEBI:17522,Q07889-1,P01133-1
cyt_cong__EGF_1__p_EGFR_1__NRG1_1__p_ERBB4_1__GRB2__SOS1_1__RAS__GDP_	Cytoplasm	Protein	0.0	Deterministic	P01111,Q02297-1,P01116,P01112,CHEBI:17522,Q07889-1
cyt_cong__p_ERBB2_1__NRG1_1__p_ERBB3_1__GRB2__SOS1_1__RAS__GDP_	Cytoplasm	Protein	0.0	Deterministic	P01111,Q02297-1,P01116,P01112,CHEBI:17522,Q07889-1
cyt_cong__p_EGFR_1__NRG1_1__p_ERBB3_1__GRB2__SOS1_1__RAS__GDP_	Cytoplasm	Protein	0.0	Deterministic	P01111,Q02297-1,P01116,P01112,CHEBI:17522,Q07889-1
cyt_cong__NRG1_1__p_ERBB3_1__p_ERBB4_1__GRB2__SOS1_1__RAS__GDP_	Cytoplasm	Protein	0.0	Deterministic	P01111,Q02297-1,P01116,P01112,CHEBI:17522,Q07889-1
cyt_cong__NRG1_1__p_ERBB3_1__NRG1_1__p_ERBB4_1__GRB2__SOS1_1__RAS__GDP_	Cytoplasm	Protein	0.0	Deterministic	P01111,Q02297-1,P01116,P01112,CHEBI:17522,Q07889-1
cyt_cong__p_ERBB2_1__NRG1_1__p_ERBB4_1__GRB2__SOS1_1__RAS__GDP_	Cytoplasm	Protein	0.0	Deterministic	P01111,Q02297-1,P01116,P01112,CHEBI:17522,Q07889-1
cyt_cong__p_EGFR_1__NRG1_1__p_ERBB4_1__GRB2__SOS1_1__RAS__GDP_	Cytoplasm	Protein	0.0	Deterministic	P01111,Q02297-1,P01116,P01112,CHEBI:17522,Q07889-1
cyt_cong__p_ERBB3_1__NRG1_1__p_ERBB4_1__GRB2__SOS1_1__RAS__GDP_	Cytoplasm	Protein	0.0	Deterministic	P01111,Q02297-1,P01116,P01112,CHEBI:17522,Q07889-1
cyt_cong__NRG1_1__p_ERBB4_1__p_ERBB4_1__GRB2__SOS1_1__RAS__GDP_	Cytoplasm	Protein	0.0	Deterministic	P01111,Q02297-1,P01116,P01112,CHEBI:17522,Q07889-1
cyt_cong__NRG1_1__p_ERBB4_1__NRG1_1__p_ERBB4_1__GRB2__SOS1_1__RAS__GDP_	Cytoplasm	Protein	0.0	Deterministic	P01111,Q02297-1,P01116,P01112,CHEBI:17522,Q07889-1
cyt_cong__HGF_1__p_MET_1__p_MET_1__GRB2__SOS1_1__RAS__GDP_	Cytoplasm	Protein	0.0	Deterministic	P01111,P01116,P01112,CHEBI:17522,Q07889-1,P14210-1
cyt_cong__HGF_1__p_MET_1__HGF_1__p_MET_1__GRB2__SOS1_1__RAS__GDP_	Cytoplasm	Protein	0.0	Deterministic	P01111,P01116,P01112,CHEBI:17522,Q07889-1,P14210-1
cyt_cong__PDGFB_1__PGFRB__PDGFB_1__PGFRB__GRB2__SOS1_1__RAS__GDP_	Cytoplasm	Protein	0.0	Deterministic	P01111,P01116,P09619,P01112,CHEBI:17522,Q07889-1
cyt_cong__PDGFB_1__PGFRB__PGFRB__GRB2__SOS1_1__RAS__GDP_	Cytoplasm	Protein	0.0	Deterministic	P01111,P01116,P09619,P01112,CHEBI:17522,Q07889-1
cyt_cong__FGF__FGFR__FGF__FGFR__GRB2__SOS1_1__RAS__GDP_	Cytoplasm	Protein	0.0	Deterministic	P01111,CHEBI:17522,Q07889-1,P01116,P09038,P05230,P01112
cyt_cong__FGF__FGFR__FGFR__GRB2__SOS1_1__RAS__GDP_	Cytoplasm	Protein	0.0	Deterministic	P01111,CHEBI:17522,Q07889-1,P01116,P09038,P05230,P01112
cyt_cong__IGF__p_IGF1R_1__p_IGF1R_1__IRS__GRB2__SOS1_1__RAS__GDP_	Cytoplasm	Protein	0.0	Deterministic	Q9Y4H2,P01111,P01116,P35568,CHEBI:17522,P01112,P08069
cyt_cong__INS_1__p_INSR_1__p_INSR_1__IRS__GRB2__SOS1_1__RAS__GDP_	Cytoplasm	Protein	0.0	Deterministic	Q9Y4H2,P01111,P01116,P35568,CHEBI:17522,P01112,P06213-1
cyt_cong__IGF__p_IGF1R_1__p_IGF1R_1__IGF__IRS__GRB2__SOS1_1__RAS__GDP_	Cytoplasm	Protein	0.0	Deterministic	Q9Y4H2,P01111,P01116,P35568,CHEBI:17522,P01112,P08069
cyt_cong__INS_1__p_INSR_1__p_INSR_1__INS_1__IRS__GRB2__SOS1_1__RAS__GDP_	Cytoplasm	Protein	0.0	Deterministic	Q9Y4H2,P01111,P01116,P35568,CHEBI:17522,P01112,P06213-1
cyt_cong__EGF_1__p_EGFR_1__p_ERBB2_1__PLCG__PIP2_	Cytoplasm	Protein	0.0	Deterministic	P00533-1,CHEBI:18348,P04626-1,P01133-1
cyt_cong__EGF_1__p_EGFR_1__p_EGFR_1__PLCG__PIP2_	Cytoplasm	Protein	0.0	Deterministic	P00533-1,CHEBI:18348,P01133-1
cyt_cong__EGF_1__p_EGFR_1__EGF_1__p_EGFR_1__PLCG__PIP2_	Cytoplasm	Protein	0.0	Deterministic	P00533-1,CHEBI:18348,P01133-1
cyt_cong__EGF_1__p_EGFR_1__p_ERBB3_1__PLCG__PIP2_	Cytoplasm	Protein	0.0	Deterministic	P00533-1,CHEBI:18348,P21860-1,P01133-1
cyt_cong__EGF_1__p_EGFR_1__NRG1_1__p_ERBB3_1__PLCG__PIP2_	Cytoplasm	Protein	0.0	Deterministic	Q02297-1,CHEBI:18348,P21860-1,P01133-1
cyt_cong__EGF_1__p_EGFR_1__p_ERBB4_1__PLCG__PIP2_	Cytoplasm	Protein	0.0	Deterministic	P00533-1,CHEBI:18348,Q15303-1,P01133-1
cyt_cong__EGF_1__p_EGFR_1__NRG1_1__p_ERBB4_1__PLCG__PIP2_	Cytoplasm	Protein	0.0	Deterministic	Q02297-1,Q15303-1,CHEBI:18348,P01133-1
cyt_cong__p_ERBB2_1__NRG1_1__p_ERBB3_1__PLCG__PIP2_	Cytoplasm	Protein	0.0	Deterministic	Q02297-1,P04626-1,CHEBI:18348,P21860-1
cyt_cong__p_EGFR_1__NRG1_1__p_ERBB3_1__PLCG__PIP2_	Cytoplasm	Protein	0.0	Deterministic	P00533-1,Q02297-1,CHEBI:18348,P21860-1
cyt_cong__NRG1_1__p_ERBB3_1__p_ERBB4_1__PLCG__PIP2_	Cytoplasm	Protein	0.0	Deterministic	Q02297-1,CHEBI:18348,P21860-1,Q15303-1
cyt_cong__NRG1_1__p_ERBB3_1__NRG1_1__p_ERBB4_1__PLCG__PIP2_	Cytoplasm	Protein	0.0	Deterministic	Q02297-1,CHEBI:18348,P21860-1,Q15303-1
cyt_cong__p_ERBB2_1__NRG1_1__p_ERBB4_1__PLCG__PIP2_	Cytoplasm	Protein	0.0	Deterministic	Q02297-1,CHEBI:18348,P04626-1,Q15303-1
cyt_cong__p_EGFR_1__NRG1_1__p_ERBB4_1__PLCG__PIP2_	Cytoplasm	Protein	0.0	Deterministic	P00533-1,Q02297-1,CHEBI:18348,Q15303-1
cyt_cong__p_ERBB3_1__NRG1_1__p_ERBB4_1__PLCG__PIP2_	Cytoplasm	Protein	0.0	Deterministic	Q02297-1,CHEBI:18348,P21860-1,Q15303-1
cyt_cong__NRG1_1__p_ERBB4_1__p_ERBB4_1__PLCG__PIP2_	Cytoplasm	Protein	0.0	Deterministic	Q02297-1,CHEBI:18348,Q15303-1
cyt_cong__NRG1_1__p_ERBB4_1__NRG1_1__p_ERBB4_1__PLCG__PIP2_	Cytoplasm	Protein	0.0	Deterministic	Q02297-1,CHEBI:18348,Q15303-1
cyt_cong__HGF_1__p_MET_1__p_MET_1__PLCG__PIP2_	Cytoplasm	Metabolite	0.0	Deterministic	CHEBI:18348,P14210-1,P08581-1
cyt_cong__HGF_1__p_MET_1__HGF_1__p_MET_1__PLCG__PIP2_	Cytoplasm	Metabolite	0.0	Deterministic	CHEBI:18348,P14210-1,P08581-1
cyt_cong__PDGFB_1__PGFRB__PDGFB_1__PGFRB__PLCG__PIP2_	Cytoplasm	Protein	0.0	Deterministic	P09619,CHEBI:18348,P01133-1
cyt_cong__PDGFB_1__PGFRB__PGFRB__PLCG__PIP2_	Cytoplasm	Protein	0.0	Deterministic	P09619,CHEBI:18348,P01133-1
cyt_cong__FGF__FGFR__FGF__FGFR__PLCG__PIP2_	Cytoplasm	Protein	0.0	Deterministic	P21802,P11362,P05230,P09038,CHEBI:18348
cyt_cong__FGF__FGFR__FGFR__PLCG__PIP2_	Cytoplasm	Protein	0.0	Deterministic	P21802,P11362,P05230,P09038,CHEBI:18348
cyt_cong__IGF__p_IGF1R_1__p_IGF1R_1__IRS__PLCG__PIP2_	Cytoplasm	Protein	0.0	Deterministic	Q9Y4H2,P01344,CHEBI:18348,P35568,P05019,P08069
cyt_cong__INS_1__p_INSR_1__p_INSR_1__IRS__PLCG__PIP2_	Cytoplasm	Protein	0.0	Deterministic	Q9Y4H2,CHEBI:18348,P06213-1,P35568,P01308-1
cyt_cong__IGF__p_IGF1R_1__p_IGF1R_1__IGF__IRS__PLCG__PIP2_	Cytoplasm	Protein	0.0	Deterministic	Q9Y4H2,P01344,CHEBI:18348,P35568,P05019,P08069
cyt_cong__INS_1__p_INSR_1__p_INSR_1__INS_1__IRS__PLCG__PIP2_	Cytoplasm	Protein	0.0	Deterministic	Q9Y4H2,CHEBI:18348,P06213-1,P35568,P01308-1
cyt_cong__EGF_1__p_EGFR_1__p_ERBB2_1__PIK3C__PIK3R__PIP2_	Cytoplasm	Protein	0.0	Deterministic	P00533-1,CHEBI:18348,P04626-1,P01133-1
cyt_cong__EGF_1__p_EGFR_1__p_EGFR_1__PIK3C__PIK3R__PIP2_	Cytoplasm	Protein	0.0	Deterministic	P00533-1,CHEBI:18348,P01133-1
cyt_cong__EGF_1__p_EGFR_1__EGF_1__p_EGFR_1__PIK3C__PIK3R__PIP2_	Cytoplasm	Protein	0.0	Deterministic	P00533-1,CHEBI:18348,P01133-1
cyt_cong__EGF_1__p_EGFR_1__p_ERBB3_1__PIK3C__PIK3R__PIP2_	Cytoplasm	Protein	0.0	Deterministic	P00533-1,CHEBI:18348,P21860-1,P01133-1
cyt_cong__EGF_1__p_EGFR_1__NRG1_1__p_ERBB3_1__PIK3C__PIK3R__PIP2_	Cytoplasm	Protein	0.0	Deterministic	Q02297-1,CHEBI:18348,P21860-1,P01133-1
cyt_cong__EGF_1__p_EGFR_1__p_ERBB4_1__PIK3C__PIK3R__PIP2_	Cytoplasm	Protein	0.0	Deterministic	P00533-1,CHEBI:18348,Q15303-1,P01133-1
cyt_cong__EGF_1__p_EGFR_1__NRG1_1__p_ERBB4_1__PIK3C__PIK3R__PIP2_	Cytoplasm	Protein	0.0	Deterministic	Q02297-1,Q15303-1,CHEBI:18348,P01133-1
cyt_cong__p_ERBB2_1__NRG1_1__p_ERBB3_1__PIK3C__PIK3R__PIP2_	Cytoplasm	Protein	0.0	Deterministic	Q02297-1,P04626-1,CHEBI:18348,P21860-1
cyt_cong__p_EGFR_1__NRG1_1__p_ERBB3_1__PIK3C__PIK3R__PIP2_	Cytoplasm	Protein	0.0	Deterministic	P00533-1,Q02297-1,CHEBI:18348,P21860-1
cyt_cong__NRG1_1__p_ERBB3_1__p_ERBB4_1__PIK3C__PIK3R__PIP2_	Cytoplasm	Protein	0.0	Deterministic	Q02297-1,CHEBI:18348,P21860-1,Q15303-1
cyt_cong__NRG1_1__p_ERBB3_1__NRG1_1__p_ERBB4_1__PIK3C__PIK3R__PIP2_	Cytoplasm	Protein	0.0	Deterministic	Q02297-1,CHEBI:18348,P21860-1,Q15303-1
cyt_cong__p_ERBB2_1__NRG1_1__p_ERBB4_1__PIK3C__PIK3R__PIP2_	Cytoplasm	Protein	0.0	Deterministic	Q02297-1,CHEBI:18348,P04626-1,Q15303-1
cyt_cong__p_EGFR_1__NRG1_1__p_ERBB4_1__PIK3C__PIK3R__PIP2_	Cytoplasm	Protein	0.0	Deterministic	P00533-1,Q02297-1,CHEBI:18348,Q15303-1
cyt_cong__p_ERBB3_1__NRG1_1__p_ERBB4_1__PIK3C__PIK3R__PIP2_	Cytoplasm	Protein	0.0	Deterministic	Q02297-1,CHEBI:18348,P21860-1,Q15303-1
cyt_cong__NRG1_1__p_ERBB4_1__p_ERBB4_1__PIK3C__PIK3R__PIP2_	Cytoplasm	Protein	0.0	Deterministic	Q02297-1,CHEBI:18348,Q15303-1
cyt_cong__NRG1_1__p_ERBB4_1__NRG1_1__p_ERBB4_1__PIK3C__PIK3R__PIP2_	Cytoplasm	Protein	0.0	Deterministic	Q02297-1,CHEBI:18348,Q15303-1
cyt_cong__HGF_1__p_MET_1__p_MET_1__PIK3C__PIK3R__PIP2_	Cytoplasm	Metabolite	0.0	Deterministic	CHEBI:18348,P14210-1,P08581-1
cyt_cong__HGF_1__p_MET_1__HGF_1__p_MET_1__PIK3C__PIK3R__PIP2_	Cytoplasm	Metabolite	0.0	Deterministic	CHEBI:18348,P14210-1,P08581-1
cyt_cong__PDGFB_1__PGFRB__PDGFB_1__PGFRB__PIK3C__PIK3R__PIP2_	Cytoplasm	Protein	0.0	Deterministic	P09619,CHEBI:18348,P01133-1
cyt_cong__PDGFB_1__PGFRB__PGFRB__PIK3C__PIK3R__PIP2_	Cytoplasm	Protein	0.0	Deterministic	P09619,CHEBI:18348,P01133-1
cyt_cong__FGF__FGFR__FGF__FGFR__PIK3C__PIK3R__PIP2_	Cytoplasm	Protein	0.0	Deterministic	P21802,P11362,P05230,P09038,CHEBI:18348
cyt_cong__FGF__FGFR__FGFR__PIK3C__PIK3R__PIP2_	Cytoplasm	Protein	0.0	Deterministic	P21802,P11362,P05230,P09038,CHEBI:18348
cyt_cong__IGF__p_IGF1R_1__p_IGF1R_1__IRS__PIK3C__PIK3R__PIP2_	Cytoplasm	Protein	0.0	Deterministic	Q9Y4H2,P01344,CHEBI:18348,P35568,P05019,P08069
cyt_cong__INS_1__p_INSR_1__p_INSR_1__IRS__PIK3C__PIK3R__PIP2_	Cytoplasm	Protein	0.0	Deterministic	Q9Y4H2,CHEBI:18348,P06213-1,P35568,P01308-1
cyt_cong__IGF__p_IGF1R_1__p_IGF1R_1__IGF__IRS__PIK3C__PIK3R__PIP2_	Cytoplasm	Protein	0.0	Deterministic	Q9Y4H2,P01344,CHEBI:18348,P35568,P05019,P08069
cyt_cong__INS_1__p_INSR_1__p_INSR_1__INS_1__IRS__PIK3C__PIK3R__PIP2_	Cytoplasm	Protein	0.0	Deterministic	Q9Y4H2,CHEBI:18348,P06213-1,P35568,P01308-1
cyt_mixed__EGF_1__p_EGFR_1__p_ERBB2_1__P3C2A__PIP_	Cytoplasm	Protein	0.0	Deterministic	P04626-1,P01133-1,P00533-1
cyt_mixed__EGF_1__p_EGFR_1__p_EGFR_1__P3C2A__PIP_	Cytoplasm	Protein	0.0	Deterministic	P00533-1,P01133-1
cyt_mixed__EGF_1__p_EGFR_1__EGF_1__p_EGFR_1__P3C2A__PIP_	Cytoplasm	Protein	0.0	Deterministic	P00533-1,P01133-1
cyt_mixed__EGF_1__p_EGFR_1__p_ERBB3_1__P3C2A__PIP_	Cytoplasm	Protein	0.0	Deterministic	P00533-1,P01133-1,P21860-1
cyt_mixed__EGF_1__p_EGFR_1__NRG1_1__p_ERBB3_1__P3C2A__PIP_	Cytoplasm	Protein	0.0	Deterministic	P00533-1,Q02297-1,P21860-1,P01133-1
cyt_mixed__EGF_1__p_EGFR_1__p_ERBB4_1__P3C2A__PIP_	Cytoplasm	Protein	0.0	Deterministic	P00533-1,P01133-1,Q15303-1
cyt_mixed__EGF_1__p_EGFR_1__NRG1_1__p_ERBB4_1__P3C2A__PIP_	Cytoplasm	Protein	0.0	Deterministic	P00533-1,Q02297-1,Q15303-1,P01133-1
cyt_mixed__p_ERBB2_1__NRG1_1__p_ERBB3_1__P3C2A__PIP_	Cytoplasm	Protein	0.0	Deterministic	Q02297-1,P04626-1,P21860-1
cyt_mixed__p_EGFR_1__NRG1_1__p_ERBB3_1__P3C2A__PIP_	Cytoplasm	Protein	0.0	Deterministic	Q02297-1,P00533-1,P21860-1
cyt_mixed__NRG1_1__p_ERBB3_1__p_ERBB4_1__P3C2A__PIP_	Cytoplasm	Protein	0.0	Deterministic	Q02297-1,P21860-1,Q15303-1
cyt_mixed__NRG1_1__p_ERBB3_1__NRG1_1__p_ERBB4_1__P3C2A__PIP_	Cytoplasm	Protein	0.0	Deterministic	Q02297-1,P21860-1,Q15303-1
cyt_mixed__p_ERBB2_1__NRG1_1__p_ERBB4_1__P3C2A__PIP_	Cytoplasm	Protein	0.0	Deterministic	Q02297-1,P04626-1,Q15303-1
cyt_mixed__p_EGFR_1__NRG1_1__p_ERBB4_1__P3C2A__PIP_	Cytoplasm	Protein	0.0	Deterministic	Q02297-1,P00533-1,Q15303-1
cyt_mixed__p_ERBB3_1__NRG1_1__p_ERBB4_1__P3C2A__PIP_	Cytoplasm	Protein	0.0	Deterministic	Q02297-1,P21860-1,Q15303-1
cyt_mixed__NRG1_1__p_ERBB4_1__p_ERBB4_1__P3C2A__PIP_	Cytoplasm	Protein	0.0	Deterministic	Q15303-1,Q02297-1
cyt_mixed__NRG1_1__p_ERBB4_1__NRG1_1__p_ERBB4_1__P3C2A__PIP_	Cytoplasm	Protein	0.0	Deterministic	Q15303-1,Q02297-1
cyt_mixed__HGF_1__p_MET_1__p_MET_1__P3C2A__PIP_	Cytoplasm	Protein	0.0	Deterministic	P14210-1,P08581-1
cyt_mixed__HGF_1__p_MET_1__HGF_1__p_MET_1__P3C2A__PIP_	Cytoplasm	Protein	0.0	Deterministic	P14210-1,P08581-1
cyt_cong__PDGFB_1__PGFRB__PDGFB_1__PGFRB__P3C2A__PIP_	Cytoplasm	Protein	0.0	Deterministic	P09619,P01133-1
cyt_cong__PGFRB__PGFRB__PGFRB__P3C2A__PIP_	Cytoplasm	Protein	0.0	Deterministic	P09619,P01127-1
cyt_cong__FGF__FGFR__FGF__FGFR__P3C2A__PIP_	Cytoplasm	Protein	0.0	Deterministic	P21802,P11362,P05230,P09038
cyt_cong__FGF__FGFR__FGFR__P3C2A__PIP_	Cytoplasm	Protein	0.0	Deterministic	P21802,P11362,P05230,P09038
cyt_cong__IGF__p_IGF1R_1__p_IGF1R_1__IRS__P3C2A__PIP_	Cytoplasm	Protein	0.0	Deterministic	P35568,P01344,P05019,Q9Y4H2,P08069
cyt_cong__INS_1__p_INSR_1__p_INSR_1__IRS__P3C2A__PIP_	Cytoplasm	Protein	0.0	Deterministic	P35568,P06213-1,Q9Y4H2,P01308-1
cyt_cong__IGF__p_IGF1R_1__p_IGF1R_1__IGF__IRS__P3C2A__PIP_	Cytoplasm	Protein	0.0	Deterministic	P35568,P01344,P05019,Q9Y4H2,P08069
cyt_cong__INS_1__p_INSR_1__p_INSR_1__INS_1__IRS__P3C2A__PIP_	Cytoplasm	Protein	0.0	Deterministic	P35568,P06213-1,Q9Y4H2,P01308-1
cyt_cong__IRS_	Cytoplasm	Protein	0.9354614267	Deterministic	P35568,Q9Y4H2
cyt_prot__SPY2_1_	Cytoplasm	Protein	0.01808573061	Deterministic	O43597
cyt_prot__CBL_1_	Cytoplasm	Protein	5.299368504	Deterministic	P22681
cyt_prot__GRB2_1_	Cytoplasm	Protein	60.84451487	Deterministic	P62993-1
cyt_prot__GRB2__SOS1_1_	Cytoplasm	Protein	0.2810204152	Deterministic	P62993-1,Q07889-1
nuc_prot__GRB2__p_SOS1_1_	Cytoplasm	Protein	0.2775355327	Deterministic	P62993-1,Q07889-1
cyt_cong__PLCG_	Cytoplasm	Protein	2.214052426	Deterministic	P19174,P16885
cyt_cong__PIK3C_	Cytoplasm	Protein	0.02369597331	Deterministic	P42336,P42338,P48736,O00329
cyt_cong__PIK3R_	Cytoplasm	Protein	8.962088415	Deterministic	P27986,O00459,Q92569,Q99570
cyt_cong__PIK3C__PIK3R_	Cytoplasm	Protein	2.010578135	Deterministic	P42336,P42338,P48736,O00329,P27986,O00459,Q92569,Q99570
cyt_cong__p_PIK3C__PIK3R_	Cytoplasm	Protein	0.3385135811	Deterministic	P42336,P42338,P48736,O00329,P27986,O00459,Q92569,Q99570
cyt_prot__P3C2A_1_	Cytoplasm	Protein	1.723235633	Deterministic	O00443-1
cyt_prot__RPTOR_1__MTOR_1_	Cytoplasm	Protein	2.742881957	Deterministic	P42345,Q8N122-1
cyt_prot_a__RPTOR_1__MTOR_1_	Cytoplasm	Protein	0.1860980378	Deterministic	P42345,Q8N122-1
cyt_comp__PIP_	Cytoplasm	Metabolite	0.0	Deterministic	CHEBI:26036
cyt_comp__PI_3_P_	Cytoplasm	Metabolite	0.0	Deterministic	CHEBI:26034
cyt_comp__CDP_DAG_	Cytoplasm	Metabolite	0.0	Deterministic	CHEBI:17962
cyt_cong__RASGRP_	Cytoplasm	Protein	9.676785567	Deterministic	P07492-1
cyt_cong__CDP_DAG__RASGRP_	Cytoplasm	Metabolite	0.0	Deterministic	CHEBI:17962,P07492-1
cyt_cong__RAS__GTP_	Cytoplasm	Protein	2.800104908	Deterministic	P01111,CHEBI:15996,P01116,P01112
cyt_cong__RAS__GDP_	Cytoplasm	Protein	161.2777085	Deterministic	P01111,P01116,CHEBI:17522,P01112
cyt_prot__NF1_1_	Cytoplasm	Protein	0.7812814321	Deterministic	P21359-1
cyt_prot__p_NF1_1_	Cytoplasm	Protein	0.0	Deterministic	P21359-1
cyt_prot__pS29_pS43_pS289_pS296_pS301_pS642_RAF1_1_	Cytoplasm	Protein	3.223639905	Deterministic	P04049-1
cyt_prot__RAF1_1_	Cytoplasm	Protein	3.263604692	Deterministic	P04049-1
cyt_cong__RAS__GTP__RAF1_1_	Cytoplasm	Protein	0.9113379923	Deterministic	P01111,CHEBI:15996,P01116,P01112
cyt_prot__BRAF_1_	Cytoplasm	Protein	0.4164321594	Deterministic	P15056
cyt_cong__RAS__GTP__RAF1_1__BRAF_1_	Cytoplasm	Metabolite	0.1058145217	Deterministic	CHEBI:15996,P15056,P04049-1
cyt_cong__MEK_	Cytoplasm	Protein	124.7698775	Deterministic	Q02750,P36507
cyt_prot__p_MEK_	Cytoplasm	Protein	16.33498409	Deterministic	Q02750,P36507
cyt_prot__p_p_MEK_	Cytoplasm	Protein	21.38149735	Deterministic	Q02750,P36507
cyt_prot__DUS6_1_	Cytoplasm	Protein	0.001983584425	Deterministic	Q16828-1
nuc_cong__ERK_	Nucleus	Protein	0.3987465828	Deterministic	P28482,P27361
nuc_cong__p_p_ERK_	Nucleus	Protein	7.175143579	Deterministic	P28482,P27361
cyt_cong__RPS6KA_	Cytoplasm	Protein	69.65112307	Deterministic	Q15418,Q15349,P51812,O75676
cyt_cong__p_RPS6KA_	Cytoplasm	Protein	0.6886433904	Deterministic	Q15418,Q15349,P51812,O75676
nuc_cong__p_RPS6KA_	Nucleus	Protein	1.74756681	Deterministic	Q15418,Q15349,P51812,O75676
nuc_prot__DUS1_	Nucleus	Protein	0.00204714573	Deterministic	P28562
nuc_prot__p_DUS1_	Nucleus	Protein	0.01576521236	Deterministic	P28562
nuc_prot__FOS_1_	Nucleus	Protein	2.985524393	Deterministic	P01100-1
nuc_prot__p_FOS_1_	Nucleus	Protein	0.2419661922	Deterministic	P01100-1
nuc_prot__JUN_	Nucleus	Protein	2.871228268	Deterministic	P05412
nuc_prot__p_FOS_1__JUN_	Nucleus	Protein	0.06914120439	Deterministic	P01100-1,P05412
nuc_prot__MYC_2_	Nucleus	Protein	45.43934455	Deterministic	P01106-2
nuc_prot__CTNB1_	Nucleus	Protein	35.4866998	Deterministic	P35222
cyt_prot__CTNB1_1_	Cytoplasm	Protein	17.75651187	Deterministic	P35222
cyt_prot__pS33_pS37_pT41_CTNB1_	Cytoplasm	Protein	179.7919173	Deterministic	P35222
cyt_comp__IP3_	Cytoplasm	Metabolite	0.0	Deterministic	CHEBI:16595,P27987,Q96DU7
cyt_comp__PIP2_	Cytoplasm	Metabolite	9998.269998	Deterministic	CHEBI:18348
cyt_comp__PIP3_	Cytoplasm	Metabolite	1.607259025	Deterministic	CHEBI:16618
cyt_prot__PTEN_1_	Cytoplasm	Protein	2.315664435	Deterministic	P60484-1
cyt_cong__PIP3__AKT_	Cytoplasm	Protein	0.7350983973	Deterministic	P31749,P31751,CHEBI:16618
cyt_cong__AKT_	Cytoplasm	Protein	48.16256372	Deterministic	P31749,P31751
cyt_cong__p_AKT_	Cytoplasm	Protein	0.03892695091	Deterministic	P31749,P31751
cyt_cong__p_p_AKT_	Cytoplasm	Protein	0.3892919084	Deterministic	P31749,P31751
cyt_prot__PDPK1_1_	Cytoplasm	Protein	11.50724922	Deterministic	O15530-1
cyt_mixed__PIP3__PDPK1_1_	Cytoplasm	Metabolite	0.184938312	Deterministic	CHEBI:16618,O15530-1
cyt_cong__PIP3__p_AKT_	Cytoplasm	Protein	0.06359506873	Deterministic	P31749,P31751,Q9Y243,CHEBI:16618
cyt_prot__RICTR_1_	Cytoplasm	Protein	0.1671166632	Deterministic	Q6R327-1
cyt_prot__MTOR_1_	Cytoplasm	Protein	1.180387947	Deterministic	P42345
cyt_prot__RICTR_1__MTOR_1_	Cytoplasm	Protein	1.839403639	Deterministic	P42345,Q6R327-1
cyt_mixed__PIP3__p_p_AKT_	Cytoplasm	Protein	0.003957820178	Deterministic	P31749,P31751,Q9Y243,CHEBI:16618
cyt_prot__GSK3B_1_	Cytoplasm	Protein	40.76507343	Deterministic	P49841-1
cyt_prot__pS9_GSK3B_1_	Cytoplasm	Protein	1.441831283	Deterministic	P49841-1
cyt_prot__TSC1_1_	Cytoplasm	Protein	0.05639546773	Deterministic	Q92574-1
cyt_prot__TSC2_1_	Cytoplasm	Protein	0.3487556372	Deterministic	P49815-1
cyt_prot__p_TSC2_1_	Cytoplasm	Protein	0.08680177471	Deterministic	P49815-1
cyt_prot__TSC1_1__TSC2_1_	Cytoplasm	Protein	0.1965771486	Deterministic	Q92574-1,P49815-1
cyt_cong__PKC_	Cytoplasm	Protein	20.15290048	Deterministic	P17252,P05771,P05129,Q05655
cyt_cong__CDP_DAG__PKC_	Cytoplasm	Metabolite	0.0	Deterministic	CHEBI:17962,P17252,P05771,P05129,Q05655
cyt_prot__pS153_PEBP1_1_	Cytoplasm	Protein	1.47e-09	Deterministic	P30086
cyt_prot__PEBP1_1_	Cytoplasm	Protein	1039.045014	Deterministic	P30086
cyt_prot__PEBP1_1__RAF1_1_	Cytoplasm	Protein	0.0	Deterministic	P30086,P04049-1
cyt_cong__ERK_	Cytoplasm	Protein	220.5970742	Deterministic	P28482,P27361
cyt_cong__p_ERK_	Cytoplasm	Protein	22.38543504	Deterministic	P28482,P27361
cyt_cong__p_p_ERK_	Cytoplasm	Protein	10.87584841	Deterministic	P28482,P27361
cyt_prot__FOXO3_1_	Cytoplasm	Protein	0.3011389969	Deterministic	O43524-1
cyt_prot__pT32_pS253_FOXO3_1_	Cytoplasm	Protein	0.5116564989	Deterministic	O43524-1
cyt_mixed__RHEB__GDP_	Cytoplasm	Protein	105.3074772	Deterministic	Q15382,CHEBI:17522
cyt_mixed__RHEB__GTP_	Cytoplasm	Protein	0.0	Deterministic	Q15382,CHEBI:15996
cyt_prot__RPTOR_1_	Cytoplasm	Protein	0.2956705427	Deterministic	Q8N122-1
cyt_prot__KS6B1_1_	Cytoplasm	Protein	18.41546414	Deterministic	P23443-1
cyt_prot__pT412_KS6B1_1_	Cytoplasm	Protein	1.038285311	Deterministic	P23443-1
cyt_prot__4EBP1_1_	Cytoplasm	Protein	0.6519863334	Deterministic	Q13541
cyt_prot__pT37_pT46_4EBP1_1_	Cytoplasm	Protein	1.099698471	Deterministic	Q13541
cyt_prot__SOS1_1_	Cytoplasm	Protein	0.0005650214536	Deterministic	Q07889-1
cyt_cong__GRB2__SOS1_1__p_p_ERK_	Cytoplasm	Protein	0.002778458518	Deterministic	P62993-1,Q07889-1,P28482,P27361
cyt_cong__RAF1_1__p_p_ERK_	Cytoplasm	Protein	0.03226741766	Deterministic	P04049-1,P28482,P27361
cyt_cong__RAS__GDP__CDP_DAG__RASGRP_	Cytoplasm	Protein	0.0	Deterministic	P01111,P01116,P01112,CHEBI:17522,CHEBI:17962,P07492-1
cyt_cong__RAS__GTP__NF1_1_	Cytoplasm	Protein	0.003646114536	Deterministic	P01111,CHEBI:15996,P01116,P01112,P21359-1
cyt_cong__NF1_1__p_p_ERK_	Cytoplasm	Protein	0.0	Deterministic	P21359-1,P28482,P27361
cyt_cong__MEK__RAS__GTP__RAF1_1__BRAF_1_	Cytoplasm	Protein	0.2200407289	Deterministic	Q02750,P36507,CHEBI:15996,P15056,P04049-1
cyt_cong__p_MEK__RAS__GTP__RAF1_1__BRAF_1_	Cytoplasm	Protein	0.02880792928	Deterministic	Q02750,P36507,CHEBI:15996,P15056,P04049-1
cyt_cong__ERK__p_p_MEK_	Cytoplasm	Protein	2.358343832	Deterministic	P27361,P28482,Q02750,P36507
cyt_cong__p_ERK__p_p_MEK_	Cytoplasm	Protein	0.2393166493	Deterministic	P27362,P28483,Q02751,P36508
cyt_cong__RPS6KA__p_p_ERK_	Cytoplasm	Protein	0.6886479027	Deterministic	Q15418,Q15349,P51812,O75676,P27361,P28482
nuc_cong__p_RPS6KA__DUS1_	Nucleus	Protein	3.25e-06	Deterministic	Q15418,Q15349,P51812,O75676,P28562
nuc_cong__p_p_ERK__DUS1_	Nucleus	Protein	1.34e-05	Deterministic	P27361,P28482,P28562
nuc_prot__FOS_1__p_RPS6KA_	Nucleus	Protein	0.004741987248	Deterministic	P01100-1,Q15418,Q15349,P51812,O75676
nuc_cong__FOS_1__p_p_ERK_	Nucleus	Protein	0.0194696072	Deterministic	P01100-1,P27361,P28482
cyt_cong__PEBP1_1__CDP_DAG__PKC_	Cytoplasm	Protein	0.0	Deterministic	P30086,CHEBI:17962,P17252,P05771,P05129,Q05655
cyt_mixed__PIP3__PTEN_1_	Cytoplasm	Metabolite	0.003383520066	Deterministic	CHEBI:16618,P60484-1
cyt_cong__PIP3__AKT__PIP3__PDPK1_1_	Cytoplasm	Metabolite	0.0004531593108	Deterministic	CHEBI:16618,P31751,P31749,O15530-1,Q9Y243
cyt_cong__PIP3__p_AKT__RICTR_1__MTOR_1_	Cytoplasm	Protein	0.0003899231479	Deterministic	P31749,Q9Y243,CHEBI:16618,P31751
cyt_cong__GSK3B_1__p_p_AKT_	Cytoplasm	Protein	0.01442675343	Deterministic	P31749,P31751,Q9Y243
cyt_cong__TSC2_1__p_p_AKT_	Cytoplasm	Protein	0.0006788367848	Deterministic	Q9Y243,P31751,P31749,P49815-1
cyt_cong__TSC2_1__p_p_ERK_	Cytoplasm	Protein	0.001896455965	Deterministic	P49815-1,P28482,P27361
cyt_mixed__RHEB__GTP__TSC1_1__TSC2_1_	Cytoplasm	Protein	0.0	Deterministic	Q15382,CHEBI:15996,Q92574-1,P49815-1
cyt_prot_a__4EBP1_1__RPTOR_1__MTOR_1_	Cytoplasm	Protein	0.001103027667	Deterministic	Q13541,P42345,Q8N122-1
cyt_prot_a__KS6B1_1__RPTOR_1__MTOR_1_	Cytoplasm	Protein	0.003115521642	Deterministic	P23443-1,P42345,Q8N122-1
cyt_cong__FOXO3_1__p_p_AKT_	Cytoplasm	Protein	0.0005328652799	Deterministic	P31749,P31751,Q9Y243
cyt_cong_a__PIK3C__PIK3R__RPTOR_1__MTOR_1_	Cytoplasm	Protein	0.0003401418026	Deterministic	P42336,P42338,P48736,O00329,P27986,O00459,Q92569,Q99570,P42345,Q8N122-1
cyt_cong__p_ERK__DUS6_1_	Cytoplasm	Protein	4.04e-05	Deterministic	P28482,P27361,Q16828-1
cyt_cong__p_p_ERK__DUS6_1_	Cytoplasm	Protein	0.0	Deterministic	P28482,P27361,Q16828-1
cyt_cong__p_p_ERK__p_DUS1_	Cytoplasm	Protein	0.0001027622895	Deterministic	P28482,P27361,P28562
cyt_cong__RAS__GTP__BRAF_1_	Cytoplasm	Protein	0.1161464233	Deterministic	P01111,CHEBI:15996,P01116,P01112,P15056
cyt_cong__RAS__GTP__BRAF_1__BRAF_1_	Cytoplasm	Protein	0.001348969533	Deterministic	P01111,CHEBI:15996,P01116,P01112,P15056
cyt_cong__MEK__RAS__GTP__BRAF_1__BRAF_1_	Cytoplasm	Protein	0.00153009651	Deterministic	Q02750,P36507,P01111,P01116,P01112,CHEBI:15996,P15056
cyt_cong__p_MEK__RAS__GTP__BRAF_1__BRAF_1_	Cytoplasm	Protein	0.0002003216054	Deterministic	Q02750,P36507,P01111,P01116,P01112,CHEBI:15996,P15056
cyt_prot__IF4E_1_	Cytoplasm	Protein	235.6398262	Deterministic	P06730-1
cyt_prot__4EBP1_1__IF4E_1_	Cytoplasm	Protein	15.3170243	Deterministic	Q13541,P06730-1
cyt_mixed__RAS__GTP__RAF1_1__RAF1_1_	Cytoplasm	Protein	0.08304725671	Deterministic	P01111,CHEBI:15996,P01116,P01112,P04049-1
cyt_cong__MEK__RAS__GTP__RAF1_1__RAF1_1_	Cytoplasm	Protein	0.5180873096	Deterministic	Q02750,P36507,P01111,CHEBI:15996,P01116,P01112,P04049-1
cyt_cong__p_MEK__RAS__GTP__RAF1_1__RAF1_1_	Cytoplasm	Protein	0.06782845453	Deterministic	Q02750,P36507,P01111,P01116,P01112,CHEBI:15996,P04049-1
nuc_prot__FOXO3_1_	Nucleus	Protein	9.030426687	Deterministic	O43524-1
cyt_abs__MEKinhibitor_	Cytoplasm	Protein	0.0	Deterministic	Q02750,P36507
cyt_abs__MEKinhibitor__p_p_MEK_	Cytoplasm	Protein	0.0	Deterministic	Q02750,P36507
cyt_abs__AKTinhibitor_	Cytoplasm	Protein	0.0	Deterministic	P31749,P31751
cyt_abs__AKTinhibitor__AKT_	Cytoplasm	Protein	0.0	Deterministic	P31749,P31751
cyt_abs__TotalmRNA_	Cytoplasm	Protein	37.68942105	Deterministic	ChEBI:33699
cyt_abs__IF4E_1__TotalmRNA_	Cytoplasm	Protein	88.80980732	Deterministic	ChEBI:33699,P06730-1
cyt_prot__INGR2_1_	Cytoplasm	Protein	0.7885015722	Deterministic	P38484
cyt_cong__JAK_	Cytoplasm	Protein	12.90983459	Deterministic	P23458,O60674
cyt_cong__INGR2_1__JAK_	Cytoplasm	Protein	20.35697717	Deterministic	P38484,P23458,O60674
cyt_cong__IFNG_1_INGR2_1__JAK_	Cytoplasm	Protein	0.0	Deterministic	P01579,P38484,P23458,O60674
cyt_cong__IFNG_1__INGR2_1__JAK__INGR2_1__JAK_	Cytoplasm	Protein	0.0	Deterministic	P01579,P38484,P23458,O60674
cyt_cong__IFNG_1__p_INGR2_1__JAK__p_INGR2_1__JAK_	Cytoplasm	Protein	0.0	Deterministic	P01579,P38484,P23458,O60674
cyt_prot__STAT1_1_	Cytoplasm	Protein	27.33330844	Deterministic	P42224
cyt_cong__IFNG_1__p_INGR2_1__JAK__p_INGR2_1__JAK__STAT1_1_	Cytoplasm	Protein	0.0	Deterministic	P01579,P38484,P23458,O60674,P42224
cyt_prot__p_STAT1_1_	Cytoplasm	Protein	0.0	Deterministic	P42224
cyt_cong__IFNG_1__p_INGR2_1__JAK__p_INGR2_1__JAK__p_STAT1_1_	Cytoplasm	Protein	0.0	Deterministic	P01579,P38484,P23458,O60674,P42224
cyt_prot__p_STAT1_1__p_STAT1_1_	Cytoplasm	Protein	0.0	Deterministic	P42224
cyt_prot__PTN11_2_	Cytoplasm	Protein	56.22284261	Deterministic	Q06124-2
cyt_cong__IFNG_1__p_INGR2_1__JAK__p_INGR2_1__JAK__PTN11_2_	Cytoplasm	Protein	0.0	Deterministic	P01579,P38484,P23458,O60674,Q06124-2
cyt_prot__PTN1_1_	Cytoplasm	Protein	28.11142131	Deterministic	P18031
cyt_prot__p_STAT1_1__PTN1_1_	Cytoplasm	Protein	0.0	Deterministic	P42224,P18031
cyt_prot__STAT1_1__p_STAT1_1_	Cytoplasm	Protein	0.0	Deterministic	P42224
nuc_prot__p_STAT1_1__p_STAT1_1_	Nucleus	Protein	0.0	Deterministic	P42224
nuc_prot__p_STAT1_1_	Nucleus	Protein	0.0	Deterministic	P42224
nuc_prot__PTN2_1_	Nucleus	Protein	28.11142131	Deterministic	P17706-2
nuc_prot__p_STAT1_1__PTN2_1_	Nucleus	Protein	0.0	Deterministic	P42224,P17706-2
nuc_prot__STAT1_1_	Nucleus	Protein	0.0	Deterministic	P42224
nuc_prot__STAT1_1__p_STAT1_1_	Nucleus	Protein	0.0	Deterministic	P42224
cyt_prot__SOCS1_1_	Cytoplasm	Protein	0.0	Deterministic	O15524
cyt_cong__IFNG_1__p_INGR2_1__JAK__p_INGR2_1__JAK__SOCS1_1_	Cytoplasm	Protein	0.0	Deterministic	P01579,P38484,P23458,O60674,O15524
cyt_cong__IFNG_1__p_INGR2_1__JAK__p_INGR2_1__JAK__PTN11_2__SOCS1_1__STAT1_1_	Cytoplasm	Protein	0.0	Deterministic	P01579,P38484,P23458,O60674,Q06124-2,O15524,P42224
cyt_prot__p_STAT1_1__p_STAT1_1__PTN1_1_	Cytoplasm	Protein	0.0	Deterministic	P42224,P18031
nuc_prot__p_STAT1_1__p_STAT1_1__PTN2_1_	Nucleus	Protein	0.0	Deterministic	P42224,P17706-2
cyt_cong__IFNG_1__p_INGR2_1__JAK__p_INGR2_1__JAK__SOCS1_1__STAT1_1_	Cytoplasm	Protein	0.0	Deterministic	P01579,P38484,P23458,O60674,O15524,P42224
exc_prot__IFNG_1_	Extracellular	Protein	0.0	Deterministic	P01579
cyt_cong__IFNG_1__p_INGR2_1__JAK__p_INGR2_1__JAK__PTN11_2__STAT1_1_	Cytoplasm	Protein	0.0	Deterministic	P01579,P38484,P23458,O60674,Q06124-2,P42224
cyt_cong__IFNG_1__p_INGR2_1__JAK__p_INGR2_1__JAK__PTN11_2__SOCS1_1_	Cytoplasm	Protein	0.0	Deterministic	P01579,P38484,P23458,O60674,Q06124-2,O15524
cyt_prot__IFNG_1__INGR2_1_	Cytoplasm	Protein	0.0	Deterministic	P01579,P38484
cyt_mrna__TP53_201_	Cytoplasm	mRNA	0.002529984	Stochastic	ENST00000269305.9
cyt_mrna__MDM2_202_	Cytoplasm	mRNA	0.0158124	Stochastic	ENST00000258149.11
cyt_mrna__PPM1D_201_	Cytoplasm	mRNA	0.0006324961	Stochastic	ENST00000305921.8
cyt_mrna__ATM_229_	Cytoplasm	mRNA	0.0009487441	Stochastic	ENST00000675843.1
cyt_mrna__ATR_201_	Cytoplasm	mRNA	0.0006324961	Stochastic	ENST00000350721.9
cyt_mrna__RB1_201_	Cytoplasm	mRNA	0.005376217	Deterministic	ENST00000267163.6
cyt_mrna__E2F1_201_	Cytoplasm	mRNA	0.005376217	Deterministic	ENST00000343380.6
cyt_mrna__E2F2_204_	Cytoplasm	mRNA	0.005376217	Deterministic	ENST00000634683.2
cyt_mrna__E2F3_201_	Cytoplasm	mRNA	0.005376217	Deterministic	ENST00000346618.8
cyt_mrna__CCND1_201_	Cytoplasm	mRNA	0.001897488	Stochastic	ENST00000227507.3
cyt_mrna__CCND2_201_	Cytoplasm	mRNA	0.000316248	Stochastic	ENST00000261254.8
cyt_mrna__CCND3_203_	Cytoplasm	mRNA	0.0006324961	Stochastic	ENST00000372991.9
cyt_mrna__CCNE1_201_	Cytoplasm	mRNA	0.005376217	Deterministic	ENST00000262643.8
cyt_mrna__CCNE2_201_	Cytoplasm	mRNA	0.005376217	Deterministic	ENST00000308108.9
cyt_mrna__SKP2_202_	Cytoplasm	mRNA	0.005376217	Deterministic	ENST00000274255.11
cyt_mrna__CDC25A_201_	Cytoplasm	mRNA	0.005376217	Deterministic	ENST00000302506.8
cyt_mrna__CDC25B_201_	Cytoplasm	mRNA	0.005376217	Deterministic	ENST00000245960.10
cyt_mrna__CDC25C_201_	Cytoplasm	mRNA	0.005376217	Deterministic	ENST00000323760.11
cyt_mrna__CCNA2_201_	Cytoplasm	mRNA	0.005376217	Deterministic	ENST00000274026.10
cyt_mrna__CDKN1B_201_	Cytoplasm	mRNA	0.005376217	Deterministic	ENST00000228872.9
cyt_mrna__FZR1_203_	Cytoplasm	mRNA	0.005376217	Deterministic	ENST00000261769.10
cyt_mrna__CCNB1_201_	Cytoplasm	mRNA	0.005376217	Deterministic	ENST00000256442.10
cyt_mrna__CDC20_201_	Cytoplasm	mRNA	0.005376217	Deterministic	ENST00000310955.11
cyt_mrna__WEE1_202_	Cytoplasm	mRNA	0.005376217	Deterministic	ENST00000450114.7
cyt_mrna__CHEK1_204_	Cytoplasm	mRNA	0.005376217	Deterministic	ENST00000438015.7
cyt_mrna__CDKN1A_201_	Cytoplasm	mRNA	0.003794976	Deterministic	ENST00000244741.10
cyt_mrna__CDK1_203_	Cytoplasm	mRNA	0.01391491	Deterministic	ENST00000395284.8
cyt_mrna__CDK2_201_	Cytoplasm	mRNA	0.0006324961	Deterministic	ENST00000266970.9
cyt_mrna__CDK4_201_	Cytoplasm	mRNA	0.003478728	Deterministic	ENST00000257904.11
cyt_mrna__CDK6_202_	Cytoplasm	mRNA	0.002213736	Deterministic	ENST00000424848.3
cyt_mrna__TNFSF10_201_	Cytoplasm	mRNA	0.0	Stochastic	ENST00000241261.7
cyt_mrna__TNFRSF10A_201_	Cytoplasm	mRNA	0.000316248	Stochastic	ENST00000221132.8
cyt_mrna__TNFRSF10B_201_	Cytoplasm	mRNA	0.004111224	Stochastic	ENST00000276431.9
cyt_mrna__CFLAR_201_	Cytoplasm	mRNA	0.00316248	Stochastic	ENST00000309955.8
cyt_mrna__CASP8_218_	Cytoplasm	mRNA	0.002529984	Stochastic	ENST00000673742.1
cyt_mrna__CASP10_202_	Cytoplasm	mRNA	0.00158124	Stochastic	ENST00000286186.11
cyt_mrna__BFAR_222_	Cytoplasm	mRNA	0.01138493	Stochastic	ENST00000261658.7
cyt_mrna__CASP3_201_	Cytoplasm	mRNA	0.004111224	Stochastic	ENST00000308394.9
cyt_mrna__CASP7_203_	Cytoplasm	mRNA	0.007273705	Stochastic	ENST00000369318.8
cyt_mrna__CASP6_201_	Cytoplasm	mRNA	0.008538697	Stochastic	ENST00000265164.7
cyt_mrna__XIAP_202_	Cytoplasm	mRNA	0.00158124	Stochastic	ENST00000371199.8
cyt_mrna__PARP1_203_	Cytoplasm	mRNA	0.006641209	Stochastic	ENST00000366794.10
cyt_mrna__BID_211_	Cytoplasm	mRNA	0.00474372	Stochastic	ENST00000622694.5
cyt_mrna__BCL2_201_	Cytoplasm	mRNA	0.0	Stochastic	ENST00000333681.5
cyt_mrna__BCL2L1_201_	Cytoplasm	mRNA	0.0009487441	Stochastic	ENST00000307677.5
cyt_mrna__MCL1_202_	Cytoplasm	mRNA	0.006641209	Stochastic	ENST00000369026.3
cyt_mrna__BAX_202_	Cytoplasm	mRNA	0.0009487441	Stochastic	ENST00000345358.12
cyt_mrna__CYC1_201_	Cytoplasm	mRNA	0.02909482	Stochastic	ENST00000305786.7
cyt_mrna__DIABLO_206_	Cytoplasm	mRNA	0.002846232	Stochastic	ENST00000464942.7
cyt_mrna__APAF1_210_	Cytoplasm	mRNA	0.0006324961	Stochastic	ENST00000551964.6
cyt_mrna__CASP9_201_	Cytoplasm	mRNA	0.0006324961	Stochastic	ENST00000333868.10
cyt_mrna__BAD_201_	Cytoplasm	mRNA	0.004111224	Stochastic	ENST00000309032.8
cyt_mrna__BBC3_203_	Cytoplasm	mRNA	0.000316248	Stochastic	ENST00000439096.3
cyt_mrna__PMAIP1_202_	Cytoplasm	mRNA	0.001264992	Stochastic	ENST00000316660.7
cyt_mrna__BCL2L11_204_	Cytoplasm	mRNA	0.0009487441	Stochastic	ENST00000393256.8
cyt_mrna__EGF_201_	Cytoplasm	mRNA	0.0	Stochastic	ENST00000265171.10
cyt_mrna__NRG1_203_	Cytoplasm	mRNA	0.0	Stochastic	ENST00000405005.8
cyt_mrna__EGFR_201_	Cytoplasm	mRNA	0.002529984	Stochastic	ENST00000275493.7
cyt_mrna__ERBB2_201_	Cytoplasm	mRNA	0.001264992	Stochastic	ENST00000269571.10
cyt_mrna__ERBB3_201_	Cytoplasm	mRNA	0.005376217	Stochastic	ENST00000267101.8
cyt_mrna__ERBB4_202_	Cytoplasm	mRNA	0.0	Stochastic	ENST00000342788.9
cyt_mrna__MET_202_	Cytoplasm	mRNA	0.005692465	Stochastic	ENST00000397752.8
cyt_mrna__HGF_201_	Cytoplasm	mRNA	0.0	Stochastic	ENST00000222390.11
cyt_mrna__PDGFRA_201_	Cytoplasm	mRNA	0.000316248	Stochastic	ENST00000257290.10
cyt_mrna__PDGFRB_201_	Cytoplasm	mRNA	0.000316248	Stochastic	ENST00000261799.9
cyt_mrna__PDGFB_201_	Cytoplasm	mRNA	0.0	Stochastic	ENST00000331163.11
cyt_mrna__SPRY2_202_	Cytoplasm	mRNA	0.0006324961	Stochastic	ENST00000377104.4
cyt_mrna__CBL_201_	Cytoplasm	mRNA	0.0009487441	Stochastic	ENST00000264033.6
cyt_mrna__GRB2_202_	Cytoplasm	mRNA	0.00158124	Stochastic	ENST00000316804.10
cyt_mrna__PLCG1_223_	Cytoplasm	mRNA	0.000316248	Stochastic	ENST00000685551.1
cyt_mrna__PLCG2_208_	Cytoplasm	mRNA	0.000316248	Stochastic	ENST00000564138.6
cyt_mrna__PIK3CA_201_	Cytoplasm	mRNA	0.0006324961	Stochastic	ENST00000263967.4
cyt_mrna__PTPN2_201_	Cytoplasm	mRNA	0.0006324961	Stochastic	ENST00000674063.1
cyt_mrna__PIK3CG_205_	Cytoplasm	mRNA	0.0	Stochastic	ENST00000496166.6
cyt_mrna__PIK3CD_202_	Cytoplasm	mRNA	0.0	Stochastic	ENST00000377346.9
cyt_mrna__PIK3R1_211_	Cytoplasm	mRNA	0.0006324961	Stochastic	ENST00000521381.6
cyt_mrna__PIK3R2_201_	Cytoplasm	mRNA	0.000316248	Stochastic	ENST00000222254.13
cyt_mrna__PIK3R3_201_	Cytoplasm	mRNA	0.002846232	Stochastic	ENST00000262741.10
cyt_mrna__PIK3R4_201_	Cytoplasm	mRNA	0.000316248	Stochastic	ENST00000356763.8
cyt_mrna__PIK3C2A_206_	Cytoplasm	mRNA	0.00158124	Stochastic	ENST00000691414.1
cyt_mrna__RASGRP1_201_	Cytoplasm	mRNA	0.0	Stochastic	ENST00000310803.10
cyt_mrna__RASGRP3_202_	Cytoplasm	mRNA	0.000316248	Stochastic	ENST00000403687.8
cyt_mrna__NRAS_201_	Cytoplasm	mRNA	0.004427472	Stochastic	ENST00000369535.5
cyt_mrna__KRAS_202_	Cytoplasm	mRNA	0.002529984	Stochastic	ENST00000311936.8
cyt_mrna__HRAS_221_	Cytoplasm	mRNA	0.0009487441	Stochastic	ENST00000311189.8
cyt_mrna__NF1_202_	Cytoplasm	mRNA	0.001264992	Stochastic	ENST00000358273.9
cyt_mrna__RAF1_201_	Cytoplasm	mRNA	0.001897488	Stochastic	ENST00000251849.9
cyt_mrna__BRAF_220_	Cytoplasm	mRNA	0.000316248	Stochastic	ENST00000646891.2
cyt_mrna__MAP2K1_201_	Cytoplasm	mRNA	0.0006324961	Stochastic	ENST00000307102.10
cyt_mrna__MAP2K2_201_	Cytoplasm	mRNA	0.0009487441	Stochastic	ENST00000262948.10
cyt_mrna__DUSP6_201_	Cytoplasm	mRNA	0.000316248	Stochastic	ENST00000279488.8
cyt_mrna__RPS6KA1_236_	Cytoplasm	mRNA	0.000316248	Stochastic	ENST00000374168.7
cyt_mrna__RPS6KA2_201_	Cytoplasm	mRNA	0.0006324961	Stochastic	ENST00000265678.9
cyt_mrna__RPS6KA3_201_	Cytoplasm	mRNA	0.001264992	Stochastic	ENST00000379565.9
cyt_mrna__RPS6KA4_201_	Cytoplasm	mRNA	0.000316248	Stochastic	ENST00000334205.9
cyt_mrna__DUSP1_201_	Cytoplasm	mRNA	0.0009487441	Stochastic	ENST00000239223.4
cyt_mrna__FOS_201_	Cytoplasm	mRNA	0.0009487441	Stochastic	ENST00000303562.9
cyt_mrna__JUN_201_	Cytoplasm	mRNA	0.002213736	Stochastic	ENST00000371222.4
cyt_mrna__MYC_206_	Cytoplasm	mRNA	0.0006324961	Stochastic	ENST00000621592.8
cyt_mrna__CTNNB1_201_	Cytoplasm	mRNA	0.01043619	Stochastic	ENST00000349496.11
cyt_mrna__PTEN_227_	Cytoplasm	mRNA	0.007273705	Stochastic	ENST00000371953.8
cyt_mrna__AKT1_218_	Cytoplasm	mRNA	0.000316248	Stochastic	ENST00000649815.2
cyt_mrna__AKT2_206_	Cytoplasm	mRNA	0.0009487441	Stochastic	ENST00000392038.7
cyt_mrna__PDPK1_202_	Cytoplasm	mRNA	0.0009487441	Stochastic	ENST00000342085.9
cyt_mrna__RICTOR_202_	Cytoplasm	mRNA	0.001264992	Stochastic	ENST00000357387.8
cyt_mrna__MTOR_201_	Cytoplasm	mRNA	0.000316248	Stochastic	ENST00000361445.9
cyt_mrna__GSK3B_201_	Cytoplasm	mRNA	0.0009487441	Stochastic	ENST00000264235.13
cyt_mrna__TSC1_201_	Cytoplasm	mRNA	0.001264992	Stochastic	ENST00000298552.9
cyt_mrna__TSC2_201_	Cytoplasm	mRNA	0.000316248	Stochastic	ENST00000219476.9
cyt_mrna__PRKCA_202_	Cytoplasm	mRNA	0.0006324961	Stochastic	ENST00000413366.8
cyt_mrna__PRKCB_210_	Cytoplasm	mRNA	0.000316248	Stochastic	ENST00000643927.1
cyt_mrna__PRKCG_201_	Cytoplasm	mRNA	0.0	Stochastic	ENST00000263431.4
cyt_mrna__PRKCD_201_	Cytoplasm	mRNA	0.0009487441	Stochastic	ENST00000330452.8
cyt_mrna__PEBP1_201_	Cytoplasm	mRNA	0.01170118	Stochastic	ENST00000261313.3
cyt_mrna__MAPK1_201_	Cytoplasm	mRNA	0.001897488	Stochastic	ENST00000215832.11
cyt_mrna__MAPK3_201_	Cytoplasm	mRNA	0.0006324961	Stochastic	ENST00000263025.9
cyt_mrna__FOXO3_202_	Cytoplasm	mRNA	0.001264992	Stochastic	ENST00000406360.2
cyt_mrna__RHEB_201_	Cytoplasm	mRNA	0.009803689	Stochastic	ENST00000262187.10
cyt_mrna__RPTOR_201_	Cytoplasm	mRNA	0.000316248	Stochastic	ENST00000306801.8
cyt_mrna__RPS6KB1_201_	Cytoplasm	mRNA	0.0009487441	Stochastic	ENST00000225577.9
cyt_mrna__RPS6KB2_201_	Cytoplasm	mRNA	0.0006324961	Stochastic	ENST00000312629.10
cyt_mrna__EIF4EBP1_201_	Cytoplasm	mRNA	0.01201743	Stochastic	ENST00000338825.5
cyt_mrna__SOS1_202_	Cytoplasm	mRNA	0.0009487441	Stochastic	ENST00000402219.8
cyt_mrna__CDKN2A_201_	Cytoplasm	mRNA	0.0	Stochastic	ENST00000304494.10
cyt_mrna__MDM4_203_	Cytoplasm	mRNA	0.002213736	Stochastic	ENST00000367182.8
cyt_mrna__FGFR1_214_	Cytoplasm	mRNA	0.000316248	Stochastic	ENST00000447712.7
cyt_mrna__FGFR2_206_	Cytoplasm	mRNA	0.0006324961	Stochastic	ENST00000358487.10
cyt_mrna__FGF1_201_	Cytoplasm	mRNA	0.0	Stochastic	ENST00000337706.7
cyt_mrna__FGF2_203_	Cytoplasm	mRNA	0.0	Stochastic	ENST00000644866.2
cyt_mrna__EIF4E_203_	Cytoplasm	mRNA	0.01201743	Stochastic	ENST00000450253.7
cyt_mrna__IRS1_201_	Cytoplasm	mRNA	0.0009487441	Stochastic	ENST00000305123.6
cyt_mrna__IRS2_201_	Cytoplasm	mRNA	0.0006324961	Stochastic	ENST00000375856.5
cyt_mrna__IGF1_202_	Cytoplasm	mRNA	0.0	Stochastic	ENST00000337514.11
cyt_mrna__IGF2_205_	Cytoplasm	mRNA	0.0	Stochastic	ENST00000416167.7
cyt_mrna__IGF1R_217_	Cytoplasm	mRNA	0.0009487441	Stochastic	ENST00000650285.1
cyt_mrna__MSH6_201_	Cytoplasm	mRNA	0.00158124	Stochastic	ENST00000234420.11
cyt_mrna__BRCA2_201_	Cytoplasm	mRNA	0.0006324961	Stochastic	ENST00000380152.8
cyt_mrna__MGMT_205_	Cytoplasm	mRNA	0.00158124	Stochastic	ENST00000651593.1
cyt_mrna__INSR_201_	Cytoplasm	mRNA	0.001897488	Stochastic	ENST00000302850.10
cyt_mrna__INS_202_	Cytoplasm	mRNA	0.0	Stochastic	ENST00000381330.5
cyt_mrna__IFNG_201_	Cytoplasm	mRNA	0.0	Stochastic	ENST00000229135.4
cyt_mrna__IFNGR2_201_	Cytoplasm	mRNA	0.001944966	Stochastic	ENST00000290219.11
cyt_mrna__JAK1_201_	Cytoplasm	mRNA	0.003059889	Stochastic	ENST00000342505.5
cyt_mrna__STAT1_201_	Cytoplasm	mRNA	0.002514124	Stochastic	ENST00000361099.8
cyt_mrna__PTPN11_201_	Cytoplasm	mRNA	0.00517139	Stochastic	ENST00000351677.7
cyt_mrna__PIK3CB_212_	Cytoplasm	mRNA	0.002585695	Stochastic	ENST00000327283.7
cyt_mrna__PTPN1_201_	Cytoplasm	mRNA	0.002585695	Stochastic	ENST00000371621.5
cyt_mrna__SOCS1_201_	Cytoplasm	mRNA	0.0	Stochastic	ENST00000332029.4
nuc_gene_a__TP53_	Nucleus	Gene	0.0018974882	Stochastic	ENSG00000141510
nuc_gene_a__MDM2_	Nucleus	Gene	0.0018974882	Stochastic	ENSG00000135679
nuc_gene_a__PPM1D_	Nucleus	Gene	0.0018974882	Stochastic	ENSG00000170836
nuc_gene_a__ATM_	Nucleus	Gene	0.0018974882	Stochastic	ENSG00000149311
nuc_gene_a__ATR_	Nucleus	Gene	0.0018974882	Stochastic	ENSG00000175054
nuc_gene_a__RB1_	Nucleus	Gene	0.0018974882	Deterministic	ENSG00000139687
nuc_gene_a__E2F1_	Nucleus	Gene	0.0018974882	Deterministic	ENSG00000101412
nuc_gene_a__E2F2_	Nucleus	Gene	0.0018974882	Deterministic	ENSG00000007968
nuc_gene_a__E2F3_	Nucleus	Gene	0.0018974882	Deterministic	ENSG00000112242
nuc_gene_a__CCND1_	Nucleus	Gene	0.0018974882	Stochastic	ENSG00000110092
nuc_gene_a__CCND2_	Nucleus	Gene	0.0018974882	Stochastic	ENSG00000118971
nuc_gene_a__CCND3_	Nucleus	Gene	0.0018974882	Stochastic	ENSG00000112576
nuc_gene_a__CCNE1_	Nucleus	Gene	0.0018974882	Deterministic	ENSG00000105173
nuc_gene_a__CCNE2_	Nucleus	Gene	0.0018974882	Deterministic	ENSG00000175305
nuc_gene_a__SKP2_	Nucleus	Gene	0.0018974882	Deterministic	ENSG00000145604
nuc_gene_a__CDC25A_	Nucleus	Gene	0.0018974882	Deterministic	ENSG00000164045
nuc_gene_a__CDC25B_	Nucleus	Gene	0.0018974882	Deterministic	ENSG00000101224
nuc_gene_a__CDC25C_	Nucleus	Gene	0.0028462323	Deterministic	ENSG00000158402
nuc_gene_a__CCNA2_	Nucleus	Gene	0.0018974882	Deterministic	ENSG00000145386
nuc_gene_a__CDKN1B_	Nucleus	Gene	0.0018974882	Deterministic	ENSG00000111276
nuc_gene_a__FZR1_	Nucleus	Gene	0.0018974882	Deterministic	ENSG00000039068
nuc_gene_a__CCNB1_	Nucleus	Gene	0.0018974882	Deterministic	ENSG00000134057
nuc_gene_a__CDC20_	Nucleus	Gene	0.0018974882	Deterministic	ENSG00000117399
nuc_gene_a__WEE1_	Nucleus	Gene	0.0018974882	Deterministic	ENSG00000166483
nuc_gene_a__CHEK1_	Nucleus	Gene	0.0018974882	Deterministic	ENSG00000149554
nuc_gene_a__CDKN1A_	Nucleus	Gene	0.0018974882	Deterministic	ENSG00000124762
nuc_gene_a__CDK1_	Nucleus	Gene	0.0018974882	Deterministic	ENSG00000170312
nuc_gene_a__CDK2_	Nucleus	Gene	0.0018974882	Deterministic	ENSG00000123374
nuc_gene_a__CDK4_	Nucleus	Gene	0.0018974882	Deterministic	ENSG00000135446
nuc_gene_a__CDK6_	Nucleus	Gene	0.0018974882	Deterministic	ENSG00000105810
nuc_gene_a__TNFSF10_	Nucleus	Gene	0.0018974882	Stochastic	ENSG00000121858
nuc_gene_a__TNFRSF10A_	Nucleus	Gene	0.0018974882	Stochastic	ENSG00000104689
nuc_gene_a__TNFRSF10B_	Nucleus	Gene	0.0018974882	Stochastic	ENSG00000120889
nuc_gene_a__CFLAR_	Nucleus	Gene	0.0018974882	Stochastic	ENSG00000003402
nuc_gene_a__CASP8_	Nucleus	Gene	0.0018974882	Stochastic	ENSG00000064012
nuc_gene_a__CASP10_	Nucleus	Gene	0.0018974882	Stochastic	ENSG00000003400
nuc_gene_a__BFAR_	Nucleus	Gene	0.0018974882	Stochastic	ENSG00000103429
nuc_gene_a__CASP3_	Nucleus	Gene	0.0018974882	Stochastic	ENSG00000164305
nuc_gene_a__CASP7_	Nucleus	Gene	0.0018974882	Stochastic	ENSG00000165806
nuc_gene_a__CASP6_	Nucleus	Gene	0.0018974882	Stochastic	ENSG00000138794
nuc_gene_a__XIAP_	Nucleus	Gene	0.0018974882	Stochastic	ENSG00000101966
nuc_gene_a__PARP1_	Nucleus	Gene	0.0037949764	Stochastic	ENSG00000143799
nuc_gene_a__BID_	Nucleus	Gene	0.0018974882	Stochastic	ENSG00000015475
nuc_gene_a__BCL2_	Nucleus	Gene	0.0018974882	Stochastic	ENSG00000171791
nuc_gene_a__BCL2L1_	Nucleus	Gene	0.0018974882	Stochastic	ENSG00000171552
nuc_gene_a__MCL1_	Nucleus	Gene	0.0028462323	Stochastic	ENSG00000143384
nuc_gene_a__BAX_	Nucleus	Gene	0.0018974882	Stochastic	ENSG00000087088
nuc_gene_a__CYC1_	Nucleus	Gene	0.0018974882	Stochastic	ENSG00000172115
nuc_gene_a__DIABLO_	Nucleus	Gene	0.0018974882	Stochastic	ENSG00000184047
nuc_gene_a__APAF1_	Nucleus	Gene	0.0018974882	Stochastic	ENSG00000120868
nuc_gene_a__CASP9_	Nucleus	Gene	0.0018974882	Stochastic	ENSG00000132906
nuc_gene_a__BAD_	Nucleus	Gene	0.0018974882	Stochastic	ENSG00000002330
nuc_gene_a__BBC3_	Nucleus	Gene	0.0018974882	Stochastic	ENSG00000105327
nuc_gene_a__PMAIP1_	Nucleus	Gene	0.0018974882	Stochastic	ENSG00000141682
nuc_gene_a__BCL2L11_	Nucleus	Gene	0.0018974882	Stochastic	ENSG00000153094
nuc_gene_a__EGF_	Nucleus	Gene	0.0018974882	Stochastic	ENSG00000138798
nuc_gene_a__NRG1_	Nucleus	Gene	0.0018974882	Stochastic	ENSG00000157168
nuc_gene_a__EGFR_	Nucleus	Gene	0.0018974882	Stochastic	ENSG00000146648
nuc_gene_a__ERBB2_	Nucleus	Gene	0.0018974882	Stochastic	ENSG00000141736
nuc_gene_a__ERBB3_	Nucleus	Gene	0.0018974882	Stochastic	ENSG00000065361
nuc_gene_a__ERBB4_	Nucleus	Gene	0.0018974882	Stochastic	ENSG00000178568
nuc_gene_a__MET_	Nucleus	Gene	0.0018974882	Stochastic	ENSG00000105976
nuc_gene_a__HGF_	Nucleus	Gene	0.0018974882	Stochastic	ENSG00000019991
nuc_gene_a__PDGFRA_	Nucleus	Gene	0.0018974882	Stochastic	ENSG00000134853
nuc_gene_a__PDGFRB_	Nucleus	Gene	0.0028462323	Stochastic	ENSG00000113721
nuc_gene_a__PDGFB_	Nucleus	Gene	0.0018974882	Stochastic	ENSG00000100311
nuc_gene_a__SPRY2_	Nucleus	Gene	0.0018974882	Stochastic	ENSG00000136158
nuc_gene_a__CBL_	Nucleus	Gene	0.0018974882	Stochastic	ENSG00000110395
nuc_gene_a__GRB2_	Nucleus	Gene	0.0018974882	Stochastic	ENSG00000177885
nuc_gene_a__PLCG1_	Nucleus	Gene	0.0018974882	Stochastic	ENSG00000124181
nuc_gene_a__PLCG2_	Nucleus	Gene	0.0018974882	Stochastic	ENSG00000197943
nuc_gene_a__PIK3CA_	Nucleus	Gene	0.0018974882	Stochastic	ENSG00000121879
nuc_gene_a__PIK3CB_	Nucleus	Gene	0.0018974882	Stochastic	ENSG00000051382
nuc_gene_a__PIK3CG_	Nucleus	Gene	0.0018974882	Stochastic	ENSG00000105851
nuc_gene_a__PIK3CD_	Nucleus	Gene	0.0018974882	Stochastic	ENSG00000171608
nuc_gene_a__PIK3R1_	Nucleus	Gene	0.0018974882	Stochastic	ENSG00000145675
nuc_gene_a__PIK3R2_	Nucleus	Gene	0.0018974882	Stochastic	ENSG00000105647
nuc_gene_a__PIK3R3_	Nucleus	Gene	0.0018974882	Stochastic	ENSG00000117461
nuc_gene_a__PIK3R4_	Nucleus	Gene	0.0018974882	Stochastic	ENSG00000196455
nuc_gene_a__PIK3C2A_	Nucleus	Gene	0.0018974882	Stochastic	ENSG00000011405
nuc_gene_a__RASGRP1_	Nucleus	Gene	0.0018974882	Stochastic	ENSG00000172575
nuc_gene_a__RASGRP3_	Nucleus	Gene	0.0018974882	Stochastic	ENSG00000152689
nuc_gene_a__NRAS_	Nucleus	Gene	0.0018974882	Stochastic	ENSG00000213281
nuc_gene_a__KRAS_	Nucleus	Gene	0.0018974882	Stochastic	ENSG00000133703
nuc_gene_a__HRAS_	Nucleus	Gene	0.0018974882	Stochastic	ENSG00000174775
nuc_gene_a__NF1_	Nucleus	Gene	0.0018974882	Stochastic	ENSG00000196712
nuc_gene_a__RAF1_	Nucleus	Gene	0.0018974882	Stochastic	ENSG00000132155
nuc_gene_a__BRAF_	Nucleus	Gene	0.0018974882	Stochastic	ENSG00000157764
nuc_gene_a__MAP2K1_	Nucleus	Gene	0.0018974882	Stochastic	ENSG00000169032
nuc_gene_a__MAP2K2_	Nucleus	Gene	0.0018974882	Stochastic	ENSG00000126934
nuc_gene_a__DUSP6_	Nucleus	Gene	0.0018974882	Stochastic	ENSG00000139318
nuc_gene_a__RPS6KA1_	Nucleus	Gene	0.0018974882	Stochastic	ENSG00000117676
nuc_gene_a__RPS6KA2_	Nucleus	Gene	0.0018974882	Stochastic	ENSG00000071242
nuc_gene_a__RPS6KA3_	Nucleus	Gene	0.0018974882	Stochastic	ENSG00000177189
nuc_gene_a__RPS6KA4_	Nucleus	Gene	0.0018974882	Stochastic	ENSG00000162302
nuc_gene_a__DUSP1_	Nucleus	Gene	0.0028462323	Stochastic	ENSG00000120129
nuc_gene_a__FOS_	Nucleus	Gene	0.0018974882	Stochastic	ENSG00000170345
nuc_gene_a__JUN_	Nucleus	Gene	0.0018974882	Stochastic	ENSG00000177606
nuc_gene_a__MYC_	Nucleus	Gene	0.0028462323	Stochastic	ENSG00000136997
nuc_gene_a__CTNNB1_	Nucleus	Gene	0.0018974882	Stochastic	ENSG00000168036
nuc_gene_a__PTEN_	Nucleus	Gene	0.0018974882	Stochastic	ENSG00000171862
nuc_gene_a__AKT1_	Nucleus	Gene	0.0018974882	Stochastic	ENSG00000142208
nuc_gene_a__AKT2_	Nucleus	Gene	0.0018974882	Stochastic	ENSG00000105221
nuc_gene_a__PDPK1_	Nucleus	Gene	0.0018974882	Stochastic	ENSG00000140992
nuc_gene_a__RICTOR_	Nucleus	Gene	0.0018974882	Stochastic	ENSG00000164327
nuc_gene_a__MTOR_	Nucleus	Gene	0.0018974882	Stochastic	ENSG00000198793
nuc_gene_a__GSK3B_	Nucleus	Gene	0.0018974882	Stochastic	ENSG00000082701
nuc_gene_a__TSC1_	Nucleus	Gene	0.0018974882	Stochastic	ENSG00000165699
nuc_gene_a__TSC2_	Nucleus	Gene	0.0018974882	Stochastic	ENSG00000103197
nuc_gene_a__PRKCA_	Nucleus	Gene	0.0018974882	Stochastic	ENSG00000154229
nuc_gene_a__PRKCB_	Nucleus	Gene	0.0018974882	Stochastic	ENSG00000166501
nuc_gene_a__PRKCG_	Nucleus	Gene	0.0018974882	Stochastic	ENSG00000126583
nuc_gene_a__PRKCD_	Nucleus	Gene	0.0018974882	Stochastic	ENSG00000163932
nuc_gene_a__PEBP1_	Nucleus	Gene	0.0018974882	Stochastic	ENSG00000089220
nuc_gene_a__MAPK1_	Nucleus	Gene	0.0018974882	Stochastic	ENSG00000100030
nuc_gene_a__MAPK3_	Nucleus	Gene	0.0018974882	Stochastic	ENSG00000102882
nuc_gene_a__FOXO3_	Nucleus	Gene	0.0018974882	Stochastic	ENSG00000118689
nuc_gene_a__RHEB_	Nucleus	Gene	0.0018974882	Stochastic	ENSG00000106615
nuc_gene_a__RPTOR_	Nucleus	Gene	0.0018974882	Stochastic	ENSG00000141564
nuc_gene_a__RPS6KB1_	Nucleus	Gene	0.0018974882	Stochastic	ENSG00000108443
nuc_gene_a__RPS6KB2_	Nucleus	Gene	0.0018974882	Stochastic	ENSG00000175634
nuc_gene_a__EIF4EBP1_	Nucleus	Gene	0.0018974882	Stochastic	ENSG00000187840
nuc_gene_a__SOS1_	Nucleus	Gene	0.0018974882	Stochastic	ENSG00000115904
nuc_gene_a__CDKN2A_	Nucleus	Gene	0.0	Stochastic	ENSG00000147889
nuc_gene_a__MDM4_	Nucleus	Gene	0.0037949764	Stochastic	ENSG00000198625
nuc_gene_a__FGFR1_	Nucleus	Gene	0.0018974882	Stochastic	ENSG00000077782
nuc_gene_a__FGFR2_	Nucleus	Gene	0.0018974882	Stochastic	ENSG00000066468
nuc_gene_a__FGF1_	Nucleus	Gene	0.0028462323	Stochastic	ENSG00000113578
nuc_gene_a__FGF2_	Nucleus	Gene	0.0018974882	Stochastic	ENSG00000138685
nuc_gene_a__EIF4E_	Nucleus	Gene	0.0018974882	Stochastic	ENSG00000151247
nuc_gene_a__IRS1_	Nucleus	Gene	0.0018974882	Stochastic	ENSG00000169047
nuc_gene_a__IRS2_	Nucleus	Gene	0.0018974882	Stochastic	ENSG00000185950
nuc_gene_a__IGF1_	Nucleus	Gene	0.0018974882	Stochastic	ENSG00000017427
nuc_gene_a__IGF2_	Nucleus	Gene	0.0018974882	Stochastic	ENSG00000167244
nuc_gene_a__IGF1R_	Nucleus	Gene	0.0018974882	Stochastic	ENSG00000140443
nuc_gene_a__MSH6_	Nucleus	Gene	0.0018974882	Stochastic	ENSG00000116062
nuc_gene_a__BRCA2_	Nucleus	Gene	0.0018974882	Stochastic	ENSG00000139618
nuc_gene_a__MGMT_	Nucleus	Gene	0.0018974882	Stochastic	ENSG00000170430
nuc_gene_a__INSR_	Nucleus	Gene	0.0018974882	Stochastic	ENSG00000171105
nuc_gene_a__INS_	Nucleus	Gene	0.0018974882	Stochastic	ENSG00000254647
nuc_gene_a__IFNG_	Nucleus	Gene	0.0018974882	Stochastic	ENSG00000111537
nuc_gene_a__IFNGR2_	Nucleus	Gene	0.0018974882	Stochastic	ENSG00000159128
nuc_gene_a__JAK1_	Nucleus	Gene	0.0018974882	Stochastic	ENSG00000162434
nuc_gene_a__STAT1_	Nucleus	Gene	0.0018974882	Stochastic	ENSG00000115415
nuc_gene_a__PTPN11_	Nucleus	Gene	0.0018974882	Stochastic	ENSG00000179295
nuc_gene_a__PTPN2_	Nucleus	Gene	0.0018974882	Stochastic	ENSG00000175354
nuc_gene_a__PTPN1_	Nucleus	Gene	0.0018974882	Stochastic	ENSG00000196396
nuc_gene_a__SOCS1_	Nucleus	Gene	0.0018974882	Stochastic	ENSG00000185338
nuc_gene_i__TP53_	Nucleus	Gene	0.0	Stochastic	ENSG00000141510
nuc_gene_i__MDM2_	Nucleus	Gene	0.0	Stochastic	ENSG00000135679
nuc_gene_i__PPM1D_	Nucleus	Gene	0.0	Stochastic	ENSG00000170836
nuc_gene_i__ATM_	Nucleus	Gene	0.0	Stochastic	ENSG00000149311
nuc_gene_i__ATR_	Nucleus	Gene	0.0	Stochastic	ENSG00000175054
nuc_gene_i__RB1_	Nucleus	Gene	0.0	Deterministic	ENSG00000139687
nuc_gene_i__E2F1_	Nucleus	Gene	0.0	Deterministic	ENSG00000101412
nuc_gene_i__E2F2_	Nucleus	Gene	0.0	Deterministic	ENSG00000007968
nuc_gene_i__E2F3_	Nucleus	Gene	0.0	Deterministic	ENSG00000112242
nuc_gene_i__CCND1_	Nucleus	Gene	0.0	Stochastic	ENSG00000110092
nuc_gene_i__CCND2_	Nucleus	Gene	0.0	Stochastic	ENSG00000118971
nuc_gene_i__CCND3_	Nucleus	Gene	0.0	Stochastic	ENSG00000112576
nuc_gene_i__CCNE1_	Nucleus	Gene	0.0	Deterministic	ENSG00000105173
nuc_gene_i__CCNE2_	Nucleus	Gene	0.0	Deterministic	ENSG00000175305
nuc_gene_i__SKP2_	Nucleus	Gene	0.0	Deterministic	ENSG00000145604
nuc_gene_i__CDC25A_	Nucleus	Gene	0.0	Deterministic	ENSG00000164045
nuc_gene_i__CDC25B_	Nucleus	Gene	0.0	Deterministic	ENSG00000101224
nuc_gene_i__CDC25C_	Nucleus	Gene	0.0	Deterministic	ENSG00000158402
nuc_gene_i__CCNA2_	Nucleus	Gene	0.0	Deterministic	ENSG00000145386
nuc_gene_i__CDKN1B_	Nucleus	Gene	0.0	Deterministic	ENSG00000111276
nuc_gene_i__FZR1_	Nucleus	Gene	0.0	Deterministic	ENSG00000039068
nuc_gene_i__CCNB1_	Nucleus	Gene	0.0	Deterministic	ENSG00000134057
nuc_gene_i__CDC20_	Nucleus	Gene	0.0	Deterministic	ENSG00000117399
nuc_gene_i__WEE1_	Nucleus	Gene	0.0	Deterministic	ENSG00000166483
nuc_gene_i__CHEK1_	Nucleus	Gene	0.0	Deterministic	ENSG00000149554
nuc_gene_i__CDKN1A_	Nucleus	Gene	0.0	Deterministic	ENSG00000124762
nuc_gene_i__CDK1_	Nucleus	Gene	0.0	Deterministic	ENSG00000170312
nuc_gene_i__CDK2_	Nucleus	Gene	0.0	Deterministic	ENSG00000123374
nuc_gene_i__CDK4_	Nucleus	Gene	0.0	Deterministic	ENSG00000135446
nuc_gene_i__CDK6_	Nucleus	Gene	0.0	Deterministic	ENSG00000105810
nuc_gene_i__TNFSF10_	Nucleus	Gene	0.0	Stochastic	ENSG00000121858
nuc_gene_i__TNFRSF10A_	Nucleus	Gene	0.0	Stochastic	ENSG00000104689
nuc_gene_i__TNFRSF10B_	Nucleus	Gene	0.0	Stochastic	ENSG00000120889
nuc_gene_i__CFLAR_	Nucleus	Gene	0.0	Stochastic	ENSG00000003402
nuc_gene_i__CASP8_	Nucleus	Gene	0.0	Stochastic	ENSG00000064012
nuc_gene_i__CASP10_	Nucleus	Gene	0.0	Stochastic	ENSG00000003400
nuc_gene_i__BFAR_	Nucleus	Gene	0.0	Stochastic	ENSG00000103429
nuc_gene_i__CASP3_	Nucleus	Gene	0.0	Stochastic	ENSG00000164305
nuc_gene_i__CASP7_	Nucleus	Gene	0.0	Stochastic	ENSG00000165806
nuc_gene_i__CASP6_	Nucleus	Gene	0.0	Stochastic	ENSG00000138794
nuc_gene_i__XIAP_	Nucleus	Gene	0.0	Stochastic	ENSG00000101966
nuc_gene_i__PARP1_	Nucleus	Gene	0.0	Stochastic	ENSG00000143799
nuc_gene_i__BID_	Nucleus	Gene	0.0	Stochastic	ENSG00000015475
nuc_gene_i__BCL2_	Nucleus	Gene	0.0	Stochastic	ENSG00000171791
nuc_gene_i__BCL2L1_	Nucleus	Gene	0.0	Stochastic	ENSG00000171552
nuc_gene_i__MCL1_	Nucleus	Gene	0.0	Stochastic	ENSG00000143384
nuc_gene_i__BAX_	Nucleus	Gene	0.0	Stochastic	ENSG00000087088
nuc_gene_i__CYC1_	Nucleus	Gene	0.0	Stochastic	ENSG00000172115
nuc_gene_i__DIABLO_	Nucleus	Gene	0.0	Stochastic	ENSG00000184047
nuc_gene_i__APAF1_	Nucleus	Gene	0.0	Stochastic	ENSG00000120868
nuc_gene_i__CASP9_	Nucleus	Gene	0.0	Stochastic	ENSG00000132906
nuc_gene_i__BAD_	Nucleus	Gene	0.0	Stochastic	ENSG00000002330
nuc_gene_i__BBC3_	Nucleus	Gene	0.0	Stochastic	ENSG00000105327
nuc_gene_i__PMAIP1_	Nucleus	Gene	0.0	Stochastic	ENSG00000141682
nuc_gene_i__BCL2L11_	Nucleus	Gene	0.0	Stochastic	ENSG00000153094
nuc_gene_i__EGF_	Nucleus	Gene	0.0	Stochastic	ENSG00000138798
nuc_gene_i__NRG1_	Nucleus	Gene	0.0	Stochastic	ENSG00000157168
nuc_gene_i__EGFR_	Nucleus	Gene	0.0	Stochastic	ENSG00000146648
nuc_gene_i__ERBB2_	Nucleus	Gene	0.0	Stochastic	ENSG00000141736
nuc_gene_i__ERBB3_	Nucleus	Gene	0.0	Stochastic	ENSG00000065361
nuc_gene_i__ERBB4_	Nucleus	Gene	0.0	Stochastic	ENSG00000178568
nuc_gene_i__MET_	Nucleus	Gene	0.0	Stochastic	ENSG00000105976
nuc_gene_i__HGF_	Nucleus	Gene	0.0	Stochastic	ENSG00000019991
nuc_gene_i__PDGFRA_	Nucleus	Gene	0.0	Stochastic	ENSG00000134853
nuc_gene_i__PDGFRB_	Nucleus	Gene	0.0	Stochastic	ENSG00000113721
nuc_gene_i__PDGFB_	Nucleus	Gene	0.0	Stochastic	ENSG00000100311
nuc_gene_i__SPRY2_	Nucleus	Gene	0.0	Stochastic	ENSG00000136158
nuc_gene_i__CBL_	Nucleus	Gene	0.0	Stochastic	ENSG00000110395
nuc_gene_i__GRB2_	Nucleus	Gene	0.0	Stochastic	ENSG00000177885
nuc_gene_i__PLCG1_	Nucleus	Gene	0.0	Stochastic	ENSG00000124181
nuc_gene_i__PLCG2_	Nucleus	Gene	0.0	Stochastic	ENSG00000197943
nuc_gene_i__PIK3CA_	Nucleus	Gene	0.0	Stochastic	ENSG00000121879
nuc_gene_i__PIK3CB_	Nucleus	Gene	0.0	Stochastic	ENSG00000051382
nuc_gene_i__PIK3CG_	Nucleus	Gene	0.0	Stochastic	ENSG00000105851
nuc_gene_i__PIK3CD_	Nucleus	Gene	0.0	Stochastic	ENSG00000171608
nuc_gene_i__PIK3R1_	Nucleus	Gene	0.0	Stochastic	ENSG00000145675
nuc_gene_i__PIK3R2_	Nucleus	Gene	0.0	Stochastic	ENSG00000105647
nuc_gene_i__PIK3R3_	Nucleus	Gene	0.0	Stochastic	ENSG00000117461
nuc_gene_i__PIK3R4_	Nucleus	Gene	0.0	Stochastic	ENSG00000196455
nuc_gene_i__PIK3C2A_	Nucleus	Gene	0.0	Stochastic	ENSG00000011405
nuc_gene_i__RASGRP1_	Nucleus	Gene	0.0	Stochastic	ENSG00000172575
nuc_gene_i__RASGRP3_	Nucleus	Gene	0.0	Stochastic	ENSG00000152689
nuc_gene_i__NRAS_	Nucleus	Gene	0.0	Stochastic	ENSG00000213281
nuc_gene_i__KRAS_	Nucleus	Gene	0.0	Stochastic	ENSG00000133703
nuc_gene_i__HRAS_	Nucleus	Gene	0.0	Stochastic	ENSG00000174775
nuc_gene_i__NF1_	Nucleus	Gene	0.0	Stochastic	ENSG00000196712
nuc_gene_i__RAF1_	Nucleus	Gene	0.0	Stochastic	ENSG00000132155
nuc_gene_i__BRAF_	Nucleus	Gene	0.0	Stochastic	ENSG00000157764
nuc_gene_i__MAP2K1_	Nucleus	Gene	0.0	Stochastic	ENSG00000169032
nuc_gene_i__MAP2K2_	Nucleus	Gene	0.0	Stochastic	ENSG00000126934
nuc_gene_i__DUSP6_	Nucleus	Gene	0.0	Stochastic	ENSG00000139318
nuc_gene_i__RPS6KA1_	Nucleus	Gene	0.0	Stochastic	ENSG00000117676
nuc_gene_i__RPS6KA2_	Nucleus	Gene	0.0	Stochastic	ENSG00000071242
nuc_gene_i__RPS6KA3_	Nucleus	Gene	0.0	Stochastic	ENSG00000177189
nuc_gene_i__RPS6KA4_	Nucleus	Gene	0.0	Stochastic	ENSG00000162302
nuc_gene_i__DUSP1_	Nucleus	Gene	0.0	Stochastic	ENSG00000120129
nuc_gene_i__FOS_	Nucleus	Gene	0.0	Stochastic	ENSG00000170345
nuc_gene_i__JUN_	Nucleus	Gene	0.0	Stochastic	ENSG00000177606
nuc_gene_i__MYC_	Nucleus	Gene	0.0	Stochastic	ENSG00000136997
nuc_gene_i__CTNNB1_	Nucleus	Gene	0.0	Stochastic	ENSG00000168036
nuc_gene_i__PTEN_	Nucleus	Gene	0.0	Stochastic	ENSG00000171862
nuc_gene_i__AKT1_	Nucleus	Gene	0.0	Stochastic	ENSG00000142208
nuc_gene_i__AKT2_	Nucleus	Gene	0.0	Stochastic	ENSG00000105221
nuc_gene_i__PDPK1_	Nucleus	Gene	0.0	Stochastic	ENSG00000140992
nuc_gene_i__RICTOR_	Nucleus	Gene	0.0	Stochastic	ENSG00000164327
nuc_gene_i__MTOR_	Nucleus	Gene	0.0	Stochastic	ENSG00000198793
nuc_gene_i__GSK3B_	Nucleus	Gene	0.0	Stochastic	ENSG00000082701
nuc_gene_i__TSC1_	Nucleus	Gene	0.0	Stochastic	ENSG00000165699
nuc_gene_i__TSC2_	Nucleus	Gene	0.0	Stochastic	ENSG00000103197
nuc_gene_i__PRKCA_	Nucleus	Gene	0.0	Stochastic	ENSG00000154229
nuc_gene_i__PRKCB_	Nucleus	Gene	0.0	Stochastic	ENSG00000166501
nuc_gene_i__PRKCG_	Nucleus	Gene	0.0	Stochastic	ENSG00000126583
nuc_gene_i__PRKCD_	Nucleus	Gene	0.0	Stochastic	ENSG00000163932
nuc_gene_i__PEBP1_	Nucleus	Gene	0.0	Stochastic	ENSG00000089220
nuc_gene_i__MAPK1_	Nucleus	Gene	0.0	Stochastic	ENSG00000100030
nuc_gene_i__MAPK3_	Nucleus	Gene	0.0	Stochastic	ENSG00000102882
nuc_gene_i__FOXO3_	Nucleus	Gene	0.0	Stochastic	ENSG00000118689
nuc_gene_i__RHEB_	Nucleus	Gene	0.0	Stochastic	ENSG00000106615
nuc_gene_i__RPTOR_	Nucleus	Gene	0.0	Stochastic	ENSG00000141564
nuc_gene_i__RPS6KB1_	Nucleus	Gene	0.0	Stochastic	ENSG00000108443
nuc_gene_i__RPS6KB2_	Nucleus	Gene	0.0	Stochastic	ENSG00000175634
nuc_gene_i__EIF4EBP1_	Nucleus	Gene	0.0	Stochastic	ENSG00000187840
nuc_gene_i__SOS1_	Nucleus	Gene	0.0	Stochastic	ENSG00000115904
nuc_gene_i__CDKN2A_	Nucleus	Gene	0.0	Stochastic	ENSG00000147889
nuc_gene_i__MDM4_	Nucleus	Gene	0.0	Stochastic	ENSG00000198625
nuc_gene_i__FGFR1_	Nucleus	Gene	0.0	Stochastic	ENSG00000077782
nuc_gene_i__FGFR2_	Nucleus	Gene	0.0	Stochastic	ENSG00000066468
nuc_gene_i__FGF1_	Nucleus	Gene	0.0	Stochastic	ENSG00000113578
nuc_gene_i__FGF2_	Nucleus	Gene	0.0	Stochastic	ENSG00000138685
nuc_gene_i__EIF4E_	Nucleus	Gene	0.0	Stochastic	ENSG00000151247
nuc_gene_i__IRS1_	Nucleus	Gene	0.0	Stochastic	ENSG00000169047
nuc_gene_i__IRS2_	Nucleus	Gene	0.0	Stochastic	ENSG00000185950
nuc_gene_i__IGF1_	Nucleus	Gene	0.0	Stochastic	ENSG00000017427
nuc_gene_i__IGF2_	Nucleus	Gene	0.0	Stochastic	ENSG00000167244
nuc_gene_i__IGF1R_	Nucleus	Gene	0.0	Stochastic	ENSG00000140443
nuc_gene_i__MSH6_	Nucleus	Gene	0.0	Stochastic	ENSG00000116062
nuc_gene_i__BRCA2_	Nucleus	Gene	0.0	Stochastic	ENSG00000139618
nuc_gene_i__MGMT_	Nucleus	Gene	0.0	Stochastic	ENSG00000170430
nuc_gene_i__INSR_	Nucleus	Gene	0.0	Stochastic	ENSG00000171105
nuc_gene_i__INS_	Nucleus	Gene	0.0	Stochastic	ENSG00000254647
nuc_gene_i__IFNG_	Nucleus	Gene	0.0	Stochastic	ENSG00000111537
nuc_gene_i__IFNGR2_	Nucleus	Gene	0.0	Stochastic	ENSG00000159128
nuc_gene_i__JAK1_	Nucleus	Gene	0.0	Stochastic	ENSG00000162434
nuc_gene_i__STAT1_	Nucleus	Gene	0.0	Stochastic	ENSG00000115415
nuc_gene_i__PTPN11_	Nucleus	Gene	0.0	Stochastic	ENSG00000179295
nuc_gene_i__PTPN2_	Nucleus	Gene	0.0	Stochastic	ENSG00000175354
nuc_gene_i__PTPN1_	Nucleus	Gene	0.0	Stochastic	ENSG00000196396
nuc_gene_i__SOCS1_	Nucleus	Gene	0.0	Stochastic	ENSG00000185338
