observableId	observableFormula	noiseFormula
blank	0	1
observable_1	mit_mrna__MT_ND1_201_	1
observable_2	mit_mrna__MT_ND2_201_	1
observable_3	mit_mrna__MT_CO1_201_	1
observable_4	mit_mrna__MT_CO2_201_	1
observable_5	mit_mrna__MT_ATP8_201_	1
observable_6	mit_mrna__MT_ATP6_201_	1
observable_7	mit_mrna__MT_CO3_201_	1
observable_8	mit_mrna__MT_ND3_201_	1
observable_9	mit_mrna__MT_ND4L_201_	1
observable_10	mit_mrna__MT_ND4_201_	1
observable_11	mit_mrna__MT_ND5_201_	1
observable_12	mit_mrna__MT_ND6_201_	1
observable_13	mit_mrna__MT_CYB_201_	1
observable_14	cyt_mrna__BPY2_201_	1
observable_15	cyt_mrna__HSFY2_201_	1
observable_16	cyt_mrna__HSFY1_201_	1
observable_17	cyt_mrna__TGIF2LY_201_	1
observable_18	cyt_mrna__CDY2A_201_	1
observable_19	cyt_mrna__BPY2C_201_	1
observable_20	cyt_mrna__CDY2B_201_	1
observable_21	cyt_mrna__SRY_201_	1
observable_22	cyt_mrna__RPS4Y1_201_	1
observable_23	cyt_mrna__TMSB4Y_201_	1
observable_24	cyt_mrna__VCY_201_	1
observable_25	cyt_mrna__DAZ3_202_	1
observable_26	cyt_mrna__DAZ1_201_	1
observable_27	cyt_mrna__AMELY_202_	1
observable_28	cyt_mrna__TBL1Y_203_	1
observable_29	cyt_mrna__VCY1B_201_	1
observable_30	cyt_mrna__RPS4Y2_201_	1
observable_31	cyt_mrna__CDY1B_202_	1
observable_32	cyt_mrna__BPY2B_201_	1
observable_33	cyt_mrna__CDY1_201_	1
observable_34	cyt_mrna__RBMY1B_202_	1
observable_35	cyt_mrna__RBMY1A1_202_	1
observable_36	cyt_mrna__TSPY3_203_	1
observable_37	cyt_mrna__TSPY1_202_	1
observable_38	cyt_mrna__TSPY9_201_	1
observable_39	cyt_mrna__TSPY10_201_	1
observable_40	cyt_mrna__TSPY2_201_	1
observable_41	cyt_mrna__RBMY1D_202_	1
observable_42	cyt_mrna__RBMY1E_203_	1
observable_43	cyt_mrna__RBMY1F_201_	1
observable_44	cyt_mrna__RBMY1J_201_	1
observable_45	cyt_mrna__DDX3Y_201_	1
observable_46	cyt_mrna__USP9Y_201_	1
observable_47	cyt_mrna__KDM5D_201_	1
observable_48	cyt_mrna__ZFY_201_	1
observable_49	cyt_mrna__EIF1AY_201_	1
observable_50	cyt_mrna__TMPRSS15_201_	1
observable_51	cyt_mrna__KRTAP25_1_201_	1
observable_52	cyt_mrna__CLDN17_201_	1
observable_53	cyt_mrna__KRTAP24_1_201_	1
observable_54	cyt_mrna__NCAM2_202_	1
observable_55	cyt_mrna__CLDN8_201_	1
observable_56	cyt_mrna__MORC3_201_	1
observable_57	cyt_mrna__CHODL_201_	1
observable_58	cyt_mrna__CBR1_201_	1
observable_59	cyt_mrna__SIM2_201_	1
observable_60	cyt_mrna__RIPPLY3_201_	1
observable_61	cyt_mrna__RRP1B_201_	1
observable_62	cyt_mrna__AGPAT3_201_	1
observable_63	cyt_mrna__TPTE_204_	1
observable_64	cyt_mrna__RIPK4_201_	1
observable_65	cyt_mrna__TFF2_201_	1
observable_66	cyt_mrna__TFF1_201_	1
observable_67	cyt_mrna__UBASH3A_202_	1
observable_68	cyt_mrna__H2BC12L_201_	1
observable_69	cyt_mrna__DNMT3L_204_	1
observable_70	cyt_mrna__CFAP410_202_	1
observable_71	cyt_mrna__KRTAP10_1_201_	1
observable_72	cyt_mrna__KRTAP10_2_201_	1
observable_73	cyt_mrna__KRTAP10_3_201_	1
observable_74	cyt_mrna__KRTAP10_5_201_	1
observable_75	cyt_mrna__KRTAP10_6_201_	1
observable_76	cyt_mrna__KRTAP10_7_201_	1
observable_77	cyt_mrna__KRTAP10_8_201_	1
observable_78	cyt_mrna__KRTAP10_10_201_	1
observable_79	cyt_mrna__KRTAP10_11_201_	1
observable_80	cyt_mrna__KRTAP12_4_201_	1
observable_81	cyt_mrna__KRTAP12_3_201_	1
observable_82	cyt_mrna__KRTAP12_2_201_	1
observable_83	cyt_mrna__KRTAP12_1_201_	1
observable_84	cyt_mrna__OLIG1_201_	1
observable_85	cyt_mrna__POTED_201_	1
observable_86	cyt_mrna__UMODL1_205_	1
observable_87	cyt_mrna__KRTAP8_1_201_	1
observable_88	cyt_mrna__KRTAP7_1_201_	1
observable_89	cyt_mrna__KRTAP11_1_201_	1
observable_90	cyt_mrna__KRTAP19_8_201_	1
observable_91	cyt_mrna__ERVH48_1_201_	1
observable_92	cyt_mrna__LIPI_208_	1
observable_93	cyt_mrna__KRTAP10_9_201_	1
observable_94	cyt_mrna__KRTAP10_4_201_	1
observable_95	cyt_mrna__IGSF5_201_	1
observable_96	cyt_mrna__MZT1_201_	1
observable_97	cyt_mrna__ERICH6B_201_	1
observable_98	cyt_mrna__KLHL1_201_	1
observable_99	cyt_mrna__MCM3AP_201_	1
observable_100	cyt_mrna__FREM2_201_	1
observable_101	cyt_mrna__PRR20B_201_	1
observable_102	cyt_mrna__PRR20D_201_	1
observable_103	cyt_mrna__PRR20E_201_	1
observable_104	cyt_mrna__CBY2_201_	1
observable_105	cyt_mrna__POU4F1_201_	1
observable_106	cyt_mrna__TTC3_206_	1
observable_107	cyt_mrna__NHLRC3_202_	1
observable_108	cyt_mrna__OLFM4_201_	1
observable_109	cyt_mrna__PRR20A_201_	1
observable_110	cyt_mrna__KRTAP26_1_201_	1
observable_111	cyt_mrna__KRTAP27_1_201_	1
observable_112	cyt_mrna__KRTAP13_2_201_	1
observable_113	cyt_mrna__KRTAP13_1_201_	1
observable_114	cyt_mrna__KRTAP15_1_201_	1
observable_115	cyt_mrna__KRTAP19_1_201_	1
observable_116	cyt_mrna__KRTAP19_2_201_	1
observable_117	cyt_mrna__KRTAP19_3_201_	1
observable_118	cyt_mrna__KRTAP19_4_201_	1
observable_119	cyt_mrna__KRTAP19_5_201_	1
observable_120	cyt_mrna__KRTAP19_6_201_	1
observable_121	cyt_mrna__KRTAP19_7_201_	1
observable_122	cyt_mrna__KRTAP22_2_201_	1
observable_123	cyt_mrna__KRTAP22_1_201_	1
observable_124	cyt_mrna__KRTAP20_1_201_	1
observable_125	cyt_mrna__KRTAP20_4_201_	1
observable_126	cyt_mrna__KRTAP20_2_201_	1
observable_127	cyt_mrna__KRTAP20_3_201_	1
observable_128	cyt_mrna__KRTAP21_3_201_	1
observable_129	cyt_mrna__KRTAP21_2_201_	1
observable_130	cyt_mrna__KRTAP21_1_201_	1
observable_131	cyt_mrna__KRTAP23_1_201_	1
observable_132	cyt_mrna__KRTAP13_3_201_	1
observable_133	cyt_mrna__KRTAP13_4_201_	1
observable_134	cyt_mrna__KRTAP6_2_201_	1
observable_135	cyt_mrna__KRTAP6_1_201_	1
observable_136	cyt_mrna__PCNT_201_	1
observable_137	cyt_mrna__DIAPH3_205_	1
observable_138	cyt_mrna__PCDH17_201_	1
observable_139	cyt_mrna__SON_202_	1
observable_140	cyt_mrna__LRCH1_202_	1
observable_141	cyt_mrna__PRR20C_201_	1
observable_142	cyt_mrna__SLITRK6_203_	1
observable_143	cyt_mrna__SOX1_201_	1
observable_144	cyt_mrna__NRIP1_201_	1
observable_145	cyt_mrna__IRS2_201_	1
observable_146	cyt_mrna__SPACA7_201_	1
observable_147	cyt_mrna__RCAN1_201_	1
observable_148	cyt_mrna__NALF1_201_	1
observable_149	cyt_mrna__UBL3_201_	1
observable_150	cyt_mrna__FAM216B_201_	1
observable_151	cyt_mrna__KCNRG_201_	1
observable_152	cyt_mrna__KRTAP10_12_201_	1
observable_153	cyt_mrna__FAM124A_202_	1
observable_154	cyt_mrna__ZAR1L_202_	1
observable_155	cyt_mrna__CSNK1A1L_201_	1
observable_156	cyt_mrna__RFXAP_201_	1
observable_157	cyt_mrna__MRPS6_202_	1
observable_158	cyt_mrna__SIAH3_201_	1
observable_159	cyt_mrna__SLC5A3_201_	1
observable_160	cyt_mrna__CCDC168_201_	1
observable_161	cyt_mrna__KCNE2_201_	1
observable_162	cyt_mrna__SLITRK1_202_	1
observable_163	cyt_mrna__KBTBD6_201_	1
observable_164	cyt_mrna__KBTBD7_201_	1
observable_165	cyt_mrna__CYYR1_203_	1
observable_166	cyt_mrna__RAP2A_201_	1
observable_167	cyt_mrna__CRYAA_201_	1
observable_168	cyt_mrna__SHISA2_201_	1
observable_169	cyt_mrna__RXFP2_201_	1
observable_170	cyt_mrna__FRY_209_	1
observable_171	cyt_mrna__UTP14C_201_	1
observable_172	cyt_mrna__CCDC70_201_	1
observable_173	cyt_mrna__GPR18_202_	1
observable_174	cyt_mrna__TNFSF13B_201_	1
observable_175	cyt_mrna__ATP8A2_203_	1
observable_176	cyt_mrna__SACS_201_	1
observable_177	cyt_mrna__AKAIN1_201_	1
observable_178	cyt_mrna__KCTD12_201_	1
observable_179	cyt_mrna__SLC14A2_201_	1
observable_180	cyt_mrna__CLN5_201_	1
observable_181	cyt_mrna__CTAGE1_201_	1
observable_182	cyt_mrna__HRH4_201_	1
observable_183	cyt_mrna__ST8SIA3_201_	1
observable_184	cyt_mrna__SERPINE3_205_	1
observable_185	cyt_mrna__METTL21C_201_	1
observable_186	cyt_mrna__SLC10A2_201_	1
observable_187	cyt_mrna__BOD1L2_201_	1
observable_188	cyt_mrna__HNRNPA1L2_201_	1
observable_189	cyt_mrna__DAOA_202_	1
observable_190	cyt_mrna__ZIC2_201_	1
observable_191	cyt_mrna__ZIC5_201_	1
observable_192	cyt_mrna__CDH7_202_	1
observable_193	cyt_mrna__GSX1_201_	1
observable_194	cyt_mrna__MC4R_201_	1
observable_195	cyt_mrna__PDX1_201_	1
observable_196	cyt_mrna__CDH20_201_	1
observable_197	cyt_mrna__C18orf21_205_	1
observable_198	cyt_mrna__SLC39A6_201_	1
observable_199	cyt_mrna__FGF9_201_	1
observable_200	cyt_mrna__GALR1_201_	1
observable_201	cyt_mrna__TPTE2_211_	1
observable_202	cyt_mrna__MBP_202_	1
observable_203	cyt_mrna__TNFSF11_202_	1
observable_204	cyt_mrna__ALG11_202_	1
observable_205	cyt_mrna__LRRC63_203_	1
observable_206	cyt_mrna__PCDH20_201_	1
observable_207	cyt_mrna__RNF17_201_	1
observable_208	cyt_mrna__NDFIP2_201_	1
observable_209	cyt_mrna__ATP4B_201_	1
observable_210	cyt_mrna__DLEU7_204_	1
observable_211	cyt_mrna__DSG4_201_	1
observable_212	cyt_mrna__MEX3C_201_	1
observable_213	cyt_mrna__ONECUT2_202_	1
observable_214	cyt_mrna__KL_201_	1
observable_215	cyt_mrna__PCDH8_202_	1
observable_216	cyt_mrna__PTPRM_211_	1
observable_217	cyt_mrna__DACH1_201_	1
observable_218	cyt_mrna__NUFIP1_201_	1
observable_219	cyt_mrna__KCTD4_201_	1
observable_220	cyt_mrna__PABPC3_201_	1
observable_221	cyt_mrna__APCDD1_201_	1
observable_222	cyt_mrna__AMER2_202_	1
observable_223	cyt_mrna__SOHLH2_202_	1
observable_224	cyt_mrna__BCL2_201_	1
observable_225	cyt_mrna__ANKRD62_202_	1
observable_226	cyt_mrna__CIDEA_201_	1
observable_227	cyt_mrna__CCDC169_201_	1
observable_228	cyt_mrna__DSC3_201_	1
observable_229	cyt_mrna__ACOD1_201_	1
observable_230	cyt_mrna__DSC1_202_	1
observable_231	cyt_mrna__GPC6_201_	1
observable_232	cyt_mrna__DSG1_201_	1
observable_233	cyt_mrna__DCT_201_	1
observable_234	cyt_mrna__PSMA8_203_	1
observable_235	cyt_mrna__SOX21_201_	1
observable_236	cyt_mrna__HS6ST3_201_	1
observable_237	cyt_mrna__TUBA3C_201_	1
observable_238	cyt_mrna__GPC5_201_	1
observable_239	cyt_mrna__URAD_201_	1
observable_240	cyt_mrna__C1QTNF9B_204_	1
observable_241	cyt_mrna__BRCA2_201_	1
observable_242	cyt_mrna__ING1_201_	1
observable_243	cyt_mrna__GTF3A_201_	1
observable_244	cyt_mrna__NFATC1_205_	1
observable_245	cyt_mrna__RNF113B_201_	1
observable_246	cyt_mrna__C13orf42_202_	1
observable_247	cyt_mrna__LAMA3_202_	1
observable_248	cyt_mrna__GNAL_202_	1
observable_249	cyt_mrna__MEP1B_201_	1
observable_250	cyt_mrna__SERPINB13_202_	1
observable_251	cyt_mrna__SERPINB4_201_	1
observable_252	cyt_mrna__SERPINB11_205_	1
observable_253	cyt_mrna__DIPK1C_201_	1
observable_254	cyt_mrna__C18orf63_201_	1
observable_255	cyt_mrna__SERPINB12_202_	1
observable_256	cyt_mrna__PRELID3A_202_	1
observable_257	cyt_mrna__ELOA2_201_	1
observable_258	cyt_mrna__TXNL4A_201_	1
observable_259	cyt_mrna__RBFA_202_	1
observable_260	cyt_mrna__PARD6G_201_	1
observable_261	cyt_mrna__WDR7_201_	1
observable_262	cyt_mrna__CETN1_201_	1
observable_263	cyt_mrna__LRRC30_201_	1
observable_264	cyt_mrna__POTEC_201_	1
observable_265	cyt_mrna__TXNDC2_202_	1
observable_266	cyt_mrna__CCDC178_202_	1
observable_267	cyt_mrna__MC5R_202_	1
observable_268	cyt_mrna__STARD6_201_	1
observable_269	cyt_mrna__GRP_201_	1
observable_270	cyt_mrna__RAX_202_	1
observable_271	cyt_mrna__CPLX4_201_	1
observable_272	cyt_mrna__SIGLEC15_201_	1
observable_273	cyt_mrna__ASXL3_201_	1
observable_274	cyt_mrna__HMSD_201_	1
observable_275	cyt_mrna__C21orf140_201_	1
observable_276	cyt_mrna__SMIM34_201_	1
observable_277	cyt_mrna__ZNF519_207_	1
observable_278	cyt_mrna__CLUL1_213_	1
observable_279	cyt_mrna__SERPINB10_201_	1
observable_280	cyt_mrna__SLC35G4_201_	1
observable_281	cyt_mrna__CHMP1B_201_	1
observable_282	cyt_mrna__TSHZ1_204_	1
observable_283	cyt_mrna__KRTAP6_3_201_	1
observable_284	cyt_mrna__TUBB8B_201_	1
observable_285	cyt_mrna__PTGR3_201_	1
observable_286	cyt_mrna__GET1_218_	1
observable_287	cyt_mrna__DLGAP1_201_	1
observable_288	cyt_mrna__DCC_202_	1
observable_289	cyt_mrna__ADRA1D_201_	1
observable_290	cyt_mrna__DEFB129_201_	1
observable_291	cyt_mrna__DEFB125_201_	1
observable_292	cyt_mrna__INSM1_201_	1
observable_293	cyt_mrna__DEFB128_201_	1
observable_294	cyt_mrna__DEFB126_201_	1
observable_295	cyt_mrna__ROCK1_201_	1
observable_296	cyt_mrna__BTBD3_202_	1
observable_297	cyt_mrna__ISM1_201_	1
observable_298	cyt_mrna__SMIM21_202_	1
observable_299	cyt_mrna__CST2_201_	1
observable_300	cyt_mrna__SCRT2_201_	1
observable_301	cyt_mrna__DEFB127_201_	1
observable_302	cyt_mrna__DEFB115_201_	1
observable_303	cyt_mrna__KCNB1_201_	1
observable_304	cyt_mrna__MC3R_201_	1
observable_305	cyt_mrna__CBLN4_201_	1
observable_306	cyt_mrna__SLC25A52_201_	1
observable_307	cyt_mrna__RBBP8NL_201_	1
observable_308	cyt_mrna__PMEPA1_202_	1
observable_309	cyt_mrna__SALL4_201_	1
observable_310	cyt_mrna__SCP2D1_201_	1
observable_311	cyt_mrna__CDH4_203_	1
observable_312	cyt_mrna__SS18L1_201_	1
observable_313	cyt_mrna__SYCP2_201_	1
observable_314	cyt_mrna__ITSN1_205_	1
observable_315	cyt_mrna__LAMA5_201_	1
observable_316	cyt_mrna__RBPJL_201_	1
observable_317	cyt_mrna__TP53TG5_201_	1
observable_318	cyt_mrna__TUBB1_201_	1
observable_319	cyt_mrna__C20orf173_204_	1
observable_320	cyt_mrna__FITM2_201_	1
observable_321	cyt_mrna__GTSF1L_201_	1
observable_322	cyt_mrna__OSM_201_	1
observable_323	cyt_mrna__OTOR_201_	1
observable_324	cyt_mrna__R3HDML_201_	1
observable_325	cyt_mrna__BIRC7_201_	1
observable_326	cyt_mrna__FTCD_203_	1
observable_327	cyt_mrna__NKAIN4_203_	1
observable_328	cyt_mrna__NCF4_201_	1
observable_329	cyt_mrna__CHRNA4_201_	1
observable_330	cyt_mrna__PWP2_201_	1
observable_331	cyt_mrna__MKKS_201_	1
observable_332	cyt_mrna__XKR7_201_	1
observable_333	cyt_mrna__PLAGL2_201_	1
observable_334	cyt_mrna__COL6A1_201_	1
observable_335	cyt_mrna__OXT_201_	1
observable_336	cyt_mrna__AVP_201_	1
observable_337	cyt_mrna__ICOSLG_204_	1
observable_338	cyt_mrna__FOXS1_201_	1
observable_339	cyt_mrna__HLCS_207_	1
observable_340	cyt_mrna__OVOL2_201_	1
observable_341	cyt_mrna__PET117_201_	1
observable_342	cyt_mrna__CLDN14_202_	1
observable_343	cyt_mrna__CACNA1I_202_	1
observable_344	cyt_mrna__SIRPD_202_	1
observable_345	cyt_mrna__ENTHD1_201_	1
observable_346	cyt_mrna__SNX21_212_	1
observable_347	cyt_mrna__LIF_201_	1
observable_348	cyt_mrna__C20orf144_201_	1
observable_349	cyt_mrna__PROKR2_203_	1
observable_350	cyt_mrna__BANF2_201_	1
observable_351	cyt_mrna__TOP1_201_	1
observable_352	cyt_mrna__TRIOBP_211_	1
observable_353	cyt_mrna__PRND_201_	1
observable_354	cyt_mrna__MAFB_201_	1
observable_355	cyt_mrna__RTL6_201_	1
observable_356	cyt_mrna__PKDREJ_201_	1
observable_357	cyt_mrna__ABCG1_205_	1
observable_358	cyt_mrna__SLPI_201_	1
observable_359	cyt_mrna__SPINT3_201_	1
observable_360	cyt_mrna__SHISAL1_201_	1
observable_361	cyt_mrna__EPPIN_202_	1
observable_362	cyt_mrna__SIK1_201_	1
observable_363	cyt_mrna__RFPL3_201_	1
observable_364	cyt_mrna__RUNX1_217_	1
observable_365	cyt_mrna__WFDC3_201_	1
observable_366	cyt_mrna__CRYBA4_201_	1
observable_367	cyt_mrna__TNNC2_201_	1
observable_368	cyt_mrna__LRRC3_201_	1
observable_369	cyt_mrna__NTSR1_201_	1
observable_370	cyt_mrna__DEFB132_201_	1
observable_371	cyt_mrna__ZCCHC3_201_	1
observable_372	cyt_mrna__FAM209A_201_	1
observable_373	cyt_mrna__FAM209B_201_	1
observable_374	cyt_mrna__C2CD2_202_	1
observable_375	cyt_mrna__TFF3_203_	1
observable_376	cyt_mrna__ZNFX1_204_	1
observable_377	cyt_mrna__MOCS3_201_	1
observable_378	cyt_mrna__IL10RB_201_	1
observable_379	cyt_mrna__TCP10L_201_	1
observable_380	cyt_mrna__MYO18B_201_	1
observable_381	cyt_mrna__RBM11_201_	1
observable_382	cyt_mrna__HCK_202_	1
observable_383	cyt_mrna__SOX12_201_	1
observable_384	cyt_mrna__CST1_201_	1
observable_385	cyt_mrna__PCDH9_202_	1
observable_386	cyt_mrna__NEURL2_201_	1
observable_387	cyt_mrna__WFDC13_201_	1
observable_388	cyt_mrna__SPINT4_201_	1
observable_389	cyt_mrna__C20orf141_202_	1
observable_390	cyt_mrna__TMEM239_202_	1
observable_391	cyt_mrna__TCF15_201_	1
observable_392	cyt_mrna__SPATA25_201_	1
observable_393	cyt_mrna__SRMS_201_	1
observable_394	cyt_mrna__APOBEC3B_201_	1
observable_395	cyt_mrna__ZNF831_201_	1
observable_396	cyt_mrna__CBFA2T2_201_	1
observable_397	cyt_mrna__TRPM2_203_	1
observable_398	cyt_mrna__HSPA13_201_	1
observable_399	cyt_mrna__CSTL1_202_	1
observable_400	cyt_mrna__OCSTAMP_201_	1
observable_401	cyt_mrna__MICAL3_206_	1
observable_402	cyt_mrna__SLC13A3_201_	1
observable_403	cyt_mrna__GCNT7_201_	1
observable_404	cyt_mrna__UBE2G2_202_	1
observable_405	cyt_mrna__VCX2_201_	1
observable_406	cyt_mrna__SLC12A5_201_	1
observable_407	cyt_mrna__AMELX_203_	1
observable_408	cyt_mrna__DHRSX_201_	1
observable_409	cyt_mrna__PARVB_201_	1
observable_410	cyt_mrna__FAM9B_201_	1
observable_411	cyt_mrna__SNU13_202_	1
observable_412	cyt_mrna__FAM9A_201_	1
observable_413	cyt_mrna__TGM3_201_	1
observable_414	cyt_mrna__TRAPPC10_201_	1
observable_415	cyt_mrna__GRPR_201_	1
observable_416	cyt_mrna__TGM6_201_	1
observable_417	cyt_mrna__UBE2L5_202_	1
observable_418	cyt_mrna__BEND2_202_	1
observable_419	cyt_mrna__CCDC188_201_	1
observable_420	cyt_mrna__TMEM272_203_	1
observable_421	cyt_mrna__SLC32A1_201_	1
observable_422	cyt_mrna__KLHL34_201_	1
observable_423	cyt_mrna__RTN4R_201_	1
observable_424	cyt_mrna__KCNJ6_201_	1
observable_425	cyt_mrna__CNBD2_202_	1
observable_426	cyt_mrna__TAF4_201_	1
observable_427	cyt_mrna__C20orf202_201_	1
observable_428	cyt_mrna__WFDC8_201_	1
observable_429	cyt_mrna__ADIG_204_	1
observable_430	cyt_mrna__FASTKD5_201_	1
observable_431	cyt_mrna__TP53RK_202_	1
observable_432	cyt_mrna__MLNR_201_	1
observable_433	cyt_mrna__HMGB1P1_201_	1
observable_434	cyt_mrna__CIMIP1_201_	1
observable_435	cyt_mrna__ANKRD60_201_	1
observable_436	cyt_mrna__RRP1_207_	1
observable_437	cyt_mrna__SUN5_201_	1
observable_438	cyt_mrna__BPIFB4_201_	1
observable_439	cyt_mrna__BPIFA2_202_	1
observable_440	cyt_mrna__BPIFA3_202_	1
observable_441	cyt_mrna__BPIFB3_201_	1
observable_442	cyt_mrna__FGF14_202_	1
observable_443	cyt_mrna__AHCY_201_	1
observable_444	cyt_mrna__KLF5_201_	1
observable_445	cyt_mrna__ATP5PO_201_	1
observable_446	cyt_mrna__RUBCNL_208_	1
observable_447	cyt_mrna__GINS1_201_	1
observable_448	cyt_mrna__TXNRD2_204_	1
observable_449	cyt_mrna__SMIM26_201_	1
observable_450	cyt_mrna__PANX2_202_	1
observable_451	cyt_mrna__HMOX1_201_	1
observable_452	cyt_mrna__CACNG2_201_	1
observable_453	cyt_mrna__SLC5A4_201_	1
observable_454	cyt_mrna__SPO11_203_	1
observable_455	cyt_mrna__RBM38_203_	1
observable_456	cyt_mrna__DEFB121_202_	1
observable_457	cyt_mrna__CNKSR2_202_	1
observable_458	cyt_mrna__DEFB123_201_	1
observable_459	cyt_mrna__DEFB124_201_	1
observable_460	cyt_mrna__APOBEC3H_204_	1
observable_461	cyt_mrna__SLC15A1_202_	1
observable_462	cyt_mrna__CIMIP4_201_	1
observable_463	cyt_mrna__S100G_201_	1
observable_464	cyt_mrna__CCDC116_201_	1
observable_465	cyt_mrna__KCNS1_202_	1
observable_466	cyt_mrna__H2AP_201_	1
observable_467	cyt_mrna__MAGEB17_202_	1
observable_468	cyt_mrna__WFDC12_201_	1
observable_469	cyt_mrna__FAM47B_201_	1
observable_470	cyt_mrna__SEMG2_201_	1
observable_471	cyt_mrna__DEFB116_201_	1
observable_472	cyt_mrna__MAGEB10_201_	1
observable_473	cyt_mrna__DEFB118_201_	1
observable_474	cyt_mrna__DEFB119_203_	1
observable_475	cyt_mrna__ITIH6_201_	1
observable_476	cyt_mrna__MTMR8_201_	1
observable_477	cyt_mrna__WFDC5_202_	1
observable_478	cyt_mrna__DYRK1A_221_	1
observable_479	cyt_mrna__EBF4_207_	1
observable_480	cyt_mrna__PPIL2_202_	1
observable_481	cyt_mrna__TTLL9_206_	1
observable_482	cyt_mrna__SPATA13_203_	1
observable_483	cyt_mrna__NPBWR2_202_	1
observable_484	cyt_mrna__SSTR4_201_	1
observable_485	cyt_mrna__THBD_201_	1
observable_486	cyt_mrna__YPEL1_201_	1
observable_487	cyt_mrna__EMILIN3_201_	1
observable_488	cyt_mrna__ABHD16B_201_	1
observable_489	cyt_mrna__F10_202_	1
observable_490	cyt_mrna__SAMD10_201_	1
observable_491	cyt_mrna__NEFH_201_	1
observable_492	cyt_mrna__GPR183_201_	1
observable_493	cyt_mrna__CDKL5_205_	1
observable_494	cyt_mrna__CFAP47_203_	1
observable_495	cyt_mrna__FLT3_201_	1
observable_496	cyt_mrna__FAM236B_201_	1
observable_497	cyt_mrna__YY2_201_	1
observable_498	cyt_mrna__MACROD2_215_	1
observable_499	cyt_mrna__TSC22D1_203_	1
observable_500	cyt_mrna__U2AF1_201_	1
observable_501	cyt_mrna__AKAP4_201_	1
observable_502	cyt_mrna__OXGR1_202_	1
observable_503	cyt_mrna__SEC14L2_214_	1
observable_504	cyt_mrna__STOML3_201_	1
observable_505	cyt_mrna__GPR12_202_	1
observable_506	cyt_mrna__JADE3_204_	1
observable_507	cyt_mrna__GGACT_207_	1
observable_508	cyt_mrna__FOXR2_201_	1
observable_509	cyt_mrna__MAGEH1_201_	1
observable_510	cyt_mrna__PIGP_202_	1
observable_511	cyt_mrna__TSSK2_201_	1
observable_512	cyt_mrna__GSC2_201_	1
observable_513	cyt_mrna__FGF16_201_	1
observable_514	cyt_mrna__CPXCR1_201_	1
observable_515	cyt_mrna__HEMK2_201_	1
observable_516	cyt_mrna__RSPH14_201_	1
observable_517	cyt_mrna__PABPC5_201_	1
observable_518	cyt_mrna__PABPC1L2A_201_	1
observable_519	cyt_mrna__ARL13A_202_	1
observable_520	cyt_mrna__CPB2_201_	1
observable_521	cyt_mrna__NANP_201_	1
observable_522	cyt_mrna__BRWD3_201_	1
observable_523	cyt_mrna__NNAT_204_	1
observable_524	cyt_mrna__DNAJC15_201_	1
observable_525	cyt_mrna__SERP2_201_	1
observable_526	cyt_mrna__EDA_203_	1
observable_527	cyt_mrna__KLF12_203_	1
observable_528	cyt_mrna__EIF3L_215_	1
observable_529	cyt_mrna__CRYL1_201_	1
observable_530	cyt_mrna__MAGEE1_201_	1
observable_531	cyt_mrna__RGCC_201_	1
observable_532	cyt_mrna__TGIF2LX_201_	1
observable_533	cyt_mrna__TCF20_206_	1
observable_534	cyt_mrna__TEX13B_201_	1
observable_535	cyt_mrna__SYCE3_202_	1
observable_536	cyt_mrna__MAGEE2_201_	1
observable_537	cyt_mrna__XK_201_	1
observable_538	cyt_mrna__TMEM191C_212_	1
observable_539	cyt_mrna__H1_0_201_	1
observable_540	cyt_mrna__CLDN5_204_	1
observable_541	cyt_mrna__TIAM1_206_	1
observable_542	cyt_mrna__FAM227A_205_	1
observable_543	cyt_mrna__F7_201_	1
observable_544	cyt_mrna__RIMBP3C_201_	1
observable_545	cyt_mrna__C22orf31_201_	1
observable_546	cyt_mrna__ARHGAP6_202_	1
observable_547	cyt_mrna__PPM1F_201_	1
observable_548	cyt_mrna__PLCB1_201_	1
observable_549	cyt_mrna__CCNB3_204_	1
observable_550	cyt_mrna__CBR3_201_	1
observable_551	cyt_mrna__PPP1R2C_201_	1
observable_552	cyt_mrna__CYLC1_201_	1
observable_553	cyt_mrna__RIPPLY1_201_	1
observable_554	cyt_mrna__TSHZ2_201_	1
observable_555	cyt_mrna__DCAF8L1_201_	1
observable_556	cyt_mrna__ZNF217_202_	1
observable_557	cyt_mrna__SPIN4_201_	1
observable_558	cyt_mrna__SHISA8_202_	1
observable_559	cyt_mrna__DCAF12L2_201_	1
observable_560	cyt_mrna__OTUD6A_201_	1
observable_561	cyt_mrna__APOL5_201_	1
observable_562	cyt_mrna__LUZP4_201_	1
observable_563	cyt_mrna__SPANXB1_201_	1
observable_564	cyt_mrna__SEC14L6_201_	1
observable_565	cyt_mrna__MAGEC2_201_	1
observable_566	cyt_mrna__CFAP298_201_	1
observable_567	cyt_mrna__CRYBB3_201_	1
observable_568	cyt_mrna__TFDP3_201_	1
observable_569	cyt_mrna__SPANXN3_201_	1
observable_570	cyt_mrna__CT47A12_201_	1
observable_571	cyt_mrna__PTPRT_203_	1
observable_572	cyt_mrna__SELENOO_201_	1
observable_573	cyt_mrna__SMIM11_201_	1
observable_574	cyt_mrna__BRS3_201_	1
observable_575	cyt_mrna__ASB12_201_	1
observable_576	cyt_mrna__TTC28_201_	1
observable_577	cyt_mrna__CT47A11_201_	1
observable_578	cyt_mrna__AMER1_201_	1
observable_579	cyt_mrna__GSTT4_204_	1
observable_580	cyt_mrna__SPANXC_201_	1
observable_581	cyt_mrna__PANK2_207_	1
observable_582	cyt_mrna__SPANXN1_201_	1
observable_583	cyt_mrna__BPIFC_201_	1
observable_584	cyt_mrna__ADM2_201_	1
observable_585	cyt_mrna__HSFX1_201_	1
observable_586	cyt_mrna__CMC4_202_	1
observable_587	cyt_mrna__MAGEA8_201_	1
observable_588	cyt_mrna__CT47A7_201_	1
observable_589	cyt_mrna__LDOC1_201_	1
observable_590	cyt_mrna__RFPL2_206_	1
observable_591	cyt_mrna__MAGEA11_202_	1
observable_592	cyt_mrna__WFDC6_201_	1
observable_593	cyt_mrna__TMEM121B_201_	1
observable_594	cyt_mrna__GPR50_201_	1
observable_595	cyt_mrna__IL17REL_202_	1
observable_596	cyt_mrna__PPP1R3D_201_	1
observable_597	cyt_mrna__KCNK15_201_	1
observable_598	cyt_mrna__PASD1_201_	1
observable_599	cyt_mrna__IGLL1_202_	1
observable_600	cyt_mrna__PNMA6F_201_	1
observable_601	cyt_mrna__RIMS4_201_	1
observable_602	cyt_mrna__LRRC74B_201_	1
observable_603	cyt_mrna__TMA7B_201_	1
observable_604	cyt_mrna__SPANXD_201_	1
observable_605	cyt_mrna__ZNF280B_203_	1
observable_606	cyt_mrna__PDYN_201_	1
observable_607	cyt_mrna__ZNF280A_201_	1
observable_608	cyt_mrna__CENPB_201_	1
observable_609	cyt_mrna__PRAME_205_	1
observable_610	cyt_mrna__F8_202_	1
observable_611	cyt_mrna__PRR32_201_	1
observable_612	cyt_mrna__GGTLC2_202_	1
observable_613	cyt_mrna__CXorf51B_201_	1
observable_614	cyt_mrna__SLC35E4_201_	1
observable_615	cyt_mrna__MCHR1_201_	1
observable_616	cyt_mrna__BMP7_201_	1
observable_617	cyt_mrna__TUG1_217_	1
observable_618	cyt_mrna__AFF2_205_	1
observable_619	cyt_mrna__PRDM15_202_	1
observable_620	cyt_mrna__C20orf203_202_	1
observable_621	cyt_mrna__DCAF12L1_201_	1
observable_622	cyt_mrna__ADGRG4_203_	1
observable_623	cyt_mrna__TMC2_201_	1
observable_624	cyt_mrna__DDX17_203_	1
observable_625	cyt_mrna__RAB39B_201_	1
observable_626	cyt_mrna__SOD1_201_	1
observable_627	cyt_mrna__NAP1L3_201_	1
observable_628	cyt_mrna__CEBPB_201_	1
observable_629	cyt_mrna__CT83_201_	1
observable_630	cyt_mrna__ALOX5AP_201_	1
observable_631	cyt_mrna__SPANXA2_201_	1
observable_632	cyt_mrna__LGALS2_201_	1
observable_633	cyt_mrna__RIMBP3B_201_	1
observable_634	cyt_mrna__HUNK_201_	1
observable_635	cyt_mrna__CCNA1_201_	1
observable_636	cyt_mrna__SUMO3_201_	1
observable_637	cyt_mrna__CXCR3_202_	1
observable_638	cyt_mrna__SKOR2_202_	1
observable_639	cyt_mrna__ZBTB21_201_	1
observable_640	cyt_mrna__H2AB3_201_	1
observable_641	cyt_mrna__USPL1_201_	1
observable_642	cyt_mrna__OPN1LW_201_	1
observable_643	cyt_mrna__OPN1MW_201_	1
observable_644	cyt_mrna__RSPH1_201_	1
observable_645	cyt_mrna__UBL4A_202_	1
observable_646	cyt_mrna__CKAP2_201_	1
observable_647	cyt_mrna__DSG3_201_	1
observable_648	cyt_mrna__SLC25A15_201_	1
observable_649	cyt_mrna__COLEC12_201_	1
observable_650	cyt_mrna__EBPL_201_	1
observable_651	cyt_mrna__SAP18_201_	1
observable_652	cyt_mrna__PITPNB_202_	1
observable_653	cyt_mrna__MN1_201_	1
observable_654	cyt_mrna__POTEH_201_	1
observable_655	cyt_mrna__DSG2_201_	1
observable_656	cyt_mrna__IGLL5_201_	1
observable_657	cyt_mrna__SERPINB8_203_	1
observable_658	cyt_mrna__TTR_201_	1
observable_659	cyt_mrna__TEX29_201_	1
observable_660	cyt_mrna__CLDN10_201_	1
observable_661	cyt_mrna__RIMBP3_201_	1
observable_662	cyt_mrna__EEF1AKMT1_202_	1
observable_663	cyt_mrna__MSL3_201_	1
observable_664	cyt_mrna__RGL4_201_	1
observable_665	cyt_mrna__VPREB3_201_	1
observable_666	cyt_mrna__RIBC2_202_	1
observable_667	cyt_mrna__C22orf42_201_	1
observable_668	cyt_mrna__PDXP_201_	1
observable_669	cyt_mrna__RFPL1_201_	1
observable_670	cyt_mrna__PROZ_202_	1
observable_671	cyt_mrna__SELENOM_201_	1
observable_672	cyt_mrna__TLR7_201_	1
observable_673	cyt_mrna__RTL10_201_	1
observable_674	cyt_mrna__XAGE1A_203_	1
observable_675	cyt_mrna__SSX7_201_	1
observable_676	cyt_mrna__COL4A2_201_	1
observable_677	cyt_mrna__SPANXN5_201_	1
observable_678	cyt_mrna__F8A3_201_	1
observable_679	cyt_mrna__PABPC1L2B_201_	1
observable_680	cyt_mrna__RBMXL3_201_	1
observable_681	cyt_mrna__RAB20_201_	1
observable_682	cyt_mrna__SSX2B_202_	1
observable_683	cyt_mrna__FAM236A_202_	1
observable_684	cyt_mrna__HSFX4_201_	1
observable_685	cyt_mrna__ZNF275_205_	1
observable_686	cyt_mrna__SYN3_201_	1
observable_687	cyt_mrna__ZNF157_201_	1
observable_688	cyt_mrna__NALF2_201_	1
observable_689	cyt_mrna__PNMA6A_201_	1
observable_690	cyt_mrna__DRICH1_201_	1
observable_691	cyt_mrna__SSX3_201_	1
observable_692	cyt_mrna__ATXN10_201_	1
observable_693	cyt_mrna__DSC2_202_	1
observable_694	cyt_mrna__SSX4_201_	1
observable_695	cyt_mrna__WNT7B_201_	1
observable_696	cyt_mrna__APOBEC3A_201_	1
observable_697	cyt_mrna__MOV10L1_201_	1
observable_698	cyt_mrna__PIGA_201_	1
observable_699	cyt_mrna__CUL4A_202_	1
observable_700	cyt_mrna__PIAS2_204_	1
observable_701	cyt_mrna__TMEM191B_201_	1
observable_702	cyt_mrna__SOX3_201_	1
observable_703	cyt_mrna__CXorf65_201_	1
observable_704	cyt_mrna__SERPINB5_201_	1
observable_705	cyt_mrna__NEXMIF_201_	1
observable_706	cyt_mrna__DUSP21_201_	1
observable_707	cyt_mrna__PRPS1_204_	1
observable_708	cyt_mrna__NOL4_201_	1
observable_709	cyt_mrna__GAGE2E_201_	1
observable_710	cyt_mrna__PAGE1_201_	1
observable_711	cyt_mrna__GPR101_201_	1
observable_712	cyt_mrna__FLT1_201_	1
observable_713	cyt_mrna__SETBP1_203_	1
observable_714	cyt_mrna__PRR5_202_	1
observable_715	cyt_mrna__FBXO15_201_	1
observable_716	cyt_mrna__CFAP53_201_	1
observable_717	cyt_mrna__DNAJB7_201_	1
observable_718	cyt_mrna__VPREB1_202_	1
observable_719	cyt_mrna__LHFPL7_202_	1
observable_720	cyt_mrna__DOK6_201_	1
observable_721	cyt_mrna__TTLL12_201_	1
observable_722	cyt_mrna__SERPINB7_202_	1
observable_723	cyt_mrna__CACNA1F_201_	1
observable_724	cyt_mrna__ZNF521_201_	1
observable_725	cyt_mrna__UBQLN2_201_	1
observable_726	cyt_mrna__INPP5J_201_	1
observable_727	cyt_mrna__SEC11C_204_	1
observable_728	cyt_mrna__HSBP1L1_201_	1
observable_729	cyt_mrna__SGCZ_201_	1
observable_730	cyt_mrna__ZFYVE19_203_	1
observable_731	cyt_mrna__AQP4_201_	1
observable_732	cyt_mrna__STC1_201_	1
observable_733	cyt_mrna__C15orf62_201_	1
observable_734	cyt_mrna__GABRG3_208_	1
observable_735	cyt_mrna__ATRX_201_	1
observable_736	cyt_mrna__CCT8L2_201_	1
observable_737	cyt_mrna__PRTG_201_	1
observable_738	cyt_mrna__UNC5D_202_	1
observable_739	cyt_mrna__VSIG1_201_	1
observable_740	cyt_mrna__TNMD_201_	1
observable_741	cyt_mrna__XKR3_202_	1
observable_742	cyt_mrna__PDE9A_201_	1
observable_743	cyt_mrna__ATP7B_201_	1
observable_744	cyt_mrna__GAB4_201_	1
observable_745	cyt_mrna__MYO5B_201_	1
observable_746	cyt_mrna__SHC4_201_	1
observable_747	cyt_mrna__ARHGAP36_201_	1
observable_748	cyt_mrna__NXF2_202_	1
observable_749	cyt_mrna__ATP12A_202_	1
observable_750	cyt_mrna__PAGE2_202_	1
observable_751	cyt_mrna__MRPL57_201_	1
observable_752	cyt_mrna__KIAA1328_201_	1
observable_753	cyt_mrna__SLC25A37_206_	1
observable_754	cyt_mrna__FRMD5_202_	1
observable_755	cyt_mrna__PCYT1B_202_	1
observable_756	cyt_mrna__MBOAT4_201_	1
observable_757	cyt_mrna__RNF125_201_	1
observable_758	cyt_mrna__NPTXR_201_	1
observable_759	cyt_mrna__ARX_201_	1
observable_760	cyt_mrna__LDHAL6B_201_	1
observable_761	cyt_mrna__DOCK5_201_	1
observable_762	cyt_mrna__PAGE5_203_	1
observable_763	cyt_mrna__INTS6_201_	1
observable_764	cyt_mrna__TAF7L_202_	1
observable_765	cyt_mrna__SSX1_201_	1
observable_766	cyt_mrna__LEPROTL1_201_	1
observable_767	cyt_mrna__HERC1_201_	1
observable_768	cyt_mrna__LPIN2_204_	1
observable_769	cyt_mrna__GTF2F2_201_	1
observable_770	cyt_mrna__ADRA1A_204_	1
observable_771	cyt_mrna__NKX3_1_201_	1
observable_772	cyt_mrna__NUDT15_201_	1
observable_773	cyt_mrna__SKOR1_202_	1
observable_774	cyt_mrna__KLHL14_202_	1
observable_775	cyt_mrna__THAP10_201_	1
observable_776	cyt_mrna__FOXB1_201_	1
observable_777	cyt_mrna__TEX11_203_	1
observable_778	cyt_mrna__GCHFR_201_	1
observable_779	cyt_mrna__PAN3_201_	1
observable_780	cyt_mrna__REC114_201_	1
observable_781	cyt_mrna__BCORL1_204_	1
observable_782	cyt_mrna__TEX30_206_	1
observable_783	cyt_mrna__ESX1_201_	1
observable_784	cyt_mrna__TBC1D21_201_	1
observable_785	cyt_mrna__CTAG1A_202_	1
observable_786	cyt_mrna__KIF13B_206_	1
observable_787	cyt_mrna__FEM1B_201_	1
observable_788	cyt_mrna__SASH3_201_	1
observable_789	cyt_mrna__HCN4_201_	1
observable_790	cyt_mrna__SRPX2_201_	1
observable_791	cyt_mrna__CPLX3_201_	1
observable_792	cyt_mrna__TPGS2_201_	1
observable_793	cyt_mrna__CT45A3_202_	1
observable_794	cyt_mrna__CT45A6_202_	1
observable_795	cyt_mrna__GOLGA6A_201_	1
observable_796	cyt_mrna__DCLK1_202_	1
observable_797	cyt_mrna__CT45A2_202_	1
observable_798	cyt_mrna__CT45A8_202_	1
observable_799	cyt_mrna__CT45A9_202_	1
observable_800	cyt_mrna__CXorf66_201_	1
observable_801	cyt_mrna__SOWAHD_201_	1
observable_802	cyt_mrna__R3HCC1_201_	1
observable_803	cyt_mrna__RNF113A_201_	1
observable_804	cyt_mrna__CCBE1_201_	1
observable_805	cyt_mrna__FBXL3_201_	1
observable_806	cyt_mrna__FTHL17_201_	1
observable_807	cyt_mrna__OBI1_201_	1
observable_808	cyt_mrna__GSPT2_201_	1
observable_809	cyt_mrna__POFUT2_203_	1
observable_810	cyt_mrna__NEFM_201_	1
observable_811	cyt_mrna__HYKK_201_	1
observable_812	cyt_mrna__SSX5_202_	1
observable_813	cyt_mrna__HSFX3_201_	1
observable_814	cyt_mrna__MAGEB18_201_	1
observable_815	cyt_mrna__MAGEB6_201_	1
observable_816	cyt_mrna__MAGEB5_201_	1
observable_817	cyt_mrna__CSTB_201_	1
observable_818	cyt_mrna__NETO1_201_	1
observable_819	cyt_mrna__LARP6_201_	1
observable_820	cyt_mrna__MAGEA9_201_	1
observable_821	cyt_mrna__ZFHX4_214_	1
observable_822	cyt_mrna__CT47A10_201_	1
observable_823	cyt_mrna__CT47A9_201_	1
observable_824	cyt_mrna__CT47A8_201_	1
observable_825	cyt_mrna__CT47A5_201_	1
observable_826	cyt_mrna__HSFX2_201_	1
observable_827	cyt_mrna__CNMD_201_	1
observable_828	cyt_mrna__SMIM10L2B_201_	1
observable_829	cyt_mrna__ETDB_201_	1
observable_830	cyt_mrna__CT55_201_	1
observable_831	cyt_mrna__ETDA_201_	1
observable_832	cyt_mrna__SMIM10L2A_201_	1
observable_833	cyt_mrna__GATD3_201_	1
observable_834	cyt_mrna__H2AB1_201_	1
observable_835	cyt_mrna__RORA_203_	1
observable_836	cyt_mrna__GUCY2F_201_	1
observable_837	cyt_mrna__KCNE5_201_	1
observable_838	cyt_mrna__H2AB2_201_	1
observable_839	cyt_mrna__MMP16_201_	1
observable_840	cyt_mrna__ARSH_201_	1
observable_841	cyt_mrna__PGAM4_201_	1
observable_842	cyt_mrna__PSKH2_201_	1
observable_843	cyt_mrna__RNMT_202_	1
observable_844	cyt_mrna__EID1_201_	1
observable_845	cyt_mrna__DCAF4L2_201_	1
observable_846	cyt_mrna__SLC7A13_201_	1
observable_847	cyt_mrna__DGKH_202_	1
observable_848	cyt_mrna__CA13_201_	1
observable_849	cyt_mrna__FSBP_201_	1
observable_850	cyt_mrna__IGF1R_217_	1
observable_851	cyt_mrna__RALYL_205_	1
observable_852	cyt_mrna__SLC25A14_214_	1
observable_853	cyt_mrna__KCNV1_202_	1
observable_854	cyt_mrna__BRWD1_203_	1
observable_855	cyt_mrna__GPR119_202_	1
observable_856	cyt_mrna__CHRNB3_201_	1
observable_857	cyt_mrna__TSPYL5_201_	1
observable_858	cyt_mrna__KCNS2_201_	1
observable_859	cyt_mrna__SNAI2_201_	1
observable_860	cyt_mrna__CEP152_202_	1
observable_861	cyt_mrna__RTTN_222_	1
observable_862	cyt_mrna__PHEX_201_	1
observable_863	cyt_mrna__SIX6_201_	1
observable_864	cyt_mrna__MAGEB2_201_	1
observable_865	cyt_mrna__MAGEB4_201_	1
observable_866	cyt_mrna__SIX4_201_	1
observable_867	cyt_mrna__FBXO43_201_	1
observable_868	cyt_mrna__GABRE_201_	1
observable_869	cyt_mrna__CCDC175_202_	1
observable_870	cyt_mrna__FRMPD3_205_	1
observable_871	cyt_mrna__NCALD_201_	1
observable_872	cyt_mrna__PDXK_201_	1
observable_873	cyt_mrna__TMEM35A_201_	1
observable_874	cyt_mrna__SAT1_204_	1
observable_875	cyt_mrna__OR13H1_201_	1
observable_876	cyt_mrna__SPACA5B_201_	1
observable_877	cyt_mrna__STRC_205_	1
observable_878	cyt_mrna__TYMS_203_	1
observable_879	cyt_mrna__ODF1_201_	1
observable_880	cyt_mrna__STARD8_203_	1
observable_881	cyt_mrna__MAGEB3_201_	1
observable_882	cyt_mrna__PCNX1_201_	1
observable_883	cyt_mrna__CXorf49B_202_	1
observable_884	cyt_mrna__MCF2L_232_	1
observable_885	cyt_mrna__CYB5A_202_	1
observable_886	cyt_mrna__OPN1MW2_201_	1
observable_887	cyt_mrna__BHLHE22_201_	1
observable_888	cyt_mrna__GPHB5_202_	1
observable_889	cyt_mrna__FAM236D_201_	1
observable_890	cyt_mrna__ACTRT1_201_	1
observable_891	cyt_mrna__KCNB2_201_	1
observable_892	cyt_mrna__CXorf49_202_	1
observable_893	cyt_mrna__CCDC177_201_	1
observable_894	cyt_mrna__B3GALT5_210_	1
observable_895	cyt_mrna__CTAG1B_201_	1
observable_896	cyt_mrna__PMAIP1_202_	1
observable_897	cyt_mrna__CTAG2_202_	1
observable_898	cyt_mrna__KCNH5_201_	1
observable_899	cyt_mrna__AMOT_203_	1
observable_900	cyt_mrna__SPTSSA_201_	1
observable_901	cyt_mrna__PAGE3_201_	1
observable_902	cyt_mrna__TTC39C_202_	1
observable_903	cyt_mrna__ELL3_201_	1
observable_904	cyt_mrna__SKA3_202_	1
observable_905	cyt_mrna__SSX4B_201_	1
observable_906	cyt_mrna__MPC1L_201_	1
observable_907	cyt_mrna__PKHD1L1_201_	1
observable_908	cyt_mrna__DMRTC1B_201_	1
observable_909	cyt_mrna__LY6D_201_	1
observable_910	cyt_mrna__METTL4_203_	1
observable_911	cyt_mrna__CLEC14A_201_	1
observable_912	cyt_mrna__GOLGA8O_201_	1
observable_913	cyt_mrna__NKX2_4_201_	1
observable_914	cyt_mrna__NKX2_2_201_	1
observable_915	cyt_mrna__XG_206_	1
observable_916	cyt_mrna__H2BW1_201_	1
observable_917	cyt_mrna__POTEB_202_	1
observable_918	cyt_mrna__SNX33_201_	1
observable_919	cyt_mrna__PCDH11X_209_	1
observable_920	cyt_mrna__SNAI1_201_	1
observable_921	cyt_mrna__PNMA3_202_	1
observable_922	cyt_mrna__RCL1_204_	1
observable_923	cyt_mrna__DMRTC1_203_	1
observable_924	cyt_mrna__CATSPER2_203_	1
observable_925	cyt_mrna__BRD10_202_	1
observable_926	cyt_mrna__TG_201_	1
observable_927	cyt_mrna__F9_201_	1
observable_928	cyt_mrna__DMRTA1_201_	1
observable_929	cyt_mrna__PGBD4_201_	1
observable_930	cyt_mrna__LURAP1L_201_	1
observable_931	cyt_mrna__FMR1NB_201_	1
observable_932	cyt_mrna__PDS5B_201_	1
observable_933	cyt_mrna__MAGEA10_202_	1
observable_934	cyt_mrna__GML_201_	1
observable_935	cyt_mrna__CD93_201_	1
observable_936	cyt_mrna__LYPD2_201_	1
observable_937	cyt_mrna__XAGE3_201_	1
observable_938	cyt_mrna__SLURP1_201_	1
observable_939	cyt_mrna__FRMD7_201_	1
observable_940	cyt_mrna__HAUS1_201_	1
observable_941	cyt_mrna__MXRA5_201_	1
observable_942	cyt_mrna__GAGE12D_201_	1
observable_943	cyt_mrna__GAGE12E_201_	1
observable_944	cyt_mrna__GAGE12G_201_	1
observable_945	cyt_mrna__GAGE12H_201_	1
observable_946	cyt_mrna__PROSER1_201_	1
observable_947	cyt_mrna__GAGE1_201_	1
observable_948	cyt_mrna__GAGE10_201_	1
observable_949	cyt_mrna__USP25_204_	1
observable_950	cyt_mrna__GAGE12J_201_	1
observable_951	cyt_mrna__NDUFV3_202_	1
observable_952	cyt_mrna__GABRQ_201_	1
observable_953	cyt_mrna__PNMA5_204_	1
observable_954	cyt_mrna__KCNE1_203_	1
observable_955	cyt_mrna__NHS_207_	1
observable_956	cyt_mrna__FAM120C_202_	1
observable_957	cyt_mrna__RGS6_209_	1
observable_958	cyt_mrna__TMEM185A_207_	1
observable_959	cyt_mrna__RBBP8_201_	1
observable_960	cyt_mrna__CSMD3_201_	1
observable_961	cyt_mrna__CDK8_201_	1
observable_962	cyt_mrna__VPS26C_201_	1
observable_963	cyt_mrna__DACH2_201_	1
observable_964	cyt_mrna__PAX5_201_	1
observable_965	cyt_mrna__ATXN3L_201_	1
observable_966	cyt_mrna__VCX3B_201_	1
observable_967	cyt_mrna__SNTB1_202_	1
observable_968	cyt_mrna__CCDC85C_201_	1
observable_969	cyt_mrna__HAS2_201_	1
observable_970	cyt_mrna__BRCC3_201_	1
observable_971	cyt_mrna__IMPA2_201_	1
observable_972	cyt_mrna__FAM47A_201_	1
observable_973	cyt_mrna__TEX13D_201_	1
observable_974	cyt_mrna__CNGA2_201_	1
observable_975	cyt_mrna__SHOX_204_	1
observable_976	cyt_mrna__CLBA1_202_	1
observable_977	cyt_mrna__CHIC1_201_	1
observable_978	cyt_mrna__HAPSTR2_201_	1
observable_979	cyt_mrna__B4GALT6_202_	1
observable_980	cyt_mrna__AHNAK2_201_	1
observable_981	cyt_mrna__SLC28A3_201_	1
observable_982	cyt_mrna__SSX2_202_	1
observable_983	cyt_mrna__CCN4_202_	1
observable_984	cyt_mrna__RPL10L_201_	1
observable_985	cyt_mrna__VCX_204_	1
observable_986	cyt_mrna__SERTM2_202_	1
observable_987	cyt_mrna__DOP1B_205_	1
observable_988	cyt_mrna__TYRP1_203_	1
observable_989	cyt_mrna__GNA14_201_	1
observable_990	cyt_mrna__PI15_201_	1
observable_991	cyt_mrna__FOXD4L3_201_	1
observable_992	cyt_mrna__TSPEAR_201_	1
observable_993	cyt_mrna__PSMB11_201_	1
observable_994	cyt_mrna__SLC39A4_202_	1
observable_995	cyt_mrna__GRIN3A_201_	1
observable_996	cyt_mrna__CYLC2_201_	1
observable_997	cyt_mrna__THTPA_201_	1
observable_998	cyt_mrna__MOS_201_	1
observable_999	cyt_mrna__SLX9_201_	1
observable_1000	cyt_mrna__BARX1_201_	1
observable_1001	cyt_mrna__TRAPPC8_201_	1
observable_1002	cyt_mrna__TCL1A_201_	1
observable_1003	cyt_mrna__ATP7A_201_	1
observable_1004	cyt_mrna__ZSCAN30_201_	1
observable_1005	cyt_mrna__CXADR_201_	1
observable_1006	cyt_mrna__RS1_201_	1
observable_1007	cyt_mrna__GLOD5_201_	1
observable_1008	cyt_mrna__OR6S1_201_	1
observable_1009	cyt_mrna__ERAS_202_	1
observable_1010	cyt_mrna__SUPT20HL2_201_	1
observable_1011	cyt_mrna__MRPS31_201_	1
observable_1012	cyt_mrna__EDDM3A_201_	1
observable_1013	cyt_mrna__EDDM3B_201_	1
observable_1014	cyt_mrna__RNASE2_201_	1
observable_1015	cyt_mrna__ARMCX4_202_	1
observable_1016	cyt_mrna__SLC39A2_201_	1
observable_1017	cyt_mrna__TGIF1_202_	1
observable_1018	cyt_mrna__TPPP2_201_	1
observable_1019	cyt_mrna__SMIM9_201_	1
observable_1020	cyt_mrna__RNASE13_201_	1
observable_1021	cyt_mrna__RNASE7_201_	1
observable_1022	cyt_mrna__RNASE8_201_	1
observable_1023	cyt_mrna__CXorf51A_201_	1
observable_1024	cyt_mrna__SPACA5_202_	1
observable_1025	cyt_mrna__CT45A7_201_	1
observable_1026	cyt_mrna__ICE1_201_	1
observable_1027	cyt_mrna__LAGE3_201_	1
observable_1028	cyt_mrna__USP26_203_	1
observable_1029	cyt_mrna__ADARB2_203_	1
observable_1030	cyt_mrna__MARCHF11_201_	1
observable_1031	cyt_mrna__TIMM21_201_	1
observable_1032	cyt_mrna__HS6ST2_201_	1
observable_1033	cyt_mrna__STARD13_202_	1
observable_1034	cyt_mrna__DGAT2L6_201_	1
observable_1035	cyt_mrna__AWAT1_201_	1
observable_1036	cyt_mrna__ACBD7_201_	1
observable_1037	cyt_mrna__P2RY4_201_	1
observable_1038	cyt_mrna__ARR3_201_	1
observable_1039	cyt_mrna__SLC12A6_202_	1
observable_1040	cyt_mrna__RAB41_202_	1
observable_1041	cyt_mrna__NDRG1_201_	1
observable_1042	cyt_mrna__TRPC5_201_	1
observable_1043	cyt_mrna__TEX13C_202_	1
observable_1044	cyt_mrna__NDC80_201_	1
observable_1045	cyt_mrna__CUBN_202_	1
observable_1046	cyt_mrna__RTL9_202_	1
observable_1047	cyt_mrna__POTEG_202_	1
observable_1048	cyt_mrna__FAM47C_201_	1
observable_1049	cyt_mrna__ADNP2_201_	1
observable_1050	cyt_mrna__OR4N2_203_	1
observable_1051	cyt_mrna__IL2RG_202_	1
observable_1052	cyt_mrna__AMMECR1_201_	1
observable_1053	cyt_mrna__VSX1_202_	1
observable_1054	cyt_mrna__BLOC1S6_201_	1
observable_1055	cyt_mrna__VPS13A_202_	1
observable_1056	cyt_mrna__MAGEA1_201_	1
observable_1057	cyt_mrna__VPS4B_201_	1
observable_1058	cyt_mrna__PWWP4_201_	1
observable_1059	cyt_mrna__CT47C1_201_	1
observable_1060	cyt_mrna__ARMC3_201_	1
observable_1061	cyt_mrna__MYO10_210_	1
observable_1062	cyt_mrna__SH2D1A_202_	1
observable_1063	cyt_mrna__LTB4R2_204_	1
observable_1064	cyt_mrna__TLR8_201_	1
observable_1065	cyt_mrna__USP50_203_	1
observable_1066	cyt_mrna__FAM9C_202_	1
observable_1067	cyt_mrna__MALRD1_204_	1
observable_1068	cyt_mrna__FBXL7_202_	1
observable_1069	cyt_mrna__FER1L6_201_	1
observable_1070	cyt_mrna__ST8SIA6_201_	1
observable_1071	cyt_mrna__CT45A1_202_	1
observable_1072	cyt_mrna__GDF2_201_	1
observable_1073	cyt_mrna__CCDC166_201_	1
observable_1074	cyt_mrna__CT45A5_203_	1
observable_1075	cyt_mrna__LMX1B_202_	1
observable_1076	cyt_mrna__EPPK1_202_	1
observable_1077	cyt_mrna__SPATA31A6_201_	1
observable_1078	cyt_mrna__PTF1A_201_	1
observable_1079	cyt_mrna__SPATC1_201_	1
observable_1080	cyt_mrna__CPAP_201_	1
observable_1081	cyt_mrna__GAS1_201_	1
observable_1082	cyt_mrna__ENKUR_201_	1
observable_1083	cyt_mrna__CDH9_201_	1
observable_1084	cyt_mrna__WDR97_201_	1
observable_1085	cyt_mrna__WWC3_201_	1
observable_1086	cyt_mrna__PHYHIPL_202_	1
observable_1087	cyt_mrna__HGH1_201_	1
observable_1088	cyt_mrna__TRPM7_210_	1
observable_1089	cyt_mrna__TCP11X1_202_	1
observable_1090	cyt_mrna__RBP3_201_	1
observable_1091	cyt_mrna__TCP11X2_202_	1
observable_1092	cyt_mrna__GRTP1_203_	1
observable_1093	cyt_mrna__ADAMTS12_203_	1
observable_1094	cyt_mrna__VCPIP1_201_	1
observable_1095	cyt_mrna__JCAD_201_	1
observable_1096	cyt_mrna__PTPN2_201_	1
observable_1097	cyt_mrna__DKK1_201_	1
observable_1098	cyt_mrna__TRHR_202_	1
observable_1099	cyt_mrna__GATA1_202_	1
observable_1100	cyt_mrna__CFAP161_201_	1
observable_1101	cyt_mrna__POLR1D_201_	1
observable_1102	cyt_mrna__TRPC5OS_203_	1
observable_1103	cyt_mrna__CHRM5_201_	1
observable_1104	cyt_mrna__NUTM2A_202_	1
observable_1105	cyt_mrna__RAB3C_201_	1
observable_1106	cyt_mrna__IER3IP1_201_	1
observable_1107	cyt_mrna__COL27A1_201_	1
observable_1108	cyt_mrna__POMP_201_	1
observable_1109	cyt_mrna__MINPP1_202_	1
observable_1110	cyt_mrna__ENY2_211_	1
observable_1111	cyt_mrna__GRID1_201_	1
observable_1112	cyt_mrna__ISCA1_203_	1
observable_1113	cyt_mrna__KCNK9_203_	1
observable_1114	cyt_mrna__TGM7_201_	1
observable_1115	cyt_mrna__CYP26C1_202_	1
observable_1116	cyt_mrna__LCMT2_201_	1
observable_1117	cyt_mrna__HTRA4_201_	1
observable_1118	cyt_mrna__ITGA1_201_	1
observable_1119	cyt_mrna__DKK4_201_	1
observable_1120	cyt_mrna__TRMT12_201_	1
observable_1121	cyt_mrna__RXRA_202_	1
observable_1122	cyt_mrna__PEX11A_201_	1
observable_1123	cyt_mrna__TUBB6_201_	1
observable_1124	cyt_mrna__IQANK1_201_	1
observable_1125	cyt_mrna__FGF17_201_	1
observable_1126	cyt_mrna__CAMSAP1_202_	1
observable_1127	cyt_mrna__EXOC6_201_	1
observable_1128	cyt_mrna__PTGES_201_	1
observable_1129	cyt_mrna__IPO5_230_	1
observable_1130	cyt_mrna__BICC1_202_	1
observable_1131	cyt_mrna__ARHGAP28_203_	1
observable_1132	cyt_mrna__PAPPA_201_	1
observable_1133	cyt_mrna__SPTBN5_201_	1
observable_1134	cyt_mrna__VCAN_201_	1
observable_1135	cyt_mrna__MCF2_208_	1
observable_1136	cyt_mrna__DNTT_201_	1
observable_1137	cyt_mrna__SPANXN4_202_	1
observable_1138	cyt_mrna__MESP2_201_	1
observable_1139	cyt_mrna__MAGEB16_203_	1
observable_1140	cyt_mrna__CSTF2T_201_	1
observable_1141	cyt_mrna__CFAP157_202_	1
observable_1142	cyt_mrna__OPN1MW3_201_	1
observable_1143	cyt_mrna__INO80C_202_	1
observable_1144	cyt_mrna__H2AL3_201_	1
observable_1145	cyt_mrna__MAGEB6B_201_	1
observable_1146	cyt_mrna__SPANXA1_201_	1
observable_1147	cyt_mrna__PNLIPRP3_201_	1
observable_1148	cyt_mrna__ZSWIM6_201_	1
observable_1149	cyt_mrna__NXF2B_202_	1
observable_1150	cyt_mrna__LYZL1_203_	1
observable_1151	cyt_mrna__TEX28_203_	1
observable_1152	cyt_mrna__SPANXN2_201_	1
observable_1153	cyt_mrna__BCL2A1_201_	1
observable_1154	cyt_mrna__AGAP9_201_	1
observable_1155	cyt_mrna__CDK9_201_	1
observable_1156	cyt_mrna__NR0B1_202_	1
observable_1157	cyt_mrna__EPG5_201_	1
observable_1158	cyt_mrna__CCIN_201_	1
observable_1159	cyt_mrna__CYP26A1_201_	1
observable_1160	cyt_mrna__SMIM10_201_	1
observable_1161	cyt_mrna__RASL12_201_	1
observable_1162	cyt_mrna__NAIF1_201_	1
observable_1163	cyt_mrna__BBLN_201_	1
observable_1164	cyt_mrna__CFAP58_202_	1
observable_1165	cyt_mrna__PDCD7_201_	1
observable_1166	cyt_mrna__NDN_201_	1
observable_1167	cyt_mrna__TMEM26_202_	1
observable_1168	cyt_mrna__HMX3_201_	1
observable_1169	cyt_mrna__KBTBD13_201_	1
observable_1170	cyt_mrna__QNG1_203_	1
observable_1171	cyt_mrna__BTBD16_201_	1
observable_1172	cyt_mrna__FRG2B_201_	1
observable_1173	cyt_mrna__CCDC107_206_	1
observable_1174	cyt_mrna__NKX1_2_201_	1
observable_1175	cyt_mrna__MSMP_202_	1
observable_1176	cyt_mrna__TPT1_212_	1
observable_1177	cyt_mrna__FAM221B_203_	1
observable_1178	cyt_mrna__NIPBL_201_	1
observable_1179	cyt_mrna__HRCT1_201_	1
observable_1180	cyt_mrna__OR2S2_201_	1
observable_1181	cyt_mrna__MRO_202_	1
observable_1182	cyt_mrna__CD180_201_	1
observable_1183	cyt_mrna__MLLT3_202_	1
observable_1184	cyt_mrna__BMP1_202_	1
observable_1185	cyt_mrna__WDR11_201_	1
observable_1186	cyt_mrna__RGS7BP_201_	1
observable_1187	cyt_mrna__ZNF595_205_	1
observable_1188	cyt_mrna__CCNO_201_	1
observable_1189	cyt_mrna__MRPL41_201_	1
observable_1190	cyt_mrna__MSX1_201_	1
observable_1191	cyt_mrna__RPGR_216_	1
observable_1192	cyt_mrna__ZC4H2_202_	1
observable_1193	cyt_mrna__DMRT1_201_	1
observable_1194	cyt_mrna__FOXI2_201_	1
observable_1195	cyt_mrna__RAB2B_201_	1
observable_1196	cyt_mrna__GPR26_201_	1
observable_1197	cyt_mrna__FAM120AOS_201_	1
observable_1198	cyt_mrna__SPMIP10_201_	1
observable_1199	cyt_mrna__GPR78_201_	1
observable_1200	cyt_mrna__ARMS2_201_	1
observable_1201	cyt_mrna__HDGFL1_201_	1
observable_1202	cyt_mrna__FOXQ1_201_	1
observable_1203	cyt_mrna__CNGB3_201_	1
observable_1204	cyt_mrna__GFOD1_203_	1
observable_1205	cyt_mrna__MRPL50_201_	1
observable_1206	cyt_mrna__PPP3R2_201_	1
observable_1207	cyt_mrna__ZNF718_201_	1
observable_1208	cyt_mrna__NRG3_201_	1
observable_1209	cyt_mrna__EQTN_202_	1
observable_1210	cyt_mrna__RBM24_202_	1
observable_1211	cyt_mrna__FOXF2_201_	1
observable_1212	cyt_mrna__SOX4_201_	1
observable_1213	cyt_mrna__GABRB1_201_	1
observable_1214	cyt_mrna__SLC24A4_205_	1
observable_1215	cyt_mrna__GPR158_201_	1
observable_1216	cyt_mrna__EMX2_203_	1
observable_1217	cyt_mrna__TMC1_201_	1
observable_1218	cyt_mrna__TMTC4_202_	1
observable_1219	cyt_mrna__TOMM20L_201_	1
observable_1220	cyt_mrna__COX7B2_201_	1
observable_1221	cyt_mrna__TMEM252_201_	1
observable_1222	cyt_mrna__PCSK6_214_	1
observable_1223	cyt_mrna__UGT2B11_201_	1
observable_1224	cyt_mrna__ADGRV1_201_	1
observable_1225	cyt_mrna__NAA11_201_	1
observable_1226	cyt_mrna__THAP9_201_	1
observable_1227	cyt_mrna__GK2_201_	1
observable_1228	cyt_mrna__PLPP4_202_	1
observable_1229	cyt_mrna__SKIDA1_202_	1
observable_1230	cyt_mrna__NPS_201_	1
observable_1231	cyt_mrna__NAA16_201_	1
observable_1232	cyt_mrna__PRMT2_203_	1
observable_1233	cyt_mrna__PPP2R2C_203_	1
observable_1234	cyt_mrna__PRKG1_203_	1
observable_1235	cyt_mrna__CHAMP1_201_	1
observable_1236	cyt_mrna__GARNL3_202_	1
observable_1237	cyt_mrna__OXR1_209_	1
observable_1238	cyt_mrna__TACR3_201_	1
observable_1239	cyt_mrna__RASGRF1_203_	1
observable_1240	cyt_mrna__TMEM210_201_	1
observable_1241	cyt_mrna__TMEM203_201_	1
observable_1242	cyt_mrna__OR4F21_201_	1
observable_1243	cyt_mrna__NKX2_6_201_	1
observable_1244	cyt_mrna__TDRP_201_	1
observable_1245	cyt_mrna__MKRN3_201_	1
observable_1246	cyt_mrna__SLC34A3_203_	1
observable_1247	cyt_mrna__RFC3_201_	1
observable_1248	cyt_mrna__CIMIP2A_201_	1
observable_1249	cyt_mrna__LRP12_201_	1
observable_1250	cyt_mrna__ONECUT3_201_	1
observable_1251	cyt_mrna__PYGO1_202_	1
observable_1252	cyt_mrna__MAFA_201_	1
observable_1253	cyt_mrna__S1PR4_201_	1
observable_1254	cyt_mrna__NELFB_201_	1
observable_1255	cyt_mrna__ZNRF4_201_	1
observable_1256	cyt_mrna__NRARP_201_	1
observable_1257	cyt_mrna__MYCBP2_207_	1
observable_1258	cyt_mrna__ADAMTS1_201_	1
observable_1259	cyt_mrna__MEGF10_203_	1
observable_1260	cyt_mrna__MROH6_201_	1
observable_1261	cyt_mrna__ACTL7B_201_	1
observable_1262	cyt_mrna__ACTL7A_201_	1
observable_1263	cyt_mrna__GNA15_201_	1
observable_1264	cyt_mrna__QRFP_202_	1
observable_1265	cyt_mrna__TIGD5_201_	1
observable_1266	cyt_mrna__PRDM12_201_	1
observable_1267	cyt_mrna__IER5L_201_	1
observable_1268	cyt_mrna__CSF2_201_	1
observable_1269	cyt_mrna__ATP5MGL_201_	1
observable_1270	cyt_mrna__SPATA31A1_201_	1
observable_1271	cyt_mrna__GNA11_201_	1
observable_1272	cyt_mrna__GNB5_201_	1
observable_1273	cyt_mrna__SLIT1_201_	1
observable_1274	cyt_mrna__CALML5_201_	1
observable_1275	cyt_mrna__CALML3_201_	1
observable_1276	cyt_mrna__TEKTL1_201_	1
observable_1277	cyt_mrna__OR7C2_201_	1
observable_1278	cyt_mrna__LINGO1_201_	1
observable_1279	cyt_mrna__SLC31A2_201_	1
observable_1280	cyt_mrna__OR1K1_201_	1
observable_1281	cyt_mrna__BANK1_201_	1
observable_1282	cyt_mrna__PDE6C_201_	1
observable_1283	cyt_mrna__SOX10_202_	1
observable_1284	cyt_mrna__LCN15_201_	1
observable_1285	cyt_mrna__CYP4F8_210_	1
observable_1286	cyt_mrna__ZNF627_201_	1
observable_1287	cyt_mrna__CRYBB2_201_	1
observable_1288	cyt_mrna__CCDC183_201_	1
observable_1289	cyt_mrna__EGFLAM_201_	1
observable_1290	cyt_mrna__ARHGEF38_202_	1
observable_1291	cyt_mrna__EXOSC8_202_	1
observable_1292	cyt_mrna__CASP14_201_	1
observable_1293	cyt_mrna__C22orf39_201_	1
observable_1294	cyt_mrna__CXCL6_201_	1
observable_1295	cyt_mrna__SLITRK5_202_	1
observable_1296	cyt_mrna__TRAM1L1_201_	1
observable_1297	cyt_mrna__TAL2_201_	1
observable_1298	cyt_mrna__PRKACG_201_	1
observable_1299	cyt_mrna__SPATA31A5_201_	1
observable_1300	cyt_mrna__LGI1_202_	1
observable_1301	cyt_mrna__STPG2_201_	1
observable_1302	cyt_mrna__TMEM67_205_	1
observable_1303	cyt_mrna__KIF13A_201_	1
observable_1304	cyt_mrna__EPB41L4A_201_	1
observable_1305	cyt_mrna__FRMPD1_202_	1
observable_1306	cyt_mrna__UFM1_201_	1
observable_1307	cyt_mrna__SYNPO2_201_	1
observable_1308	cyt_mrna__HSPA14_201_	1
observable_1309	cyt_mrna__RPEL1_201_	1
observable_1310	cyt_mrna__ARRDC3_201_	1
observable_1311	cyt_mrna__TUBB8_206_	1
observable_1312	cyt_mrna__ZNF257_203_	1
observable_1313	cyt_mrna__MUC7_201_	1
observable_1314	cyt_mrna__ZNF729_201_	1
observable_1315	cyt_mrna__PIP5KL1_202_	1
observable_1316	cyt_mrna__KLHL26_201_	1
observable_1317	cyt_mrna__NDST4_201_	1
observable_1318	cyt_mrna__RAB36_201_	1
observable_1319	cyt_mrna__IL9_201_	1
observable_1320	cyt_mrna__KCNU1_201_	1
observable_1321	cyt_mrna__PRR16_202_	1
observable_1322	cyt_mrna__DMD_203_	1
observable_1323	cyt_mrna__PDHA2_201_	1
observable_1324	cyt_mrna__NUTM2G_202_	1
observable_1325	cyt_mrna__CERS3_209_	1
observable_1326	cyt_mrna__IL2RB_201_	1
observable_1327	cyt_mrna__LECT2_201_	1
observable_1328	cyt_mrna__HMGN1_204_	1
observable_1329	cyt_mrna__TEX53_202_	1
observable_1330	cyt_mrna__TEX48_201_	1
observable_1331	cyt_mrna__TNFSF15_202_	1
observable_1332	cyt_mrna__CER1_201_	1
observable_1333	cyt_mrna__LIPF_201_	1
observable_1334	cyt_mrna__CAGE1_206_	1
observable_1335	cyt_mrna__SLC7A11_201_	1
observable_1336	cyt_mrna__LIPM_201_	1
observable_1337	cyt_mrna__FOXC1_201_	1
observable_1338	cyt_mrna__NHLRC1_201_	1
observable_1339	cyt_mrna__LIPN_201_	1
observable_1340	cyt_mrna__ZNF98_201_	1
observable_1341	cyt_mrna__PGK2_201_	1
observable_1342	cyt_mrna__OR13F1_201_	1
observable_1343	cyt_mrna__MAP1B_201_	1
observable_1344	cyt_mrna__OR13C4_201_	1
observable_1345	cyt_mrna__OR13C8_201_	1
observable_1346	cyt_mrna__OR13C5_201_	1
observable_1347	cyt_mrna__ZNF730_202_	1
observable_1348	cyt_mrna__OR13C2_201_	1
observable_1349	cyt_mrna__OR13C9_201_	1
observable_1350	cyt_mrna__DAAM1_201_	1
observable_1351	cyt_mrna__SLC10A6_201_	1
observable_1352	cyt_mrna__ZNF728_201_	1
observable_1353	cyt_mrna__GSC_201_	1
observable_1354	cyt_mrna__OR10G2_201_	1
observable_1355	cyt_mrna__PDCD2L_201_	1
observable_1356	cyt_mrna__HSPA12A_201_	1
observable_1357	cyt_mrna__ANKRD55_201_	1
observable_1358	cyt_mrna__ZNF723_201_	1
observable_1359	cyt_mrna__ARHGAP24_203_	1
observable_1360	cyt_mrna__SYNPO2L_202_	1
observable_1361	cyt_mrna__IRGC_201_	1
observable_1362	cyt_mrna__FUT11_201_	1
observable_1363	cyt_mrna__PGGT1B_203_	1
observable_1364	cyt_mrna__CHCHD1_201_	1
observable_1365	cyt_mrna__PCDH10_201_	1
observable_1366	cyt_mrna__MEIKIN_203_	1
observable_1367	cyt_mrna__LRRTM2_201_	1
observable_1368	cyt_mrna__RHOXF2B_201_	1
observable_1369	cyt_mrna__PARP4_201_	1
observable_1370	cyt_mrna__RHOXF2_201_	1
observable_1371	cyt_mrna__UPB1_201_	1
observable_1372	cyt_mrna__MINAR2_201_	1
observable_1373	cyt_mrna__ERCC6L_201_	1
observable_1374	cyt_mrna__PKHD1_202_	1
observable_1375	cyt_mrna__STK32A_202_	1
observable_1376	cyt_mrna__LGSN_201_	1
observable_1377	cyt_mrna__TSHR_201_	1
observable_1378	cyt_mrna__RNF150_206_	1
observable_1379	cyt_mrna__VPS13B_202_	1
observable_1380	cyt_mrna__SDHAF4_201_	1
observable_1381	cyt_mrna__POU3F2_201_	1
observable_1382	cyt_mrna__RTL1_201_	1
observable_1383	cyt_mrna__BATF_201_	1
observable_1384	cyt_mrna__GLYATL3_201_	1
observable_1385	cyt_mrna__SEC14L3_201_	1
observable_1386	cyt_mrna__LSM11_201_	1
observable_1387	cyt_mrna__EFCAB9_201_	1
observable_1388	cyt_mrna__RBM46_201_	1
observable_1389	cyt_mrna__ABCA1_202_	1
observable_1390	cyt_mrna__CD109_201_	1
observable_1391	cyt_mrna__RDH12_203_	1
observable_1392	cyt_mrna__GPR21_201_	1
observable_1393	cyt_mrna__UBA2_201_	1
observable_1394	cyt_mrna__FRRS1L_201_	1
observable_1395	cyt_mrna__EXT1_201_	1
observable_1396	cyt_mrna__NKX2_8_201_	1
observable_1397	cyt_mrna__BSPH1_201_	1
observable_1398	cyt_mrna__SLC7A1_201_	1
observable_1399	cyt_mrna__PAX9_201_	1
observable_1400	cyt_mrna__CABP5_201_	1
observable_1401	cyt_mrna__USP17L7_201_	1
observable_1402	cyt_mrna__SPATA31G1_201_	1
observable_1403	cyt_mrna__CD24_201_	1
observable_1404	cyt_mrna__PNMA6E_201_	1
observable_1405	cyt_mrna__MSMB_202_	1
observable_1406	cyt_mrna__GLRA3_201_	1
observable_1407	cyt_mrna__SAXO1_202_	1
observable_1408	cyt_mrna__GRAP2_201_	1
observable_1409	cyt_mrna__RRAGA_201_	1
observable_1410	cyt_mrna__TSPYL4_201_	1
observable_1411	cyt_mrna__SLCO6A1_205_	1
observable_1412	cyt_mrna__KRTDAP_201_	1
observable_1413	cyt_mrna__XKRX_201_	1
observable_1414	cyt_mrna__CCL27_201_	1
observable_1415	cyt_mrna__GFRAL_201_	1
observable_1416	cyt_mrna__CCL19_201_	1
observable_1417	cyt_mrna__ZNF586_203_	1
observable_1418	cyt_mrna__HPS6_201_	1
observable_1419	cyt_mrna__GLRA2_201_	1
observable_1420	cyt_mrna__SPATA31F1_201_	1
observable_1421	cyt_mrna__TFAP2B_202_	1
observable_1422	cyt_mrna__RTL5_202_	1
observable_1423	cyt_mrna__ING2_201_	1
observable_1424	cyt_mrna__CEL_201_	1
observable_1425	cyt_mrna__HORMAD2_201_	1
observable_1426	cyt_mrna__SLC30A8_202_	1
observable_1427	cyt_mrna__LDB1_204_	1
observable_1428	cyt_mrna__TNFAIP8_206_	1
observable_1429	cyt_mrna__KLK2_201_	1
observable_1430	cyt_mrna__KCTD16_202_	1
observable_1431	cyt_mrna__GPM6B_201_	1
observable_1432	cyt_mrna__RWDD4_201_	1
observable_1433	cyt_mrna__ELOVL3_201_	1
observable_1434	cyt_mrna__DCSTAMP_201_	1
observable_1435	cyt_mrna__ATP6V1D_201_	1
observable_1436	cyt_mrna__COL19A1_205_	1
observable_1437	cyt_mrna__PNPLA3_201_	1
observable_1438	cyt_mrna__STK24_208_	1
observable_1439	cyt_mrna__IL3_201_	1
observable_1440	cyt_mrna__SPMIP2_201_	1
observable_1441	cyt_mrna__PSG7_201_	1
observable_1442	cyt_mrna__ELOVL4_201_	1
observable_1443	cyt_mrna__TST_201_	1
observable_1444	cyt_mrna__MACROH2A2_201_	1
observable_1445	cyt_mrna__TAF1L_201_	1
observable_1446	cyt_mrna__FOXD4_201_	1
observable_1447	cyt_mrna__CMA1_202_	1
observable_1448	cyt_mrna__AKAP11_201_	1
observable_1449	cyt_mrna__NPFFR1_201_	1
observable_1450	cyt_mrna__IDO1_202_	1
observable_1451	cyt_mrna__KCNV2_201_	1
observable_1452	cyt_mrna__SLC6A16_201_	1
observable_1453	cyt_mrna__DOLK_201_	1
observable_1454	cyt_mrna__OC90_201_	1
observable_1455	cyt_mrna__LRRC26_201_	1
observable_1456	cyt_mrna__AARD_201_	1
observable_1457	cyt_mrna__TLL1_201_	1
observable_1458	cyt_mrna__HHLA1_201_	1
observable_1459	cyt_mrna__CYTH4_201_	1
observable_1460	cyt_mrna__EPC1_202_	1
observable_1461	cyt_mrna__LRRC24_201_	1
observable_1462	cyt_mrna__C14orf132_203_	1
observable_1463	cyt_mrna__ARHGAP26_222_	1
observable_1464	cyt_mrna__C8orf82_202_	1
observable_1465	cyt_mrna__APOBEC3C_201_	1
observable_1466	cyt_mrna__MSANTD7_202_	1
observable_1467	cyt_mrna__NUTM2D_201_	1
observable_1468	cyt_mrna__FTMT_201_	1
observable_1469	cyt_mrna__ADAM29_201_	1
observable_1470	cyt_mrna__PRSS3_203_	1
observable_1471	cyt_mrna__SPATA4_201_	1
observable_1472	cyt_mrna__BRSK1_201_	1
observable_1473	cyt_mrna__C5orf47_201_	1
observable_1474	cyt_mrna__CLDN24_201_	1
observable_1475	cyt_mrna__GNAS_210_	1
observable_1476	cyt_mrna__NKX2_5_201_	1
observable_1477	cyt_mrna__ZNF578_201_	1
observable_1478	cyt_mrna__SPCS3_201_	1
observable_1479	cyt_mrna__TRIML1_201_	1
observable_1480	cyt_mrna__C5orf52_201_	1
observable_1481	cyt_mrna__DKKL1_201_	1
observable_1482	cyt_mrna__KIF4B_201_	1
observable_1483	cyt_mrna__DNAJB5_211_	1
observable_1484	cyt_mrna__CHSY3_201_	1
observable_1485	cyt_mrna__RAC2_201_	1
observable_1486	cyt_mrna__OR1J1_201_	1
observable_1487	cyt_mrna__DCHS2_202_	1
observable_1488	cyt_mrna__OR1J2_201_	1
observable_1489	cyt_mrna__OR1J4_201_	1
observable_1490	cyt_mrna__SOWAHA_201_	1
observable_1491	cyt_mrna__OR1Q1_201_	1
observable_1492	cyt_mrna__FAM184A_201_	1
observable_1493	cyt_mrna__BPIFB6_201_	1
observable_1494	cyt_mrna__ZCCHC13_201_	1
observable_1495	cyt_mrna__RPGRIP1_202_	1
observable_1496	cyt_mrna__EID2B_201_	1
observable_1497	cyt_mrna__H2BW2_203_	1
observable_1498	cyt_mrna__EID2_201_	1
observable_1499	cyt_mrna__AP3B2_203_	1
observable_1500	cyt_mrna__GFRA4_201_	1
observable_1501	cyt_mrna__PNMA8B_202_	1
observable_1502	cyt_mrna__DACT3_202_	1
observable_1503	cyt_mrna__MMP11_201_	1
observable_1504	cyt_mrna__LIN28B_201_	1
observable_1505	cyt_mrna__GLIS3_202_	1
observable_1506	cyt_mrna__FABP7_202_	1
observable_1507	cyt_mrna__CRB3_204_	1
observable_1508	cyt_mrna__ADAM20_201_	1
observable_1509	cyt_mrna__TNFSF9_201_	1
observable_1510	cyt_mrna__CST8_201_	1
observable_1511	cyt_mrna__HPGD_202_	1
observable_1512	cyt_mrna__IRF2BP1_201_	1
observable_1513	cyt_mrna__NANOS2_201_	1
observable_1514	cyt_mrna__FBP2_201_	1
observable_1515	cyt_mrna__TINAG_201_	1
observable_1516	cyt_mrna__PGLYRP1_201_	1
observable_1517	cyt_mrna__CPEB4_201_	1
observable_1518	cyt_mrna__IGFL3_201_	1
observable_1519	cyt_mrna__CSMD1_217_	1
observable_1520	cyt_mrna__TBX18_202_	1
observable_1521	cyt_mrna__CST9L_201_	1
observable_1522	cyt_mrna__CST9_201_	1
observable_1523	cyt_mrna__FCF1_201_	1
observable_1524	cyt_mrna__MXI1_202_	1
observable_1525	cyt_mrna__SF3A1_201_	1
observable_1526	cyt_mrna__TKTL2_201_	1
observable_1527	cyt_mrna__CST4_201_	1
observable_1528	cyt_mrna__COL10A1_205_	1
observable_1529	cyt_mrna__NWD2_201_	1
observable_1530	cyt_mrna__ATG14_201_	1
observable_1531	cyt_mrna__NPY2R_201_	1
observable_1532	cyt_mrna__IL4_201_	1
observable_1533	cyt_mrna__RSPH6A_201_	1
observable_1534	cyt_mrna__C8orf89_202_	1
observable_1535	cyt_mrna__CHCHD10_202_	1
observable_1536	cyt_mrna__TMEM174_201_	1
observable_1537	cyt_mrna__FBXL12_201_	1
observable_1538	cyt_mrna__SLC5A1_201_	1
observable_1539	cyt_mrna__ZNF189_202_	1
observable_1540	cyt_mrna__ZNF552_201_	1
observable_1541	cyt_mrna__OR2K2_201_	1
observable_1542	cyt_mrna__TUSC1_201_	1
observable_1543	cyt_mrna__TERB2_201_	1
observable_1544	cyt_mrna__C9orf153_201_	1
observable_1545	cyt_mrna__KLF9_201_	1
observable_1546	cyt_mrna__RASL11B_201_	1
observable_1547	cyt_mrna__ZNF417_201_	1
observable_1548	cyt_mrna__EYS_211_	1
observable_1549	cyt_mrna__PFN3_201_	1
observable_1550	cyt_mrna__ZNF256_201_	1
observable_1551	cyt_mrna__EXD1_202_	1
observable_1552	cyt_mrna__GNB1L_201_	1
observable_1553	cyt_mrna__LRRC14B_201_	1
observable_1554	cyt_mrna__BCL2L10_201_	1
observable_1555	cyt_mrna__IFNB1_201_	1
observable_1556	cyt_mrna__C19orf18_201_	1
observable_1557	cyt_mrna__HECTD2_201_	1
observable_1558	cyt_mrna__IFNW1_201_	1
observable_1559	cyt_mrna__TAAR6_201_	1
observable_1560	cyt_mrna__IFNA21_201_	1
observable_1561	cyt_mrna__IFIT1B_201_	1
observable_1562	cyt_mrna__GPR32_201_	1
observable_1563	cyt_mrna__IFIT1_201_	1
observable_1564	cyt_mrna__TRAPPC3L_202_	1
observable_1565	cyt_mrna__TMEM236_201_	1
observable_1566	cyt_mrna__HIPK4_201_	1
observable_1567	cyt_mrna__ADAD1_201_	1
observable_1568	cyt_mrna__TAAR2_202_	1
observable_1569	cyt_mrna__ZMYM2_210_	1
observable_1570	cyt_mrna__HMCN2_207_	1
observable_1571	cyt_mrna__PERP_201_	1
observable_1572	cyt_mrna__PSG6_201_	1
observable_1573	cyt_mrna__ZFYVE26_201_	1
observable_1574	cyt_mrna__RAET1L_202_	1
observable_1575	cyt_mrna__IQSEC2_218_	1
observable_1576	cyt_mrna__SYCN_201_	1
observable_1577	cyt_mrna__OR1L3_201_	1
observable_1578	cyt_mrna__TRIM60_204_	1
observable_1579	cyt_mrna__SORCS3_201_	1
observable_1580	cyt_mrna__OR13J1_201_	1
observable_1581	cyt_mrna__CH25H_201_	1
observable_1582	cyt_mrna__SPATA31E1_201_	1
observable_1583	cyt_mrna__IFIT3_202_	1
observable_1584	cyt_mrna__SLC9A3_201_	1
observable_1585	cyt_mrna__SPMIP6_201_	1
observable_1586	cyt_mrna__C20orf204_205_	1
observable_1587	cyt_mrna__BNC1_201_	1
observable_1588	cyt_mrna__SOX18_201_	1
observable_1589	cyt_mrna__ONECUT1_201_	1
observable_1590	cyt_mrna__AMTN_201_	1
observable_1591	cyt_mrna__CLEC17A_202_	1
observable_1592	cyt_mrna__NUTM2F_201_	1
observable_1593	cyt_mrna__ARID5B_201_	1
observable_1594	cyt_mrna__INSM2_201_	1
observable_1595	cyt_mrna__ENAM_201_	1
observable_1596	cyt_mrna__WFDC9_201_	1
observable_1597	cyt_mrna__UTP3_201_	1
observable_1598	cyt_mrna__RAX2_201_	1
observable_1599	cyt_mrna__TAF2_201_	1
observable_1600	cyt_mrna__WFDC10A_201_	1
observable_1601	cyt_mrna__MSS51_201_	1
observable_1602	cyt_mrna__USP17L10_201_	1
observable_1603	cyt_mrna__ZNF724_201_	1
observable_1604	cyt_mrna__USP17L11_201_	1
observable_1605	cyt_mrna__WFDC11_201_	1
observable_1606	cyt_mrna__MZB1_201_	1
observable_1607	cyt_mrna__USP17L12_201_	1
observable_1608	cyt_mrna__USP17L13_201_	1
observable_1609	cyt_mrna__USP17L17_201_	1
observable_1610	cyt_mrna__USP17L18_201_	1
observable_1611	cyt_mrna__USP17L23_201_	1
observable_1612	cyt_mrna__TMC3_201_	1
observable_1613	cyt_mrna__USP17L5_201_	1
observable_1614	cyt_mrna__USP17L27_201_	1
observable_1615	cyt_mrna__MED26_201_	1
observable_1616	cyt_mrna__USP17L28_201_	1
observable_1617	cyt_mrna__USP17L29_201_	1
observable_1618	cyt_mrna__USP17L30_201_	1
observable_1619	cyt_mrna__PROB1_201_	1
observable_1620	cyt_mrna__SVEP1_202_	1
observable_1621	cyt_mrna__USP17L20_201_	1
observable_1622	cyt_mrna__USP17L21_201_	1
observable_1623	cyt_mrna__USP17L22_201_	1
observable_1624	cyt_mrna__USP17L24_201_	1
observable_1625	cyt_mrna__HTR1A_201_	1
observable_1626	cyt_mrna__USP17L25_201_	1
observable_1627	cyt_mrna__USP17L26_201_	1
observable_1628	cyt_mrna__USP17L19_201_	1
observable_1629	cyt_mrna__GIMD1_202_	1
observable_1630	cyt_mrna__TWNK_201_	1
observable_1631	cyt_mrna__IZUMO1_201_	1
observable_1632	cyt_mrna__NUDT6_201_	1
observable_1633	cyt_mrna__IFIT2_201_	1
observable_1634	cyt_mrna__FGF21_202_	1
observable_1635	cyt_mrna__TMEM202_201_	1
observable_1636	cyt_mrna__UTF1_201_	1
observable_1637	cyt_mrna__TMEM70_201_	1
observable_1638	cyt_mrna__ZNF774_201_	1
observable_1639	cyt_mrna__DHDH_201_	1
observable_1640	cyt_mrna__RPL21_202_	1
observable_1641	cyt_mrna__MUSK_204_	1
observable_1642	cyt_mrna__IL2_201_	1
observable_1643	cyt_mrna__SH2D7_201_	1
observable_1644	cyt_mrna__TRPC7_206_	1
observable_1645	cyt_mrna__MOB1B_201_	1
observable_1646	cyt_mrna__ODAPH_201_	1
observable_1647	cyt_mrna__PURG_203_	1
observable_1648	cyt_mrna__MLC1_201_	1
observable_1649	cyt_mrna__HAND2_201_	1
observable_1650	cyt_mrna__ALKAL1_201_	1
observable_1651	cyt_mrna__CD72_201_	1
observable_1652	cyt_mrna__SLC9A8_201_	1
observable_1653	cyt_mrna__SERINC4_202_	1
observable_1654	cyt_mrna__ZHX1_C8orf76_201_	1
observable_1655	cyt_mrna__ANKRD63_201_	1
observable_1656	cyt_mrna__C1QTNF6_201_	1
observable_1657	cyt_mrna__MED28_201_	1
observable_1658	cyt_mrna__ZSWIM1_201_	1
observable_1659	cyt_mrna__FABP9_201_	1
observable_1660	cyt_mrna__ALG5_201_	1
observable_1661	cyt_mrna__GABRA6_201_	1
observable_1662	cyt_mrna__APCDD1L_201_	1
observable_1663	cyt_mrna__LCN9_204_	1
observable_1664	cyt_mrna__SLC10A5_201_	1
observable_1665	cyt_mrna__TMEM150B_201_	1
observable_1666	cyt_mrna__OR1L8_201_	1
observable_1667	cyt_mrna__CHMP4C_201_	1
observable_1668	cyt_mrna__PFKL_201_	1
observable_1669	cyt_mrna__LHX2_201_	1
observable_1670	cyt_mrna__COX6B2_201_	1
observable_1671	cyt_mrna__POLR3F_201_	1
observable_1672	cyt_mrna__OPRM1_202_	1
observable_1673	cyt_mrna__UNC13C_201_	1
observable_1674	cyt_mrna__ESR2_202_	1
observable_1675	cyt_mrna__GARIN5B_201_	1
observable_1676	cyt_mrna__GINS4_201_	1
observable_1677	cyt_mrna__OR4M1_202_	1
observable_1678	cyt_mrna__MID1_201_	1
observable_1679	cyt_mrna__BORA_202_	1
observable_1680	cyt_mrna__OR6J1_201_	1
observable_1681	cyt_mrna__IL11_201_	1
observable_1682	cyt_mrna__IMP3_202_	1
observable_1683	cyt_mrna__OR10G3_201_	1
observable_1684	cyt_mrna__GOLGA6L4_202_	1
observable_1685	cyt_mrna__EIF4EBP3_201_	1
observable_1686	cyt_mrna__CHAT_201_	1
observable_1687	cyt_mrna__SLC18A3_201_	1
observable_1688	cyt_mrna__EIF5AL1_201_	1
observable_1689	cyt_mrna__HMX2_201_	1
observable_1690	cyt_mrna__SERTM1_201_	1
observable_1691	cyt_mrna__NDUFA2_201_	1
observable_1692	cyt_mrna__SNAPC5_202_	1
observable_1693	cyt_mrna__SSC5D_201_	1
observable_1694	cyt_mrna__DND1_201_	1
observable_1695	cyt_mrna__ZNF784_201_	1
observable_1696	cyt_mrna__POLR2B_201_	1
observable_1697	cyt_mrna__GOLGA8H_201_	1
observable_1698	cyt_mrna__NLRP9_201_	1
observable_1699	cyt_mrna__MAPK11_201_	1
observable_1700	cyt_mrna__RFPL4AL1_201_	1
observable_1701	cyt_mrna__TKTL1_202_	1
observable_1702	cyt_mrna__IMPG1_201_	1
observable_1703	cyt_mrna__NEDD4L_205_	1
observable_1704	cyt_mrna__NHSL2_207_	1
observable_1705	cyt_mrna__SLC24A5_201_	1
observable_1706	cyt_mrna__DNTTIP1_201_	1
observable_1707	cyt_mrna__HTN1_201_	1
observable_1708	cyt_mrna__SOWAHB_201_	1
observable_1709	cyt_mrna__RB1_201_	1
observable_1710	cyt_mrna__CLDN22_201_	1
observable_1711	cyt_mrna__IL1RAPL1_201_	1
observable_1712	cyt_mrna__PPDPF_202_	1
observable_1713	cyt_mrna__APOL4_212_	1
observable_1714	cyt_mrna__FBXO5_201_	1
observable_1715	cyt_mrna__LPAR6_209_	1
observable_1716	cyt_mrna__APC2_206_	1
observable_1717	cyt_mrna__ZC2HC1B_201_	1
observable_1718	cyt_mrna__SAMD5_201_	1
observable_1719	cyt_mrna__NXF3_201_	1
observable_1720	cyt_mrna__SERPIND1_201_	1
observable_1721	cyt_mrna__ZNF560_201_	1
observable_1722	cyt_mrna__ZBP1_201_	1
observable_1723	cyt_mrna__POU4F2_201_	1
observable_1724	cyt_mrna__USP17L15_201_	1
observable_1725	cyt_mrna__EDDM13_208_	1
observable_1726	cyt_mrna__SCAND1_201_	1
observable_1727	cyt_mrna__IL1RAPL2_201_	1
observable_1728	cyt_mrna__TEX13A_201_	1
observable_1729	cyt_mrna__PDE7B_201_	1
observable_1730	cyt_mrna__PIM2_201_	1
observable_1731	cyt_mrna__GNRH2_202_	1
observable_1732	cyt_mrna__IL21_203_	1
observable_1733	cyt_mrna__DOCK8_204_	1
observable_1734	cyt_mrna__BBS12_201_	1
observable_1735	cyt_mrna__SULT4A1_201_	1
observable_1736	cyt_mrna__NAT8L_201_	1
observable_1737	cyt_mrna__NKX1_1_201_	1
observable_1738	cyt_mrna__BPIFB2_201_	1
observable_1739	cyt_mrna__PYURF_201_	1
observable_1740	cyt_mrna__PIGY_201_	1
observable_1741	cyt_mrna__TULP4_202_	1
observable_1742	cyt_mrna__MMP24OS_209_	1
observable_1743	cyt_mrna__FAM107B_201_	1
observable_1744	cyt_mrna__IMPACT_201_	1
observable_1745	cyt_mrna__GLA_201_	1
observable_1746	cyt_mrna__SPEF1_201_	1
observable_1747	cyt_mrna__GOLGA7_201_	1
observable_1748	cyt_mrna__COL5A3_201_	1
observable_1749	cyt_mrna__MRPL39_202_	1
observable_1750	cyt_mrna__AIG1_202_	1
observable_1751	cyt_mrna__B3GALT9_204_	1
observable_1752	cyt_mrna__RDH8_203_	1
observable_1753	cyt_mrna__EPCIP_202_	1
observable_1754	cyt_mrna__TLX3_201_	1
observable_1755	cyt_mrna__ACER2_201_	1
observable_1756	cyt_mrna__OLIG3_201_	1
observable_1757	cyt_mrna__FOXI1_201_	1
observable_1758	cyt_mrna__TLDC2_201_	1
observable_1759	cyt_mrna__PHLPP1_201_	1
observable_1760	cyt_mrna__PURA_201_	1
observable_1761	cyt_mrna__DACT2_201_	1
observable_1762	cyt_mrna__IGIP_201_	1
observable_1763	cyt_mrna__P2RY11_201_	1
observable_1764	cyt_mrna__SFR1_201_	1
observable_1765	cyt_mrna__MBLAC2_201_	1
observable_1766	cyt_mrna__SLC35F1_201_	1
observable_1767	cyt_mrna__VWA8_203_	1
observable_1768	cyt_mrna__MLANA_203_	1
observable_1769	cyt_mrna__ZNF773_201_	1
observable_1770	cyt_mrna__HTR2A_201_	1
observable_1771	cyt_mrna__FGF8_201_	1
observable_1772	cyt_mrna__ZIK1_204_	1
observable_1773	cyt_mrna__EDN3_202_	1
observable_1774	cyt_mrna__CCDC120_206_	1
observable_1775	cyt_mrna__CPEB2_208_	1
observable_1776	cyt_mrna__NR4A3_203_	1
observable_1777	cyt_mrna__SLC12A1_202_	1
observable_1778	cyt_mrna__FAM25A_201_	1
observable_1779	cyt_mrna__IQCM_206_	1
observable_1780	cyt_mrna__XAGE5_201_	1
observable_1781	cyt_mrna__TECTB_204_	1
observable_1782	cyt_mrna__CEP120_201_	1
observable_1783	cyt_mrna__SAGE1_202_	1
observable_1784	cyt_mrna__ADA2_203_	1
observable_1785	cyt_mrna__URB1_201_	1
observable_1786	cyt_mrna__ERICH4_201_	1
observable_1787	cyt_mrna__PCDH18_201_	1
observable_1788	cyt_mrna__NODAL_201_	1
observable_1789	cyt_mrna__GOLGA8F_201_	1
observable_1790	cyt_mrna__CYP24A1_201_	1
observable_1791	cyt_mrna__ASIC5_201_	1
observable_1792	cyt_mrna__TBPL1_201_	1
observable_1793	cyt_mrna__PHF11_202_	1
observable_1794	cyt_mrna__CTDP1_208_	1
observable_1795	cyt_mrna__GCM1_201_	1
observable_1796	cyt_mrna__SIGLEC6_205_	1
observable_1797	cyt_mrna__OR2B6_201_	1
observable_1798	cyt_mrna__PIK3IP1_201_	1
observable_1799	cyt_mrna__CTNNA3_203_	1
observable_1800	cyt_mrna__MSANTD1_201_	1
observable_1801	cyt_mrna__JAM2_206_	1
observable_1802	cyt_mrna__RAB22A_201_	1
observable_1803	cyt_mrna__TTLL2_201_	1
observable_1804	cyt_mrna__LHX6_204_	1
observable_1805	cyt_mrna__TSPYL1_201_	1
observable_1806	cyt_mrna__GPR31_201_	1
observable_1807	cyt_mrna__TFAP2D_201_	1
observable_1808	cyt_mrna__FPR2_201_	1
observable_1809	cyt_mrna__PXDC1_202_	1
observable_1810	cyt_mrna__CHMP4B_201_	1
observable_1811	cyt_mrna__MEI1_201_	1
observable_1812	cyt_mrna__GEMIN5_201_	1
observable_1813	cyt_mrna__COQ2_206_	1
observable_1814	cyt_mrna__NOVA2_201_	1
observable_1815	cyt_mrna__CST7_201_	1
observable_1816	cyt_mrna__LRRC70_201_	1
observable_1817	cyt_mrna__AGAP5_201_	1
observable_1818	cyt_mrna__FAM25G_201_	1
observable_1819	cyt_mrna__ZFP62_201_	1
observable_1820	cyt_mrna__TENM1_202_	1
observable_1821	cyt_mrna__LCN1_202_	1
observable_1822	cyt_mrna__ANXA10_201_	1
observable_1823	cyt_mrna__FOXD4L5_201_	1
observable_1824	cyt_mrna__FOXD4L4_201_	1
observable_1825	cyt_mrna__WASHC1_203_	1
observable_1826	cyt_mrna__TNFRSF11A_202_	1
observable_1827	cyt_mrna__CCKAR_201_	1
observable_1828	cyt_mrna__CHADL_201_	1
observable_1829	cyt_mrna__EPM2A_201_	1
observable_1830	cyt_mrna__HERC2_201_	1
observable_1831	cyt_mrna__MECP2_205_	1
observable_1832	cyt_mrna__UQCR10_201_	1
observable_1833	cyt_mrna__IL12RB1_203_	1
observable_1834	cyt_mrna__CRKL_201_	1
observable_1835	cyt_mrna__MGAT4D_203_	1
observable_1836	cyt_mrna__USP27X_201_	1
observable_1837	cyt_mrna__TLNRD1_201_	1
observable_1838	cyt_mrna__IFNA17_201_	1
observable_1839	cyt_mrna__INAFM2_202_	1
observable_1840	cyt_mrna__CCDC196_207_	1
observable_1841	cyt_mrna__IFNA14_201_	1
observable_1842	cyt_mrna__LGALS1_201_	1
observable_1843	cyt_mrna__IFNA5_201_	1
observable_1844	cyt_mrna__CHST14_201_	1
observable_1845	cyt_mrna__IFNA2_201_	1
observable_1846	cyt_mrna__IFNA8_201_	1
observable_1847	cyt_mrna__JUND_201_	1
observable_1848	cyt_mrna__DDX53_201_	1
observable_1849	cyt_mrna__IFNE_201_	1
observable_1850	cyt_mrna__LRRC25_201_	1
observable_1851	cyt_mrna__MYO5A_205_	1
observable_1852	cyt_mrna__RRH_201_	1
observable_1853	cyt_mrna__PPP4R3C_201_	1
observable_1854	cyt_mrna__BMP15_201_	1
observable_1855	cyt_mrna__MPPED1_203_	1
observable_1856	cyt_mrna__TXNL1_201_	1
observable_1857	cyt_mrna__TNFRSF13C_201_	1
observable_1858	cyt_mrna__C4orf17_201_	1
observable_1859	cyt_mrna__ANKRD20A1_201_	1
observable_1860	cyt_mrna__NFATC2_201_	1
observable_1861	cyt_mrna__DMAC2_201_	1
observable_1862	cyt_mrna__MTTP_201_	1
observable_1863	cyt_mrna__C4orf51_201_	1
observable_1864	cyt_mrna__MAK_202_	1
observable_1865	cyt_mrna__DPF3_209_	1
observable_1866	cyt_mrna__DMTN_202_	1
observable_1867	cyt_mrna__LIPK_201_	1
observable_1868	cyt_mrna__GCM2_201_	1
observable_1869	cyt_mrna__CDKN2A_201_	1
observable_1870	cyt_mrna__DSPP_201_	1
observable_1871	cyt_mrna__USP17L2_201_	1
observable_1872	cyt_mrna__PEX39_201_	1
observable_1873	cyt_mrna__ANGPT4_201_	1
observable_1874	cyt_mrna__NGB_201_	1
observable_1875	cyt_mrna__ZNF254_202_	1
observable_1876	cyt_mrna__LKAAEAR1_201_	1
observable_1877	cyt_mrna__RNASE3_201_	1
observable_1878	cyt_mrna__PTCRA_201_	1
observable_1879	cyt_mrna__SPIN3_201_	1
observable_1880	cyt_mrna__WDR4_202_	1
observable_1881	cyt_mrna__ZNF418_201_	1
observable_1882	cyt_mrna__TGM5_201_	1
observable_1883	cyt_mrna__MEA1_201_	1
observable_1884	cyt_mrna__MIOX_201_	1
observable_1885	cyt_mrna__OR4M2_201_	1
observable_1886	cyt_mrna__CIMIP2B_201_	1
observable_1887	cyt_mrna__KHDC1L_201_	1
observable_1888	cyt_mrna__DPPA5_201_	1
observable_1889	cyt_mrna__RLN2_201_	1
observable_1890	cyt_mrna__EPGN_202_	1
observable_1891	cyt_mrna__KHDC3L_201_	1
observable_1892	cyt_mrna__RLN1_201_	1
observable_1893	cyt_mrna__ASMT_203_	1
observable_1894	cyt_mrna__GUCA1B_201_	1
observable_1895	cyt_mrna__ENOX1_203_	1
observable_1896	cyt_mrna__U2AF1L4_202_	1
observable_1897	cyt_mrna__CBLL2_201_	1
observable_1898	cyt_mrna__PTTG1IP_201_	1
observable_1899	cyt_mrna__CXCL9_201_	1
observable_1900	cyt_mrna__CD274_202_	1
observable_1901	cyt_mrna__CXCL10_201_	1
observable_1902	cyt_mrna__SFMBT2_204_	1
observable_1903	cyt_mrna__CRYBG1_203_	1
observable_1904	cyt_mrna__IFNK_201_	1
observable_1905	cyt_mrna__CXCL11_201_	1
observable_1906	cyt_mrna__ATP10A_206_	1
observable_1907	cyt_mrna__AGO2_201_	1
observable_1908	cyt_mrna__LINGO2_203_	1
observable_1909	cyt_mrna__NOX3_201_	1
observable_1910	cyt_mrna__ZNF414_202_	1
observable_1911	cyt_mrna__STBD1_201_	1
observable_1912	cyt_mrna__DCUN1D2_208_	1
observable_1913	cyt_mrna__TLX1_201_	1
observable_1914	cyt_mrna__MUC21_201_	1
observable_1915	cyt_mrna__CALHM1_201_	1
observable_1916	cyt_mrna__C6orf15_201_	1
observable_1917	cyt_mrna__CALHM3_201_	1
observable_1918	cyt_mrna__SYNGR4_201_	1
observable_1919	cyt_mrna__ZNF705D_201_	1
observable_1920	cyt_mrna__ARSJ_201_	1
observable_1921	cyt_mrna__PSORS1C1_201_	1
observable_1922	cyt_mrna__BRD8_202_	1
observable_1923	cyt_mrna__SHC3_202_	1
observable_1924	cyt_mrna__KCNJ14_201_	1
observable_1925	cyt_mrna__OPN4_201_	1
observable_1926	cyt_mrna__FGF20_201_	1
observable_1927	cyt_mrna__CDSN_202_	1
observable_1928	cyt_mrna__PSORS1C2_201_	1
observable_1929	cyt_mrna__DMP1_202_	1
observable_1930	cyt_mrna__ATOH7_201_	1
observable_1931	cyt_mrna__PRR18_201_	1
observable_1932	cyt_mrna__SULT2B1_201_	1
observable_1933	cyt_mrna__LRRC69_202_	1
observable_1934	cyt_mrna__LAMA1_201_	1
observable_1935	cyt_mrna__SPACA4_201_	1
observable_1936	cyt_mrna__CEBPD_201_	1
observable_1937	cyt_mrna__CARD10_201_	1
observable_1938	cyt_mrna__TACR2_201_	1
observable_1939	cyt_mrna__DBP_201_	1
observable_1940	cyt_mrna__ZNF703_201_	1
observable_1941	cyt_mrna__APBA1_201_	1
observable_1942	cyt_mrna__CAMK1D_203_	1
observable_1943	cyt_mrna__SGCG_201_	1
observable_1944	cyt_mrna__CILK1_203_	1
observable_1945	cyt_mrna__HSPA2_201_	1
observable_1946	cyt_mrna__GOT1L1_201_	1
observable_1947	cyt_mrna__SLC16A8_204_	1
observable_1948	cyt_mrna__NKX2_1_201_	1
observable_1949	cyt_mrna__KNSTRN_201_	1
observable_1950	cyt_mrna__TOR1A_201_	1
observable_1951	cyt_mrna__ADRB3_201_	1
observable_1952	cyt_mrna__KASH5_201_	1
observable_1953	cyt_mrna__CRYZL1_204_	1
observable_1954	cyt_mrna__FOXD1_202_	1
observable_1955	cyt_mrna__NOL12_201_	1
observable_1956	cyt_mrna__NCR2_203_	1
observable_1957	cyt_mrna__ALPK2_201_	1
observable_1958	cyt_mrna__GP1BB_201_	1
observable_1959	cyt_mrna__H1_1_201_	1
observable_1960	cyt_mrna__H2AC4_201_	1
observable_1961	cyt_mrna__GOLGA8M_201_	1
observable_1962	cyt_mrna__H1_6_201_	1
observable_1963	cyt_mrna__H1_4_201_	1
observable_1964	cyt_mrna__H2BC6_201_	1
observable_1965	cyt_mrna__H4C4_201_	1
observable_1966	cyt_mrna__CHRNA2_202_	1
observable_1967	cyt_mrna__JMJD1C_202_	1
observable_1968	cyt_mrna__SLC7A4_201_	1
observable_1969	cyt_mrna__GLRA1_201_	1
observable_1970	cyt_mrna__TSKS_201_	1
observable_1971	cyt_mrna__GALR3_201_	1
observable_1972	cyt_mrna__MICB_201_	1
observable_1973	cyt_mrna__MCCD1_201_	1
observable_1974	cyt_mrna__GOLGA6L7_201_	1
observable_1975	cyt_mrna__RXFP3_201_	1
observable_1976	cyt_mrna__TMEM145_201_	1
observable_1977	cyt_mrna__DAB2IP_203_	1
observable_1978	cyt_mrna__KIAA1671_201_	1
observable_1979	cyt_mrna__VASH1_201_	1
observable_1980	cyt_mrna__SLC45A2_201_	1
observable_1981	cyt_mrna__LTB_210_	1
observable_1982	cyt_mrna__IRF2BPL_201_	1
observable_1983	cyt_mrna__SPATA31A7_206_	1
observable_1984	cyt_mrna__MYPN_202_	1
observable_1985	cyt_mrna__ERVV_2_201_	1
observable_1986	cyt_mrna__LHB_201_	1
observable_1987	cyt_mrna__ADRB2_201_	1
observable_1988	cyt_mrna__WASF3_201_	1
observable_1989	cyt_mrna__ESCO2_201_	1
observable_1990	cyt_mrna__SPINK1_201_	1
observable_1991	cyt_mrna__NR2E3_202_	1
observable_1992	cyt_mrna__POLI_208_	1
observable_1993	cyt_mrna__CGB5_201_	1
observable_1994	cyt_mrna__APOM_201_	1
observable_1995	cyt_mrna__C6orf47_202_	1
observable_1996	cyt_mrna__C19orf73_201_	1
observable_1997	cyt_mrna__SPATA31A3_201_	1
observable_1998	cyt_mrna__ZDHHC20_203_	1
observable_1999	cyt_mrna__FNDC9_201_	1
observable_2000	cyt_mrna__GOLGA6L2_202_	1
observable_2001	cyt_mrna__LY6G6F_201_	1
observable_2002	cyt_mrna__TLR4_201_	1
observable_2003	cyt_mrna__NIPAL4_201_	1
observable_2004	cyt_mrna__MYMK_201_	1
observable_2005	cyt_mrna__LY6G6C_201_	1
observable_2006	cyt_mrna__KLF16_201_	1
observable_2007	cyt_mrna__CSF2RB_201_	1
observable_2008	cyt_mrna__PRKD1_201_	1
observable_2009	cyt_mrna__YBEY_206_	1
observable_2010	cyt_mrna__DIO2_201_	1
observable_2011	cyt_mrna__ADAM7_201_	1
observable_2012	cyt_mrna__DGCR6L_201_	1
observable_2013	cyt_mrna__COL23A1_201_	1
observable_2014	cyt_mrna__GOLGA6L25_201_	1
observable_2015	cyt_mrna__GOLGA6L26_201_	1
observable_2016	cyt_mrna__HTT_201_	1
observable_2017	cyt_mrna__RRS1_201_	1
observable_2018	cyt_mrna__GOLGA6L24_201_	1
observable_2019	cyt_mrna__ARSI_201_	1
observable_2020	cyt_mrna__C4orf54_201_	1
observable_2021	cyt_mrna__BICD2_201_	1
observable_2022	cyt_mrna__APOBEC3F_201_	1
observable_2023	cyt_mrna__ISL2_201_	1
observable_2024	cyt_mrna__EGR1_201_	1
observable_2025	cyt_mrna__CPNE1_204_	1
observable_2026	cyt_mrna__PPP1R2B_201_	1
observable_2027	cyt_mrna__DIRAS2_201_	1
observable_2028	cyt_mrna__CXCL13_203_	1
observable_2029	cyt_mrna__EFNA5_201_	1
observable_2030	cyt_mrna__NID2_201_	1
observable_2031	cyt_mrna__GRXCR2_201_	1
observable_2032	cyt_mrna__VXN_201_	1
observable_2033	cyt_mrna__TAFA5_203_	1
observable_2034	cyt_mrna__ZNF704_201_	1
observable_2035	cyt_mrna__TBC1D2_205_	1
observable_2036	cyt_mrna__ZFHX2_202_	1
observable_2037	cyt_mrna__THSD4_201_	1
observable_2038	cyt_mrna__AK6_202_	1
observable_2039	cyt_mrna__MESP1_201_	1
observable_2040	cyt_mrna__PABIR1_201_	1
observable_2041	cyt_mrna__MEGF8_201_	1
observable_2042	cyt_mrna__NUTM2E_201_	1
observable_2043	cyt_mrna__SPATA31D4_201_	1
observable_2044	cyt_mrna__SPATA31D3_201_	1
observable_2045	cyt_mrna__LRRTM3_201_	1
observable_2046	cyt_mrna__CNFN_201_	1
observable_2047	cyt_mrna__KCNA5_201_	1
observable_2048	cyt_mrna__SPATA31D1_201_	1
observable_2049	cyt_mrna__STC2_201_	1
observable_2050	cyt_mrna__OR2V2_201_	1
observable_2051	cyt_mrna__TAF3_201_	1
observable_2052	cyt_mrna__ANXA2R_202_	1
observable_2053	cyt_mrna__TAS2R1_201_	1
observable_2054	cyt_mrna__HSCB_201_	1
observable_2055	cyt_mrna__CCDC88C_203_	1
observable_2056	cyt_mrna__ADRA2A_201_	1
observable_2057	cyt_mrna__INSL6_201_	1
observable_2058	cyt_mrna__PCP2_201_	1
observable_2059	cyt_mrna__PEDS1_202_	1
observable_2060	cyt_mrna__INSL4_201_	1
observable_2061	cyt_mrna__EGR2_201_	1
observable_2062	cyt_mrna__CLEC4E_201_	1
observable_2063	cyt_mrna__RETN_201_	1
observable_2064	cyt_mrna__LCTL_207_	1
observable_2065	cyt_mrna__CDC42EP1_201_	1
observable_2066	cyt_mrna__CDH24_204_	1
observable_2067	cyt_mrna__DCP2_201_	1
observable_2068	cyt_mrna__MSH5_203_	1
observable_2069	cyt_mrna__CIMAP1B_201_	1
observable_2070	cyt_mrna__RPRD1B_201_	1
observable_2071	cyt_mrna__OR2V1_203_	1
observable_2072	cyt_mrna__PLA2G4D_201_	1
observable_2073	cyt_mrna__TFAP2C_201_	1
observable_2074	cyt_mrna__PHF5A_201_	1
observable_2075	cyt_mrna__FCER2_205_	1
observable_2076	cyt_mrna__PRR36_202_	1
observable_2077	cyt_mrna__CTXN1_201_	1
observable_2078	cyt_mrna__LACTB_201_	1
observable_2079	cyt_mrna__MEX3B_201_	1
observable_2080	cyt_mrna__ZNF493_203_	1
observable_2081	cyt_mrna__FRMPD2_202_	1
observable_2082	cyt_mrna__UGGT2_203_	1
observable_2083	cyt_mrna__DNAH5_201_	1
observable_2084	cyt_mrna__CHAC1_203_	1
observable_2085	cyt_mrna__A2ML1_201_	1
observable_2086	cyt_mrna__SLC7A8_201_	1
observable_2087	cyt_mrna__CARTPT_201_	1
observable_2088	cyt_mrna__SLC15A5_201_	1
observable_2089	cyt_mrna__VWA7_201_	1
observable_2090	cyt_mrna__GPX2_201_	1
observable_2091	cyt_mrna__GPR135_201_	1
observable_2092	cyt_mrna__TSPAN3_201_	1
observable_2093	cyt_mrna__CLEC6A_201_	1
observable_2094	cyt_mrna__PRPH2_201_	1
observable_2095	cyt_mrna__CLYBL_201_	1
observable_2096	cyt_mrna__TBCC_201_	1
observable_2097	cyt_mrna__FAM161B_201_	1
observable_2098	cyt_mrna__SLC35D3_201_	1
observable_2099	cyt_mrna__RETREG1_201_	1
observable_2100	cyt_mrna__CTNNBL1_201_	1
observable_2101	cyt_mrna__GPR15LG_201_	1
observable_2102	cyt_mrna__VSX2_201_	1
observable_2103	cyt_mrna__LRIT2_201_	1
observable_2104	cyt_mrna__SYT10_201_	1
observable_2105	cyt_mrna__UFD1_201_	1
observable_2106	cyt_mrna__GOLGA8Q_201_	1
observable_2107	cyt_mrna__CD209_203_	1
observable_2108	cyt_mrna__WDR55_201_	1
observable_2109	cyt_mrna__SPMIP11_202_	1
observable_2110	cyt_mrna__CAPN11_201_	1
observable_2111	cyt_mrna__FAM98B_202_	1
observable_2112	cyt_mrna__OR2Y1_201_	1
observable_2113	cyt_mrna__GPR151_201_	1
observable_2114	cyt_mrna__AZIN1_201_	1
observable_2115	cyt_mrna__CFL2_201_	1
observable_2116	cyt_mrna__REDIC1_201_	1
observable_2117	cyt_mrna__RGR_216_	1
observable_2118	cyt_mrna__PCDHGA2_201_	1
observable_2119	cyt_mrna__ZBTB12_201_	1
observable_2120	cyt_mrna__PCDHGA3_201_	1
observable_2121	cyt_mrna__OTOP1_201_	1
observable_2122	cyt_mrna__PCDHGB1_201_	1
observable_2123	cyt_mrna__S100P_201_	1
observable_2124	cyt_mrna__BLOC1S4_201_	1
observable_2125	cyt_mrna__LRIT1_201_	1
observable_2126	cyt_mrna__ALG10B_201_	1
observable_2127	cyt_mrna__USP17L1_201_	1
observable_2128	cyt_mrna__SAXO5_201_	1
observable_2129	cyt_mrna__USP17L4_201_	1
observable_2130	cyt_mrna__ZNF705G_201_	1
observable_2131	cyt_mrna__ACOT1_201_	1
observable_2132	cyt_mrna__KIAA0232_201_	1
observable_2133	cyt_mrna__ACOT4_201_	1
observable_2134	cyt_mrna__NTF3_202_	1
observable_2135	cyt_mrna__ACOT6_203_	1
observable_2136	cyt_mrna__UGT2A2_202_	1
observable_2137	cyt_mrna__CSNK2B_203_	1
observable_2138	cyt_mrna__PNMA1_201_	1
observable_2139	cyt_mrna__ADRB1_201_	1
observable_2140	cyt_mrna__PCDHGA8_201_	1
observable_2141	cyt_mrna__SAMD15_201_	1
observable_2142	cyt_mrna__KRT76_201_	1
observable_2143	cyt_mrna__MAS1_202_	1
observable_2144	cyt_mrna__WDFY2_201_	1
observable_2145	cyt_mrna__PCDHGA10_201_	1
observable_2146	cyt_mrna__PRR23D2_201_	1
observable_2147	cyt_mrna__NOXRED1_201_	1
observable_2148	cyt_mrna__SH3PXD2A_203_	1
observable_2149	cyt_mrna__PCDHGB7_201_	1
observable_2150	cyt_mrna__FOXA1_201_	1
observable_2151	cyt_mrna__CELA1_201_	1
observable_2152	cyt_mrna__TEX26_201_	1
observable_2153	cyt_mrna__TIGD2_201_	1
observable_2154	cyt_mrna__PCDHGA11_201_	1
observable_2155	cyt_mrna__FABP2_201_	1
observable_2156	cyt_mrna__TBPL2_201_	1
observable_2157	cyt_mrna__ZNF705B_201_	1
observable_2158	cyt_mrna__USP17L8_201_	1
observable_2159	cyt_mrna__USP17L3_201_	1
observable_2160	cyt_mrna__IGF2R_201_	1
observable_2161	cyt_mrna__SLC25A17_210_	1
observable_2162	cyt_mrna__PCDHGA12_201_	1
observable_2163	cyt_mrna__PDZRN4_202_	1
observable_2164	cyt_mrna__KNL1_202_	1
observable_2165	cyt_mrna__SCAF4_201_	1
observable_2166	cyt_mrna__C6orf118_201_	1
observable_2167	cyt_mrna__THAP2_201_	1
observable_2168	cyt_mrna__FAM78A_203_	1
observable_2169	cyt_mrna__TOMM22_201_	1
observable_2170	cyt_mrna__NECAB3_201_	1
observable_2171	cyt_mrna__PLEKHS1_209_	1
observable_2172	cyt_mrna__GOLGA6L22_203_	1
observable_2173	cyt_mrna__CIMAP1C_201_	1
observable_2174	cyt_mrna__PCDHGC3_201_	1
observable_2175	cyt_mrna__KRT2_201_	1
observable_2176	cyt_mrna__IDI1_201_	1
observable_2177	cyt_mrna__COL25A1_203_	1
observable_2178	cyt_mrna__CRISP3_201_	1
observable_2179	cyt_mrna__LYZL2_202_	1
observable_2180	cyt_mrna__BTG1_201_	1
observable_2181	cyt_mrna__OTUD1_201_	1
observable_2182	cyt_mrna__GOLGA8S_201_	1
observable_2183	cyt_mrna__PCDHGC4_201_	1
observable_2184	cyt_mrna__MUC5B_204_	1
observable_2185	cyt_mrna__NOP10_201_	1
observable_2186	cyt_mrna__C2CD4A_201_	1
observable_2187	cyt_mrna__PCDHGC5_201_	1
observable_2188	cyt_mrna__CNBD1_202_	1
observable_2189	cyt_mrna__ANKRD30A_201_	1
observable_2190	cyt_mrna__C5orf63_201_	1
observable_2191	cyt_mrna__LRRIQ1_202_	1
observable_2192	cyt_mrna__FBXO9_202_	1
observable_2193	cyt_mrna__DCANP1_201_	1
observable_2194	cyt_mrna__TIFAB_201_	1
observable_2195	cyt_mrna__RBMXL2_201_	1
observable_2196	cyt_mrna__AMBN_201_	1
observable_2197	cyt_mrna__GOLGA8K_202_	1
observable_2198	cyt_mrna__CYSRT1_201_	1
observable_2199	cyt_mrna__CDX1_201_	1
observable_2200	cyt_mrna__ATP6V1G2_205_	1
observable_2201	cyt_mrna__FBXL17_204_	1
observable_2202	cyt_mrna__LCA5L_201_	1
observable_2203	cyt_mrna__CHRNA6_201_	1
observable_2204	cyt_mrna__RGMA_201_	1
observable_2205	cyt_mrna__TRIM13_202_	1
observable_2206	cyt_mrna__ARL15_202_	1
observable_2207	cyt_mrna__CLNK_201_	1
observable_2208	cyt_mrna__LPIN3_201_	1
observable_2209	cyt_mrna__IL13_201_	1
observable_2210	cyt_mrna__EP300_201_	1
observable_2211	cyt_mrna__HDDC3_202_	1
observable_2212	cyt_mrna__HELT_204_	1
observable_2213	cyt_mrna__SLC25A21_201_	1
observable_2214	cyt_mrna__KHDRBS3_201_	1
observable_2215	cyt_mrna__ANO3_201_	1
observable_2216	cyt_mrna__MEPE_201_	1
observable_2217	cyt_mrna__MPIG6B_211_	1
observable_2218	cyt_mrna__RNF38_201_	1
observable_2219	cyt_mrna__NKX6_3_201_	1
observable_2220	cyt_mrna__OR4F6_201_	1
observable_2221	cyt_mrna__OR4F15_201_	1
observable_2222	cyt_mrna__SYT9_201_	1
observable_2223	cyt_mrna__BDP1_201_	1
observable_2224	cyt_mrna__SLC22A17_202_	1
observable_2225	cyt_mrna__ZNF564_201_	1
observable_2226	cyt_mrna__CSNK2A3_201_	1
observable_2227	cyt_mrna__PITX2_213_	1
observable_2228	cyt_mrna__CEBPE_201_	1
observable_2229	cyt_mrna__FANCF_201_	1
observable_2230	cyt_mrna__ZNF791_201_	1
observable_2231	cyt_mrna__POLR2M_201_	1
observable_2232	cyt_mrna__DBX1_201_	1
observable_2233	cyt_mrna__TRIR_201_	1
observable_2234	cyt_mrna__LHX3_202_	1
observable_2235	cyt_mrna__PF4V1_201_	1
observable_2236	cyt_mrna__JUNB_201_	1
observable_2237	cyt_mrna__LUZP2_201_	1
observable_2238	cyt_mrna__PF4_201_	1
observable_2239	cyt_mrna__GOLGA8R_201_	1
observable_2240	cyt_mrna__FJX1_201_	1
observable_2241	cyt_mrna__TIMM29_201_	1
observable_2242	cyt_mrna__CXCL5_201_	1
observable_2243	cyt_mrna__QSOX2_201_	1
observable_2244	cyt_mrna__OR4C13_201_	1
observable_2245	cyt_mrna__CXCL3_201_	1
observable_2246	cyt_mrna__RLN3_201_	1
observable_2247	cyt_mrna__REELD1_202_	1
observable_2248	cyt_mrna__STARD9_201_	1
observable_2249	cyt_mrna__LZTR1_221_	1
observable_2250	cyt_mrna__C19orf67_203_	1
observable_2251	cyt_mrna__CLIC5_202_	1
observable_2252	cyt_mrna__DOK7_201_	1
observable_2253	cyt_mrna__OR5L2_201_	1
observable_2254	cyt_mrna__RNASE12_202_	1
observable_2255	cyt_mrna__GDF1_201_	1
observable_2256	cyt_mrna__TPGS1_201_	1
observable_2257	cyt_mrna__SVIP_201_	1
observable_2258	cyt_mrna__OR5D14_201_	1
observable_2259	cyt_mrna__CSN2_201_	1
observable_2260	cyt_mrna__PTPRR_201_	1
observable_2261	cyt_mrna__LVRN_201_	1
observable_2262	cyt_mrna__GOLGA6C_201_	1
observable_2263	cyt_mrna__GZMM_201_	1
observable_2264	cyt_mrna__OR5D13_201_	1
observable_2265	cyt_mrna__FDCSP_201_	1
observable_2266	cyt_mrna__OR9Q1_201_	1
observable_2267	cyt_mrna__DEFB131A_201_	1
observable_2268	cyt_mrna__OR4C16_201_	1
observable_2269	cyt_mrna__ZNF556_201_	1
observable_2270	cyt_mrna__FAM53A_201_	1
observable_2271	cyt_mrna__OR10W1_201_	1
observable_2272	cyt_mrna__SUCLA2_218_	1
observable_2273	cyt_mrna__OR5B17_201_	1
observable_2274	cyt_mrna__OR4A5_201_	1
observable_2275	cyt_mrna__LYZ_201_	1
observable_2276	cyt_mrna__CDKN2D_202_	1
observable_2277	cyt_mrna__CHAF1B_201_	1
observable_2278	cyt_mrna__CFAP61_201_	1
observable_2279	cyt_mrna__TRIM48_201_	1
observable_2280	cyt_mrna__CCDC179_202_	1
observable_2281	cyt_mrna__OR5I1_201_	1
observable_2282	cyt_mrna__OR5W2_201_	1
observable_2283	cyt_mrna__RD3L_201_	1
observable_2284	cyt_mrna__NEUROG2_201_	1
observable_2285	cyt_mrna__AKAP5_202_	1
observable_2286	cyt_mrna__TMEM271_201_	1
observable_2287	cyt_mrna__DIAPH1_201_	1
observable_2288	cyt_mrna__EPSTI1_201_	1
observable_2289	cyt_mrna__AHNAK_202_	1
observable_2290	cyt_mrna__SYNJ2_201_	1
observable_2291	cyt_mrna__IFT27_205_	1
observable_2292	cyt_mrna__CCN5_201_	1
observable_2293	cyt_mrna__GSK3A_201_	1
observable_2294	cyt_mrna__TRIM51_202_	1
observable_2295	cyt_mrna__CYSLTR2_206_	1
observable_2296	cyt_mrna__BTF3_202_	1
observable_2297	cyt_mrna__PNP_201_	1
observable_2298	cyt_mrna__OR5D16_201_	1
observable_2299	cyt_mrna__SIRPG_202_	1
observable_2300	cyt_mrna__FIBIN_201_	1
observable_2301	cyt_mrna__RIOX1_201_	1
observable_2302	cyt_mrna__OR5L1_201_	1
observable_2303	cyt_mrna__THSD1_201_	1
observable_2304	cyt_mrna__QPCTL_201_	1
observable_2305	cyt_mrna__ZNF121_201_	1
observable_2306	cyt_mrna__PDE6B_212_	1
observable_2307	cyt_mrna__BCL11B_202_	1
observable_2308	cyt_mrna__FAS_221_	1
observable_2309	cyt_mrna__ETV7_202_	1
observable_2310	cyt_mrna__MAB21L2_201_	1
observable_2311	cyt_mrna__EREG_201_	1
observable_2312	cyt_mrna__LAMP1_201_	1
observable_2313	cyt_mrna__IL2RA_203_	1
observable_2314	cyt_mrna__CLRN2_201_	1
observable_2315	cyt_mrna__NAV3_201_	1
observable_2316	cyt_mrna__POLN_210_	1
observable_2317	cyt_mrna__SLC29A3_201_	1
observable_2318	cyt_mrna__SPIC_201_	1
observable_2319	cyt_mrna__CCDC33_203_	1
observable_2320	cyt_mrna__HLA_DQA2_210_	1
observable_2321	cyt_mrna__ACSM6_202_	1
observable_2322	cyt_mrna__CRNKL1_207_	1
observable_2323	cyt_mrna__MAST4_202_	1
observable_2324	cyt_mrna__FAM170B_201_	1
observable_2325	cyt_mrna__ALX1_201_	1
observable_2326	cyt_mrna__LRRC18_201_	1
observable_2327	cyt_mrna__CCER1_201_	1
observable_2328	cyt_mrna__NPAS3_202_	1
observable_2329	cyt_mrna__KRT1_201_	1
observable_2330	cyt_mrna__SPACA1_201_	1
observable_2331	cyt_mrna__CHST11_201_	1
observable_2332	cyt_mrna__H2AC16_201_	1
observable_2333	cyt_mrna__H1_5_201_	1
observable_2334	cyt_mrna__H3C11_201_	1
observable_2335	cyt_mrna__H4C13_201_	1
observable_2336	cyt_mrna__H3C12_201_	1
observable_2337	cyt_mrna__H2AC17_201_	1
observable_2338	cyt_mrna__H2BC17_201_	1
observable_2339	cyt_mrna__OR2B2_201_	1
observable_2340	cyt_mrna__ANK1_202_	1
observable_2341	cyt_mrna__ZFYVE28_201_	1
observable_2342	cyt_mrna__TPH2_201_	1
observable_2343	cyt_mrna__MGAT2_201_	1
observable_2344	cyt_mrna__RNF6_203_	1
observable_2345	cyt_mrna__DNAAF2_201_	1
observable_2346	cyt_mrna__PPP1R11_205_	1
observable_2347	cyt_mrna__BCL2L2_PABPN1_201_	1
observable_2348	cyt_mrna__PSPC1_201_	1
observable_2349	cyt_mrna__OR7A5_201_	1
observable_2350	cyt_mrna__CGB2_201_	1
observable_2351	cyt_mrna__SYNM_202_	1
observable_2352	cyt_mrna__KRT77_201_	1
observable_2353	cyt_mrna__MCM5_201_	1
observable_2354	cyt_mrna__TRIM10_204_	1
observable_2355	cyt_mrna__GRID2_201_	1
observable_2356	cyt_mrna__PLEKHB1_202_	1
observable_2357	cyt_mrna__B3GLCT_201_	1
observable_2358	cyt_mrna__CAPN12_201_	1
observable_2359	cyt_mrna__ATOH1_201_	1
observable_2360	cyt_mrna__POTEM_201_	1
observable_2361	cyt_mrna__MAP1LC3B2_202_	1
observable_2362	cyt_mrna__PHOX2B_201_	1
observable_2363	cyt_mrna__THAP7_201_	1
observable_2364	cyt_mrna__CTSZ_201_	1
observable_2365	cyt_mrna__DCAF4L1_201_	1
observable_2366	cyt_mrna__SPRYD7_201_	1
observable_2367	cyt_mrna__BEND4_201_	1
observable_2368	cyt_mrna__SLC25A29_201_	1
observable_2369	cyt_mrna__CCDC38_201_	1
observable_2370	cyt_mrna__GRXCR1_201_	1
observable_2371	cyt_mrna__PBX2_201_	1
observable_2372	cyt_mrna__RASD2_201_	1
observable_2373	cyt_mrna__GRIN1_208_	1
observable_2374	cyt_mrna__FGF3_201_	1
observable_2375	cyt_mrna__NUTM2B_202_	1
observable_2376	cyt_mrna__HAO1_201_	1
observable_2377	cyt_mrna__TUBB2B_201_	1
observable_2378	cyt_mrna__RPS19BP1_201_	1
observable_2379	cyt_mrna__TRIM77_201_	1
observable_2380	cyt_mrna__CCSER1_209_	1
observable_2381	cyt_mrna__PNLIP_201_	1
observable_2382	cyt_mrna__SLC25A47_201_	1
observable_2383	cyt_mrna__ALG10_201_	1
observable_2384	cyt_mrna__DDI1_201_	1
observable_2385	cyt_mrna__TRIM75_201_	1
observable_2386	cyt_mrna__SCART1_206_	1
observable_2387	cyt_mrna__ADRA2C_201_	1
observable_2388	cyt_mrna__LY6H_201_	1
observable_2389	cyt_mrna__ATP9A_202_	1
observable_2390	cyt_mrna__TYR_201_	1
observable_2391	cyt_mrna__YY1_201_	1
observable_2392	cyt_mrna__MCTP1_218_	1
observable_2393	cyt_mrna__DUSP4_201_	1
observable_2394	cyt_mrna__LIPJ_201_	1
observable_2395	cyt_mrna__NKX2_3_201_	1
observable_2396	cyt_mrna__ITGBL1_202_	1
observable_2397	cyt_mrna__SMIM43_209_	1
observable_2398	cyt_mrna__NKX6_2_201_	1
observable_2399	cyt_mrna__BRD4_213_	1
observable_2400	cyt_mrna__PELI2_201_	1
observable_2401	cyt_mrna__MMP8_201_	1
observable_2402	cyt_mrna__HSD17B3_202_	1
observable_2403	cyt_mrna__MICALL1_201_	1
observable_2404	cyt_mrna__GDF9_207_	1
observable_2405	cyt_mrna__ZDHHC11_201_	1
observable_2406	cyt_mrna__SLC22A23_203_	1
observable_2407	cyt_mrna__ANKRD37_201_	1
observable_2408	cyt_mrna__ZNF367_201_	1
observable_2409	cyt_mrna__IL25_202_	1
observable_2410	cyt_mrna__SPATA31C1_201_	1
observable_2411	cyt_mrna__PLXNC1_201_	1
observable_2412	cyt_mrna__SPINK4_201_	1
observable_2413	cyt_mrna__PCDHB3_201_	1
observable_2414	cyt_mrna__RBX1_201_	1
observable_2415	cyt_mrna__HEY1_202_	1
observable_2416	cyt_mrna__TMEM221_201_	1
observable_2417	cyt_mrna__NXNL1_201_	1
observable_2418	cyt_mrna__FUT5_202_	1
observable_2419	cyt_mrna__UBE2L3_201_	1
observable_2420	cyt_mrna__CFAP46_202_	1
observable_2421	cyt_mrna__CCDC110_201_	1
observable_2422	cyt_mrna__ACER1_201_	1
observable_2423	cyt_mrna__BAG1_210_	1
observable_2424	cyt_mrna__MGAT3_201_	1
observable_2425	cyt_mrna__TAF7_201_	1
observable_2426	cyt_mrna__SLC25A2_201_	1
observable_2427	cyt_mrna__OPRK1_201_	1
observable_2428	cyt_mrna__SLC25A41_201_	1
observable_2429	cyt_mrna__TEAD3_201_	1
observable_2430	cyt_mrna__N4BP2L2_201_	1
observable_2431	cyt_mrna__PTTG2_201_	1
observable_2432	cyt_mrna__FRMD4A_203_	1
observable_2433	cyt_mrna__HNF4A_202_	1
observable_2434	cyt_mrna__MYC_206_	1
observable_2435	cyt_mrna__MMP27_201_	1
observable_2436	cyt_mrna__PKD2L2_206_	1
observable_2437	cyt_mrna__DEGS2_201_	1
observable_2438	cyt_mrna__F2RL2_201_	1
observable_2439	cyt_mrna__SLC25A32_201_	1
observable_2440	cyt_mrna__FBXO7_201_	1
observable_2441	cyt_mrna__F2R_201_	1
observable_2442	cyt_mrna__SOX17_201_	1
observable_2443	cyt_mrna__F2RL1_201_	1
observable_2444	cyt_mrna__UBOX5_201_	1
observable_2445	cyt_mrna__ARHGAP42_201_	1
observable_2446	cyt_mrna__DNAJC3_202_	1
observable_2447	cyt_mrna__SHISAL2B_201_	1
observable_2448	cyt_mrna__CFAP54_202_	1
observable_2449	cyt_mrna__TULP1_201_	1
observable_2450	cyt_mrna__RP1_201_	1
observable_2451	cyt_mrna__CHD2_201_	1
observable_2452	cyt_mrna__HEPHL1_201_	1
observable_2453	cyt_mrna__FAXC_201_	1
observable_2454	cyt_mrna__CDH26_202_	1
observable_2455	cyt_mrna__CWC27_201_	1
observable_2456	cyt_mrna__SLC25A27_201_	1
observable_2457	cyt_mrna__MYF5_201_	1
observable_2458	cyt_mrna__MMP9_201_	1
observable_2459	cyt_mrna__CENPM_201_	1
observable_2460	cyt_mrna__TDRD6_201_	1
observable_2461	cyt_mrna__TRIM49_201_	1
observable_2462	cyt_mrna__KCNQ3_201_	1
observable_2463	cyt_mrna__EIF5_201_	1
observable_2464	cyt_mrna__H2AC6_202_	1
observable_2465	cyt_mrna__CARD18_203_	1
observable_2466	cyt_mrna__CCDC7_214_	1
observable_2467	cyt_mrna__ACSBG2_206_	1
observable_2468	cyt_mrna__H2AC7_201_	1
observable_2469	cyt_mrna__H1_3_201_	1
observable_2470	cyt_mrna__H4C6_201_	1
observable_2471	cyt_mrna__H4C7_201_	1
observable_2472	cyt_mrna__H3C7_201_	1
observable_2473	cyt_mrna__H2BC10_201_	1
observable_2474	cyt_mrna__ADAMTS6_203_	1
observable_2475	cyt_mrna__ASCL1_201_	1
observable_2476	cyt_mrna__STIM2_204_	1
observable_2477	cyt_mrna__POLR2I_201_	1
observable_2478	cyt_mrna__CHD6_202_	1
observable_2479	cyt_mrna__DACT1_202_	1
observable_2480	cyt_mrna__KCTD9_201_	1
observable_2481	cyt_mrna__DIO3_201_	1
observable_2482	cyt_mrna__OR4E1_201_	1
observable_2483	cyt_mrna__GAPT_203_	1
observable_2484	cyt_mrna__MRFAP1L2_203_	1
observable_2485	cyt_mrna__GABRB3_202_	1
observable_2486	cyt_mrna__ECT2L_204_	1
observable_2487	cyt_mrna__MDGA2_202_	1
observable_2488	cyt_mrna__CSN3_201_	1
observable_2489	cyt_mrna__HCRTR2_201_	1
observable_2490	cyt_mrna__FAM90A26_201_	1
observable_2491	cyt_mrna__GK3_201_	1
observable_2492	cyt_mrna__OR2H2_202_	1
observable_2493	cyt_mrna__OOEP_201_	1
observable_2494	cyt_mrna__ARL14EPL_202_	1
observable_2495	cyt_mrna__FREM3_201_	1
observable_2496	cyt_mrna__DZIP1_204_	1
observable_2497	cyt_mrna__CTXN3_201_	1
observable_2498	cyt_mrna__FOXO4_202_	1
observable_2499	cyt_mrna__RNF24_202_	1
observable_2500	cyt_mrna__ARHGAP40_202_	1
observable_2501	cyt_mrna__GYPE_201_	1
observable_2502	cyt_mrna__FAM217A_201_	1
observable_2503	cyt_mrna__SLC25A1_201_	1
observable_2504	cyt_mrna__SPINK6_201_	1
observable_2505	cyt_mrna__MARCOL_204_	1
observable_2506	cyt_mrna__C20orf96_201_	1
observable_2507	cyt_mrna__BACE2_202_	1
observable_2508	cyt_mrna__NUDT10_201_	1
observable_2509	cyt_mrna__H4C3_201_	1
observable_2510	cyt_mrna__SPINK13_201_	1
observable_2511	cyt_mrna__EZHIP_201_	1
observable_2512	cyt_mrna__SPINK14_201_	1
observable_2513	cyt_mrna__ABTB3_201_	1
observable_2514	cyt_mrna__NUDT11_201_	1
observable_2515	cyt_mrna__CDX2_201_	1
observable_2516	cyt_mrna__CENPVL3_201_	1
observable_2517	cyt_mrna__CENPVL2_201_	1
observable_2518	cyt_mrna__CENPVL1_201_	1
observable_2519	cyt_mrna__TSLP_201_	1
observable_2520	cyt_mrna__WDR62_203_	1
observable_2521	cyt_mrna__GPRC6A_201_	1
observable_2522	cyt_mrna__POLG_201_	1
observable_2523	cyt_mrna__FAM170A_204_	1
observable_2524	cyt_mrna__RAD51B_204_	1
observable_2525	cyt_mrna__TMEM132D_202_	1
observable_2526	cyt_mrna__PSD3_202_	1
observable_2527	cyt_mrna__RFX6_201_	1
observable_2528	cyt_mrna__OR2A4_201_	1
observable_2529	cyt_mrna__CTAGE9_201_	1
observable_2530	cyt_mrna__SMC1B_201_	1
observable_2531	cyt_mrna__NPEPL1_201_	1
observable_2532	cyt_mrna__PIERCE2_201_	1
observable_2533	cyt_mrna__DSCAML1_205_	1
observable_2534	cyt_mrna__TBX3_202_	1
observable_2535	cyt_mrna__ARHGEF18_206_	1
observable_2536	cyt_mrna__GOLGA8N_201_	1
observable_2537	cyt_mrna__XKR4_201_	1
observable_2538	cyt_mrna__BACH1_201_	1
observable_2539	cyt_mrna__PRR14L_201_	1
observable_2540	cyt_mrna__SMIM47_201_	1
observable_2541	cyt_mrna__SNRPD2_201_	1
observable_2542	cyt_mrna__SVOP_205_	1
observable_2543	cyt_mrna__CRISP1_202_	1
observable_2544	cyt_mrna__OR10H2_201_	1
observable_2545	cyt_mrna__DEFB114_201_	1
observable_2546	cyt_mrna__GFY_202_	1
observable_2547	cyt_mrna__OR10H3_201_	1
observable_2548	cyt_mrna__DEFB113_201_	1
observable_2549	cyt_mrna__OR7E24_201_	1
observable_2550	cyt_mrna__OR1I1_202_	1
observable_2551	cyt_mrna__OR10H1_202_	1
observable_2552	cyt_mrna__DEFB110_201_	1
observable_2553	cyt_mrna__OR7A10_201_	1
observable_2554	cyt_mrna__PTCHD4_201_	1
observable_2555	cyt_mrna__MROH2B_201_	1
observable_2556	cyt_mrna__CIMAP1D_201_	1
observable_2557	cyt_mrna__FOXG1_201_	1
observable_2558	cyt_mrna__SLC17A6_201_	1
observable_2559	cyt_mrna__ZNF442_201_	1
observable_2560	cyt_mrna__ZNF74_202_	1
observable_2561	cyt_mrna__SPAG11B_205_	1
observable_2562	cyt_mrna__ADGRB3_202_	1
observable_2563	cyt_mrna__ZNF799_202_	1
observable_2564	cyt_mrna__OR12D2_207_	1
observable_2565	cyt_mrna__TENM4_201_	1
observable_2566	cyt_mrna__ZNF443_201_	1
observable_2567	cyt_mrna__NOVA1_206_	1
observable_2568	cyt_mrna__MAS1L_201_	1
observable_2569	cyt_mrna__SYCP3_202_	1
observable_2570	cyt_mrna__OR5V1_216_	1
observable_2571	cyt_mrna__OR12D3_201_	1
observable_2572	cyt_mrna__KCNJ15_208_	1
observable_2573	cyt_mrna__RFK_201_	1
observable_2574	cyt_mrna__B3GALT4_204_	1
observable_2575	cyt_mrna__TENM2_203_	1
observable_2576	cyt_mrna__PLPP6_201_	1
observable_2577	cyt_mrna__UBASH3B_201_	1
observable_2578	cyt_mrna__SNRPB2_201_	1
observable_2579	cyt_mrna__GYPA_213_	1
observable_2580	cyt_mrna__CENPP_203_	1
observable_2581	cyt_mrna__FAM135B_204_	1
observable_2582	cyt_mrna__OR1N1_201_	1
observable_2583	cyt_mrna__TMEM225_201_	1
observable_2584	cyt_mrna__OR1N2_201_	1
observable_2585	cyt_mrna__WDR46_231_	1
observable_2586	cyt_mrna__OR1L4_201_	1
observable_2587	cyt_mrna__INSYN2B_201_	1
observable_2588	cyt_mrna__OR5C1_201_	1
observable_2589	cyt_mrna__OR14J1_203_	1
observable_2590	cyt_mrna__ZDHHC8_202_	1
observable_2591	cyt_mrna__BARHL1_201_	1
observable_2592	cyt_mrna__PRKAA1_204_	1
observable_2593	cyt_mrna__GSDMC_201_	1
observable_2594	cyt_mrna__KIRREL3_201_	1
observable_2595	cyt_mrna__POU5F1B_203_	1
observable_2596	cyt_mrna__PRKCG_201_	1
observable_2597	cyt_mrna__PHF21B_201_	1
observable_2598	cyt_mrna__MRPS26_201_	1
observable_2599	cyt_mrna__DTD2_201_	1
observable_2600	cyt_mrna__C8orf48_201_	1
observable_2601	cyt_mrna__GPR33_201_	1
observable_2602	cyt_mrna__FAM3B_201_	1
observable_2603	cyt_mrna__ANKRD18A_201_	1
observable_2604	cyt_mrna__CACNG7_203_	1
observable_2605	cyt_mrna__PANX3_201_	1
observable_2606	cyt_mrna__CACNG8_201_	1
observable_2607	cyt_mrna__FSCB_201_	1
observable_2608	cyt_mrna__CLIC6_201_	1
observable_2609	cyt_mrna__DEFB109B_201_	1
observable_2610	cyt_mrna__CECR2_201_	1
observable_2611	cyt_mrna__ZHX3_221_	1
observable_2612	cyt_mrna__CDKL3_201_	1
observable_2613	cyt_mrna__MFHAS1_201_	1
observable_2614	cyt_mrna__CINP_201_	1
observable_2615	cyt_mrna__MS4A14_201_	1
observable_2616	cyt_mrna__PRSS55_201_	1
observable_2617	cyt_mrna__IL12B_201_	1
observable_2618	cyt_mrna__RP1L1_202_	1
observable_2619	cyt_mrna__TOMM34_201_	1
observable_2620	cyt_mrna__TEKTIP1_201_	1
observable_2621	cyt_mrna__MS4A5_201_	1
observable_2622	cyt_mrna__C8orf74_201_	1
observable_2623	cyt_mrna__ZNF700_201_	1
observable_2624	cyt_mrna__TIMD4_201_	1
observable_2625	cyt_mrna__GARIN3_201_	1
observable_2626	cyt_mrna__ZNF763_202_	1
observable_2627	cyt_mrna__XKR6_203_	1
observable_2628	cyt_mrna__HIGD2A_201_	1
observable_2629	cyt_mrna__PROP1_201_	1
observable_2630	cyt_mrna__GMCL2_201_	1
observable_2631	cyt_mrna__POU2F3_206_	1
observable_2632	cyt_mrna__ZNF20_201_	1
observable_2633	cyt_mrna__LANCL3_201_	1
observable_2634	cyt_mrna__JAKMIP1_202_	1
observable_2635	cyt_mrna__GPX3_201_	1
observable_2636	cyt_mrna__VPS13C_209_	1
observable_2637	cyt_mrna__ARC_201_	1
observable_2638	cyt_mrna__CATSPERZ_201_	1
observable_2639	cyt_mrna__ZNF625_202_	1
observable_2640	cyt_mrna__SYNGAP1_229_	1
observable_2641	cyt_mrna__POLR1G_201_	1
observable_2642	cyt_mrna__OR1M1_202_	1
observable_2643	cyt_mrna__SLC36A3_201_	1
observable_2644	cyt_mrna__OR7G1_201_	1
observable_2645	cyt_mrna__OR7G3_201_	1
observable_2646	cyt_mrna__OR7D4_203_	1
observable_2647	cyt_mrna__SLC22A11_201_	1
observable_2648	cyt_mrna__OR7A17_201_	1
observable_2649	cyt_mrna__NKX3_2_201_	1
observable_2650	cyt_mrna__MAP1A_201_	1
observable_2651	cyt_mrna__F2RL3_201_	1
observable_2652	cyt_mrna__RPP25_201_	1
observable_2653	cyt_mrna__PTGDR_201_	1
observable_2654	cyt_mrna__MTNR1A_201_	1
observable_2655	cyt_mrna__SHISA7_201_	1
observable_2656	cyt_mrna__PNMA8C_201_	1
observable_2657	cyt_mrna__GOLGA6D_201_	1
observable_2658	cyt_mrna__PTGER2_201_	1
observable_2659	cyt_mrna__SLC36A2_201_	1
observable_2660	cyt_mrna__MEX3D_201_	1
observable_2661	cyt_mrna__GJD2_201_	1
observable_2662	cyt_mrna__GRIK2_202_	1
observable_2663	cyt_mrna__DIAPH2_201_	1
observable_2664	cyt_mrna__SLC10A4_201_	1
observable_2665	cyt_mrna__RPA4_201_	1
observable_2666	cyt_mrna__ZAR1_201_	1
observable_2667	cyt_mrna__GPR176_205_	1
observable_2668	cyt_mrna__BRF2_201_	1
observable_2669	cyt_mrna__CERS1_204_	1
observable_2670	cyt_mrna__IFNAR2_202_	1
observable_2671	cyt_mrna__NANOGP8_201_	1
observable_2672	cyt_mrna__KCNA7_201_	1
observable_2673	cyt_mrna__HAUS3_202_	1
observable_2674	cyt_mrna__SLC22A12_204_	1
observable_2675	cyt_mrna__LMTK3_202_	1
observable_2676	cyt_mrna__TCIM_201_	1
observable_2677	cyt_mrna__FAM90A3_201_	1
observable_2678	cyt_mrna__FAM90A15_201_	1
observable_2679	cyt_mrna__FAM90A13_201_	1
observable_2680	cyt_mrna__FAM90A5_201_	1
observable_2681	cyt_mrna__GPHA2_201_	1
observable_2682	cyt_mrna__ATXN1_202_	1
observable_2683	cyt_mrna__FAM90A11_201_	1
observable_2684	cyt_mrna__FAM90A12_201_	1
observable_2685	cyt_mrna__FAM90A20_201_	1
observable_2686	cyt_mrna__CGB3_201_	1
observable_2687	cyt_mrna__FAM90A24_201_	1
observable_2688	cyt_mrna__BATF2_201_	1
observable_2689	cyt_mrna__OR52R1_201_	1
observable_2690	cyt_mrna__OR51G1_201_	1
observable_2691	cyt_mrna__SLC25A31_201_	1
observable_2692	cyt_mrna__SV2C_202_	1
observable_2693	cyt_mrna__OR51A2_201_	1
observable_2694	cyt_mrna__ZNF551_201_	1
observable_2695	cyt_mrna__ZNF154_203_	1
observable_2696	cyt_mrna__PGRMC2_201_	1
observable_2697	cyt_mrna__ZNF776_201_	1
observable_2698	cyt_mrna__GANC_201_	1
observable_2699	cyt_mrna__HBD_205_	1
observable_2700	cyt_mrna__HBG2_201_	1
observable_2701	cyt_mrna__VN1R2_201_	1
observable_2702	cyt_mrna__KLK9_202_	1
observable_2703	cyt_mrna__ADGRB1_201_	1
observable_2704	cyt_mrna__HBE1_203_	1
observable_2705	cyt_mrna__OR51B4_201_	1
observable_2706	cyt_mrna__OR51B6_201_	1
observable_2707	cyt_mrna__OR51Q1_201_	1
observable_2708	cyt_mrna__OR52D1_201_	1
observable_2709	cyt_mrna__UBQLN3_201_	1
observable_2710	cyt_mrna__UBQLNL_201_	1
observable_2711	cyt_mrna__OR52B6_201_	1
observable_2712	cyt_mrna__KLK13_206_	1
observable_2713	cyt_mrna__PDLIM3_201_	1
observable_2714	cyt_mrna__TUBGCP3_201_	1
observable_2715	cyt_mrna__CCND3_203_	1
observable_2716	cyt_mrna__OR56B1_201_	1
observable_2717	cyt_mrna__OR52E6_201_	1
observable_2718	cyt_mrna__HBG1_201_	1
observable_2719	cyt_mrna__MRGPRG_201_	1
observable_2720	cyt_mrna__MRGPRE_201_	1
observable_2721	cyt_mrna__PTCH1_201_	1
observable_2722	cyt_mrna__CACNB2_202_	1
observable_2723	cyt_mrna__IGLON5_201_	1
observable_2724	cyt_mrna__H4C8_201_	1
observable_2725	cyt_mrna__FAM241A_201_	1
observable_2726	cyt_mrna__RNF39_201_	1
observable_2727	cyt_mrna__NKX6_1_201_	1
observable_2728	cyt_mrna__OR2J1_202_	1
observable_2729	cyt_mrna__KLRG1_202_	1
observable_2730	cyt_mrna__CLDND2_201_	1
observable_2731	cyt_mrna__DTX4_201_	1
observable_2732	cyt_mrna__C19orf84_202_	1
observable_2733	cyt_mrna__CTCFL_201_	1
observable_2734	cyt_mrna__OR2H1_202_	1
observable_2735	cyt_mrna__SREBF2_201_	1
observable_2736	cyt_mrna__WNT7A_201_	1
observable_2737	cyt_mrna__INHBC_201_	1
observable_2738	cyt_mrna__RAB40AL_201_	1
observable_2739	cyt_mrna__OR10C1_203_	1
observable_2740	cyt_mrna__MARCHF9_201_	1
observable_2741	cyt_mrna__SIGLECL1_207_	1
observable_2742	cyt_mrna__NKRF_201_	1
observable_2743	cyt_mrna__EEF1AKMT3_201_	1
observable_2744	cyt_mrna__NSUN6_201_	1
observable_2745	cyt_mrna__WDFY3_201_	1
observable_2746	cyt_mrna__NMBR_201_	1
observable_2747	cyt_mrna__RTL8B_201_	1
observable_2748	cyt_mrna__C12orf50_201_	1
observable_2749	cyt_mrna__RTL8C_201_	1
observable_2750	cyt_mrna__KCNC3_203_	1
observable_2751	cyt_mrna__RTL8A_201_	1
observable_2752	cyt_mrna__C9orf152_201_	1
observable_2753	cyt_mrna__GNG5B_202_	1
observable_2754	cyt_mrna__IL31_201_	1
observable_2755	cyt_mrna__ZXDB_201_	1
observable_2756	cyt_mrna__NLRP2B_201_	1
observable_2757	cyt_mrna__ZXDA_201_	1
observable_2758	cyt_mrna__GATD1_201_	1
observable_2759	cyt_mrna__B3GNT4_201_	1
observable_2760	cyt_mrna__MAGEC3_201_	1
observable_2761	cyt_mrna__TXNDC8_203_	1
observable_2762	cyt_mrna__MAGEC1_201_	1
observable_2763	cyt_mrna__SPIB_205_	1
observable_2764	cyt_mrna__RANBP6_201_	1
observable_2765	cyt_mrna__OR1B1_201_	1
observable_2766	cyt_mrna__IQGAP2_201_	1
observable_2767	cyt_mrna__IKBIP_201_	1
observable_2768	cyt_mrna__C11orf52_201_	1
observable_2769	cyt_mrna__ATP5PF_201_	1
observable_2770	cyt_mrna__AK9_204_	1
observable_2771	cyt_mrna__TAAR1_201_	1
observable_2772	cyt_mrna__TIMM8B_201_	1
observable_2773	cyt_mrna__GPR6_201_	1
observable_2774	cyt_mrna__SHROOM2_201_	1
observable_2775	cyt_mrna__KCNMB4_201_	1
observable_2776	cyt_mrna__AVPR1A_201_	1
observable_2777	cyt_mrna__ZC3H7B_201_	1
observable_2778	cyt_mrna__CLDN34_201_	1
observable_2779	cyt_mrna__PLET1_201_	1
observable_2780	cyt_mrna__SATL1_202_	1
observable_2781	cyt_mrna__MRPL40_201_	1
observable_2782	cyt_mrna__MIS18A_201_	1
observable_2783	cyt_mrna__EMC10_201_	1
observable_2784	cyt_mrna__TREX2_204_	1
observable_2785	cyt_mrna__MUC6_201_	1
observable_2786	cyt_mrna__ZSCAN1_201_	1
observable_2787	cyt_mrna__CHL1_201_	1
observable_2788	cyt_mrna__B3GNT8_204_	1
observable_2789	cyt_mrna__ADAM18_201_	1
observable_2790	cyt_mrna__ZFC3H1_201_	1
observable_2791	cyt_mrna__CATSPERD_202_	1
observable_2792	cyt_mrna__KCNQ5_204_	1
observable_2793	cyt_mrna__PRR22_202_	1
observable_2794	cyt_mrna__CRMP1_201_	1
observable_2795	cyt_mrna__OR4C46_201_	1
observable_2796	cyt_mrna__H2AC14_201_	1
observable_2797	cyt_mrna__H4C11_201_	1
observable_2798	cyt_mrna__H3C10_202_	1
observable_2799	cyt_mrna__OR52L1_201_	1
observable_2800	cyt_mrna__TMPRSS11F_201_	1
observable_2801	cyt_mrna__OR56B4_201_	1
observable_2802	cyt_mrna__GTSE1_201_	1
observable_2803	cyt_mrna__TMPRSS11B_201_	1
observable_2804	cyt_mrna__RADX_202_	1
observable_2805	cyt_mrna__C21orf58_201_	1
observable_2806	cyt_mrna__VPS36_201_	1
observable_2807	cyt_mrna__PDE10A_205_	1
observable_2808	cyt_mrna__TMPRSS11E_201_	1
observable_2809	cyt_mrna__C3orf20_201_	1
observable_2810	cyt_mrna__GUCY1A2_203_	1
observable_2811	cyt_mrna__FGF2_203_	1
observable_2812	cyt_mrna__CD40LG_202_	1
observable_2813	cyt_mrna__PLCZ1_201_	1
observable_2814	cyt_mrna__MYBL2_201_	1
observable_2815	cyt_mrna__TCF4_201_	1
observable_2816	cyt_mrna__COX8A_201_	1
observable_2817	cyt_mrna__HIC2_201_	1
observable_2818	cyt_mrna__CFAP184_201_	1
observable_2819	cyt_mrna__TADA2B_201_	1
observable_2820	cyt_mrna__PHOX2A_201_	1
observable_2821	cyt_mrna__PSAPL1_201_	1
observable_2822	cyt_mrna__CAPZA3_201_	1
observable_2823	cyt_mrna__EFHB_201_	1
observable_2824	cyt_mrna__EPYC_201_	1
observable_2825	cyt_mrna__GATA5_201_	1
observable_2826	cyt_mrna__FREY1_201_	1
observable_2827	cyt_mrna__PP2D1_202_	1
observable_2828	cyt_mrna__POLR2F_205_	1
observable_2829	cyt_mrna__ADAM2_201_	1
observable_2830	cyt_mrna__WNT10B_201_	1
observable_2831	cyt_mrna__NFIX_214_	1
observable_2832	cyt_mrna__DDN_201_	1
observable_2833	cyt_mrna__CRIPTO3_201_	1
observable_2834	cyt_mrna__SDF2L1_201_	1
observable_2835	cyt_mrna__FAM76B_201_	1
observable_2836	cyt_mrna__SCO2_202_	1
observable_2837	cyt_mrna__EFNB1_201_	1
observable_2838	cyt_mrna__FGF23_201_	1
observable_2839	cyt_mrna__GDF11_201_	1
observable_2840	cyt_mrna__CCDC85B_201_	1
observable_2841	cyt_mrna__C11orf68_201_	1
observable_2842	cyt_mrna__PDE8B_201_	1
observable_2843	cyt_mrna__JOSD1_210_	1
observable_2844	cyt_mrna__LAMA2_201_	1
observable_2845	cyt_mrna__DRAP1_201_	1
observable_2846	cyt_mrna__SYN2_206_	1
observable_2847	cyt_mrna__OTP_201_	1
observable_2848	cyt_mrna__ASXL1_202_	1
observable_2849	cyt_mrna__TRPM3_218_	1
observable_2850	cyt_mrna__RCAN2_203_	1
observable_2851	cyt_mrna__CST6_201_	1
observable_2852	cyt_mrna__DGCR6_201_	1
observable_2853	cyt_mrna__ACRBP_201_	1
observable_2854	cyt_mrna__CATSPER1_201_	1
observable_2855	cyt_mrna__SDR9C7_201_	1
observable_2856	cyt_mrna__CNIH2_201_	1
observable_2857	cyt_mrna__SLC22A13_201_	1
observable_2858	cyt_mrna__GZF1_201_	1
observable_2859	cyt_mrna__CCN6_203_	1
observable_2860	cyt_mrna__TMEM151A_201_	1
observable_2861	cyt_mrna__CD248_201_	1
observable_2862	cyt_mrna__PRL_201_	1
observable_2863	cyt_mrna__INTS8_217_	1
observable_2864	cyt_mrna__FKBP1A_204_	1
observable_2865	cyt_mrna__PACS1_201_	1
observable_2866	cyt_mrna__CST11_202_	1
observable_2867	cyt_mrna__RORB_201_	1
observable_2868	cyt_mrna__PTPRG_203_	1
observable_2869	cyt_mrna__MYOD1_201_	1
observable_2870	cyt_mrna__LY6K_201_	1
observable_2871	cyt_mrna__KCNC1_201_	1
observable_2872	cyt_mrna__KBTBD8_201_	1
observable_2873	cyt_mrna__MBNL3_204_	1
observable_2874	cyt_mrna__SPINK5_201_	1
observable_2875	cyt_mrna__PEG3_201_	1
observable_2876	cyt_mrna__MTMR2_201_	1
observable_2877	cyt_mrna__FAM81B_201_	1
observable_2878	cyt_mrna__GTF2H3_212_	1
observable_2879	cyt_mrna__RGS20_201_	1
observable_2880	cyt_mrna__GPR150_201_	1
observable_2881	cyt_mrna__PDZRN3_201_	1
observable_2882	cyt_mrna__LZTS1_202_	1
observable_2883	cyt_mrna__MTRF1_203_	1
observable_2884	cyt_mrna__LSS_202_	1
observable_2885	cyt_mrna__TRIB1_201_	1
observable_2886	cyt_mrna__CDC45_201_	1
observable_2887	cyt_mrna__HSPB8_201_	1
observable_2888	cyt_mrna__REP15_201_	1
observable_2889	cyt_mrna__GGT7_201_	1
observable_2890	cyt_mrna__AR_201_	1
observable_2891	cyt_mrna__LRRC55_201_	1
observable_2892	cyt_mrna__MTFP1_201_	1
observable_2893	cyt_mrna__PRG3_201_	1
observable_2894	cyt_mrna__KERA_201_	1
observable_2895	cyt_mrna__IMPG2_201_	1
observable_2896	cyt_mrna__GRIA2_201_	1
observable_2897	cyt_mrna__EXOC1L_202_	1
observable_2898	cyt_mrna__GUCA1C_201_	1
observable_2899	cyt_mrna__FKBP2_201_	1
observable_2900	cyt_mrna__TRPM6_202_	1
observable_2901	cyt_mrna__FGF5_201_	1
observable_2902	cyt_mrna__TMEM158_201_	1
observable_2903	cyt_mrna__C9orf40_201_	1
observable_2904	cyt_mrna__MRGPRD_201_	1
observable_2905	cyt_mrna__SPMAP2L_202_	1
observable_2906	cyt_mrna__DEFB108B_201_	1
observable_2907	cyt_mrna__DEFB131B_201_	1
observable_2908	cyt_mrna__DUSP15_202_	1
observable_2909	cyt_mrna__CDADC1_201_	1
observable_2910	cyt_mrna__KMT2B_201_	1
observable_2911	cyt_mrna__GPR27_201_	1
observable_2912	cyt_mrna__CLCN5_203_	1
observable_2913	cyt_mrna__DDX4_204_	1
observable_2914	cyt_mrna__LPXN_201_	1
observable_2915	cyt_mrna__DTD1_201_	1
observable_2916	cyt_mrna__MTUS2_206_	1
observable_2917	cyt_mrna__CFAP44_202_	1
observable_2918	cyt_mrna__TMEM187_201_	1
observable_2919	cyt_mrna__SCN4B_201_	1
observable_2920	cyt_mrna__GALNTL6_203_	1
observable_2921	cyt_mrna__C9orf50_201_	1
observable_2922	cyt_mrna__ACTR5_201_	1
observable_2923	cyt_mrna__FOXD4L6_201_	1
observable_2924	cyt_mrna__EGFL6_201_	1
observable_2925	cyt_mrna__ZNF732_201_	1
observable_2926	cyt_mrna__CATSPER3_201_	1
observable_2927	cyt_mrna__IFNA4_201_	1
observable_2928	cyt_mrna__ATP6V1E1_201_	1
observable_2929	cyt_mrna__IFNA7_201_	1
observable_2930	cyt_mrna__IFNA10_201_	1
observable_2931	cyt_mrna__PITX1_201_	1
observable_2932	cyt_mrna__IFNA16_201_	1
observable_2933	cyt_mrna__KLHL9_201_	1
observable_2934	cyt_mrna__FOXE1_201_	1
observable_2935	cyt_mrna__SLC46A3_201_	1
observable_2936	cyt_mrna__ZNF721_205_	1
observable_2937	cyt_mrna__NEUROG1_201_	1
observable_2938	cyt_mrna__HEMGN_202_	1
observable_2939	cyt_mrna__PTGIS_201_	1
observable_2940	cyt_mrna__LRCH2_201_	1
observable_2941	cyt_mrna__CCDC81_202_	1
observable_2942	cyt_mrna__MED13L_201_	1
observable_2943	cyt_mrna__XBP1_202_	1
observable_2944	cyt_mrna__SLC6A7_201_	1
observable_2945	cyt_mrna__ARHGAP33_201_	1
observable_2946	cyt_mrna__GYPB_202_	1
observable_2947	cyt_mrna__IL9R_201_	1
observable_2948	cyt_mrna__MORC1_201_	1
observable_2949	cyt_mrna__PRELID3B_201_	1
observable_2950	cyt_mrna__GRM6_202_	1
observable_2951	cyt_mrna__SRRM5_201_	1
observable_2952	cyt_mrna__MYOM1_202_	1
observable_2953	cyt_mrna__CFAP68_201_	1
observable_2954	cyt_mrna__AMH_201_	1
observable_2955	cyt_mrna__ZNF844_201_	1
observable_2956	cyt_mrna__PDRG1_201_	1
observable_2957	cyt_mrna__TRAT1_201_	1
observable_2958	cyt_mrna__MBD3L5_201_	1
observable_2959	cyt_mrna__MRGPRX4_201_	1
observable_2960	cyt_mrna__MBD3L4_201_	1
observable_2961	cyt_mrna__MANSC4_201_	1
observable_2962	cyt_mrna__UGT2B28_201_	1
observable_2963	cyt_mrna__MBD3L2_201_	1
observable_2964	cyt_mrna__ZNF208_201_	1
observable_2965	cyt_mrna__OR5F1_201_	1
observable_2966	cyt_mrna__FOXN4_201_	1
observable_2967	cyt_mrna__S1PR5_201_	1
observable_2968	cyt_mrna__BFSP2_201_	1
observable_2969	cyt_mrna__OR8H3_201_	1
observable_2970	cyt_mrna__OR8K5_201_	1
observable_2971	cyt_mrna__TTC23L_203_	1
observable_2972	cyt_mrna__OR5J2_201_	1
observable_2973	cyt_mrna__ARVCF_201_	1
observable_2974	cyt_mrna__RNF7_201_	1
observable_2975	cyt_mrna__POU5F1_201_	1
observable_2976	cyt_mrna__OR10Q1_201_	1
observable_2977	cyt_mrna__PSTPIP2_201_	1
observable_2978	cyt_mrna__POU5F2_201_	1
observable_2979	cyt_mrna__UGT2A1_201_	1
observable_2980	cyt_mrna__KLHL4_202_	1
observable_2981	cyt_mrna__NR2F1_201_	1
observable_2982	cyt_mrna__OR4D11_201_	1
observable_2983	cyt_mrna__PROK2_201_	1
observable_2984	cyt_mrna__SOX14_201_	1
observable_2985	cyt_mrna__CFAP299_201_	1
observable_2986	cyt_mrna__NALCN_201_	1
observable_2987	cyt_mrna__ZNF354B_201_	1
observable_2988	cyt_mrna__DYNLT3_201_	1
observable_2989	cyt_mrna__ZIC1_201_	1
observable_2990	cyt_mrna__KLK3_201_	1
observable_2991	cyt_mrna__MPST_206_	1
observable_2992	cyt_mrna__RTL4_203_	1
observable_2993	cyt_mrna__TMPRSS3_208_	1
observable_2994	cyt_mrna__PPM1L_205_	1
observable_2995	cyt_mrna__OR10G6_201_	1
observable_2996	cyt_mrna__OR10G9_201_	1
observable_2997	cyt_mrna__RAP2C_202_	1
observable_2998	cyt_mrna__GREB1L_202_	1
observable_2999	cyt_mrna__ELSPBP1_201_	1
observable_3000	cyt_mrna__UNC5C_201_	1
observable_3001	cyt_mrna__KANTR_203_	1
observable_3002	cyt_mrna__SYNPR_209_	1
observable_3003	cyt_mrna__SLC6A19_201_	1
observable_3004	cyt_mrna__PRR12_201_	1
observable_3005	cyt_mrna__YPEL4_201_	1
observable_3006	cyt_mrna__NAP1L2_201_	1
observable_3007	cyt_mrna__SLC6A18_201_	1
observable_3008	cyt_mrna__KNTC1_201_	1
observable_3009	cyt_mrna__ZNF772_202_	1
observable_3010	cyt_mrna__EMILIN2_201_	1
observable_3011	cyt_mrna__NUP62CL_201_	1
observable_3012	cyt_mrna__ADH4_201_	1
observable_3013	cyt_mrna__CLCF1_201_	1
observable_3014	cyt_mrna__SIX5_201_	1
observable_3015	cyt_mrna__PTPRCAP_201_	1
observable_3016	cyt_mrna__GPR152_201_	1
observable_3017	cyt_mrna__HCAR2_201_	1
observable_3018	cyt_mrna__RNF128_201_	1
observable_3019	cyt_mrna__ZNF814_201_	1
observable_3020	cyt_mrna__HCAR3_201_	1
observable_3021	cyt_mrna__HCAR1_201_	1
observable_3022	cyt_mrna__APLN_201_	1
observable_3023	cyt_mrna__RCBTB1_202_	1
observable_3024	cyt_mrna__PRAF2_202_	1
observable_3025	cyt_mrna__MAPK4_201_	1
observable_3026	cyt_mrna__FSHB_203_	1
observable_3027	cyt_mrna__ANKRD33_201_	1
observable_3028	cyt_mrna__DNMT3B_202_	1
observable_3029	cyt_mrna__C1QTNF9_201_	1
observable_3030	cyt_mrna__TAB3_201_	1
observable_3031	cyt_mrna__ABHD13_201_	1
observable_3032	cyt_mrna__BTG3_202_	1
observable_3033	cyt_mrna__KCNIP4_204_	1
observable_3034	cyt_mrna__CAPN3_205_	1
observable_3035	cyt_mrna__TAMALIN_201_	1
observable_3036	cyt_mrna__NDP_202_	1
observable_3037	cyt_mrna__RHAG_201_	1
observable_3038	cyt_mrna__LIPT2_201_	1
observable_3039	cyt_mrna__MTCP1_202_	1
observable_3040	cyt_mrna__C6orf141_206_	1
observable_3041	cyt_mrna__RTN4RL2_201_	1
observable_3042	cyt_mrna__SERPINB2_201_	1
observable_3043	cyt_mrna__CHRNA9_201_	1
observable_3044	cyt_mrna__H2AC13_201_	1
observable_3045	cyt_mrna__H2BC8_201_	1
observable_3046	cyt_mrna__H2BC13_201_	1
observable_3047	cyt_mrna__H2BC7_201_	1
observable_3048	cyt_mrna__H2BC9_201_	1
observable_3049	cyt_mrna__H3C8_201_	1
observable_3050	cyt_mrna__H4C5_201_	1
observable_3051	cyt_mrna__TAAR5_201_	1
observable_3052	cyt_mrna__MYCT1_201_	1
observable_3053	cyt_mrna__LY6G6D_223_	1
observable_3054	cyt_mrna__STEEP1_204_	1
observable_3055	cyt_mrna__UBE2L6_201_	1
observable_3056	cyt_mrna__TRIO_202_	1
observable_3057	cyt_mrna__STAB2_201_	1
observable_3058	cyt_mrna__NKAPL_201_	1
observable_3059	cyt_mrna__H2AC12_201_	1
observable_3060	cyt_mrna__SPTBN4_210_	1
observable_3061	cyt_mrna__POM121L2_202_	1
observable_3062	cyt_mrna__SCN2B_201_	1
observable_3063	cyt_mrna__ADAMTS3_201_	1
observable_3064	cyt_mrna__SI_201_	1
observable_3065	cyt_mrna__C11orf71_202_	1
observable_3066	cyt_mrna__SPRING1_201_	1
observable_3067	cyt_mrna__DRP2_202_	1
observable_3068	cyt_mrna__HRK_201_	1
observable_3069	cyt_mrna__OR6C70_201_	1
observable_3070	cyt_mrna__OR6C68_201_	1
observable_3071	cyt_mrna__ZNF726_205_	1
observable_3072	cyt_mrna__SPATA16_201_	1
observable_3073	cyt_mrna__TECTA_202_	1
observable_3074	cyt_mrna__ZNF626_203_	1
observable_3075	cyt_mrna__AFP_202_	1
observable_3076	cyt_mrna__ZNF99_201_	1
observable_3077	cyt_mrna__IGFL4_201_	1
observable_3078	cyt_mrna__CSTF1_201_	1
observable_3079	cyt_mrna__MAPRE2_201_	1
observable_3080	cyt_mrna__MBD3L3_201_	1
observable_3081	cyt_mrna__OR2Z1_201_	1
observable_3082	cyt_mrna__OR7G2_201_	1
observable_3083	cyt_mrna__OR4F17_202_	1
observable_3084	cyt_mrna__SAMSN1_204_	1
observable_3085	cyt_mrna__TAF8_201_	1
observable_3086	cyt_mrna__PPEF2_201_	1
observable_3087	cyt_mrna__NAALADL2_203_	1
observable_3088	cyt_mrna__TBC1D8B_203_	1
observable_3089	cyt_mrna__SNX19_201_	1
observable_3090	cyt_mrna__IGFL2_201_	1
observable_3091	cyt_mrna__PFDN4_201_	1
observable_3092	cyt_mrna__ERVV_1_201_	1
observable_3093	cyt_mrna__C6orf163_202_	1
observable_3094	cyt_mrna__PRKAB1_201_	1
observable_3095	cyt_mrna__RTL3_201_	1
observable_3096	cyt_mrna__CLEC4G_201_	1
observable_3097	cyt_mrna__NANOS3_201_	1
observable_3098	cyt_mrna__ABLIM2_206_	1
observable_3099	cyt_mrna__EID3_201_	1
observable_3100	cyt_mrna__RAET1E_201_	1
observable_3101	cyt_mrna__GJB1_201_	1
observable_3102	cyt_mrna__CABP4_201_	1
observable_3103	cyt_mrna__AGAP6_203_	1
observable_3104	cyt_mrna__TSSK1B_201_	1
observable_3105	cyt_mrna__RNFT2_201_	1
observable_3106	cyt_mrna__HIRA_201_	1
observable_3107	cyt_mrna__PHACTR1_201_	1
observable_3108	cyt_mrna__MS4A13_202_	1
observable_3109	cyt_mrna__SERPINB3_201_	1
observable_3110	cyt_mrna__ATP8B3_201_	1
observable_3111	cyt_mrna__MMP10_201_	1
observable_3112	cyt_mrna__MCC_202_	1
observable_3113	cyt_mrna__VAMP1_202_	1
observable_3114	cyt_mrna__BTNL2_203_	1
observable_3115	cyt_mrna__POF1B_201_	1
observable_3116	cyt_mrna__LRRC75B_201_	1
observable_3117	cyt_mrna__IFT88_202_	1
observable_3118	cyt_mrna__RIPPLY2_202_	1
observable_3119	cyt_mrna__OLIG2_202_	1
observable_3120	cyt_mrna__IFNL3_201_	1
observable_3121	cyt_mrna__CFL1_201_	1
observable_3122	cyt_mrna__GPR174_201_	1
observable_3123	cyt_mrna__RNF212_203_	1
observable_3124	cyt_mrna__LDLRAD4_201_	1
observable_3125	cyt_mrna__HCN2_201_	1
observable_3126	cyt_mrna__FGF22_201_	1
observable_3127	cyt_mrna__VGLL1_201_	1
observable_3128	cyt_mrna__C4orf50_203_	1
observable_3129	cyt_mrna__SMIM31_201_	1
observable_3130	cyt_mrna__PEX26_202_	1
observable_3131	cyt_mrna__MTNR1B_201_	1
observable_3132	cyt_mrna__TSPAN16_204_	1
observable_3133	cyt_mrna__PSPN_201_	1
observable_3134	cyt_mrna__MMP1_201_	1
observable_3135	cyt_mrna__CCDC117_201_	1
observable_3136	cyt_mrna__CSNK1A1_202_	1
observable_3137	cyt_mrna__RENBP_202_	1
observable_3138	cyt_mrna__PATE1_201_	1
observable_3139	cyt_mrna__PATE2_201_	1
observable_3140	cyt_mrna__TOB2_201_	1
observable_3141	cyt_mrna__SORCS2_202_	1
observable_3142	cyt_mrna__PATE3_201_	1
observable_3143	cyt_mrna__LRFN3_201_	1
observable_3144	cyt_mrna__SDHAF1_201_	1
observable_3145	cyt_mrna__PATE4_201_	1
observable_3146	cyt_mrna__PGRMC1_201_	1
observable_3147	cyt_mrna__TMEM132A_202_	1
observable_3148	cyt_mrna__MECOM_220_	1
observable_3149	cyt_mrna__NUTM1_203_	1
observable_3150	cyt_mrna__CCHCR1_203_	1
observable_3151	cyt_mrna__NIPSNAP1_201_	1
observable_3152	cyt_mrna__FGF13_202_	1
observable_3153	cyt_mrna__PRSS48_202_	1
observable_3154	cyt_mrna__CHRNA10_201_	1
observable_3155	cyt_mrna__UNC13A_202_	1
observable_3156	cyt_mrna__CHST2_201_	1
observable_3157	cyt_mrna__VEGFC_202_	1
observable_3158	cyt_mrna__INSL3_201_	1
observable_3159	cyt_mrna__SLC37A1_201_	1
observable_3160	cyt_mrna__GHSR_201_	1
observable_3161	cyt_mrna__PPBP_201_	1
observable_3162	cyt_mrna__GDF15_201_	1
observable_3163	cyt_mrna__TEAD1_206_	1
observable_3164	cyt_mrna__GPR149_201_	1
observable_3165	cyt_mrna__RALBP1_202_	1
observable_3166	cyt_mrna__LYPD3_201_	1
observable_3167	cyt_mrna__CHIC2_201_	1
observable_3168	cyt_mrna__FAM181B_201_	1
observable_3169	cyt_mrna__GSX2_201_	1
observable_3170	cyt_mrna__NAP1L5_201_	1
observable_3171	cyt_mrna__CLSTN2_201_	1
observable_3172	cyt_mrna__ZNF541_202_	1
observable_3173	cyt_mrna__SCGB1C1_201_	1
observable_3174	cyt_mrna__NFILZ_206_	1
observable_3175	cyt_mrna__COG6_204_	1
observable_3176	cyt_mrna__OR11A1_202_	1
observable_3177	cyt_mrna__NLRP6_203_	1
observable_3178	cyt_mrna__IFITM5_201_	1
observable_3179	cyt_mrna__SH3BP1_210_	1
observable_3180	cyt_mrna__SIGLEC14_201_	1
observable_3181	cyt_mrna__SPC24_206_	1
observable_3182	cyt_mrna__GRIA1_201_	1
observable_3183	cyt_mrna__KCNQ2_204_	1
observable_3184	cyt_mrna__SLC35A2_201_	1
observable_3185	cyt_mrna__SPINK7_201_	1
observable_3186	cyt_mrna__FRMD1_201_	1
observable_3187	cyt_mrna__DESI1_201_	1
observable_3188	cyt_mrna__SPINK9_201_	1
observable_3189	cyt_mrna__DNAJC13_201_	1
observable_3190	cyt_mrna__TMEM126B_201_	1
observable_3191	cyt_mrna__TRPM1_201_	1
observable_3192	cyt_mrna__TMEM47_201_	1
observable_3193	cyt_mrna__SNAP29_201_	1
observable_3194	cyt_mrna__CCDC89_201_	1
observable_3195	cyt_mrna__KCTD14_201_	1
observable_3196	cyt_mrna__TRIM42_201_	1
observable_3197	cyt_mrna__TMEM217_207_	1
observable_3198	cyt_mrna__NDUFC2_KCTD14_202_	1
observable_3199	cyt_mrna__DDT_202_	1
observable_3200	cyt_mrna__KLHL6_201_	1
observable_3201	cyt_mrna__SLCO3A1_201_	1
observable_3202	cyt_mrna__PAGE2B_201_	1
observable_3203	cyt_mrna__KPNA3_201_	1
observable_3204	cyt_mrna__SPATA9_201_	1
observable_3205	cyt_mrna__H3Y2_201_	1
observable_3206	cyt_mrna__ELFN2_201_	1
observable_3207	cyt_mrna__H3Y1_201_	1
observable_3208	cyt_mrna__NARS1_201_	1
observable_3209	cyt_mrna__DCHS1_201_	1
observable_3210	cyt_mrna__SPOCK1_201_	1
observable_3211	cyt_mrna__OMP_201_	1
observable_3212	cyt_mrna__XPNPEP2_202_	1
observable_3213	cyt_mrna__ANKRD33B_201_	1
observable_3214	cyt_mrna__C11orf16_201_	1
observable_3215	cyt_mrna__ZFP92_201_	1
observable_3216	cyt_mrna__NOX5_201_	1
observable_3217	cyt_mrna__NRK_201_	1
observable_3218	cyt_mrna__VNN2_201_	1
observable_3219	cyt_mrna__GATA6_201_	1
observable_3220	cyt_mrna__ZSCAN5B_201_	1
observable_3221	cyt_mrna__CEACAM18_201_	1
observable_3222	cyt_mrna__ADAMTS9_210_	1
observable_3223	cyt_mrna__PGA3_201_	1
observable_3224	cyt_mrna__ZNF396_206_	1
observable_3225	cyt_mrna__ANKRD34C_201_	1
observable_3226	cyt_mrna__TM9SF2_201_	1
observable_3227	cyt_mrna__SLIT3_205_	1
observable_3228	cyt_mrna__C6orf132_201_	1
observable_3229	cyt_mrna__MAB21L1_201_	1
observable_3230	cyt_mrna__ETV2_203_	1
observable_3231	cyt_mrna__UPK1A_201_	1
observable_3232	cyt_mrna__SMIM23_201_	1
observable_3233	cyt_mrna__ALAS2_209_	1
observable_3234	cyt_mrna__PGA5_201_	1
observable_3235	cyt_mrna__ARMC12_202_	1
observable_3236	cyt_mrna__CLPSL1_201_	1
observable_3237	cyt_mrna__GK5_201_	1
observable_3238	cyt_mrna__LHFPL5_201_	1
observable_3239	cyt_mrna__CABIN1_201_	1
observable_3240	cyt_mrna__CEP76_201_	1
observable_3241	cyt_mrna__PPFIA2_216_	1
observable_3242	cyt_mrna__CGB1_201_	1
observable_3243	cyt_mrna__LRRC10B_201_	1
observable_3244	cyt_mrna__ARSF_202_	1
observable_3245	cyt_mrna__SELENOP_214_	1
observable_3246	cyt_mrna__FBXO45_201_	1
observable_3247	cyt_mrna__DIP2A_202_	1
observable_3248	cyt_mrna__XAGE1B_203_	1
observable_3249	cyt_mrna__MTA2_201_	1
observable_3250	cyt_mrna__PYDC2_201_	1
observable_3251	cyt_mrna__ZNF101_208_	1
observable_3252	cyt_mrna__RNF168_201_	1
observable_3253	cyt_mrna__PNPLA5_201_	1
observable_3254	cyt_mrna__MB21D2_201_	1
observable_3255	cyt_mrna__ADA_201_	1
observable_3256	cyt_mrna__ZNF14_201_	1
observable_3257	cyt_mrna__ROM1_201_	1
observable_3258	cyt_mrna__DUSP22_202_	1
observable_3259	cyt_mrna__OPA3_201_	1
observable_3260	cyt_mrna__KCNIP1_201_	1
observable_3261	cyt_mrna__INTS5_201_	1
observable_3262	cyt_mrna__GMNC_201_	1
observable_3263	cyt_mrna__NAPG_201_	1
observable_3264	cyt_mrna__C11orf98_201_	1
observable_3265	cyt_mrna__PLCXD3_201_	1
observable_3266	cyt_mrna__PLAC8L1_201_	1
observable_3267	cyt_mrna__TP53AIP1_205_	1
observable_3268	cyt_mrna__JAK3_201_	1
observable_3269	cyt_mrna__ADORA2A_201_	1
observable_3270	cyt_mrna__DEUP1_201_	1
observable_3271	cyt_mrna__ZRANB1_201_	1
observable_3272	cyt_mrna__PPP1R3C_201_	1
observable_3273	cyt_mrna__IFIT5_201_	1
observable_3274	cyt_mrna__MRGPRX3_202_	1
observable_3275	cyt_mrna__SLC5A5_201_	1
observable_3276	cyt_mrna__OR5AN1_203_	1
observable_3277	cyt_mrna__PCNP_201_	1
observable_3278	cyt_mrna__OR51L1_202_	1
observable_3279	cyt_mrna__OR8D4_202_	1
observable_3280	cyt_mrna__B4GALT5_201_	1
observable_3281	cyt_mrna__OR4S2_201_	1
observable_3282	cyt_mrna__OR4C6_201_	1
observable_3283	cyt_mrna__OR8H2_201_	1
observable_3284	cyt_mrna__OR4D9_202_	1
observable_3285	cyt_mrna__OR52N5_202_	1
observable_3286	cyt_mrna__OR56A4_202_	1
observable_3287	cyt_mrna__RBM12_203_	1
observable_3288	cyt_mrna__OR52A5_201_	1
observable_3289	cyt_mrna__OR8D1_202_	1
observable_3290	cyt_mrna__FANCD2OS_204_	1
observable_3291	cyt_mrna__OR5B3_201_	1
observable_3292	cyt_mrna__NCR1_201_	1
observable_3293	cyt_mrna__OR52A1_201_	1
observable_3294	cyt_mrna__OR5A2_201_	1
observable_3295	cyt_mrna__TAF4B_201_	1
observable_3296	cyt_mrna__ABLIM3_201_	1
observable_3297	cyt_mrna__RSPO4_201_	1
observable_3298	cyt_mrna__OR10G7_201_	1
observable_3299	cyt_mrna__OR52N1_201_	1
observable_3300	cyt_mrna__OR5B2_202_	1
observable_3301	cyt_mrna__OR8B8_202_	1
observable_3302	cyt_mrna__HTR7_202_	1
observable_3303	cyt_mrna__SEMG1_201_	1
observable_3304	cyt_mrna__SNTN_201_	1
observable_3305	cyt_mrna__THOC7_201_	1
observable_3306	cyt_mrna__IL17B_201_	1
observable_3307	cyt_mrna__CASP4_203_	1
observable_3308	cyt_mrna__STRIT1_201_	1
observable_3309	cyt_mrna__ZNF80_202_	1
observable_3310	cyt_mrna__NUDT16_202_	1
observable_3311	cyt_mrna__EVA1C_201_	1
observable_3312	cyt_mrna__DIPK2A_201_	1
observable_3313	cyt_mrna__RYR3_211_	1
observable_3314	cyt_mrna__TPST2_201_	1
observable_3315	cyt_mrna__RNF145_202_	1
observable_3316	cyt_mrna__MATN4_204_	1
observable_3317	cyt_mrna__P2RX2_208_	1
observable_3318	cyt_mrna__HIF3A_205_	1
observable_3319	cyt_mrna__NHERF4_202_	1
observable_3320	cyt_mrna__YES1_201_	1
observable_3321	cyt_mrna__EEF1AKMT4_ECE2_201_	1
observable_3322	cyt_mrna__PRDM9_201_	1
observable_3323	cyt_mrna__CAMK2N2_201_	1
observable_3324	cyt_mrna__CABP2_201_	1
observable_3325	cyt_mrna__FBLL1_201_	1
observable_3326	cyt_mrna__TMIE_201_	1
observable_3327	cyt_mrna__CUL4B_202_	1
observable_3328	cyt_mrna__PRSS50_201_	1
observable_3329	cyt_mrna__OR10A4_201_	1
observable_3330	cyt_mrna__OR9G1_201_	1
observable_3331	cyt_mrna__CCDC8_201_	1
observable_3332	cyt_mrna__OR4D10_201_	1
observable_3333	cyt_mrna__ZSCAN4_201_	1
observable_3334	cyt_mrna__NCR3LG1_201_	1
observable_3335	cyt_mrna__LRRC15_201_	1
observable_3336	cyt_mrna__FEM1A_201_	1
observable_3337	cyt_mrna__TDG_202_	1
observable_3338	cyt_mrna__FAM43A_201_	1
observable_3339	cyt_mrna__RNASEH2B_201_	1
observable_3340	cyt_mrna__RTF2_202_	1
observable_3341	cyt_mrna__EDEM1_201_	1
observable_3342	cyt_mrna__KCNMA1_202_	1
observable_3343	cyt_mrna__WDR88_201_	1
observable_3344	cyt_mrna__LRP3_201_	1
observable_3345	cyt_mrna__APOA4_201_	1
observable_3346	cyt_mrna__OR56A3_202_	1
observable_3347	cyt_mrna__OR51M1_203_	1
observable_3348	cyt_mrna__SLC25A43_201_	1
observable_3349	cyt_mrna__OR51I2_201_	1
observable_3350	cyt_mrna__OR52K2_201_	1
observable_3351	cyt_mrna__OR52K1_201_	1
observable_3352	cyt_mrna__NCBP2L_201_	1
observable_3353	cyt_mrna__CCDC87_201_	1
observable_3354	cyt_mrna__LSM14B_201_	1
observable_3355	cyt_mrna__OTOGL_203_	1
observable_3356	cyt_mrna__HTR2C_201_	1
observable_3357	cyt_mrna__OR52M1_201_	1
observable_3358	cyt_mrna__OR5M1_201_	1
observable_3359	cyt_mrna__OR8B3_201_	1
observable_3360	cyt_mrna__OR8B2_201_	1
observable_3361	cyt_mrna__FBN1_201_	1
observable_3362	cyt_mrna__OR10A2_201_	1
observable_3363	cyt_mrna__APOOL_201_	1
observable_3364	cyt_mrna__OR5A1_201_	1
observable_3365	cyt_mrna__OR51G2_201_	1
observable_3366	cyt_mrna__OR51A7_202_	1
observable_3367	cyt_mrna__GPR173_201_	1
observable_3368	cyt_mrna__OR52E4_201_	1
observable_3369	cyt_mrna__OR6A2_201_	1
observable_3370	cyt_mrna__STXBP2_201_	1
observable_3371	cyt_mrna__OR51D1_202_	1
observable_3372	cyt_mrna__OR51E1_201_	1
observable_3373	cyt_mrna__OR2AG2_201_	1
observable_3374	cyt_mrna__SCN11A_201_	1
observable_3375	cyt_mrna__PTPN1_201_	1
observable_3376	cyt_mrna__OR10G8_202_	1
observable_3377	cyt_mrna__RIMS1_216_	1
observable_3378	cyt_mrna__HPSE2_203_	1
observable_3379	cyt_mrna__OR51A4_201_	1
observable_3380	cyt_mrna__KRTAP5_7_201_	1
observable_3381	cyt_mrna__KRTAP5_8_201_	1
observable_3382	cyt_mrna__KRTAP5_9_201_	1
observable_3383	cyt_mrna__KRTAP5_10_201_	1
observable_3384	cyt_mrna__FAM187B_201_	1
observable_3385	cyt_mrna__MAGEF1_201_	1
observable_3386	cyt_mrna__OR8J3_203_	1
observable_3387	cyt_mrna__C3orf70_201_	1
observable_3388	cyt_mrna__OR51E2_201_	1
observable_3389	cyt_mrna__OR10G4_202_	1
observable_3390	cyt_mrna__CLDN1_201_	1
observable_3391	cyt_mrna__CEACAM3_202_	1
observable_3392	cyt_mrna__SPTY2D1_201_	1
observable_3393	cyt_mrna__PDE4D_203_	1
observable_3394	cyt_mrna__LYPD4_203_	1
observable_3395	cyt_mrna__HEATR4_202_	1
observable_3396	cyt_mrna__ACCSL_201_	1
observable_3397	cyt_mrna__ABCC2_203_	1
observable_3398	cyt_mrna__ZC3H11C_201_	1
observable_3399	cyt_mrna__ZIC4_201_	1
observable_3400	cyt_mrna__NBDY_201_	1
observable_3401	cyt_mrna__ALX4_201_	1
observable_3402	cyt_mrna__OAS1_201_	1
observable_3403	cyt_mrna__DMRTC2_201_	1
observable_3404	cyt_mrna__GPR82_201_	1
observable_3405	cyt_mrna__KLHL31_201_	1
observable_3406	cyt_mrna__CALHM5_201_	1
observable_3407	cyt_mrna__ERFL_201_	1
observable_3408	cyt_mrna__CALHM4_201_	1
observable_3409	cyt_mrna__PKD2L1_201_	1
observable_3410	cyt_mrna__CD79A_201_	1
observable_3411	cyt_mrna__MMP3_201_	1
observable_3412	cyt_mrna__SHROOM4_202_	1
observable_3413	cyt_mrna__MMP12_201_	1
observable_3414	cyt_mrna__CRX_201_	1
observable_3415	cyt_mrna__VCX3A_201_	1
observable_3416	cyt_mrna__ZNF503_201_	1
observable_3417	cyt_mrna__SYT13_201_	1
observable_3418	cyt_mrna__ZNF550_208_	1
observable_3419	cyt_mrna__OAS2_202_	1
observable_3420	cyt_mrna__RWDD1_202_	1
observable_3421	cyt_mrna__TPRX2_201_	1
observable_3422	cyt_mrna__RSPH4A_201_	1
observable_3423	cyt_mrna__ADO_201_	1
observable_3424	cyt_mrna__ITPKC_201_	1
observable_3425	cyt_mrna__GAS6_201_	1
observable_3426	cyt_mrna__VPS29_206_	1
observable_3427	cyt_mrna__TGFBI_201_	1
observable_3428	cyt_mrna__NFKBIL1_203_	1
observable_3429	cyt_mrna__TNKS2_201_	1
observable_3430	cyt_mrna__PIDD1_201_	1
observable_3431	cyt_mrna__FGFBP3_201_	1
observable_3432	cyt_mrna__SF3B5_201_	1
observable_3433	cyt_mrna__MAST1_201_	1
observable_3434	cyt_mrna__SLC4A11_207_	1
observable_3435	cyt_mrna__SMIM32_201_	1
observable_3436	cyt_mrna__GGT5_202_	1
observable_3437	cyt_mrna__OR4F3_201_	1
observable_3438	cyt_mrna__RSF1_201_	1
observable_3439	cyt_mrna__FAAP24_202_	1
observable_3440	cyt_mrna__FHIP2A_202_	1
observable_3441	cyt_mrna__OR7C1_203_	1
observable_3442	cyt_mrna__TAF11L14_201_	1
observable_3443	cyt_mrna__TMEM255B_202_	1
observable_3444	cyt_mrna__SORCS1_201_	1
observable_3445	cyt_mrna__OR4D5_201_	1
observable_3446	cyt_mrna__OR5D18_201_	1
observable_3447	cyt_mrna__OR8I2_201_	1
observable_3448	cyt_mrna__OR5AR1_201_	1
observable_3449	cyt_mrna__OR4A16_201_	1
observable_3450	cyt_mrna__PROSER2_201_	1
observable_3451	cyt_mrna__ARGLU1_203_	1
observable_3452	cyt_mrna__CXXC1_201_	1
observable_3453	cyt_mrna__AMT_201_	1
observable_3454	cyt_mrna__CXCL12_201_	1
observable_3455	cyt_mrna__PFKFB1_202_	1
observable_3456	cyt_mrna__PGA4_201_	1
observable_3457	cyt_mrna__C10orf53_201_	1
observable_3458	cyt_mrna__PPP1CC_201_	1
observable_3459	cyt_mrna__DOP1A_202_	1
observable_3460	cyt_mrna__OR9Q2_201_	1
observable_3461	cyt_mrna__STK4_202_	1
observable_3462	cyt_mrna__LNX2_201_	1
observable_3463	cyt_mrna__PATZ1_202_	1
observable_3464	cyt_mrna__OR5AS1_201_	1
observable_3465	cyt_mrna__OR2AG1_201_	1
observable_3466	cyt_mrna__PITX3_201_	1
observable_3467	cyt_mrna__OR52N4_201_	1
observable_3468	cyt_mrna__OR8G1_201_	1
observable_3469	cyt_mrna__NANOS1_202_	1
observable_3470	cyt_mrna__OR4C15_202_	1
observable_3471	cyt_mrna__OR51T1_201_	1
observable_3472	cyt_mrna__OR8D2_201_	1
observable_3473	cyt_mrna__IL31RA_211_	1
observable_3474	cyt_mrna__OR5M10_201_	1
observable_3475	cyt_mrna__OR6T1_201_	1
observable_3476	cyt_mrna__OR6X1_201_	1
observable_3477	cyt_mrna__OR8B12_201_	1
observable_3478	cyt_mrna__OR8B4_201_	1
observable_3479	cyt_mrna__PDE4C_201_	1
observable_3480	cyt_mrna__OR5M11_201_	1
observable_3481	cyt_mrna__ZSWIM3_201_	1
observable_3482	cyt_mrna__OR6M1_201_	1
observable_3483	cyt_mrna__OR4C11_201_	1
observable_3484	cyt_mrna__OR9I1_201_	1
observable_3485	cyt_mrna__LHX5_201_	1
observable_3486	cyt_mrna__TBX10_201_	1
observable_3487	cyt_mrna__C15orf40_201_	1
observable_3488	cyt_mrna__CXorf58_201_	1
observable_3489	cyt_mrna__OR5B21_201_	1
observable_3490	cyt_mrna__MMP24_201_	1
observable_3491	cyt_mrna__MC2R_201_	1
observable_3492	cyt_mrna__OR51I1_201_	1
observable_3493	cyt_mrna__CLDN2_201_	1
observable_3494	cyt_mrna__OR51B2_201_	1
observable_3495	cyt_mrna__PINLYP_206_	1
observable_3496	cyt_mrna__OR52H1_201_	1
observable_3497	cyt_mrna__DUSP13B_203_	1
observable_3498	cyt_mrna__ANKRD52_201_	1
observable_3499	cyt_mrna__P2RY10_201_	1
observable_3500	cyt_mrna__TXN2_201_	1
observable_3501	cyt_mrna__SELENOV_201_	1
observable_3502	cyt_mrna__VN1R4_201_	1
observable_3503	cyt_mrna__PJA1_202_	1
observable_3504	cyt_mrna__CCDC73_201_	1
observable_3505	cyt_mrna__TMEM160_201_	1
observable_3506	cyt_mrna__OR5AP2_201_	1
observable_3507	cyt_mrna__OR4D6_201_	1
observable_3508	cyt_mrna__SMAD3_201_	1
observable_3509	cyt_mrna__PTCHD1_201_	1
observable_3510	cyt_mrna__ZC3H4_201_	1
observable_3511	cyt_mrna__IL23A_201_	1
observable_3512	cyt_mrna__C10orf120_201_	1
observable_3513	cyt_mrna__BSN_201_	1
observable_3514	cyt_mrna__ASB9_203_	1
observable_3515	cyt_mrna__AMIGO3_201_	1
observable_3516	cyt_mrna__GOLT1B_201_	1
observable_3517	cyt_mrna__PSMD8_201_	1
observable_3518	cyt_mrna__PRR23A_201_	1
observable_3519	cyt_mrna__FAM24A_201_	1
observable_3520	cyt_mrna__PRR23B_201_	1
observable_3521	cyt_mrna__RBL1_202_	1
observable_3522	cyt_mrna__PRR23C_201_	1
observable_3523	cyt_mrna__DIPK2B_202_	1
observable_3524	cyt_mrna__SPX_201_	1
observable_3525	cyt_mrna__OR11H12_201_	1
observable_3526	cyt_mrna__ARL14_201_	1
observable_3527	cyt_mrna__TSBP1_206_	1
observable_3528	cyt_mrna__RND1_201_	1
observable_3529	cyt_mrna__RELB_201_	1
observable_3530	cyt_mrna__EPB42_201_	1
observable_3531	cyt_mrna__ZNF296_201_	1
observable_3532	cyt_mrna__CHMP2B_201_	1
observable_3533	cyt_mrna__PSMG2_201_	1
observable_3534	cyt_mrna__ARHGAP20_207_	1
observable_3535	cyt_mrna__WNT5A_201_	1
observable_3536	cyt_mrna__BLTP3A_201_	1
observable_3537	cyt_mrna__CDK2AP1_201_	1
observable_3538	cyt_mrna__PRRC1_201_	1
observable_3539	cyt_mrna__GPR62_201_	1
observable_3540	cyt_mrna__TAF11L11_202_	1
observable_3541	cyt_mrna__BRI3BP_201_	1
observable_3542	cyt_mrna__TAF11L12_202_	1
observable_3543	cyt_mrna__SLC35A4_201_	1
observable_3544	cyt_mrna__PCID2_202_	1
observable_3545	cyt_mrna__IRX1_201_	1
observable_3546	cyt_mrna__NUAK1_201_	1
observable_3547	cyt_mrna__OR2AP1_201_	1
observable_3548	cyt_mrna__LRRK1_201_	1
observable_3549	cyt_mrna__OR6C2_201_	1
observable_3550	cyt_mrna__C12orf71_201_	1
observable_3551	cyt_mrna__ATRN_201_	1
observable_3552	cyt_mrna__FOXP3_203_	1
observable_3553	cyt_mrna__DOCK6_201_	1
observable_3554	cyt_mrna__RNLS_201_	1
observable_3555	cyt_mrna__TRIM23_201_	1
observable_3556	cyt_mrna__KIF3B_201_	1
observable_3557	cyt_mrna__USP14_201_	1
observable_3558	cyt_mrna__TBC1D30_204_	1
observable_3559	cyt_mrna__MSGN1_201_	1
observable_3560	cyt_mrna__POTEB3_201_	1
observable_3561	cyt_mrna__WBP4_201_	1
observable_3562	cyt_mrna__EFNA2_201_	1
observable_3563	cyt_mrna__GJD4_201_	1
observable_3564	cyt_mrna__FZD8_201_	1
observable_3565	cyt_mrna__DUSP7_202_	1
observable_3566	cyt_mrna__BFSP1_202_	1
observable_3567	cyt_mrna__OR4N4C_201_	1
observable_3568	cyt_mrna__TRABD_202_	1
observable_3569	cyt_mrna__ZNF599_201_	1
observable_3570	cyt_mrna__GDPD4_201_	1
observable_3571	cyt_mrna__TPBGL_201_	1
observable_3572	cyt_mrna__PROCR_201_	1
observable_3573	cyt_mrna__GDF7_201_	1
observable_3574	cyt_mrna__ZFP36L1_202_	1
observable_3575	cyt_mrna__KCNG3_201_	1
observable_3576	cyt_mrna__WAS_201_	1
observable_3577	cyt_mrna__ATP5F1E_201_	1
observable_3578	cyt_mrna__TRAPPC13_202_	1
observable_3579	cyt_mrna__BAP1_202_	1
observable_3580	cyt_mrna__RNF10_201_	1
observable_3581	cyt_mrna__DYNLRB1_202_	1
observable_3582	cyt_mrna__RNF225_201_	1
observable_3583	cyt_mrna__ATP11A_202_	1
observable_3584	cyt_mrna__PCDH12_201_	1
observable_3585	cyt_mrna__SERPINA7_202_	1
observable_3586	cyt_mrna__ZNF584_201_	1
observable_3587	cyt_mrna__FSHR_202_	1
observable_3588	cyt_mrna__SGPL1_202_	1
observable_3589	cyt_mrna__C3orf22_201_	1
observable_3590	cyt_mrna__HNRNPA0_201_	1
observable_3591	cyt_mrna__TMEM72_201_	1
observable_3592	cyt_mrna__NPAP1_201_	1
observable_3593	cyt_mrna__IFT46_202_	1
observable_3594	cyt_mrna__SNURF_202_	1
observable_3595	cyt_mrna__PSG11_202_	1
observable_3596	cyt_mrna__PSG2_202_	1
observable_3597	cyt_mrna__SMTNL1_201_	1
observable_3598	cyt_mrna__WNT8B_201_	1
observable_3599	cyt_mrna__TCP11_202_	1
observable_3600	cyt_mrna__CADM2_201_	1
observable_3601	cyt_mrna__MMP26_202_	1
observable_3602	cyt_mrna__PSG3_201_	1
observable_3603	cyt_mrna__OR51S1_201_	1
observable_3604	cyt_mrna__CIMIP7_203_	1
observable_3605	cyt_mrna__GLYATL2_201_	1
observable_3606	cyt_mrna__CDK2_201_	1
observable_3607	cyt_mrna__PSG8_201_	1
observable_3608	cyt_mrna__HMGCS1_201_	1
observable_3609	cyt_mrna__KCNK7_201_	1
observable_3610	cyt_mrna__CLRN1_202_	1
observable_3611	cyt_mrna__PRKCH_201_	1
observable_3612	cyt_mrna__PPEF1_204_	1
observable_3613	cyt_mrna__CCL28_201_	1
observable_3614	cyt_mrna__TNF_208_	1
observable_3615	cyt_mrna__GLIPR1L1_202_	1
observable_3616	cyt_mrna__BCL2L13_201_	1
observable_3617	cyt_mrna__PSG1_204_	1
observable_3618	cyt_mrna__GLIPR1_201_	1
observable_3619	cyt_mrna__TMEM167A_201_	1
observable_3620	cyt_mrna__GAD2_203_	1
observable_3621	cyt_mrna__OTC_201_	1
observable_3622	cyt_mrna__OR6C4_202_	1
observable_3623	cyt_mrna__C1QL3_201_	1
observable_3624	cyt_mrna__OSTM1_201_	1
observable_3625	cyt_mrna__USP34_201_	1
observable_3626	cyt_mrna__SRGN_201_	1
observable_3627	cyt_mrna__CGA_204_	1
observable_3628	cyt_mrna__CYTH2_204_	1
observable_3629	cyt_mrna__CHMP4BP1_201_	1
observable_3630	cyt_mrna__PCDH19_202_	1
observable_3631	cyt_mrna__AGBL2_202_	1
observable_3632	cyt_mrna__TRHDE_201_	1
observable_3633	cyt_mrna__IL17A_201_	1
observable_3634	cyt_mrna__SPIRE1_202_	1
observable_3635	cyt_mrna__OR6C75_201_	1
observable_3636	cyt_mrna__IL17F_201_	1
observable_3637	cyt_mrna__OR6C76_201_	1
observable_3638	cyt_mrna__GJE1_201_	1
observable_3639	cyt_mrna__LBH_201_	1
observable_3640	cyt_mrna__OR6C6_201_	1
observable_3641	cyt_mrna__PLCG1_223_	1
observable_3642	cyt_mrna__MUC22_212_	1
observable_3643	cyt_mrna__MAGIX_202_	1
observable_3644	cyt_mrna__ANP32D_201_	1
observable_3645	cyt_mrna__LY6G5B_207_	1
observable_3646	cyt_mrna__TAAR8_201_	1
observable_3647	cyt_mrna__TAAR9_201_	1
observable_3648	cyt_mrna__CDX4_201_	1
observable_3649	cyt_mrna__TMEM217B_202_	1
observable_3650	cyt_mrna__C12orf54_202_	1
observable_3651	cyt_mrna__HEXB_201_	1
observable_3652	cyt_mrna__SEPTIN5_209_	1
observable_3653	cyt_mrna__LY6G5C_210_	1
observable_3654	cyt_mrna__TMEM40_202_	1
observable_3655	cyt_mrna__LALBA_201_	1
observable_3656	cyt_mrna__NEUROD4_201_	1
observable_3657	cyt_mrna__IRAK1BP1_201_	1
observable_3658	cyt_mrna__PGR_202_	1
observable_3659	cyt_mrna__LRFN2_201_	1
observable_3660	cyt_mrna__CBS_204_	1
observable_3661	cyt_mrna__C3orf62_201_	1
observable_3662	cyt_mrna__RPS6KA6_201_	1
observable_3663	cyt_mrna__KRTAP5_11_201_	1
observable_3664	cyt_mrna__MDN1_201_	1
observable_3665	cyt_mrna__TCEAL5_201_	1
observable_3666	cyt_mrna__CIMAP1A_201_	1
observable_3667	cyt_mrna__FAT2_201_	1
observable_3668	cyt_mrna__MSX2_201_	1
observable_3669	cyt_mrna__MOCOS_201_	1
observable_3670	cyt_mrna__PRKAG1_206_	1
observable_3671	cyt_mrna__OAZ2_201_	1
observable_3672	cyt_mrna__BCL11A_213_	1
observable_3673	cyt_mrna__LDHAL6A_201_	1
observable_3674	cyt_mrna__ROPN1L_201_	1
observable_3675	cyt_mrna__LGALS14_202_	1
observable_3676	cyt_mrna__MAGEA2_210_	1
observable_3677	cyt_mrna__DENND6B_201_	1
observable_3678	cyt_mrna__CLC_201_	1
observable_3679	cyt_mrna__MCM8_205_	1
observable_3680	cyt_mrna__TRIM3_201_	1
observable_3681	cyt_mrna__ZNF300_201_	1
observable_3682	cyt_mrna__CEBPA_201_	1
observable_3683	cyt_mrna__CPNE5_201_	1
observable_3684	cyt_mrna__TACR1_201_	1
observable_3685	cyt_mrna__SUMO4_201_	1
observable_3686	cyt_mrna__ZNF536_201_	1
observable_3687	cyt_mrna__ZC3H12D_201_	1
observable_3688	cyt_mrna__TRMT6_201_	1
observable_3689	cyt_mrna__CCDC102B_201_	1
observable_3690	cyt_mrna__CIB4_201_	1
observable_3691	cyt_mrna__FAM174A_201_	1
observable_3692	cyt_mrna__GUCA1A_201_	1
observable_3693	cyt_mrna__ACTBL2_201_	1
observable_3694	cyt_mrna__H2AC1_201_	1
observable_3695	cyt_mrna__H2BC1_201_	1
observable_3696	cyt_mrna__SLX4IP_201_	1
observable_3697	cyt_mrna__GLP1R_201_	1
observable_3698	cyt_mrna__SAYSD1_201_	1
observable_3699	cyt_mrna__PCDH1_201_	1
observable_3700	cyt_mrna__SBSN_201_	1
observable_3701	cyt_mrna__CRLS1_201_	1
observable_3702	cyt_mrna__MAGEA4_201_	1
observable_3703	cyt_mrna__RAB31_207_	1
observable_3704	cyt_mrna__PPARA_202_	1
observable_3705	cyt_mrna__FGF6_201_	1
observable_3706	cyt_mrna__MTCL3_203_	1
observable_3707	cyt_mrna__DNAH6_201_	1
observable_3708	cyt_mrna__MYBPC3_203_	1
observable_3709	cyt_mrna__ERG_201_	1
observable_3710	cyt_mrna__GAPDHS_201_	1
observable_3711	cyt_mrna__DDIT3_201_	1
observable_3712	cyt_mrna__TP63_201_	1
observable_3713	cyt_mrna__FAM110C_201_	1
observable_3714	cyt_mrna__TTBK1_201_	1
observable_3715	cyt_mrna__TMEM132C_201_	1
observable_3716	cyt_mrna__ATP4A_201_	1
observable_3717	cyt_mrna__MRAP_201_	1
observable_3718	cyt_mrna__CLEC12B_201_	1
observable_3719	cyt_mrna__MDFIC2_201_	1
observable_3720	cyt_mrna__ALK_201_	1
observable_3721	cyt_mrna__ASCL4_201_	1
observable_3722	cyt_mrna__RPP14_201_	1
observable_3723	cyt_mrna__POSTN_203_	1
observable_3724	cyt_mrna__YIPF6_204_	1
observable_3725	cyt_mrna__CEACAM20_203_	1
observable_3726	cyt_mrna__RASSF9_201_	1
observable_3727	cyt_mrna__CNTN5_204_	1
observable_3728	cyt_mrna__CEACAM16_202_	1
observable_3729	cyt_mrna__ZNF449_201_	1
observable_3730	cyt_mrna__FDX2_202_	1
observable_3731	cyt_mrna__GJA3_201_	1
observable_3732	cyt_mrna__TFE3_201_	1
observable_3733	cyt_mrna__GPX4_201_	1
observable_3734	cyt_mrna__XPO4_201_	1
observable_3735	cyt_mrna__CIMIP2C_201_	1
observable_3736	cyt_mrna__ACAA2_201_	1
observable_3737	cyt_mrna__UTRN_204_	1
observable_3738	cyt_mrna__TULP2_201_	1
observable_3739	cyt_mrna__TGDS_201_	1
observable_3740	cyt_mrna__TFIP11_204_	1
observable_3741	cyt_mrna__IL1B_201_	1
observable_3742	cyt_mrna__NCOA6_201_	1
observable_3743	cyt_mrna__ZNF407_201_	1
observable_3744	cyt_mrna__SH3RF3_201_	1
observable_3745	cyt_mrna__ZBED4_201_	1
observable_3746	cyt_mrna__TMEM182_203_	1
observable_3747	cyt_mrna__PSMA7_203_	1
observable_3748	cyt_mrna__SRRD_201_	1
observable_3749	cyt_mrna__PEX5L_208_	1
observable_3750	cyt_mrna__PTOV1_201_	1
observable_3751	cyt_mrna__NAA20_202_	1
observable_3752	cyt_mrna__RASL10A_201_	1
observable_3753	cyt_mrna__OR6C3_202_	1
observable_3754	cyt_mrna__NXPH2_201_	1
observable_3755	cyt_mrna__KRT3_201_	1
observable_3756	cyt_mrna__KRT4_204_	1
observable_3757	cyt_mrna__E2F1_201_	1
observable_3758	cyt_mrna__WBP2NL_201_	1
observable_3759	cyt_mrna__TMEM185B_201_	1
observable_3760	cyt_mrna__KRT79_201_	1
observable_3761	cyt_mrna__HTD2_201_	1
observable_3762	cyt_mrna__KRT78_201_	1
observable_3763	cyt_mrna__OR6C74_201_	1
observable_3764	cyt_mrna__CRYGS_201_	1
observable_3765	cyt_mrna__H2AJ_203_	1
observable_3766	cyt_mrna__ERP27_201_	1
observable_3767	cyt_mrna__OR10P1_201_	1
observable_3768	cyt_mrna__HMGXB4_201_	1
observable_3769	cyt_mrna__NAV2_201_	1
observable_3770	cyt_mrna__NPC1_201_	1
observable_3771	cyt_mrna__SOWAHC_201_	1
observable_3772	cyt_mrna__COL4A1_201_	1
observable_3773	cyt_mrna__ITPA_201_	1
observable_3774	cyt_mrna__GPR83_201_	1
observable_3775	cyt_mrna__C11orf91_201_	1
observable_3776	cyt_mrna__L1CAM_205_	1
observable_3777	cyt_mrna__ITGB2_225_	1
observable_3778	cyt_mrna__OR5B12_202_	1
observable_3779	cyt_mrna__LRP1B_201_	1
observable_3780	cyt_mrna__IL5RA_209_	1
observable_3781	cyt_mrna__H2AX_202_	1
observable_3782	cyt_mrna__KMT2D_201_	1
observable_3783	cyt_mrna__ZGLP1_204_	1
observable_3784	cyt_mrna__APLNR_202_	1
observable_3785	cyt_mrna__KCNJ3_201_	1
observable_3786	cyt_mrna__HTR3B_201_	1
observable_3787	cyt_mrna__APMAP_201_	1
observable_3788	cyt_mrna__COX7B_204_	1
observable_3789	cyt_mrna__IFITM2_205_	1
observable_3790	cyt_mrna__HRH3_202_	1
observable_3791	cyt_mrna__RMC1_201_	1
observable_3792	cyt_mrna__NSUN3_201_	1
observable_3793	cyt_mrna__SAMM50_201_	1
observable_3794	cyt_mrna__WNT1_201_	1
observable_3795	cyt_mrna__CHM_201_	1
observable_3796	cyt_mrna__TMT1B_201_	1
observable_3797	cyt_mrna__TBR1_201_	1
observable_3798	cyt_mrna__POU2AF1_201_	1
observable_3799	cyt_mrna__STRN4_201_	1
observable_3800	cyt_mrna__PIN4_203_	1
observable_3801	cyt_mrna__RIT2_201_	1
observable_3802	cyt_mrna__TMSB15C_201_	1
observable_3803	cyt_mrna__TMEM86A_201_	1
observable_3804	cyt_mrna__C18orf32_201_	1
observable_3805	cyt_mrna__IGSF22_205_	1
observable_3806	cyt_mrna__DIDO1_207_	1
observable_3807	cyt_mrna__NOS1_201_	1
observable_3808	cyt_mrna__MRGPRX2_201_	1
observable_3809	cyt_mrna__MRGPRX1_202_	1
observable_3810	cyt_mrna__OR52E5_201_	1
observable_3811	cyt_mrna__IZUMO1R_203_	1
observable_3812	cyt_mrna__TAF10_201_	1
observable_3813	cyt_mrna__ARL13B_203_	1
observable_3814	cyt_mrna__ASCL3_201_	1
observable_3815	cyt_mrna__OR51F1_201_	1
observable_3816	cyt_mrna__POU2AF2_201_	1
observable_3817	cyt_mrna__NWD1_203_	1
observable_3818	cyt_mrna__ACOT8_201_	1
observable_3819	cyt_mrna__TMBIM4_202_	1
observable_3820	cyt_mrna__POU2AF3_204_	1
observable_3821	cyt_mrna__CYP8B1_201_	1
observable_3822	cyt_mrna__RNF26_201_	1
observable_3823	cyt_mrna__IQCF1_201_	1
observable_3824	cyt_mrna__C1QTNF5_202_	1
observable_3825	cyt_mrna__OR6C1_202_	1
observable_3826	cyt_mrna__IQCF2_201_	1
observable_3827	cyt_mrna__IQCF5_201_	1
observable_3828	cyt_mrna__ACSM4_201_	1
observable_3829	cyt_mrna__MFRP_205_	1
observable_3830	cyt_mrna__ZNF461_204_	1
observable_3831	cyt_mrna__ACTL9_201_	1
observable_3832	cyt_mrna__ZNF628_202_	1
observable_3833	cyt_mrna__FGF4_201_	1
observable_3834	cyt_mrna__ZNF93_201_	1
observable_3835	cyt_mrna__CXCR5_201_	1
observable_3836	cyt_mrna__INHBB_201_	1
observable_3837	cyt_mrna__SCN10A_201_	1
observable_3838	cyt_mrna__UPK2_201_	1
observable_3839	cyt_mrna__SLC25A18_201_	1
observable_3840	cyt_mrna__ZNF682_203_	1
observable_3841	cyt_mrna__EAF1_201_	1
observable_3842	cyt_mrna__FOXR1_201_	1
observable_3843	cyt_mrna__SLC22A25_201_	1
observable_3844	cyt_mrna__TREX1_205_	1
observable_3845	cyt_mrna__ZNF90_201_	1
observable_3846	cyt_mrna__UCN2_201_	1
observable_3847	cyt_mrna__TMEM89_201_	1
observable_3848	cyt_mrna__ARL4C_201_	1
observable_3849	cyt_mrna__HSPH1_201_	1
observable_3850	cyt_mrna__ZNF486_201_	1
observable_3851	cyt_mrna__KREMEN1_202_	1
observable_3852	cyt_mrna__CELSR3_201_	1
observable_3853	cyt_mrna__GLYATL1_212_	1
observable_3854	cyt_mrna__ACACB_201_	1
observable_3855	cyt_mrna__MDH1B_201_	1
observable_3856	cyt_mrna__SMIM35_205_	1
observable_3857	cyt_mrna__CARM1_201_	1
observable_3858	cyt_mrna__MISFA_205_	1
observable_3859	cyt_mrna__SPACA6_213_	1
observable_3860	cyt_mrna__LBHD1_201_	1
observable_3861	cyt_mrna__SYNE2_215_	1
observable_3862	cyt_mrna__SLC25A30_204_	1
observable_3863	cyt_mrna__DPRX_201_	1
observable_3864	cyt_mrna__ANGPTL8_201_	1
observable_3865	cyt_mrna__H4C16_204_	1
observable_3866	cyt_mrna__MRPL34_201_	1
observable_3867	cyt_mrna__GTF2A1L_201_	1
observable_3868	cyt_mrna__ZSWIM2_201_	1
observable_3869	cyt_mrna__GPR180_201_	1
observable_3870	cyt_mrna__C12orf42_208_	1
observable_3871	cyt_mrna__ANO8_201_	1
observable_3872	cyt_mrna__CCDC194_202_	1
observable_3873	cyt_mrna__ZMYM5_201_	1
observable_3874	cyt_mrna__GABPA_202_	1
observable_3875	cyt_mrna__COL7A1_211_	1
observable_3876	cyt_mrna__PIGX_202_	1
observable_3877	cyt_mrna__ITPRID2_205_	1
observable_3878	cyt_mrna__HUWE1_202_	1
observable_3879	cyt_mrna__TBC1D4_202_	1
observable_3880	cyt_mrna__CATSPERG_202_	1
observable_3881	cyt_mrna__OSBP2_201_	1
observable_3882	cyt_mrna__TMEM120B_204_	1
observable_3883	cyt_mrna__TXNRD3_204_	1
observable_3884	cyt_mrna__RHOF_201_	1
observable_3885	cyt_mrna__TLR9_201_	1
observable_3886	cyt_mrna__MICU2_201_	1
observable_3887	cyt_mrna__C3orf80_201_	1
observable_3888	cyt_mrna__OR5K1_202_	1
observable_3889	cyt_mrna__FOSB_201_	1
observable_3890	cyt_mrna__KDELR3_201_	1
observable_3891	cyt_mrna__TMEM207_201_	1
observable_3892	cyt_mrna__GDPD2_201_	1
observable_3893	cyt_mrna__PLSCR5_201_	1
observable_3894	cyt_mrna__PRRG3_209_	1
observable_3895	cyt_mrna__AKAP6_201_	1
observable_3896	cyt_mrna__GPALPP1_203_	1
observable_3897	cyt_mrna__COL9A1_202_	1
observable_3898	cyt_mrna__NR1I2_202_	1
observable_3899	cyt_mrna__DNAH7_201_	1
observable_3900	cyt_mrna__MUC16_201_	1
observable_3901	cyt_mrna__EIF1AX_202_	1
observable_3902	cyt_mrna__SMLR1_201_	1
observable_3903	cyt_mrna__TNNC1_201_	1
observable_3904	cyt_mrna__MID1IP1_204_	1
observable_3905	cyt_mrna__AVIL_207_	1
observable_3906	cyt_mrna__BRD1_203_	1
observable_3907	cyt_mrna__SNW1_201_	1
observable_3908	cyt_mrna__NLGN4X_204_	1
observable_3909	cyt_mrna__TPX2_201_	1
observable_3910	cyt_mrna__PRRC2A_202_	1
observable_3911	cyt_mrna__DNAH1_201_	1
observable_3912	cyt_mrna__DPP10_205_	1
observable_3913	cyt_mrna__TMCO3_202_	1
observable_3914	cyt_mrna__LILRA6_203_	1
observable_3915	cyt_mrna__CLEC2D_203_	1
observable_3916	cyt_mrna__TAB1_201_	1
observable_3917	cyt_mrna__ADSS1_201_	1
observable_3918	cyt_mrna__CSPG5_201_	1
observable_3919	cyt_mrna__SNX12_202_	1
observable_3920	cyt_mrna__VWC2L_201_	1
observable_3921	cyt_mrna__CD69_201_	1
observable_3922	cyt_mrna__CCDC157_201_	1
observable_3923	cyt_mrna__CAMP_202_	1
observable_3924	cyt_mrna__EFNB2_202_	1
observable_3925	cyt_mrna__ZC3H12B_201_	1
observable_3926	cyt_mrna__NDUFB11_202_	1
observable_3927	cyt_mrna__KLRF1_208_	1
observable_3928	cyt_mrna__GRM1_201_	1
observable_3929	cyt_mrna__TPD52L3_201_	1
observable_3930	cyt_mrna__FBXW12_201_	1
observable_3931	cyt_mrna__GCNA_202_	1
observable_3932	cyt_mrna__KLRF2_201_	1
observable_3933	cyt_mrna__KIAA0930_202_	1
observable_3934	cyt_mrna__B3GAT2_201_	1
observable_3935	cyt_mrna__CLEC2A_202_	1
observable_3936	cyt_mrna__UBE2C_204_	1
observable_3937	cyt_mrna__PLXNA1_201_	1
observable_3938	cyt_mrna__HMGB3_201_	1
observable_3939	cyt_mrna__SMOC1_201_	1
observable_3940	cyt_mrna__OR5H1_201_	1
observable_3941	cyt_mrna__OR5H14_202_	1
observable_3942	cyt_mrna__CLEC12A_201_	1
observable_3943	cyt_mrna__ELF1_201_	1
observable_3944	cyt_mrna__FAM240A_201_	1
observable_3945	cyt_mrna__RTP3_201_	1
observable_3946	cyt_mrna__GPRC5D_201_	1
observable_3947	cyt_mrna__ABCA12_201_	1
observable_3948	cyt_mrna__SERPINA9_210_	1
observable_3949	cyt_mrna__ANKRD10_201_	1
observable_3950	cyt_mrna__PAX6_268_	1
observable_3951	cyt_mrna__KCNA6_201_	1
observable_3952	cyt_mrna__KCNA1_201_	1
observable_3953	cyt_mrna__ITM2C_202_	1
observable_3954	cyt_mrna__MTMR6_201_	1
observable_3955	cyt_mrna__COL9A3_214_	1
observable_3956	cyt_mrna__TMPRSS12_201_	1
observable_3957	cyt_mrna__HIGD1C_203_	1
observable_3958	cyt_mrna__PES1_202_	1
observable_3959	cyt_mrna__POU1F1_202_	1
observable_3960	cyt_mrna__NUDT18_201_	1
observable_3961	cyt_mrna__RASGRP4_214_	1
observable_3962	cyt_mrna__PPP3R1_201_	1
observable_3963	cyt_mrna__ARGFX_201_	1
observable_3964	cyt_mrna__RBM43_201_	1
observable_3965	cyt_mrna__MED14_201_	1
observable_3966	cyt_mrna__TEDC1_204_	1
observable_3967	cyt_mrna__AICDA_201_	1
observable_3968	cyt_mrna__SPHKAP_202_	1
observable_3969	cyt_mrna__CCDC83_202_	1
observable_3970	cyt_mrna__RALGAPA2_201_	1
observable_3971	cyt_mrna__CBX7_201_	1
observable_3972	cyt_mrna__MCF2L2_201_	1
observable_3973	cyt_mrna__GAB2_202_	1
observable_3974	cyt_mrna__FAM217B_202_	1
observable_3975	cyt_mrna__INS_IGF2_202_	1
observable_3976	cyt_mrna__CYP7A1_201_	1
observable_3977	cyt_mrna__RETNLB_201_	1
observable_3978	cyt_mrna__AK7_201_	1
observable_3979	cyt_mrna__RYR1_202_	1
observable_3980	cyt_mrna__INS_202_	1
observable_3981	cyt_mrna__SLC22A14_202_	1
observable_3982	cyt_mrna__SCML1_201_	1
observable_3983	cyt_mrna__VEGFA_226_	1
observable_3984	cyt_mrna__ASCL2_201_	1
observable_3985	cyt_mrna__NXPE2_201_	1
observable_3986	cyt_mrna__ALKBH1_201_	1
observable_3987	cyt_mrna__ZPLD1_202_	1
observable_3988	cyt_mrna__ISCA2_204_	1
observable_3989	cyt_mrna__SGSM1_201_	1
observable_3990	cyt_mrna__PREX1_201_	1
observable_3991	cyt_mrna__NECAP1_201_	1
observable_3992	cyt_mrna__FANCB_206_	1
observable_3993	cyt_mrna__PLEK2_201_	1
observable_3994	cyt_mrna__NAALADL1_204_	1
observable_3995	cyt_mrna__TUBB4A_201_	1
observable_3996	cyt_mrna__CCDC160_203_	1
observable_3997	cyt_mrna__SMIM45_201_	1
observable_3998	cyt_mrna__UBE2V1_203_	1
observable_3999	cyt_mrna__TCEAL8_202_	1
observable_4000	cyt_mrna__KLF2_201_	1
observable_4001	cyt_mrna__GZMB_201_	1
observable_4002	cyt_mrna__CLEC4A_201_	1
observable_4003	cyt_mrna__CBLN3_201_	1
observable_4004	cyt_mrna__ZNF705A_202_	1
observable_4005	cyt_mrna__CDCA5_201_	1
observable_4006	cyt_mrna__SETD4_201_	1
observable_4007	cyt_mrna__TMEM262_206_	1
observable_4008	cyt_mrna__ZNHIT2_201_	1
observable_4009	cyt_mrna__SDR39U1_201_	1
observable_4010	cyt_mrna__ADGB_204_	1
observable_4011	cyt_mrna__TRIM64B_201_	1
observable_4012	cyt_mrna__SLC66A3_201_	1
observable_4013	cyt_mrna__KRT80_202_	1
observable_4014	cyt_mrna__GCAT_201_	1
observable_4015	cyt_mrna__TSSK6_201_	1
observable_4016	cyt_mrna__KRT81_201_	1
observable_4017	cyt_mrna__UBE2A_202_	1
observable_4018	cyt_mrna__FERMT1_201_	1
observable_4019	cyt_mrna__KRT83_201_	1
observable_4020	cyt_mrna__IL22RA2_201_	1
observable_4021	cyt_mrna__KRT85_201_	1
observable_4022	cyt_mrna__UGT1A9_201_	1
observable_4023	cyt_mrna__APEX2_201_	1
observable_4024	cyt_mrna__KRT84_201_	1
observable_4025	cyt_mrna__MB_202_	1
observable_4026	cyt_mrna__KRT82_201_	1
observable_4027	cyt_mrna__SPMAP2_201_	1
observable_4028	cyt_mrna__KRT75_201_	1
observable_4029	cyt_mrna__GDAP1L1_201_	1
observable_4030	cyt_mrna__KRT6B_201_	1
observable_4031	cyt_mrna__TRPM5_204_	1
observable_4032	cyt_mrna__WFDC10B_201_	1
observable_4033	cyt_mrna__KRT6C_201_	1
observable_4034	cyt_mrna__ZNF441_201_	1
observable_4035	cyt_mrna__ZNF440_201_	1
observable_4036	cyt_mrna__TRIM49D1_201_	1
observable_4037	cyt_mrna__TNXB_208_	1
observable_4038	cyt_mrna__KRT6A_201_	1
observable_4039	cyt_mrna__TRIM49D2_202_	1
observable_4040	cyt_mrna__PCCA_202_	1
observable_4041	cyt_mrna__UGT1A6_201_	1
observable_4042	cyt_mrna__UGT1A1_201_	1
observable_4043	cyt_mrna__KRT5_201_	1
observable_4044	cyt_mrna__ZNF506_202_	1
observable_4045	cyt_mrna__TRIM49C_201_	1
observable_4046	cyt_mrna__TRIM64_201_	1
observable_4047	cyt_mrna__NUP50_201_	1
observable_4048	cyt_mrna__WNK3_201_	1
observable_4049	cyt_mrna__SYCP2L_201_	1
observable_4050	cyt_mrna__KRT71_201_	1
observable_4051	cyt_mrna__HJURP_202_	1
observable_4052	cyt_mrna__ZNF492_201_	1
observable_4053	cyt_mrna__KRT74_201_	1
observable_4054	cyt_mrna__KRT72_201_	1
observable_4055	cyt_mrna__DNHD1_201_	1
observable_4056	cyt_mrna__AKAP14_204_	1
observable_4057	cyt_mrna__INO80B_201_	1
observable_4058	cyt_mrna__KRT73_201_	1
observable_4059	cyt_mrna__LPAR4_204_	1
observable_4060	cyt_mrna__APOL2_202_	1
observable_4061	cyt_mrna__CEP250_202_	1
observable_4062	cyt_mrna__ADARB1_201_	1
observable_4063	cyt_mrna__TLX2_201_	1
observable_4064	cyt_mrna__TSHZ3_201_	1
observable_4065	cyt_mrna__GPR42_201_	1
observable_4066	cyt_mrna__NRIP3_201_	1
observable_4067	cyt_mrna__RBMX2_201_	1
observable_4068	cyt_mrna__FFAR2_202_	1
observable_4069	cyt_mrna__ZNF850_202_	1
observable_4070	cyt_mrna__ZIC3_201_	1
observable_4071	cyt_mrna__WFDC2_204_	1
observable_4072	cyt_mrna__YWHAH_201_	1
observable_4073	cyt_mrna__LGALS16_201_	1
observable_4074	cyt_mrna__PIWIL4_201_	1
observable_4075	cyt_mrna__TXNRD1_204_	1
observable_4076	cyt_mrna__FUT4_201_	1
observable_4077	cyt_mrna__MTCL2_201_	1
observable_4078	cyt_mrna__SPDYC_201_	1
observable_4079	cyt_mrna__SLC22A2_202_	1
observable_4080	cyt_mrna__SMIM17_201_	1
observable_4081	cyt_mrna__CLDN25_201_	1
observable_4082	cyt_mrna__PRKN_206_	1
observable_4083	cyt_mrna__NECTIN1_201_	1
observable_4084	cyt_mrna__ROMO1_203_	1
observable_4085	cyt_mrna__OR5AK2_201_	1
observable_4086	cyt_mrna__PACRG_202_	1
observable_4087	cyt_mrna__KDM4D_201_	1
observable_4088	cyt_mrna__KDM4E_201_	1
observable_4089	cyt_mrna__PBDC1_202_	1
observable_4090	cyt_mrna__SRSF8_201_	1
observable_4091	cyt_mrna__OVCH1_202_	1
observable_4092	cyt_mrna__DNAJB1_201_	1
observable_4093	cyt_mrna__FOXRED2_204_	1
observable_4094	cyt_mrna__TRPC4_206_	1
observable_4095	cyt_mrna__SESN3_203_	1
observable_4096	cyt_mrna__LRP2_205_	1
observable_4097	cyt_mrna__RAG1_201_	1
observable_4098	cyt_mrna__ZNF804A_201_	1
observable_4099	cyt_mrna__LGALS13_201_	1
observable_4100	cyt_mrna__RAG2_201_	1
observable_4101	cyt_mrna__FAM186B_201_	1
observable_4102	cyt_mrna__OPN5_202_	1
observable_4103	cyt_mrna__HOXC13_201_	1
observable_4104	cyt_mrna__HOXC12_201_	1
observable_4105	cyt_mrna__CD8B2_202_	1
observable_4106	cyt_mrna__SLC7A3_202_	1
observable_4107	cyt_mrna__HOXC11_202_	1
observable_4108	cyt_mrna__PKNOX1_201_	1
observable_4109	cyt_mrna__HOXC10_201_	1
observable_4110	cyt_mrna__MFSD4B_208_	1
observable_4111	cyt_mrna__NAPA_201_	1
observable_4112	cyt_mrna__MRPL35_202_	1
observable_4113	cyt_mrna__COL20A1_201_	1
observable_4114	cyt_mrna__HOXC6_201_	1
observable_4115	cyt_mrna__RCE1_201_	1
observable_4116	cyt_mrna__HOXC9_201_	1
observable_4117	cyt_mrna__HOXC8_201_	1
observable_4118	cyt_mrna__ERFE_207_	1
observable_4119	cyt_mrna__FOXA2_202_	1
observable_4120	cyt_mrna__NRIP2_201_	1
observable_4121	cyt_mrna__SDC4_201_	1
observable_4122	cyt_mrna__LIPE_201_	1
observable_4123	cyt_mrna__FNDC11_201_	1
observable_4124	cyt_mrna__ALPP_201_	1
observable_4125	cyt_mrna__CSAG3_201_	1
observable_4126	cyt_mrna__CIB3_201_	1
observable_4127	cyt_mrna__ALPG_201_	1
observable_4128	cyt_mrna__POGLUT2_201_	1
observable_4129	cyt_mrna__ZNF708_201_	1
observable_4130	cyt_mrna__TEAD4_202_	1
observable_4131	cyt_mrna__SCGB2B2_203_	1
observable_4132	cyt_mrna__ALPI_201_	1
observable_4133	cyt_mrna__PRSS56_202_	1
observable_4134	cyt_mrna__REV3L_202_	1
observable_4135	cyt_mrna__SMIM24_201_	1
observable_4136	cyt_mrna__MID2_201_	1
observable_4137	cyt_mrna__OR10H5_202_	1
observable_4138	cyt_mrna__SMCO2_202_	1
observable_4139	cyt_mrna__CHRNG_203_	1
observable_4140	cyt_mrna__OR5BS1_201_	1
observable_4141	cyt_mrna__ARMH2_201_	1
observable_4142	cyt_mrna__SYNJ1_212_	1
observable_4143	cyt_mrna__GPR148_201_	1
observable_4144	cyt_mrna__TRIM49B_201_	1
observable_4145	cyt_mrna__TRIM64C_201_	1
observable_4146	cyt_mrna__S100B_201_	1
observable_4147	cyt_mrna__LCP1_201_	1
observable_4148	cyt_mrna__ANOS1_201_	1
observable_4149	cyt_mrna__GJB2_202_	1
observable_4150	cyt_mrna__IFNG_201_	1
observable_4151	cyt_mrna__TUBA3D_201_	1
observable_4152	cyt_mrna__IL26_201_	1
observable_4153	cyt_mrna__ARL11_201_	1
observable_4154	cyt_mrna__ITPR1_237_	1
observable_4155	cyt_mrna__DAPL1_201_	1
observable_4156	cyt_mrna__LIG4_202_	1
observable_4157	cyt_mrna__IL22_202_	1
observable_4158	cyt_mrna__SLC2A11_202_	1
observable_4159	cyt_mrna__KCNJ4_201_	1
observable_4160	cyt_mrna__RFLNA_205_	1
observable_4161	cyt_mrna__IFNGR2_201_	1
observable_4162	cyt_mrna__HOXC4_202_	1
observable_4163	cyt_mrna__RGPD3_202_	1
observable_4164	cyt_mrna__HOXC5_201_	1
observable_4165	cyt_mrna__TCIRG1_201_	1
observable_4166	cyt_mrna__SMIM10L1_201_	1
observable_4167	cyt_mrna__PIBF1_201_	1
observable_4168	cyt_mrna__UGT1A4_201_	1
observable_4169	cyt_mrna__CFC1_201_	1
observable_4170	cyt_mrna__APP_201_	1
observable_4171	cyt_mrna__GRK7_202_	1
observable_4172	cyt_mrna__PTPRJ_201_	1
observable_4173	cyt_mrna__RGPD4_201_	1
observable_4174	cyt_mrna__OR4B1_201_	1
observable_4175	cyt_mrna__OSTN_202_	1
observable_4176	cyt_mrna__OR4X2_201_	1
observable_4177	cyt_mrna__OR4X1_201_	1
observable_4178	cyt_mrna__OR52E8_201_	1
observable_4179	cyt_mrna__NMUR1_201_	1
observable_4180	cyt_mrna__RHO_201_	1
observable_4181	cyt_mrna__CDC25B_201_	1
observable_4182	cyt_mrna__AQP12B_201_	1
observable_4183	cyt_mrna__H1_8_201_	1
observable_4184	cyt_mrna__SYNCRIP_202_	1
observable_4185	cyt_mrna__GPR171_201_	1
observable_4186	cyt_mrna__RIC3_201_	1
observable_4187	cyt_mrna__ERCC5_212_	1
observable_4188	cyt_mrna__CDK5R2_201_	1
observable_4189	cyt_mrna__GPR87_201_	1
observable_4190	cyt_mrna__FEV_201_	1
observable_4191	cyt_mrna__P2RY13_201_	1
observable_4192	cyt_mrna__IHH_201_	1
observable_4193	cyt_mrna__TOPAZ1_201_	1
observable_4194	cyt_mrna__TCN2_201_	1
observable_4195	cyt_mrna__ECRG4_201_	1
observable_4196	cyt_mrna__ALDH3B2_211_	1
observable_4197	cyt_mrna__TUBA3E_201_	1
observable_4198	cyt_mrna__OR10D3_202_	1
observable_4199	cyt_mrna__DUSP28_202_	1
observable_4200	cyt_mrna__TSGA10IP_203_	1
observable_4201	cyt_mrna__OR51B5_201_	1
observable_4202	cyt_mrna__RASSF10_201_	1
observable_4203	cyt_mrna__SCN8A_209_	1
observable_4204	cyt_mrna__CCL20_201_	1
observable_4205	cyt_mrna__MYH15_205_	1
observable_4206	cyt_mrna__GRK3_201_	1
observable_4207	cyt_mrna__DYTN_201_	1
observable_4208	cyt_mrna__GP5_202_	1
observable_4209	cyt_mrna__SHOX2_203_	1
observable_4210	cyt_mrna__IQSEC3_203_	1
observable_4211	cyt_mrna__CBL_201_	1
observable_4212	cyt_mrna__AIFM1_201_	1
observable_4213	cyt_mrna__ATP13A5_201_	1
observable_4214	cyt_mrna__COL21A1_201_	1
observable_4215	cyt_mrna__TCEA2_202_	1
observable_4216	cyt_mrna__DIS3_201_	1
observable_4217	cyt_mrna__LHFPL1_201_	1
observable_4218	cyt_mrna__GABRR2_201_	1
observable_4219	cyt_mrna__PRDM16_201_	1
observable_4220	cyt_mrna__KMT5B_201_	1
observable_4221	cyt_mrna__NKAIN2_202_	1
observable_4222	cyt_mrna__PCBP3_222_	1
observable_4223	cyt_mrna__ROBO1_202_	1
observable_4224	cyt_mrna__KDM5A_201_	1
observable_4225	cyt_mrna__GPRASP3_205_	1
observable_4226	cyt_mrna__RNF217_210_	1
observable_4227	cyt_mrna__LMF2_202_	1
observable_4228	cyt_mrna__SLC10A3_206_	1
observable_4229	cyt_mrna__DDRGK1_201_	1
observable_4230	cyt_mrna__PMCH_201_	1
observable_4231	cyt_mrna__ANKLE2_201_	1
observable_4232	cyt_mrna__C3orf49_201_	1
observable_4233	cyt_mrna__CT45A10_203_	1
observable_4234	cyt_mrna__OR5H15_201_	1
observable_4235	cyt_mrna__MMGT1_201_	1
observable_4236	cyt_mrna__TPD52L1_213_	1
observable_4237	cyt_mrna__MX2_201_	1
observable_4238	cyt_mrna__PTH_201_	1
observable_4239	cyt_mrna__COMMD7_201_	1
observable_4240	cyt_mrna__HEY2_201_	1
observable_4241	cyt_mrna__MSANTD2_202_	1
observable_4242	cyt_mrna__SRGAP3_202_	1
observable_4243	cyt_mrna__GALNT4_201_	1
observable_4244	cyt_mrna__DGKK_201_	1
observable_4245	cyt_mrna__TMSB15A_201_	1
observable_4246	cyt_mrna__TAFA1_201_	1
observable_4247	cyt_mrna__MAP1LC3A_201_	1
observable_4248	cyt_mrna__SELENOK_204_	1
observable_4249	cyt_mrna__AIRE_201_	1
observable_4250	cyt_mrna__ROBO3_201_	1
observable_4251	cyt_mrna__CCDC174_202_	1
observable_4252	cyt_mrna__KLRB1_201_	1
observable_4253	cyt_mrna__CHST13_201_	1
observable_4254	cyt_mrna__PRPH_201_	1
observable_4255	cyt_mrna__PLA2G1B_201_	1
observable_4256	cyt_mrna__FZD10_201_	1
observable_4257	cyt_mrna__MAPK12_201_	1
observable_4258	cyt_mrna__MYO3B_202_	1
observable_4259	cyt_mrna__RCBTB2_201_	1
observable_4260	cyt_mrna__BLID_201_	1
observable_4261	cyt_mrna__GSTA5_201_	1
observable_4262	cyt_mrna__TIGD1_201_	1
observable_4263	cyt_mrna__AEBP2_201_	1
observable_4264	cyt_mrna__PHLDA1_201_	1
observable_4265	cyt_mrna__DHRS12_203_	1
observable_4266	cyt_mrna__CCDC184_201_	1
observable_4267	cyt_mrna__OR10AD1_201_	1
observable_4268	cyt_mrna__H1_7_201_	1
observable_4269	cyt_mrna__CCDC150_201_	1
observable_4270	cyt_mrna__TPD52L2_202_	1
observable_4271	cyt_mrna__HTR3C_201_	1
observable_4272	cyt_mrna__SLC9A4_201_	1
observable_4273	cyt_mrna__SYNE1_206_	1
observable_4274	cyt_mrna__VPS13D_214_	1
observable_4275	cyt_mrna__HTR3E_202_	1
observable_4276	cyt_mrna__MITD1_201_	1
observable_4277	cyt_mrna__NRXN2_201_	1
observable_4278	cyt_mrna__TMPRSS2_201_	1
observable_4279	cyt_mrna__C2orf69_201_	1
observable_4280	cyt_mrna__HTR3D_203_	1
observable_4281	cyt_mrna__SDCBP2_202_	1
observable_4282	cyt_mrna__KIF4A_201_	1
observable_4283	cyt_mrna__SAMD7_201_	1
observable_4284	cyt_mrna__TFDP1_201_	1
observable_4285	cyt_mrna__CFAP210_203_	1
observable_4286	cyt_mrna__LRRIQ4_201_	1
observable_4287	cyt_mrna__GCG_202_	1
observable_4288	cyt_mrna__FBLN1_202_	1
observable_4289	cyt_mrna__BCL2L1_201_	1
observable_4290	cyt_mrna__KAZN_203_	1
observable_4291	cyt_mrna__NCBP2_201_	1
observable_4292	cyt_mrna__ATXN3_251_	1
observable_4293	cyt_mrna__IFT70B_201_	1
observable_4294	cyt_mrna__ZBTB33_202_	1
observable_4295	cyt_mrna__IFT70A_201_	1
observable_4296	cyt_mrna__TEX44_201_	1
observable_4297	cyt_mrna__NCBP2AS2_201_	1
observable_4298	cyt_mrna__SPRY2_202_	1
observable_4299	cyt_mrna__OR52B2_201_	1
observable_4300	cyt_mrna__BAIAP2L2_202_	1
observable_4301	cyt_mrna__C11orf42_201_	1
observable_4302	cyt_mrna__CASZ1_202_	1
observable_4303	cyt_mrna__COL6A6_201_	1
observable_4304	cyt_mrna__SAMD3_204_	1
observable_4305	cyt_mrna__GRHL1_201_	1
observable_4306	cyt_mrna__GPC3_201_	1
observable_4307	cyt_mrna__GRIK3_201_	1
observable_4308	cyt_mrna__PLA2G2D_201_	1
observable_4309	cyt_mrna__DONSON_201_	1
observable_4310	cyt_mrna__CHRDL2_203_	1
observable_4311	cyt_mrna__SPEG_201_	1
observable_4312	cyt_mrna__LMNTD1_204_	1
observable_4313	cyt_mrna__OGT_202_	1
observable_4314	cyt_mrna__RLF_201_	1
observable_4315	cyt_mrna__VGLL4_211_	1
observable_4316	cyt_mrna__DLGAP3_202_	1
observable_4317	cyt_mrna__CHST7_201_	1
observable_4318	cyt_mrna__KLF17_201_	1
observable_4319	cyt_mrna__INHA_201_	1
observable_4320	cyt_mrna__SNIP1_201_	1
observable_4321	cyt_mrna__RHOB_201_	1
observable_4322	cyt_mrna__KLF18_201_	1
observable_4323	cyt_mrna__TRMT10C_201_	1
observable_4324	cyt_mrna__SP9_201_	1
observable_4325	cyt_mrna__TTLL1_201_	1
observable_4326	cyt_mrna__KCNJ13_201_	1
observable_4327	cyt_mrna__CDC16_203_	1
observable_4328	cyt_mrna__PTMS_201_	1
observable_4329	cyt_mrna__AK5_203_	1
observable_4330	cyt_mrna__CDHR4_202_	1
observable_4331	cyt_mrna__SLC19A1_201_	1
observable_4332	cyt_mrna__ZCCHC18_206_	1
observable_4333	cyt_mrna__DSP_201_	1
observable_4334	cyt_mrna__CD86_202_	1
observable_4335	cyt_mrna__CHRNA1_202_	1
observable_4336	cyt_mrna__CSTA_201_	1
observable_4337	cyt_mrna__DNAJC6_202_	1
observable_4338	cyt_mrna__SERPINA12_203_	1
observable_4339	cyt_mrna__SCML2_201_	1
observable_4340	cyt_mrna__LEPROT_201_	1
observable_4341	cyt_mrna__FAM162A_203_	1
observable_4342	cyt_mrna__GJA9_201_	1
observable_4343	cyt_mrna__DTX3L_201_	1
observable_4344	cyt_mrna__CALCA_201_	1
observable_4345	cyt_mrna__CARS2_201_	1
observable_4346	cyt_mrna__NEGR1_202_	1
observable_4347	cyt_mrna__CCDC198_201_	1
observable_4348	cyt_mrna__TARBP2_201_	1
observable_4349	cyt_mrna__SHISAL2A_204_	1
observable_4350	cyt_mrna__DNTTIP2_202_	1
observable_4351	cyt_mrna__MTHFD2_201_	1
observable_4352	cyt_mrna__PLD4_201_	1
observable_4353	cyt_mrna__POTEJ_201_	1
observable_4354	cyt_mrna__MX1_202_	1
observable_4355	cyt_mrna__EIF4G2_201_	1
observable_4356	cyt_mrna__MAGI1_202_	1
observable_4357	cyt_mrna__RIN3_201_	1
observable_4358	cyt_mrna__HFE_207_	1
observable_4359	cyt_mrna__COL24A1_201_	1
observable_4360	cyt_mrna__TNFRSF19_201_	1
observable_4361	cyt_mrna__RAMACL_201_	1
observable_4362	cyt_mrna__ERVFRD_1_201_	1
observable_4363	cyt_mrna__BDKRB1_201_	1
observable_4364	cyt_mrna__STK26_202_	1
observable_4365	cyt_mrna__GPX7_201_	1
observable_4366	cyt_mrna__FKBP1C_201_	1
observable_4367	cyt_mrna__RALY_201_	1
observable_4368	cyt_mrna__H2AC11_201_	1
observable_4369	cyt_mrna__H4C9_201_	1
observable_4370	cyt_mrna__OR4A47_201_	1
observable_4371	cyt_mrna__ROPN1_202_	1
observable_4372	cyt_mrna__CACNA1C_220_	1
observable_4373	cyt_mrna__HUS1B_201_	1
observable_4374	cyt_mrna__TENT5D_201_	1
observable_4375	cyt_mrna__OTOF_201_	1
observable_4376	cyt_mrna__BARHL2_201_	1
observable_4377	cyt_mrna__CCR5_201_	1
observable_4378	cyt_mrna__POTEB2_202_	1
observable_4379	cyt_mrna__DNAJB8_201_	1
observable_4380	cyt_mrna__GKN1_201_	1
observable_4381	cyt_mrna__PDCD2_208_	1
observable_4382	cyt_mrna__ZNF79_201_	1
observable_4383	cyt_mrna__ESD_202_	1
observable_4384	cyt_mrna__KCNMB3_203_	1
observable_4385	cyt_mrna__REG3A_201_	1
observable_4386	cyt_mrna__MAN1A2_201_	1
observable_4387	cyt_mrna__ALG13_202_	1
observable_4388	cyt_mrna__OTOL1_201_	1
observable_4389	cyt_mrna__CIMAP3_202_	1
observable_4390	cyt_mrna__ZFYVE1_208_	1
observable_4391	cyt_mrna__GABRR3_202_	1
observable_4392	cyt_mrna__AP5S1_204_	1
observable_4393	cyt_mrna__UNC5CL_201_	1
observable_4394	cyt_mrna__EGR3_201_	1
observable_4395	cyt_mrna__TRIM45_201_	1
observable_4396	cyt_mrna__TSPO2_202_	1
observable_4397	cyt_mrna__BCDIN3D_201_	1
observable_4398	cyt_mrna__HTR1B_201_	1
observable_4399	cyt_mrna__SERPINI2_201_	1
observable_4400	cyt_mrna__MEI4_203_	1
observable_4401	cyt_mrna__SMIM13_202_	1
observable_4402	cyt_mrna__AQP2_201_	1
observable_4403	cyt_mrna__GTF2A1_203_	1
observable_4404	cyt_mrna__KSR2_201_	1
observable_4405	cyt_mrna__IZUMO3_202_	1
observable_4406	cyt_mrna__SETD1B_202_	1
observable_4407	cyt_mrna__CTNNA2_203_	1
observable_4408	cyt_mrna__GPR137C_201_	1
observable_4409	cyt_mrna__SYCP1_202_	1
observable_4410	cyt_mrna__DORIP1_201_	1
observable_4411	cyt_mrna__EIF2S2_201_	1
observable_4412	cyt_mrna__TMED8_201_	1
observable_4413	cyt_mrna__TSHB_201_	1
observable_4414	cyt_mrna__RSAD2_201_	1
observable_4415	cyt_mrna__TNFAIP6_201_	1
observable_4416	cyt_mrna__NDUFA1_201_	1
observable_4417	cyt_mrna__TCEAL9_202_	1
observable_4418	cyt_mrna__ETS2_202_	1
observable_4419	cyt_mrna__FER1L5_204_	1
observable_4420	cyt_mrna__SPAG17_201_	1
observable_4421	cyt_mrna__GDF6_201_	1
observable_4422	cyt_mrna__H4C2_201_	1
observable_4423	cyt_mrna__TREML2_201_	1
observable_4424	cyt_mrna__MOGAT1_201_	1
observable_4425	cyt_mrna__LYSMD1_201_	1
observable_4426	cyt_mrna__GPR143_203_	1
observable_4427	cyt_mrna__TREML4_201_	1
observable_4428	cyt_mrna__RPL14_202_	1
observable_4429	cyt_mrna__HYPK_202_	1
observable_4430	cyt_mrna__KLHL38_202_	1
observable_4431	cyt_mrna__TREM1_201_	1
observable_4432	cyt_mrna__GOLGA5_201_	1
observable_4433	cyt_mrna__MAGEB1_202_	1
observable_4434	cyt_mrna__SPRY3_204_	1
observable_4435	cyt_mrna__H3C4_201_	1
observable_4436	cyt_mrna__H1_2_201_	1
observable_4437	cyt_mrna__FLACC1_202_	1
observable_4438	cyt_mrna__PKP2_202_	1
observable_4439	cyt_mrna__LYZL4_201_	1
observable_4440	cyt_mrna__MYLIP_202_	1
observable_4441	cyt_mrna__XCL2_201_	1
observable_4442	cyt_mrna__H2AC15_201_	1
observable_4443	cyt_mrna__ZNF280C_201_	1
observable_4444	cyt_mrna__FAM90A10_201_	1
observable_4445	cyt_mrna__PDK3_201_	1
observable_4446	cyt_mrna__H4C12_201_	1
observable_4447	cyt_mrna__CCDC63_201_	1
observable_4448	cyt_mrna__FRAT1_201_	1
observable_4449	cyt_mrna__CRYBG3_201_	1
observable_4450	cyt_mrna__TXLNB_201_	1
observable_4451	cyt_mrna__FRAT2_201_	1
observable_4452	cyt_mrna__OR5AC2_201_	1
observable_4453	cyt_mrna__OR5H2_201_	1
observable_4454	cyt_mrna__OR5K4_201_	1
observable_4455	cyt_mrna__CDK15_210_	1
observable_4456	cyt_mrna__OR5K3_201_	1
observable_4457	cyt_mrna__DLG2_203_	1
observable_4458	cyt_mrna__GRIN2B_201_	1
observable_4459	cyt_mrna__TPR_201_	1
observable_4460	cyt_mrna__DNAJC27_201_	1
observable_4461	cyt_mrna__SFT2D3_201_	1
observable_4462	cyt_mrna__NAA10_208_	1
observable_4463	cyt_mrna__SPART_202_	1
observable_4464	cyt_mrna__POTEF_202_	1
observable_4465	cyt_mrna__RBM44_201_	1
observable_4466	cyt_mrna__LACRT_201_	1
observable_4467	cyt_mrna__EXPH5_201_	1
observable_4468	cyt_mrna__DEFB130A_201_	1
observable_4469	cyt_mrna__DCD_201_	1
observable_4470	cyt_mrna__MUCL1_201_	1
observable_4471	cyt_mrna__OR10A7_201_	1
observable_4472	cyt_mrna__POGLUT3_201_	1
observable_4473	cyt_mrna__UBE2V2_207_	1
observable_4474	cyt_mrna__OR6C65_201_	1
observable_4475	cyt_mrna__CHIA_204_	1
observable_4476	cyt_mrna__CTDSP2_201_	1
observable_4477	cyt_mrna__GPIHBP1_201_	1
observable_4478	cyt_mrna__MPZL3_201_	1
observable_4479	cyt_mrna__CPT1B_201_	1
observable_4480	cyt_mrna__MS4A10_201_	1
observable_4481	cyt_mrna__RDH10_201_	1
observable_4482	cyt_mrna__HEPN1_201_	1
observable_4483	cyt_mrna__UBAC2_203_	1
observable_4484	cyt_mrna__OR10J5_201_	1
observable_4485	cyt_mrna__XCL1_201_	1
observable_4486	cyt_mrna__RRP12_202_	1
observable_4487	cyt_mrna__NIPAL2_202_	1
observable_4488	cyt_mrna__TMTC2_201_	1
observable_4489	cyt_mrna__OPCML_203_	1
observable_4490	cyt_mrna__KIF5C_201_	1
observable_4491	cyt_mrna__TRIM35_201_	1
observable_4492	cyt_mrna__FZD4_201_	1
observable_4493	cyt_mrna__SLURP2_201_	1
observable_4494	cyt_mrna__CATSPERE_203_	1
observable_4495	cyt_mrna__SUGT1_201_	1
observable_4496	cyt_mrna__OR4S1_201_	1
observable_4497	cyt_mrna__OR4C3_201_	1
observable_4498	cyt_mrna__OR4C5_201_	1
observable_4499	cyt_mrna__MS4A18_201_	1
observable_4500	cyt_mrna__MTLN_203_	1
observable_4501	cyt_mrna__PREX2_201_	1
observable_4502	cyt_mrna__EDARADD_201_	1
observable_4503	cyt_mrna__ART4_201_	1
observable_4504	cyt_mrna__OR52I1_201_	1
observable_4505	cyt_mrna__LRRTM4_204_	1
observable_4506	cyt_mrna__SLC6A1_201_	1
observable_4507	cyt_mrna__MIA2_219_	1
observable_4508	cyt_mrna__ANTXRL_205_	1
observable_4509	cyt_mrna__FZD7_201_	1
observable_4510	cyt_mrna__NPAS4_201_	1
observable_4511	cyt_mrna__PHF8_202_	1
observable_4512	cyt_mrna__OR56A5_201_	1
observable_4513	cyt_mrna__LMX1A_202_	1
observable_4514	cyt_mrna__ANKRD30BL_202_	1
observable_4515	cyt_mrna__KATNAL1_201_	1
observable_4516	cyt_mrna__COL6A2_201_	1
observable_4517	cyt_mrna__KLF4_201_	1
observable_4518	cyt_mrna__MRPS28_201_	1
observable_4519	cyt_mrna__SSU72L1_201_	1
observable_4520	cyt_mrna__CYP26B1_201_	1
observable_4521	cyt_mrna__OR52B4_201_	1
observable_4522	cyt_mrna__FOXB2_201_	1
observable_4523	cyt_mrna__ITPR2_202_	1
observable_4524	cyt_mrna__MMP20_201_	1
observable_4525	cyt_mrna__IFNA6_202_	1
observable_4526	cyt_mrna__CMPK2_201_	1
observable_4527	cyt_mrna__ADCY10_202_	1
observable_4528	cyt_mrna__LATS2_201_	1
observable_4529	cyt_mrna__ABLIM1_211_	1
observable_4530	cyt_mrna__DBX2_201_	1
observable_4531	cyt_mrna__CSAG1_204_	1
observable_4532	cyt_mrna__SPIN2A_201_	1
observable_4533	cyt_mrna__MBD1_201_	1
observable_4534	cyt_mrna__C1GALT1C1L_201_	1
observable_4535	cyt_mrna__NCAM1_201_	1
observable_4536	cyt_mrna__SELE_201_	1
observable_4537	cyt_mrna__ENDOU_202_	1
observable_4538	cyt_mrna__CD200R1_202_	1
observable_4539	cyt_mrna__GRINA_202_	1
observable_4540	cyt_mrna__PRDX4_202_	1
observable_4541	cyt_mrna__BIVM_201_	1
observable_4542	cyt_mrna__PRRX1_201_	1
observable_4543	cyt_mrna__DRD3_202_	1
observable_4544	cyt_mrna__TMSB4X_204_	1
observable_4545	cyt_mrna__ANKK1_201_	1
observable_4546	cyt_mrna__ZNF678_201_	1
observable_4547	cyt_mrna__TRH_201_	1
observable_4548	cyt_mrna__ITGA4_203_	1
observable_4549	cyt_mrna__DHRS4L2_201_	1
observable_4550	cyt_mrna__KLRK1_201_	1
observable_4551	cyt_mrna__ACRV1_204_	1
observable_4552	cyt_mrna__SPECC1L_201_	1
observable_4553	cyt_mrna__GLT6D1_201_	1
observable_4554	cyt_mrna__PNPLA4_201_	1
observable_4555	cyt_mrna__FOXI3_201_	1
observable_4556	cyt_mrna__SPMIP9_201_	1
observable_4557	cyt_mrna__LHX9_201_	1
observable_4558	cyt_mrna__MSR1_201_	1
observable_4559	cyt_mrna__CDKN2B_201_	1
observable_4560	cyt_mrna__SELENOS_203_	1
observable_4561	cyt_mrna__TRPC1_203_	1
observable_4562	cyt_mrna__CNIH1_201_	1
observable_4563	cyt_mrna__ENDOG_201_	1
observable_4564	cyt_mrna__KIF26B_202_	1
observable_4565	cyt_mrna__GAGE12F_201_	1
observable_4566	cyt_mrna__PCBP1_201_	1
observable_4567	cyt_mrna__C2orf74_203_	1
observable_4568	cyt_mrna__PLA2G3_201_	1
observable_4569	cyt_mrna__FOXO1_201_	1
observable_4570	cyt_mrna__HOXD13_201_	1
observable_4571	cyt_mrna__HOXD12_202_	1
observable_4572	cyt_mrna__SLC10A1_201_	1
observable_4573	cyt_mrna__CCDC122_201_	1
observable_4574	cyt_mrna__HOXD11_201_	1
observable_4575	cyt_mrna__OR4P4_201_	1
observable_4576	cyt_mrna__HOXD10_201_	1
observable_4577	cyt_mrna__OR2AT4_202_	1
observable_4578	cyt_mrna__HOXD9_201_	1
observable_4579	cyt_mrna__CTSG_201_	1
observable_4580	cyt_mrna__PTPN14_201_	1
observable_4581	cyt_mrna__HOXD8_201_	1
observable_4582	cyt_mrna__TRPA1_201_	1
observable_4583	cyt_mrna__KLRC4_201_	1
observable_4584	cyt_mrna__HOXD4_201_	1
observable_4585	cyt_mrna__LRTOMT_201_	1
observable_4586	cyt_mrna__KLRC3_202_	1
observable_4587	cyt_mrna__RGS18_201_	1
observable_4588	cyt_mrna__NRBP2_202_	1
observable_4589	cyt_mrna__ZNF484_202_	1
observable_4590	cyt_mrna__THOC2_201_	1
observable_4591	cyt_mrna__TGFB2_202_	1
observable_4592	cyt_mrna__SMAD9_202_	1
observable_4593	cyt_mrna__EPB41L1_202_	1
observable_4594	cyt_mrna__OASL_201_	1
observable_4595	cyt_mrna__SERPINA4_203_	1
observable_4596	cyt_mrna__VMA21_201_	1
observable_4597	cyt_mrna__ZC3H12C_201_	1
observable_4598	cyt_mrna__GAGE13_201_	1
observable_4599	cyt_mrna__PTPRD_203_	1
observable_4600	cyt_mrna__AFF3_221_	1
observable_4601	cyt_mrna__OR6Q1_201_	1
observable_4602	cyt_mrna__SMARCB1_213_	1
observable_4603	cyt_mrna__GABRA3_201_	1
observable_4604	cyt_mrna__HFM1_201_	1
observable_4605	cyt_mrna__RPL7_201_	1
observable_4606	cyt_mrna__YIF1A_203_	1
observable_4607	cyt_mrna__CAPN6_201_	1
observable_4608	cyt_mrna__LXN_201_	1
observable_4609	cyt_mrna__THEM6_201_	1
observable_4610	cyt_mrna__TMEM31_201_	1
observable_4611	cyt_mrna__TDRD3_202_	1
observable_4612	cyt_mrna__FMO1_208_	1
observable_4613	cyt_mrna__AMN_201_	1
observable_4614	cyt_mrna__DBR1_201_	1
observable_4615	cyt_mrna__CLIC3_203_	1
observable_4616	cyt_mrna__CYP27B1_201_	1
observable_4617	cyt_mrna__JPH1_201_	1
observable_4618	cyt_mrna__LONRF2_201_	1
observable_4619	cyt_mrna__TIMP3_201_	1
observable_4620	cyt_mrna__RPL36A_209_	1
observable_4621	cyt_mrna__B4GALT1_201_	1
observable_4622	cyt_mrna__IDO2_203_	1
observable_4623	cyt_mrna__ASNSD1_201_	1
observable_4624	cyt_mrna__KLRC2_202_	1
observable_4625	cyt_mrna__SSUH2_216_	1
observable_4626	cyt_mrna__PAPPA2_202_	1
observable_4627	cyt_mrna__ASDURF_204_	1
observable_4628	cyt_mrna__LACC1_201_	1
observable_4629	cyt_mrna__EMD_202_	1
observable_4630	cyt_mrna__OSGIN2_202_	1
observable_4631	cyt_mrna__DBH_202_	1
observable_4632	cyt_mrna__SPMIP3_201_	1
observable_4633	cyt_mrna__AJM1_201_	1
observable_4634	cyt_mrna__SPATA45_201_	1
observable_4635	cyt_mrna__TNFRSF10D_201_	1
observable_4636	cyt_mrna__ANKAR_210_	1
observable_4637	cyt_mrna__KLRC1_202_	1
observable_4638	cyt_mrna__SHCBP1L_201_	1
observable_4639	cyt_mrna__EVL_201_	1
observable_4640	cyt_mrna__CAV3_201_	1
observable_4641	cyt_mrna__EIF2S3B_202_	1
observable_4642	cyt_mrna__CENPI_206_	1
observable_4643	cyt_mrna__LCT_201_	1
observable_4644	cyt_mrna__TM4SF20_201_	1
observable_4645	cyt_mrna__TATDN2_203_	1
observable_4646	cyt_mrna__GAREM2_201_	1
observable_4647	cyt_mrna__EXOC8_201_	1
observable_4648	cyt_mrna__SAV1_201_	1
observable_4649	cyt_mrna__MAPKAPK5_206_	1
observable_4650	cyt_mrna__TMPRSS7_203_	1
observable_4651	cyt_mrna__ZNF695_201_	1
observable_4652	cyt_mrna__COL4A4_201_	1
observable_4653	cyt_mrna__ATXN7L3B_201_	1
observable_4654	cyt_mrna__RGS21_201_	1
observable_4655	cyt_mrna__FGD1_201_	1
observable_4656	cyt_mrna__IL12A_207_	1
observable_4657	cyt_mrna__NEK3_205_	1
observable_4658	cyt_mrna__MAPRE1_201_	1
observable_4659	cyt_mrna__XXYLT1_201_	1
observable_4660	cyt_mrna__PTGS1_202_	1
observable_4661	cyt_mrna__MBTPS2_202_	1
observable_4662	cyt_mrna__ST18_225_	1
observable_4663	cyt_mrna__LRTM1_201_	1
observable_4664	cyt_mrna__IL17D_204_	1
observable_4665	cyt_mrna__GAGE12C_201_	1
observable_4666	cyt_mrna__MEGF9_201_	1
observable_4667	cyt_mrna__MOSPD2_201_	1
observable_4668	cyt_mrna__MSL2_201_	1
observable_4669	cyt_mrna__TRMO_203_	1
observable_4670	cyt_mrna__USH2A_201_	1
observable_4671	cyt_mrna__EOMES_202_	1
observable_4672	cyt_mrna__ZBED1_206_	1
observable_4673	cyt_mrna__ADSS2_201_	1
observable_4674	cyt_mrna__FABP12_201_	1
observable_4675	cyt_mrna__PLP2_202_	1
observable_4676	cyt_mrna__HEG1_201_	1
observable_4677	cyt_mrna__PLD5_208_	1
observable_4678	cyt_mrna__PAEP_208_	1
observable_4679	cyt_mrna__DLST_202_	1
observable_4680	cyt_mrna__SCN2A_202_	1
observable_4681	cyt_mrna__COG3_201_	1
observable_4682	cyt_mrna__ST8SIA5_201_	1
observable_4683	cyt_mrna__STYXL2_202_	1
observable_4684	cyt_mrna__USF3_201_	1
observable_4685	cyt_mrna__PTPN3_202_	1
observable_4686	cyt_mrna__KCNK12_201_	1
observable_4687	cyt_mrna__PHF20_203_	1
observable_4688	cyt_mrna__KRBOX1_201_	1
observable_4689	cyt_mrna__MED4_201_	1
observable_4690	cyt_mrna__COLGALT2_201_	1
observable_4691	cyt_mrna__CD226_207_	1
observable_4692	cyt_mrna__CXCL8_201_	1
observable_4693	cyt_mrna__GPX1_202_	1
observable_4694	cyt_mrna__SLC35F3_202_	1
observable_4695	cyt_mrna__RAD23B_201_	1
observable_4696	cyt_mrna__CHST9_203_	1
observable_4697	cyt_mrna__HDAC10_201_	1
observable_4698	cyt_mrna__PSG5_201_	1
observable_4699	cyt_mrna__TWSG1_201_	1
observable_4700	cyt_mrna__CA1_219_	1
observable_4701	cyt_mrna__UCHL3_201_	1
observable_4702	cyt_mrna__USP12_201_	1
observable_4703	cyt_mrna__MAEL_202_	1
observable_4704	cyt_mrna__PSG4_202_	1
observable_4705	cyt_mrna__ESF1_202_	1
observable_4706	cyt_mrna__EIF2AK3_201_	1
observable_4707	cyt_mrna__ABCC8_202_	1
observable_4708	cyt_mrna__PHF19_202_	1
observable_4709	cyt_mrna__GPR52_201_	1
observable_4710	cyt_mrna__COL18A1_207_	1
observable_4711	cyt_mrna__PSG9_202_	1
observable_4712	cyt_mrna__BNIP3L_201_	1
observable_4713	cyt_mrna__KDSR_212_	1
observable_4714	cyt_mrna__TUBGCP6_201_	1
observable_4715	cyt_mrna__SMYD3_214_	1
observable_4716	cyt_mrna__PEAK3_201_	1
observable_4717	cyt_mrna__CERKL_206_	1
observable_4718	cyt_mrna__BRMS1L_201_	1
observable_4719	cyt_mrna__FAM149A_218_	1
observable_4720	cyt_mrna__TNFRSF10C_201_	1
observable_4721	cyt_mrna__TTPA_201_	1
observable_4722	cyt_mrna__ZNF749_201_	1
observable_4723	cyt_mrna__KDM5C_204_	1
observable_4724	cyt_mrna__VN1R1_201_	1
observable_4725	cyt_mrna__NEUROD1_201_	1
observable_4726	cyt_mrna__AMBP_201_	1
observable_4727	cyt_mrna__ARK2N_203_	1
observable_4728	cyt_mrna__HMCN1_201_	1
observable_4729	cyt_mrna__LACTB2_201_	1
observable_4730	cyt_mrna__PPM1N_207_	1
observable_4731	cyt_mrna__SP3_201_	1
observable_4732	cyt_mrna__GZMH_201_	1
observable_4733	cyt_mrna__USP18_201_	1
observable_4734	cyt_mrna__PDC_201_	1
observable_4735	cyt_mrna__HM13_203_	1
observable_4736	cyt_mrna__DCTN6_201_	1
observable_4737	cyt_mrna__TRIB2_201_	1
observable_4738	cyt_mrna__SMAD7_201_	1
observable_4739	cyt_mrna__ADAMTS5_201_	1
observable_4740	cyt_mrna__CASP6_201_	1
observable_4741	cyt_mrna__UGT1A8_201_	1
observable_4742	cyt_mrna__MFSD3_201_	1
observable_4743	cyt_mrna__BEX3_201_	1
observable_4744	cyt_mrna__RNF215_203_	1
observable_4745	cyt_mrna__ZFP41_201_	1
observable_4746	cyt_mrna__FAM43B_201_	1
observable_4747	cyt_mrna__MCTS2_201_	1
observable_4748	cyt_mrna__AK3_202_	1
observable_4749	cyt_mrna__UGT1A7_201_	1
observable_4750	cyt_mrna__RAB6D_201_	1
observable_4751	cyt_mrna__SLC52A3_205_	1
observable_4752	cyt_mrna__APCS_201_	1
observable_4753	cyt_mrna__RIDA_201_	1
observable_4754	cyt_mrna__UXT_201_	1
observable_4755	cyt_mrna__CRP_201_	1
observable_4756	cyt_mrna__KCTD17_202_	1
observable_4757	cyt_mrna__SLC38A6_201_	1
observable_4758	cyt_mrna__FAM133A_203_	1
observable_4759	cyt_mrna__VSIG8_201_	1
observable_4760	cyt_mrna__TMEM64_203_	1
observable_4761	cyt_mrna__OPRL1_201_	1
observable_4762	cyt_mrna__CTR9_201_	1
observable_4763	cyt_mrna__MAL2_204_	1
observable_4764	cyt_mrna__BSX_201_	1
observable_4765	cyt_mrna__IFNAR1_201_	1
observable_4766	cyt_mrna__CABS1_201_	1
observable_4767	cyt_mrna__MUC4_209_	1
observable_4768	cyt_mrna__LRRN4_201_	1
observable_4769	cyt_mrna__SMR3A_201_	1
observable_4770	cyt_mrna__CFAP45_201_	1
observable_4771	cyt_mrna__SMR3B_201_	1
observable_4772	cyt_mrna__PPP2R3B_202_	1
observable_4773	cyt_mrna__OPRPN_201_	1
observable_4774	cyt_mrna__LIN7C_201_	1
observable_4775	cyt_mrna__FARP1_201_	1
observable_4776	cyt_mrna__SLAMF9_202_	1
observable_4777	cyt_mrna__HSF2BP_201_	1
observable_4778	cyt_mrna__TMEM241_201_	1
observable_4779	cyt_mrna__H1_10_201_	1
observable_4780	cyt_mrna__SAXO3_202_	1
observable_4781	cyt_mrna__PBK_201_	1
observable_4782	cyt_mrna__TNRC6B_205_	1
observable_4783	cyt_mrna__TMEM150C_201_	1
observable_4784	cyt_mrna__EFNA4_202_	1
observable_4785	cyt_mrna__SCD5_202_	1
observable_4786	cyt_mrna__SPATA7_203_	1
observable_4787	cyt_mrna__PSMG1_201_	1
observable_4788	cyt_mrna__C5_201_	1
observable_4789	cyt_mrna__GNRHR_201_	1
observable_4790	cyt_mrna__TMPRSS11D_201_	1
observable_4791	cyt_mrna__SLC46A2_201_	1
observable_4792	cyt_mrna__CR1L_203_	1
observable_4793	cyt_mrna__CABLES1_201_	1
observable_4794	cyt_mrna__EDNRB_207_	1
observable_4795	cyt_mrna__ASPRV1_201_	1
observable_4796	cyt_mrna__TMPRSS11A_202_	1
observable_4797	cyt_mrna__BCL2L2_201_	1
observable_4798	cyt_mrna__GAREM1_201_	1
observable_4799	cyt_mrna__C8G_201_	1
observable_4800	cyt_mrna__CENPS_201_	1
observable_4801	cyt_mrna__ALMS1_205_	1
observable_4802	cyt_mrna__LRR1_201_	1
observable_4803	cyt_mrna__CREM_247_	1
observable_4804	cyt_mrna__XKR8_201_	1
observable_4805	cyt_mrna__USP19_204_	1
observable_4806	cyt_mrna__SNX30_201_	1
observable_4807	cyt_mrna__PPP1R3E_201_	1
observable_4808	cyt_mrna__IQCH_201_	1
observable_4809	cyt_mrna__KCNE4_201_	1
observable_4810	cyt_mrna__NOL6_201_	1
observable_4811	cyt_mrna__PDLIM2_207_	1
observable_4812	cyt_mrna__LCNL1_201_	1
observable_4813	cyt_mrna__ACP3_201_	1
observable_4814	cyt_mrna__C15orf61_201_	1
observable_4815	cyt_mrna__IQCF3_202_	1
observable_4816	cyt_mrna__SPAG8_202_	1
observable_4817	cyt_mrna__MAML2_201_	1
observable_4818	cyt_mrna__GCSAML_201_	1
observable_4819	cyt_mrna__OR2G2_201_	1
observable_4820	cyt_mrna__OR2G3_201_	1
observable_4821	cyt_mrna__TNFSF8_201_	1
observable_4822	cyt_mrna__TENM3_204_	1
observable_4823	cyt_mrna__RGS9BP_201_	1
observable_4824	cyt_mrna__NUDT19_201_	1
observable_4825	cyt_mrna__CD3D_201_	1
observable_4826	cyt_mrna__NFKBIZ_202_	1
observable_4827	cyt_mrna__ADAMTSL1_205_	1
observable_4828	cyt_mrna__BGLAP_201_	1
observable_4829	cyt_mrna__MEX3A_202_	1
observable_4830	cyt_mrna__ZMYM3_201_	1
observable_4831	cyt_mrna__CYP4Z1_201_	1
observable_4832	cyt_mrna__FOXE3_201_	1
observable_4833	cyt_mrna__VHLL_201_	1
observable_4834	cyt_mrna__BEST1_201_	1
observable_4835	cyt_mrna__CABYR_203_	1
observable_4836	cyt_mrna__LRRC52_201_	1
observable_4837	cyt_mrna__COA6_203_	1
observable_4838	cyt_mrna__CORT_201_	1
observable_4839	cyt_mrna__ZNF169_202_	1
observable_4840	cyt_mrna__DAPP1_203_	1
observable_4841	cyt_mrna__SCGB1D1_201_	1
observable_4842	cyt_mrna__ATP6V0D2_201_	1
observable_4843	cyt_mrna__SCGB2A1_201_	1
observable_4844	cyt_mrna__FUT7_201_	1
observable_4845	cyt_mrna__SCGB1D2_201_	1
observable_4846	cyt_mrna__ENHO_201_	1
observable_4847	cyt_mrna__ARID3C_201_	1
observable_4848	cyt_mrna__SCGB2A2_201_	1
observable_4849	cyt_mrna__NAF1_201_	1
observable_4850	cyt_mrna__SCGB1D4_201_	1
observable_4851	cyt_mrna__ASAH2_206_	1
observable_4852	cyt_mrna__MAMSTR_201_	1
observable_4853	cyt_mrna__DCAF10_202_	1
observable_4854	cyt_mrna__USE1_201_	1
observable_4855	cyt_mrna__DNAI1_201_	1
observable_4856	cyt_mrna__NDST3_201_	1
observable_4857	cyt_mrna__LEPR_202_	1
observable_4858	cyt_mrna__UBE2R2_201_	1
observable_4859	cyt_mrna__SLC6A5_202_	1
observable_4860	cyt_mrna__FOXD2_201_	1
observable_4861	cyt_mrna__ANG_202_	1
observable_4862	cyt_mrna__PLA2G2F_201_	1
observable_4863	cyt_mrna__NCOA3_202_	1
observable_4864	cyt_mrna__SSTR1_201_	1
observable_4865	cyt_mrna__RXFP4_201_	1
observable_4866	cyt_mrna__L3HYPDH_201_	1
observable_4867	cyt_mrna__PLK4_201_	1
observable_4868	cyt_mrna__PLXNB2_201_	1
observable_4869	cyt_mrna__PALM2AKAP2_205_	1
observable_4870	cyt_mrna__TNFRSF8_201_	1
observable_4871	cyt_mrna__CDH23_201_	1
observable_4872	cyt_mrna__L2HGDH_202_	1
observable_4873	cyt_mrna__ZNF532_224_	1
observable_4874	cyt_mrna__FBXO32_203_	1
observable_4875	cyt_mrna__NEB_202_	1
observable_4876	cyt_mrna__AFM_201_	1
observable_4877	cyt_mrna__BCOR_202_	1
observable_4878	cyt_mrna__LZTS3_202_	1
observable_4879	cyt_mrna__TTLL11_201_	1
observable_4880	cyt_mrna__EMC2_201_	1
observable_4881	cyt_mrna__ATP2B2_202_	1
observable_4882	cyt_mrna__GALNT16_202_	1
observable_4883	cyt_mrna__RBBP4_202_	1
observable_4884	cyt_mrna__CTHRC1_201_	1
observable_4885	cyt_mrna__ISM2_202_	1
observable_4886	cyt_mrna__COLEC10_201_	1
observable_4887	cyt_mrna__GOLGA6L6_201_	1
observable_4888	cyt_mrna__USP29_201_	1
observable_4889	cyt_mrna__ASTN2_202_	1
observable_4890	cyt_mrna__GJA8_201_	1
observable_4891	cyt_mrna__ZIM3_201_	1
observable_4892	cyt_mrna__NECAB1_201_	1
observable_4893	cyt_mrna__TMCO2_201_	1
observable_4894	cyt_mrna__MOGS_203_	1
observable_4895	cyt_mrna__DUXA_201_	1
observable_4896	cyt_mrna__LDB2_201_	1
observable_4897	cyt_mrna__ZNF264_201_	1
observable_4898	cyt_mrna__AUNIP_201_	1
observable_4899	cyt_mrna__ZNF805_202_	1
observable_4900	cyt_mrna__CEP97_201_	1
observable_4901	cyt_mrna__TMEM53_202_	1
observable_4902	cyt_mrna__SLC39A9_202_	1
observable_4903	cyt_mrna__MED12_202_	1
observable_4904	cyt_mrna__CDKN2AIP_203_	1
observable_4905	cyt_mrna__ZNF304_201_	1
observable_4906	cyt_mrna__FMN1_211_	1
observable_4907	cyt_mrna__ADAMDEC1_201_	1
observable_4908	cyt_mrna__TRMT2A_201_	1
observable_4909	cyt_mrna__TRAPPC2B_201_	1
observable_4910	cyt_mrna__TAS1R1_201_	1
observable_4911	cyt_mrna__NAT2_201_	1
observable_4912	cyt_mrna__ZNF548_201_	1
observable_4913	cyt_mrna__BMPR2_202_	1
observable_4914	cyt_mrna__GALNT7_201_	1
observable_4915	cyt_mrna__EPHA8_201_	1
observable_4916	cyt_mrna__MT1HL1_201_	1
observable_4917	cyt_mrna__ME2_201_	1
observable_4918	cyt_mrna__CC2D2B_210_	1
observable_4919	cyt_mrna__FAM117B_201_	1
observable_4920	cyt_mrna__HSD17B13_202_	1
observable_4921	cyt_mrna__PTDSS1_202_	1
observable_4922	cyt_mrna__ARF6_201_	1
observable_4923	cyt_mrna__ITCH_202_	1
observable_4924	cyt_mrna__ADRA2B_201_	1
observable_4925	cyt_mrna__AQP12A_201_	1
observable_4926	cyt_mrna__MCTS1_202_	1
observable_4927	cyt_mrna__C10orf62_201_	1
observable_4928	cyt_mrna__JRK_209_	1
observable_4929	cyt_mrna__ACP4_201_	1
observable_4930	cyt_mrna__MARVELD1_201_	1
observable_4931	cyt_mrna__CCDC54_201_	1
observable_4932	cyt_mrna__APOL1_202_	1
observable_4933	cyt_mrna__SFRP5_201_	1
observable_4934	cyt_mrna__NYX_202_	1
observable_4935	cyt_mrna__STK32B_201_	1
observable_4936	cyt_mrna__FGF12_204_	1
observable_4937	cyt_mrna__VAX1_202_	1
observable_4938	cyt_mrna__PINX1_201_	1
observable_4939	cyt_mrna__NTRK2_201_	1
observable_4940	cyt_mrna__ZNF24_201_	1
observable_4941	cyt_mrna__KCNK18_201_	1
observable_4942	cyt_mrna__XCR1_201_	1
observable_4943	cyt_mrna__ATP13A2_201_	1
observable_4944	cyt_mrna__PLA2G12A_201_	1
observable_4945	cyt_mrna__PMM1_201_	1
observable_4946	cyt_mrna__HAUS7_202_	1
observable_4947	cyt_mrna__CCL21_201_	1
observable_4948	cyt_mrna__XIRP2_202_	1
observable_4949	cyt_mrna__TEX36_201_	1
observable_4950	cyt_mrna__GLIPR2_202_	1
observable_4951	cyt_mrna__GAGE2A_201_	1
observable_4952	cyt_mrna__BMP2K_202_	1
observable_4953	cyt_mrna__DEPTOR_201_	1
observable_4954	cyt_mrna__SLCO4A1_201_	1
observable_4955	cyt_mrna__DUSP9_201_	1
observable_4956	cyt_mrna__GRM7_201_	1
observable_4957	cyt_mrna__KLB_201_	1
observable_4958	cyt_mrna__NCKAP5_203_	1
observable_4959	cyt_mrna__CFAP99_205_	1
observable_4960	cyt_mrna__SLC66A2_203_	1
observable_4961	cyt_mrna__ZCCHC12_201_	1
observable_4962	cyt_mrna__OAZ1_211_	1
observable_4963	cyt_mrna__FATE1_201_	1
observable_4964	cyt_mrna__LCN2_201_	1
observable_4965	cyt_mrna__TIMM8A_201_	1
observable_4966	cyt_mrna__ANGPT2_204_	1
observable_4967	cyt_mrna__MMP21_201_	1
observable_4968	cyt_mrna__EIF1B_201_	1
observable_4969	cyt_mrna__HHIPL2_201_	1
observable_4970	cyt_mrna__CITED1_211_	1
observable_4971	cyt_mrna__KLKB1_201_	1
observable_4972	cyt_mrna__SLC7A14_201_	1
observable_4973	cyt_mrna__HSD3B1_201_	1
observable_4974	cyt_mrna__LYNX1_207_	1
observable_4975	cyt_mrna__UCN3_201_	1
observable_4976	cyt_mrna__RNF224_201_	1
observable_4977	cyt_mrna__INF2_203_	1
observable_4978	cyt_mrna__TUBAL3_201_	1
observable_4979	cyt_mrna__ADAM30_201_	1
observable_4980	cyt_mrna__POTEE_205_	1
observable_4981	cyt_mrna__CNDP1_201_	1
observable_4982	cyt_mrna__THSD7B_201_	1
observable_4983	cyt_mrna__INSRR_201_	1
observable_4984	cyt_mrna__SLC25A5_201_	1
observable_4985	cyt_mrna__MRLN_201_	1
observable_4986	cyt_mrna__SMPX_201_	1
observable_4987	cyt_mrna__CHKB_201_	1
observable_4988	cyt_mrna__SELENOW_211_	1
observable_4989	cyt_mrna__SPAG16_201_	1
observable_4990	cyt_mrna__OGG1_205_	1
observable_4991	cyt_mrna__HSPA6_201_	1
observable_4992	cyt_mrna__RIN2_201_	1
observable_4993	cyt_mrna__HAUS6_202_	1
observable_4994	cyt_mrna__DCLRE1A_201_	1
observable_4995	cyt_mrna__TBC1D25_201_	1
observable_4996	cyt_mrna__PROK1_201_	1
observable_4997	cyt_mrna__CDH19_201_	1
observable_4998	cyt_mrna__KCNA10_201_	1
observable_4999	cyt_mrna__OR10H4_201_	1
observable_5000	cyt_mrna__INPP4B_201_	1
observable_5001	cyt_mrna__CSDC2_201_	1
observable_5002	cyt_mrna__KCNK3_201_	1
observable_5003	cyt_mrna__GLRX2_201_	1
observable_5004	cyt_mrna__SOCS6_201_	1
observable_5005	cyt_mrna__ORM2_201_	1
observable_5006	cyt_mrna__GRIN3B_201_	1
observable_5007	cyt_mrna__KCNC4_204_	1
observable_5008	cyt_mrna__CST3_201_	1
observable_5009	cyt_mrna__SPAG6_203_	1
observable_5010	cyt_mrna__DNLZ_201_	1
observable_5011	cyt_mrna__DHRS2_201_	1
observable_5012	cyt_mrna__TLR1_201_	1
observable_5013	cyt_mrna__ATAD3C_201_	1
observable_5014	cyt_mrna__RNF186_201_	1
observable_5015	cyt_mrna__PLA2G2E_201_	1
observable_5016	cyt_mrna__OR2M7_201_	1
observable_5017	cyt_mrna__OR14C36_201_	1
observable_5018	cyt_mrna__KNCN_203_	1
observable_5019	cyt_mrna__IQSEC1_204_	1
observable_5020	cyt_mrna__RGS19_202_	1
observable_5021	cyt_mrna__FREM1_202_	1
observable_5022	cyt_mrna__OR2T34_201_	1
observable_5023	cyt_mrna__LCE3B_201_	1
observable_5024	cyt_mrna__LCE3A_201_	1
observable_5025	cyt_mrna__LCE2D_201_	1
observable_5026	cyt_mrna__SEC14L4_201_	1
observable_5027	cyt_mrna__ALG1L2_201_	1
observable_5028	cyt_mrna__LCE2B_201_	1
observable_5029	cyt_mrna__ABCA7_201_	1
observable_5030	cyt_mrna__CYP2C8_201_	1
observable_5031	cyt_mrna__LCE2A_201_	1
observable_5032	cyt_mrna__PRAMEF15_201_	1
observable_5033	cyt_mrna__FHIT_207_	1
observable_5034	cyt_mrna__PRAMEF14_201_	1
observable_5035	cyt_mrna__PRAMEF17_201_	1
observable_5036	cyt_mrna__CRB2_202_	1
observable_5037	cyt_mrna__FNDC10_201_	1
observable_5038	cyt_mrna__SORBS3_201_	1
observable_5039	cyt_mrna__RGS12_201_	1
observable_5040	cyt_mrna__CD200R1L_203_	1
observable_5041	cyt_mrna__CD1C_201_	1
observable_5042	cyt_mrna__OR10T2_201_	1
observable_5043	cyt_mrna__TMCO5A_201_	1
observable_5044	cyt_mrna__XPNPEP3_201_	1
observable_5045	cyt_mrna__PPP4R2_201_	1
observable_5046	cyt_mrna__AIF1L_201_	1
observable_5047	cyt_mrna__EBLN2_201_	1
observable_5048	cyt_mrna__CALML4_206_	1
observable_5049	cyt_mrna__SUSD5_201_	1
observable_5050	cyt_mrna__IL24_201_	1
observable_5051	cyt_mrna__MANF_204_	1
observable_5052	cyt_mrna__RBM15B_201_	1
observable_5053	cyt_mrna__CHRFAM7A_201_	1
observable_5054	cyt_mrna__EFCAB12_203_	1
observable_5055	cyt_mrna__MOK_201_	1
observable_5056	cyt_mrna__TRAPPC2_203_	1
observable_5057	cyt_mrna__FCAMR_201_	1
observable_5058	cyt_mrna__PRMT6_201_	1
observable_5059	cyt_mrna__SST_201_	1
observable_5060	cyt_mrna__SLC30A4_201_	1
observable_5061	cyt_mrna__CD52_201_	1
observable_5062	cyt_mrna__GDA_202_	1
observable_5063	cyt_mrna__IZUMO4_202_	1
observable_5064	cyt_mrna__FSTL5_201_	1
observable_5065	cyt_mrna__MIXL1_201_	1
observable_5066	cyt_mrna__NT5DC4_207_	1
observable_5067	cyt_mrna__RHOJ_201_	1
observable_5068	cyt_mrna__HCCS_202_	1
observable_5069	cyt_mrna__GTF3C4_201_	1
observable_5070	cyt_mrna__BCL6_202_	1
observable_5071	cyt_mrna__EVX2_201_	1
observable_5072	cyt_mrna__PRSS12_201_	1
observable_5073	cyt_mrna__NIPSNAP3B_201_	1
observable_5074	cyt_mrna__BBOF1_201_	1
observable_5075	cyt_mrna__TXLNG_201_	1
observable_5076	cyt_mrna__A1BG_201_	1
observable_5077	cyt_mrna__UGT1A10_201_	1
observable_5078	cyt_mrna__SS18_203_	1
observable_5079	cyt_mrna__ZNF462_201_	1
observable_5080	cyt_mrna__MAN2A2_216_	1
observable_5081	cyt_mrna__C19orf81_201_	1
observable_5082	cyt_mrna__ZNF75D_202_	1
observable_5083	cyt_mrna__ASIC4_202_	1
observable_5084	cyt_mrna__HORMAD1_202_	1
observable_5085	cyt_mrna__SULT6B1_205_	1
observable_5086	cyt_mrna__ADH1C_204_	1
observable_5087	cyt_mrna__GCH1_204_	1
observable_5088	cyt_mrna__GLRX5_201_	1
observable_5089	cyt_mrna__PRR30_201_	1
observable_5090	cyt_mrna__PYGB_201_	1
observable_5091	cyt_mrna__NOCT_201_	1
observable_5092	cyt_mrna__GPR68_205_	1
observable_5093	cyt_mrna__MCL1_202_	1
observable_5094	cyt_mrna__DNAJC5G_201_	1
observable_5095	cyt_mrna__MTX3_202_	1
observable_5096	cyt_mrna__MCUB_201_	1
observable_5097	cyt_mrna__GPR65_201_	1
observable_5098	cyt_mrna__UCN_201_	1
observable_5099	cyt_mrna__KRBOX4_202_	1
observable_5100	cyt_mrna__SHANK1_201_	1
observable_5101	cyt_mrna__MTSS1_205_	1
observable_5102	cyt_mrna__AKNA_206_	1
observable_5103	cyt_mrna__SPZ1_201_	1
observable_5104	cyt_mrna__CLDN19_201_	1
observable_5105	cyt_mrna__EFCAB11_201_	1
observable_5106	cyt_mrna__UGT2B7_201_	1
observable_5107	cyt_mrna__NRG4_201_	1
observable_5108	cyt_mrna__ZSCAN5C_201_	1
observable_5109	cyt_mrna__ASB14_201_	1
observable_5110	cyt_mrna__MIB1_201_	1
observable_5111	cyt_mrna__LOXL1_201_	1
observable_5112	cyt_mrna__CD38_201_	1
observable_5113	cyt_mrna__NLRP11_201_	1
observable_5114	cyt_mrna__RCOR1_201_	1
observable_5115	cyt_mrna__REM2_201_	1
observable_5116	cyt_mrna__SCEL_201_	1
observable_5117	cyt_mrna__GLDN_201_	1
observable_5118	cyt_mrna__TMX1_201_	1
observable_5119	cyt_mrna__SULT1B1_201_	1
observable_5120	cyt_mrna__LYPD5_201_	1
observable_5121	cyt_mrna__SCN9A_206_	1
observable_5122	cyt_mrna__PHACTR3_204_	1
observable_5123	cyt_mrna__ZNF283_209_	1
observable_5124	cyt_mrna__SH2D3C_201_	1
observable_5125	cyt_mrna__REPS2_202_	1
observable_5126	cyt_mrna__PNN_201_	1
observable_5127	cyt_mrna__ASH1L_202_	1
observable_5128	cyt_mrna__TNIP3_201_	1
observable_5129	cyt_mrna__KCNAB1_212_	1
observable_5130	cyt_mrna__TMEM237_203_	1
observable_5131	cyt_mrna__TMEM154_201_	1
observable_5132	cyt_mrna__PGM5_202_	1
observable_5133	cyt_mrna__TSSK3_201_	1
observable_5134	cyt_mrna__NLRP4_201_	1
observable_5135	cyt_mrna__TOX4_203_	1
observable_5136	cyt_mrna__C1orf115_201_	1
observable_5137	cyt_mrna__SLC18A1_202_	1
observable_5138	cyt_mrna__PCIF1_201_	1
observable_5139	cyt_mrna__INKA2_201_	1
observable_5140	cyt_mrna__ARL6IP6_201_	1
observable_5141	cyt_mrna__NLRP13_201_	1
observable_5142	cyt_mrna__ENTPD2_202_	1
observable_5143	cyt_mrna__ERH_203_	1
observable_5144	cyt_mrna__NR3C2_203_	1
observable_5145	cyt_mrna__NLRP8_201_	1
observable_5146	cyt_mrna__ANKRD28_216_	1
observable_5147	cyt_mrna__RNASE11_209_	1
observable_5148	cyt_mrna__NLRP5_201_	1
observable_5149	cyt_mrna__SYTL4_204_	1
observable_5150	cyt_mrna__ARK2C_201_	1
observable_5151	cyt_mrna__ANKRD50_201_	1
observable_5152	cyt_mrna__EAPP_201_	1
observable_5153	cyt_mrna__ARHGAP30_201_	1
observable_5154	cyt_mrna__TTC29_201_	1
observable_5155	cyt_mrna__IFT74_201_	1
observable_5156	cyt_mrna__ZFAND1_201_	1
observable_5157	cyt_mrna__COX7A1_201_	1
observable_5158	cyt_mrna__ZNF335_201_	1
observable_5159	cyt_mrna__DAZL_202_	1
observable_5160	cyt_mrna__PLA2G2C_205_	1
observable_5161	cyt_mrna__ANGPTL2_202_	1
observable_5162	cyt_mrna__TLR10_201_	1
observable_5163	cyt_mrna__PPP1R3F_201_	1
observable_5164	cyt_mrna__NDUFV2_201_	1
observable_5165	cyt_mrna__ZNF621_202_	1
observable_5166	cyt_mrna__OR5K2_201_	1
observable_5167	cyt_mrna__RAB40A_201_	1
observable_5168	cyt_mrna__CNOT6L_201_	1
observable_5169	cyt_mrna__GPR15_201_	1
observable_5170	cyt_mrna__CA9_201_	1
observable_5171	cyt_mrna__PXMP4_203_	1
observable_5172	cyt_mrna__BCL3_201_	1
observable_5173	cyt_mrna__A1CF_203_	1
observable_5174	cyt_mrna__KLHDC2_201_	1
observable_5175	cyt_mrna__FUNDC2_201_	1
observable_5176	cyt_mrna__SRSF6_201_	1
observable_5177	cyt_mrna__SNRPD1_201_	1
observable_5178	cyt_mrna__SH3TC1_201_	1
observable_5179	cyt_mrna__GGH_201_	1
observable_5180	cyt_mrna__GPRASP1_205_	1
observable_5181	cyt_mrna__PCNX4_203_	1
observable_5182	cyt_mrna__ZNF397_202_	1
observable_5183	cyt_mrna__ALDOB_202_	1
observable_5184	cyt_mrna__TMEM200C_201_	1
observable_5185	cyt_mrna__MAP3K19_204_	1
observable_5186	cyt_mrna__TNFRSF10A_201_	1
observable_5187	cyt_mrna__MIER1_208_	1
observable_5188	cyt_mrna__ADGRE1_202_	1
observable_5189	cyt_mrna__NOP56_201_	1
observable_5190	cyt_mrna__CAB39L_205_	1
observable_5191	cyt_mrna__PCARE_201_	1
observable_5192	cyt_mrna__BMX_202_	1
observable_5193	cyt_mrna__CLRN3_201_	1
observable_5194	cyt_mrna__LRIT3_202_	1
observable_5195	cyt_mrna__SLC28A1_203_	1
observable_5196	cyt_mrna__HR_202_	1
observable_5197	cyt_mrna__DNAJC12_201_	1
observable_5198	cyt_mrna__INAFM1_201_	1
observable_5199	cyt_mrna__HNRNPH2_201_	1
observable_5200	cyt_mrna__TMEM156_203_	1
observable_5201	cyt_mrna__C5AR1_201_	1
observable_5202	cyt_mrna__CXCR1_201_	1
observable_5203	cyt_mrna__SETDB2_204_	1
observable_5204	cyt_mrna__IQCJ_SCHIP1_202_	1
observable_5205	cyt_mrna__MCU_202_	1
observable_5206	cyt_mrna__LHFPL6_201_	1
observable_5207	cyt_mrna__IQCJ_201_	1
observable_5208	cyt_mrna__SLC10A7_201_	1
observable_5209	cyt_mrna__MTIF3_202_	1
observable_5210	cyt_mrna__IDNK_202_	1
observable_5211	cyt_mrna__FBXO16_202_	1
observable_5212	cyt_mrna__DNAJC25_201_	1
observable_5213	cyt_mrna__DMRT3_201_	1
observable_5214	cyt_mrna__FANCM_201_	1
observable_5215	cyt_mrna__RNF208_201_	1
observable_5216	cyt_mrna__SCHIP1_213_	1
observable_5217	cyt_mrna__ZC3H11A_202_	1
observable_5218	cyt_mrna__HDC_201_	1
observable_5219	cyt_mrna__GPR75_201_	1
observable_5220	cyt_mrna__XPA_201_	1
observable_5221	cyt_mrna__WDFY4_201_	1
observable_5222	cyt_mrna__FKBP7_204_	1
observable_5223	cyt_mrna__PLEKHA2_209_	1
observable_5224	cyt_mrna__CROCC2_204_	1
observable_5225	cyt_mrna__IGFBPL1_201_	1
observable_5226	cyt_mrna__OIT3_201_	1
observable_5227	cyt_mrna__ADGRA3_202_	1
observable_5228	cyt_mrna__CYS1_201_	1
observable_5229	cyt_mrna__RAD51AP2_201_	1
observable_5230	cyt_mrna__HNRNPUL1_204_	1
observable_5231	cyt_mrna__CDC37L1_201_	1
observable_5232	cyt_mrna__ACOT2_201_	1
observable_5233	cyt_mrna__PDE12_201_	1
observable_5234	cyt_mrna__MROH2A_201_	1
observable_5235	cyt_mrna__CRTC3_201_	1
observable_5236	cyt_mrna__EPHB2_202_	1
observable_5237	cyt_mrna__ALG2_203_	1
observable_5238	cyt_mrna__UPF3A_202_	1
observable_5239	cyt_mrna__TMEM184C_201_	1
observable_5240	cyt_mrna__PRR23E_201_	1
observable_5241	cyt_mrna__PRR20G_201_	1
observable_5242	cyt_mrna__DNAL1_202_	1
observable_5243	cyt_mrna__GADD45G_201_	1
observable_5244	cyt_mrna__HMGB4_205_	1
observable_5245	cyt_mrna__MAIP1_202_	1
observable_5246	cyt_mrna__TRIM62_201_	1
observable_5247	cyt_mrna__ZEB1_202_	1
observable_5248	cyt_mrna__ASPN_202_	1
observable_5249	cyt_mrna__RBPMS_204_	1
observable_5250	cyt_mrna__SEPTIN11_201_	1
observable_5251	cyt_mrna__RNASE6_201_	1
observable_5252	cyt_mrna__ANKUB1_201_	1
observable_5253	cyt_mrna__RAB8B_201_	1
observable_5254	cyt_mrna__RBMXL1_204_	1
observable_5255	cyt_mrna__TCL1B_201_	1
observable_5256	cyt_mrna__RASL11A_201_	1
observable_5257	cyt_mrna__IFI6_202_	1
observable_5258	cyt_mrna__GGT1_202_	1
observable_5259	cyt_mrna__SELENOT_202_	1
observable_5260	cyt_mrna__EIF3J_201_	1
observable_5261	cyt_mrna__GJB6_213_	1
observable_5262	cyt_mrna__FNTA_201_	1
observable_5263	cyt_mrna__GNPNAT1_201_	1
observable_5264	cyt_mrna__RHOV_201_	1
observable_5265	cyt_mrna__ERICH6_201_	1
observable_5266	cyt_mrna__ADH1B_201_	1
observable_5267	cyt_mrna__ZNF517_201_	1
observable_5268	cyt_mrna__CDK5RAP1_202_	1
observable_5269	cyt_mrna__PTGS2_201_	1
observable_5270	cyt_mrna__DNAAF4_201_	1
observable_5271	cyt_mrna__PDE11A_201_	1
observable_5272	cyt_mrna__MINDY4B_201_	1
observable_5273	cyt_mrna__ADH6_203_	1
observable_5274	cyt_mrna__MAPK8_206_	1
observable_5275	cyt_mrna__SOX2_201_	1
observable_5276	cyt_mrna__TEX38_201_	1
observable_5277	cyt_mrna__VAX2_201_	1
observable_5278	cyt_mrna__P2RY1_201_	1
observable_5279	cyt_mrna__ACYP1_201_	1
observable_5280	cyt_mrna__CDIN1_208_	1
observable_5281	cyt_mrna__CDNF_203_	1
observable_5282	cyt_mrna__OXER1_201_	1
observable_5283	cyt_mrna__C1QTNF7_205_	1
observable_5284	cyt_mrna__EFCAB14_201_	1
observable_5285	cyt_mrna__TGIF2_201_	1
observable_5286	cyt_mrna__PRAP1_201_	1
observable_5287	cyt_mrna__RANBP3_202_	1
observable_5288	cyt_mrna__COL22A1_201_	1
observable_5289	cyt_mrna__THAP6_201_	1
observable_5290	cyt_mrna__MPPE1_211_	1
observable_5291	cyt_mrna__SNORC_201_	1
observable_5292	cyt_mrna__FMR1_205_	1
observable_5293	cyt_mrna__SLC30A1_201_	1
observable_5294	cyt_mrna__DMRT2_203_	1
observable_5295	cyt_mrna__MSH4_201_	1
observable_5296	cyt_mrna__TNP1_201_	1
observable_5297	cyt_mrna__SYCE1_202_	1
observable_5298	cyt_mrna__RNF19A_201_	1
observable_5299	cyt_mrna__PRRX2_201_	1
observable_5300	cyt_mrna__TRIM43B_201_	1
observable_5301	cyt_mrna__WBP1L_203_	1
observable_5302	cyt_mrna__MARS2_201_	1
observable_5303	cyt_mrna__KIF24_202_	1
observable_5304	cyt_mrna__TTPAL_201_	1
observable_5305	cyt_mrna__CXCR4_201_	1
observable_5306	cyt_mrna__FXYD4_201_	1
observable_5307	cyt_mrna__GRHL2_206_	1
observable_5308	cyt_mrna__ADGRA1_202_	1
observable_5309	cyt_mrna__MAMDC2_201_	1
observable_5310	cyt_mrna__ABCC4_214_	1
observable_5311	cyt_mrna__TRAK1_201_	1
observable_5312	cyt_mrna__SLC24A2_202_	1
observable_5313	cyt_mrna__CTLA4_204_	1
observable_5314	cyt_mrna__DPY19L3_202_	1
observable_5315	cyt_mrna__LSAMP_205_	1
observable_5316	cyt_mrna__DPYS_201_	1
observable_5317	cyt_mrna__IL36G_201_	1
observable_5318	cyt_mrna__VHL_201_	1
observable_5319	cyt_mrna__TMEM205_201_	1
observable_5320	cyt_mrna__IL36A_201_	1
observable_5321	cyt_mrna__IL1F10_201_	1
observable_5322	cyt_mrna__PML_201_	1
observable_5323	cyt_mrna__C1orf174_201_	1
observable_5324	cyt_mrna__MEDAG_201_	1
observable_5325	cyt_mrna__RAP2B_201_	1
observable_5326	cyt_mrna__DYNC1H1_201_	1
observable_5327	cyt_mrna__ADRM1_201_	1
observable_5328	cyt_mrna__COMMD6_213_	1
observable_5329	cyt_mrna__LIM2_202_	1
observable_5330	cyt_mrna__RNF223_201_	1
observable_5331	cyt_mrna__IL1RN_205_	1
observable_5332	cyt_mrna__CCR4_201_	1
observable_5333	cyt_mrna__GIPC3_201_	1
observable_5334	cyt_mrna__RRP7A_201_	1
observable_5335	cyt_mrna__IL36RN_202_	1
observable_5336	cyt_mrna__TMEM65_201_	1
observable_5337	cyt_mrna__SASS6_201_	1
observable_5338	cyt_mrna__PMP2_201_	1
observable_5339	cyt_mrna__GLB1_201_	1
observable_5340	cyt_mrna__ABRA_201_	1
observable_5341	cyt_mrna__ZFP82_201_	1
observable_5342	cyt_mrna__RTKN_202_	1
observable_5343	cyt_mrna__ABHD4_203_	1
observable_5344	cyt_mrna__TMPPE_201_	1
observable_5345	cyt_mrna__ZNF428_201_	1
observable_5346	cyt_mrna__VAPB_204_	1
observable_5347	cyt_mrna__ABCB7_203_	1
observable_5348	cyt_mrna__ZDHHC19_201_	1
observable_5349	cyt_mrna__IFIH1_206_	1
observable_5350	cyt_mrna__NCCRP1_201_	1
observable_5351	cyt_mrna__TLN1_201_	1
observable_5352	cyt_mrna__KLF10_201_	1
observable_5353	cyt_mrna__ARNT2_201_	1
observable_5354	cyt_mrna__CDH22_202_	1
observable_5355	cyt_mrna__ATF5_201_	1
observable_5356	cyt_mrna__ETNPPL_201_	1
observable_5357	cyt_mrna__RUFY4_211_	1
observable_5358	cyt_mrna__ESS2_201_	1
observable_5359	cyt_mrna__TM4SF19_201_	1
observable_5360	cyt_mrna__TMEM250_201_	1
observable_5361	cyt_mrna__SP5_201_	1
observable_5362	cyt_mrna__ZNF587_201_	1
observable_5363	cyt_mrna__MYL9_201_	1
observable_5364	cyt_mrna__PTAR1_201_	1
observable_5365	cyt_mrna__RHPN2_201_	1
observable_5366	cyt_mrna__PROKR1_201_	1
observable_5367	cyt_mrna__RAD54B_202_	1
observable_5368	cyt_mrna__AQP9_201_	1
observable_5369	cyt_mrna__BRDT_205_	1
observable_5370	cyt_mrna__BST2_201_	1
observable_5371	cyt_mrna__GAB1_201_	1
observable_5372	cyt_mrna__ARHGAP25_202_	1
observable_5373	cyt_mrna__DDHD1_210_	1
observable_5374	cyt_mrna__SLC2A4RG_201_	1
observable_5375	cyt_mrna__CYP1A2_201_	1
observable_5376	cyt_mrna__IBSP_201_	1
observable_5377	cyt_mrna__KPNA6_201_	1
observable_5378	cyt_mrna__RNF20_202_	1
observable_5379	cyt_mrna__STOX2_201_	1
observable_5380	cyt_mrna__MSTN_201_	1
observable_5381	cyt_mrna__DMBT1_202_	1
observable_5382	cyt_mrna__KLK5_201_	1
observable_5383	cyt_mrna__RLBP1_201_	1
observable_5384	cyt_mrna__NCOA2_201_	1
observable_5385	cyt_mrna__CD40_202_	1
observable_5386	cyt_mrna__LYSMD2_201_	1
observable_5387	cyt_mrna__COMTD1_201_	1
observable_5388	cyt_mrna__PICK1_201_	1
observable_5389	cyt_mrna__ZNF592_203_	1
observable_5390	cyt_mrna__FHOD3_206_	1
observable_5391	cyt_mrna__CLEC4M_201_	1
observable_5392	cyt_mrna__HSPA4L_201_	1
observable_5393	cyt_mrna__MTHFS_201_	1
observable_5394	cyt_mrna__NKG7_201_	1
observable_5395	cyt_mrna__ECE1_203_	1
observable_5396	cyt_mrna__DLL4_201_	1
observable_5397	cyt_mrna__CCDC185_201_	1
observable_5398	cyt_mrna__GUCD1_206_	1
observable_5399	cyt_mrna__ATCAY_201_	1
observable_5400	cyt_mrna__POLR1B_201_	1
observable_5401	cyt_mrna__LRRIQ3_201_	1
observable_5402	cyt_mrna__ZNF516_201_	1
observable_5403	cyt_mrna__HMHB1_201_	1
observable_5404	cyt_mrna__LRRC53_201_	1
observable_5405	cyt_mrna__JAG1_201_	1
observable_5406	cyt_mrna__SPATA31J1_204_	1
observable_5407	cyt_mrna__CHCHD5_201_	1
observable_5408	cyt_mrna__ERICH3_201_	1
observable_5409	cyt_mrna__PTRH1_208_	1
observable_5410	cyt_mrna__MBD2_201_	1
observable_5411	cyt_mrna__ODAD3_201_	1
observable_5412	cyt_mrna__KCNG2_201_	1
observable_5413	cyt_mrna__AJUBA_201_	1
observable_5414	cyt_mrna__AP4E1_201_	1
observable_5415	cyt_mrna__SMCHD1_201_	1
observable_5416	cyt_mrna__PRKDC_201_	1
observable_5417	cyt_mrna__AP5M1_201_	1
observable_5418	cyt_mrna__PLA2G4B_202_	1
observable_5419	cyt_mrna__TRMT10B_201_	1
observable_5420	cyt_mrna__BID_211_	1
observable_5421	cyt_mrna__SOCS4_204_	1
observable_5422	cyt_mrna__THBS1_201_	1
observable_5423	cyt_mrna__SLIT2_204_	1
observable_5424	cyt_mrna__PLB1_201_	1
observable_5425	cyt_mrna__STMN2_201_	1
observable_5426	cyt_mrna__MSC_201_	1
observable_5427	cyt_mrna__RABL6_201_	1
observable_5428	cyt_mrna__SCRG1_201_	1
observable_5429	cyt_mrna__HACD4_202_	1
observable_5430	cyt_mrna__ADCY8_201_	1
observable_5431	cyt_mrna__MSN_201_	1
observable_5432	cyt_mrna__THOC1_201_	1
observable_5433	cyt_mrna__SPDYA_201_	1
observable_5434	cyt_mrna__CERK_201_	1
observable_5435	cyt_mrna__TM2D2_202_	1
observable_5436	cyt_mrna__SUSD3_202_	1
observable_5437	cyt_mrna__PSTPIP1_203_	1
observable_5438	cyt_mrna__STPG4_202_	1
observable_5439	cyt_mrna__ZNF827_203_	1
observable_5440	cyt_mrna__HSP90AA1_201_	1
observable_5441	cyt_mrna__ACTMAP_201_	1
observable_5442	cyt_mrna__CLVS1_201_	1
observable_5443	cyt_mrna__ARHGAP35_205_	1
observable_5444	cyt_mrna__PRDM14_201_	1
observable_5445	cyt_mrna__ZNF141_201_	1
observable_5446	cyt_mrna__VCPKMT_202_	1
observable_5447	cyt_mrna__RAB11A_201_	1
observable_5448	cyt_mrna__TERF1_202_	1
observable_5449	cyt_mrna__SLIRP_209_	1
observable_5450	cyt_mrna__DOCK10_201_	1
observable_5451	cyt_mrna__PLEKHD1_201_	1
observable_5452	cyt_mrna__WDR83_201_	1
observable_5453	cyt_mrna__CACNA1B_204_	1
observable_5454	cyt_mrna__GATM_201_	1
observable_5455	cyt_mrna__FAM91A1_201_	1
observable_5456	cyt_mrna__APOBEC3D_201_	1
observable_5457	cyt_mrna__MRPL52_203_	1
observable_5458	cyt_mrna__WDR83OS_202_	1
observable_5459	cyt_mrna__CILP2_201_	1
observable_5460	cyt_mrna__TACC2_210_	1
observable_5461	cyt_mrna__F11_202_	1
observable_5462	cyt_mrna__MFSD2B_201_	1
observable_5463	cyt_mrna__WDCP_201_	1
observable_5464	cyt_mrna__SUPT20H_201_	1
observable_5465	cyt_mrna__SNAPC1_201_	1
observable_5466	cyt_mrna__ACSBG1_201_	1
observable_5467	cyt_mrna__CYP2B6_201_	1
observable_5468	cyt_mrna__FKBP1B_201_	1
observable_5469	cyt_mrna__SMTN_201_	1
observable_5470	cyt_mrna__MAMDC4_201_	1
observable_5471	cyt_mrna__CIMIP6_202_	1
observable_5472	cyt_mrna__RPL8_207_	1
observable_5473	cyt_mrna__CRACD_210_	1
observable_5474	cyt_mrna__FXN_203_	1
observable_5475	cyt_mrna__CHRNA3_201_	1
observable_5476	cyt_mrna__H3C13_201_	1
observable_5477	cyt_mrna__H2AC20_201_	1
observable_5478	cyt_mrna__H2AC21_201_	1
observable_5479	cyt_mrna__FAM174B_201_	1
observable_5480	cyt_mrna__GPR25_201_	1
observable_5481	cyt_mrna__EML6_201_	1
observable_5482	cyt_mrna__SSNA1_201_	1
observable_5483	cyt_mrna__TMEM192_201_	1
observable_5484	cyt_mrna__FAM163B_202_	1
observable_5485	cyt_mrna__SUPT16H_201_	1
observable_5486	cyt_mrna__PPP1R13L_201_	1
observable_5487	cyt_mrna__LIPG_201_	1
observable_5488	cyt_mrna__PIK3AP1_201_	1
observable_5489	cyt_mrna__AMMECR1L_201_	1
observable_5490	cyt_mrna__DPH6_201_	1
observable_5491	cyt_mrna__TNIP2_201_	1
observable_5492	cyt_mrna__ZBTB6_201_	1
observable_5493	cyt_mrna__NTAQ1_201_	1
observable_5494	cyt_mrna__PLXNB3_201_	1
observable_5495	cyt_mrna__GLCE_201_	1
observable_5496	cyt_mrna__ZDHHC22_201_	1
observable_5497	cyt_mrna__CYP2C18_201_	1
observable_5498	cyt_mrna__PIK3C3_201_	1
observable_5499	cyt_mrna__CBX6_202_	1
observable_5500	cyt_mrna__SNX22_201_	1
observable_5501	cyt_mrna__ARL5B_201_	1
observable_5502	cyt_mrna__GNAQ_201_	1
observable_5503	cyt_mrna__TM6SF2_201_	1
observable_5504	cyt_mrna__PDZD8_201_	1
observable_5505	cyt_mrna__LRRC66_202_	1
observable_5506	cyt_mrna__IGFL1_201_	1
observable_5507	cyt_mrna__CCDC3_201_	1
observable_5508	cyt_mrna__C15orf39_202_	1
observable_5509	cyt_mrna__IGBP1_202_	1
observable_5510	cyt_mrna__STAP1_201_	1
observable_5511	cyt_mrna__KIF21B_204_	1
observable_5512	cyt_mrna__FGFBP2_201_	1
observable_5513	cyt_mrna__IAH1_215_	1
observable_5514	cyt_mrna__MAML3_202_	1
observable_5515	cyt_mrna__SLC27A5_201_	1
observable_5516	cyt_mrna__KATNAL2_209_	1
observable_5517	cyt_mrna__KIF27_201_	1
observable_5518	cyt_mrna__GABRA4_201_	1
observable_5519	cyt_mrna__ZNF608_209_	1
observable_5520	cyt_mrna__GBX2_201_	1
observable_5521	cyt_mrna__IGFN1_202_	1
observable_5522	cyt_mrna__DICER1_201_	1
observable_5523	cyt_mrna__MIPEP_201_	1
observable_5524	cyt_mrna__MAPK8IP2_202_	1
observable_5525	cyt_mrna__APOE_201_	1
observable_5526	cyt_mrna__SAMD13_206_	1
observable_5527	cyt_mrna__POLR1E_202_	1
observable_5528	cyt_mrna__TMEM81_201_	1
observable_5529	cyt_mrna__LEFTY2_201_	1
observable_5530	cyt_mrna__USP46_201_	1
observable_5531	cyt_mrna__IQCN_201_	1
observable_5532	cyt_mrna__TMX3_201_	1
observable_5533	cyt_mrna__MPV17L2_204_	1
observable_5534	cyt_mrna__AGAP1_201_	1
observable_5535	cyt_mrna__NIPAL1_201_	1
observable_5536	cyt_mrna__MED29_201_	1
observable_5537	cyt_mrna__ADCYAP1_202_	1
observable_5538	cyt_mrna__EED_201_	1
observable_5539	cyt_mrna__ZNF737_201_	1
observable_5540	cyt_mrna__OR7D2_202_	1
observable_5541	cyt_mrna__SCG2_201_	1
observable_5542	cyt_mrna__HSPB3_201_	1
observable_5543	cyt_mrna__ESM1_202_	1
observable_5544	cyt_mrna__ELAC1_201_	1
observable_5545	cyt_mrna__LILRB5_203_	1
observable_5546	cyt_mrna__GZMK_201_	1
observable_5547	cyt_mrna__CREBZF_204_	1
observable_5548	cyt_mrna__GZMA_201_	1
observable_5549	cyt_mrna__CD8A_201_	1
observable_5550	cyt_mrna__LIPC_201_	1
observable_5551	cyt_mrna__RBM26_203_	1
observable_5552	cyt_mrna__CDC20B_203_	1
observable_5553	cyt_mrna__SULT1E1_201_	1
observable_5554	cyt_mrna__MCIDAS_201_	1
observable_5555	cyt_mrna__ANKRD12_201_	1
observable_5556	cyt_mrna__GTF3C5_202_	1
observable_5557	cyt_mrna__DRG1_201_	1
observable_5558	cyt_mrna__NT5C1B_201_	1
observable_5559	cyt_mrna__ZNF892_201_	1
observable_5560	cyt_mrna__PPFIA3_201_	1
observable_5561	cyt_mrna__WT1_205_	1
observable_5562	cyt_mrna__VRTN_201_	1
observable_5563	cyt_mrna__SPATA3_204_	1
observable_5564	cyt_mrna__ITGA11_201_	1
observable_5565	cyt_mrna__FGB_201_	1
observable_5566	cyt_mrna__PABPN1_201_	1
observable_5567	cyt_mrna__ANK3_201_	1
observable_5568	cyt_mrna__ZMAT5_201_	1
observable_5569	cyt_mrna__HPF1_201_	1
observable_5570	cyt_mrna__KMT5A_201_	1
observable_5571	cyt_mrna__SEH1L_202_	1
observable_5572	cyt_mrna__ZNF540_201_	1
observable_5573	cyt_mrna__PSAT1_202_	1
observable_5574	cyt_mrna__ZNF28_204_	1
observable_5575	cyt_mrna__TMEM266_201_	1
observable_5576	cyt_mrna__TICAM1_201_	1
observable_5577	cyt_mrna__CYP4V2_201_	1
observable_5578	cyt_mrna__HMGB1_203_	1
observable_5579	cyt_mrna__RAB39A_201_	1
observable_5580	cyt_mrna__TCF7_201_	1
observable_5581	cyt_mrna__CEP170B_202_	1
observable_5582	cyt_mrna__DDIT4_201_	1
observable_5583	cyt_mrna__TRMT44_201_	1
observable_5584	cyt_mrna__PSMB5_202_	1
observable_5585	cyt_mrna__GPX8_203_	1
observable_5586	cyt_mrna__SNX18_203_	1
observable_5587	cyt_mrna__N4BP2L1_202_	1
observable_5588	cyt_mrna__PHAX_201_	1
observable_5589	cyt_mrna__MAT1A_201_	1
observable_5590	cyt_mrna__BIRC6_201_	1
observable_5591	cyt_mrna__MTAP_213_	1
observable_5592	cyt_mrna__KIF26A_202_	1
observable_5593	cyt_mrna__AP1B1_202_	1
observable_5594	cyt_mrna__NPHS1_202_	1
observable_5595	cyt_mrna__CHURC1_203_	1
observable_5596	cyt_mrna__ITM2B_204_	1
observable_5597	cyt_mrna__APBB1IP_202_	1
observable_5598	cyt_mrna__CXCL17_202_	1
observable_5599	cyt_mrna__FAM177A1_201_	1
observable_5600	cyt_mrna__HAMP_201_	1
observable_5601	cyt_mrna__TGFBR3L_204_	1
observable_5602	cyt_mrna__FSIP2_202_	1
observable_5603	cyt_mrna__ZNF543_201_	1
observable_5604	cyt_mrna__ZNF865_201_	1
observable_5605	cyt_mrna__PSMB7_201_	1
observable_5606	cyt_mrna__GALP_201_	1
observable_5607	cyt_mrna__CABP7_201_	1
observable_5608	cyt_mrna__CPO_201_	1
observable_5609	cyt_mrna__PPP1R36_201_	1
observable_5610	cyt_mrna__FIGLA_201_	1
observable_5611	cyt_mrna__TTBK2_201_	1
observable_5612	cyt_mrna__CARD19_201_	1
observable_5613	cyt_mrna__CLEC4F_201_	1
observable_5614	cyt_mrna__ARG2_201_	1
observable_5615	cyt_mrna__CD207_201_	1
observable_5616	cyt_mrna__ZNF782_204_	1
observable_5617	cyt_mrna__ATP8A1_202_	1
observable_5618	cyt_mrna__NAA30_204_	1
observable_5619	cyt_mrna__TEX261_201_	1
observable_5620	cyt_mrna__RPL17_208_	1
observable_5621	cyt_mrna__C8orf33_201_	1
observable_5622	cyt_mrna__DUSP19_202_	1
observable_5623	cyt_mrna__CXCL2_202_	1
observable_5624	cyt_mrna__VTI1B_204_	1
observable_5625	cyt_mrna__AQP7B_201_	1
observable_5626	cyt_mrna__PLCE1_202_	1
observable_5627	cyt_mrna__FNDC3A_204_	1
observable_5628	cyt_mrna__CNTLN_202_	1
observable_5629	cyt_mrna__PRLR_217_	1
observable_5630	cyt_mrna__RTCB_201_	1
observable_5631	cyt_mrna__DENND1C_201_	1
observable_5632	cyt_mrna__MMP14_201_	1
observable_5633	cyt_mrna__FGG_201_	1
observable_5634	cyt_mrna__TOMM5_201_	1
observable_5635	cyt_mrna__TSPYL6_201_	1
observable_5636	cyt_mrna__IFT43_202_	1
observable_5637	cyt_mrna__RHD_201_	1
observable_5638	cyt_mrna__HAVCR2_201_	1
observable_5639	cyt_mrna__LRRC49_201_	1
observable_5640	cyt_mrna__RAB27B_201_	1
observable_5641	cyt_mrna__MPHOSPH8_201_	1
observable_5642	cyt_mrna__ENTR1_202_	1
observable_5643	cyt_mrna__MISP_201_	1
observable_5644	cyt_mrna__KLF6_206_	1
observable_5645	cyt_mrna__SIVA1_201_	1
observable_5646	cyt_mrna__MORN5_201_	1
observable_5647	cyt_mrna__VTI1A_201_	1
observable_5648	cyt_mrna__TRMT5_201_	1
observable_5649	cyt_mrna__TTC9_201_	1
observable_5650	cyt_mrna__FGF7_201_	1
observable_5651	cyt_mrna__PPARGC1A_201_	1
observable_5652	cyt_mrna__UBAP1L_202_	1
observable_5653	cyt_mrna__NUP58_202_	1
observable_5654	cyt_mrna__FMN2_201_	1
observable_5655	cyt_mrna__SUV39H2_202_	1
observable_5656	cyt_mrna__TOM1_209_	1
observable_5657	cyt_mrna__GOLGA6B_201_	1
observable_5658	cyt_mrna__CPN1_201_	1
observable_5659	cyt_mrna__CMTM5_201_	1
observable_5660	cyt_mrna__ADH1A_201_	1
observable_5661	cyt_mrna__MBL2_202_	1
observable_5662	cyt_mrna__PTP4A2_219_	1
observable_5663	cyt_mrna__BORCS7_201_	1
observable_5664	cyt_mrna__BMP3_201_	1
observable_5665	cyt_mrna__YJU2_201_	1
observable_5666	cyt_mrna__PPP4R1_203_	1
observable_5667	cyt_mrna__ERAP1_202_	1
observable_5668	cyt_mrna__REEP3_201_	1
observable_5669	cyt_mrna__GDNF_201_	1
observable_5670	cyt_mrna__ZNF563_201_	1
observable_5671	cyt_mrna__PTPA_207_	1
observable_5672	cyt_mrna__SRD5A1_201_	1
observable_5673	cyt_mrna__ZNF606_207_	1
observable_5674	cyt_mrna__AKR1C3_201_	1
observable_5675	cyt_mrna__CBY1_201_	1
observable_5676	cyt_mrna__DAND5_201_	1
observable_5677	cyt_mrna__COX15_201_	1
observable_5678	cyt_mrna__HPSE_201_	1
observable_5679	cyt_mrna__CYP2A6_201_	1
observable_5680	cyt_mrna__MAGED1_201_	1
observable_5681	cyt_mrna__ANXA8_205_	1
observable_5682	cyt_mrna__YDJC_201_	1
observable_5683	cyt_mrna__C5AR2_201_	1
observable_5684	cyt_mrna__SHISA3_201_	1
observable_5685	cyt_mrna__SCFD2_202_	1
observable_5686	cyt_mrna__CYP2A13_201_	1
observable_5687	cyt_mrna__IL16_214_	1
observable_5688	cyt_mrna__TMA16_201_	1
observable_5689	cyt_mrna__CDKN3_202_	1
observable_5690	cyt_mrna__ADGRB2_202_	1
observable_5691	cyt_mrna__SKP2_202_	1
observable_5692	cyt_mrna__TNS1_223_	1
observable_5693	cyt_mrna__LGI4_201_	1
observable_5694	cyt_mrna__LRAT_201_	1
observable_5695	cyt_mrna__CYP2C9_201_	1
observable_5696	cyt_mrna__OLFML2B_201_	1
observable_5697	cyt_mrna__DMAC2L_211_	1
observable_5698	cyt_mrna__CREG2_201_	1
observable_5699	cyt_mrna__HHEX_201_	1
observable_5700	cyt_mrna__IL20_202_	1
observable_5701	cyt_mrna__KLK10_202_	1
observable_5702	cyt_mrna__KDM2B_202_	1
observable_5703	cyt_mrna__DNASE2B_202_	1
observable_5704	cyt_mrna__OR2L2_202_	1
observable_5705	cyt_mrna__EGLN3_201_	1
observable_5706	cyt_mrna__OR2L3_201_	1
observable_5707	cyt_mrna__OR2M4_201_	1
observable_5708	cyt_mrna__SECISBP2L_209_	1
observable_5709	cyt_mrna__OR2T35_201_	1
observable_5710	cyt_mrna__OR10K2_201_	1
observable_5711	cyt_mrna__RBM15_201_	1
observable_5712	cyt_mrna__CYP2C19_201_	1
observable_5713	cyt_mrna__TRMT2B_202_	1
observable_5714	cyt_mrna__KLHDC7A_201_	1
observable_5715	cyt_mrna__H3_5_201_	1
observable_5716	cyt_mrna__EHMT1_203_	1
observable_5717	cyt_mrna__CDC34_201_	1
observable_5718	cyt_mrna__OIP5_201_	1
observable_5719	cyt_mrna__MTX1_202_	1
observable_5720	cyt_mrna__GPR37L1_201_	1
observable_5721	cyt_mrna__HABP2_201_	1
observable_5722	cyt_mrna__RPLP1_201_	1
observable_5723	cyt_mrna__GAB3_203_	1
observable_5724	cyt_mrna__HIGD2B_201_	1
observable_5725	cyt_mrna__CELF3_201_	1
observable_5726	cyt_mrna__G2E3_201_	1
observable_5727	cyt_mrna__RIIAD1_206_	1
observable_5728	cyt_mrna__CYP2E1_201_	1
observable_5729	cyt_mrna__ARFGAP1_203_	1
observable_5730	cyt_mrna__MRPL9_202_	1
observable_5731	cyt_mrna__PLEK_201_	1
observable_5732	cyt_mrna__YLPM1_201_	1
observable_5733	cyt_mrna__ASPHD2_201_	1
observable_5734	cyt_mrna__CAMK2A_208_	1
observable_5735	cyt_mrna__OAZ3_202_	1
observable_5736	cyt_mrna__LINGO4_201_	1
observable_5737	cyt_mrna__LINC03040_201_	1
observable_5738	cyt_mrna__THEM5_201_	1
observable_5739	cyt_mrna__LCE1F_201_	1
observable_5740	cyt_mrna__PAX2_201_	1
observable_5741	cyt_mrna__FKBP3_202_	1
observable_5742	cyt_mrna__LCE1E_201_	1
observable_5743	cyt_mrna__LCE1D_201_	1
observable_5744	cyt_mrna__FANCC_201_	1
observable_5745	cyt_mrna__ATP2B3_201_	1
observable_5746	cyt_mrna__TFAP2E_201_	1
observable_5747	cyt_mrna__HPDL_201_	1
observable_5748	cyt_mrna__H4C1_201_	1
observable_5749	cyt_mrna__OR2L5_201_	1
observable_5750	cyt_mrna__H2BC3_201_	1
observable_5751	cyt_mrna__MFAP3_212_	1
observable_5752	cyt_mrna__CCSAP_201_	1
observable_5753	cyt_mrna__SPOCK2_202_	1
observable_5754	cyt_mrna__PLEKHH1_201_	1
observable_5755	cyt_mrna__RAB42_202_	1
observable_5756	cyt_mrna__AMY2A_201_	1
observable_5757	cyt_mrna__H2AC8_201_	1
observable_5758	cyt_mrna__FXYD1_201_	1
observable_5759	cyt_mrna__ZNF365_201_	1
observable_5760	cyt_mrna__OR10X1_201_	1
observable_5761	cyt_mrna__PNRC1_201_	1
observable_5762	cyt_mrna__OR2T27_201_	1
observable_5763	cyt_mrna__IPMK_201_	1
observable_5764	cyt_mrna__ANKRD22_201_	1
observable_5765	cyt_mrna__ZWILCH_201_	1
observable_5766	cyt_mrna__OR14A16_201_	1
observable_5767	cyt_mrna__SRSF12_201_	1
observable_5768	cyt_mrna__OR11L1_201_	1
observable_5769	cyt_mrna__EIF4EBP2_201_	1
observable_5770	cyt_mrna__DDX31_203_	1
observable_5771	cyt_mrna__TRIM58_201_	1
observable_5772	cyt_mrna__OR2W3_201_	1
observable_5773	cyt_mrna__OR2AJ1_201_	1
observable_5774	cyt_mrna__RAB11FIP2_201_	1
observable_5775	cyt_mrna__OR2L8_201_	1
observable_5776	cyt_mrna__OR6Y1_202_	1
observable_5777	cyt_mrna__OR2M5_201_	1
observable_5778	cyt_mrna__GDF10_201_	1
observable_5779	cyt_mrna__OR2M2_202_	1
observable_5780	cyt_mrna__GPX6_201_	1
observable_5781	cyt_mrna__SRARP_201_	1
observable_5782	cyt_mrna__PPP6C_201_	1
observable_5783	cyt_mrna__OR2T8_201_	1
observable_5784	cyt_mrna__ZNF808_201_	1
observable_5785	cyt_mrna__MMRN2_201_	1
observable_5786	cyt_mrna__KLF1_201_	1
observable_5787	cyt_mrna__CTRC_202_	1
observable_5788	cyt_mrna__FOXA3_201_	1
observable_5789	cyt_mrna__OR6F1_203_	1
observable_5790	cyt_mrna__RBM18_201_	1
observable_5791	cyt_mrna__GPR4_201_	1
observable_5792	cyt_mrna__OR14K1_201_	1
observable_5793	cyt_mrna__OR10K1_204_	1
observable_5794	cyt_mrna__OR2T12_201_	1
observable_5795	cyt_mrna__OR2T33_202_	1
observable_5796	cyt_mrna__OR2T29_202_	1
observable_5797	cyt_mrna__OR13G1_201_	1
observable_5798	cyt_mrna__OR1C1_202_	1
observable_5799	cyt_mrna__OR2M3_202_	1
observable_5800	cyt_mrna__OR6N1_202_	1
observable_5801	cyt_mrna__OR2T11_201_	1
observable_5802	cyt_mrna__OR10Z1_201_	1
observable_5803	cyt_mrna__TMEM254_205_	1
observable_5804	cyt_mrna__SPTA1_208_	1
observable_5805	cyt_mrna__ZNF846_201_	1
observable_5806	cyt_mrna__IRAK1_203_	1
observable_5807	cyt_mrna__CISD2_201_	1
observable_5808	cyt_mrna__PLEC_202_	1
observable_5809	cyt_mrna__PSME2_201_	1
observable_5810	cyt_mrna__KLK1_201_	1
observable_5811	cyt_mrna__SCAMP5_202_	1
observable_5812	cyt_mrna__IER5_201_	1
observable_5813	cyt_mrna__OPN3_201_	1
observable_5814	cyt_mrna__CHML_201_	1
observable_5815	cyt_mrna__BCL9_201_	1
observable_5816	cyt_mrna__EDA2R_202_	1
observable_5817	cyt_mrna__FAM120A_201_	1
observable_5818	cyt_mrna__BECN2_201_	1
observable_5819	cyt_mrna__CHRNA5_201_	1
observable_5820	cyt_mrna__C8orf76_201_	1
observable_5821	cyt_mrna__RICTOR_202_	1
observable_5822	cyt_mrna__SLC25A53_202_	1
observable_5823	cyt_mrna__GRSF1_201_	1
observable_5824	cyt_mrna__MESD_201_	1
observable_5825	cyt_mrna__TXN_202_	1
observable_5826	cyt_mrna__STARD5_201_	1
observable_5827	cyt_mrna__DAP_201_	1
observable_5828	cyt_mrna__DHRS7_209_	1
observable_5829	cyt_mrna__NEURL1B_201_	1
observable_5830	cyt_mrna__SGCB_201_	1
observable_5831	cyt_mrna__MTMR7_201_	1
observable_5832	cyt_mrna__ZNF483_201_	1
observable_5833	cyt_mrna__SLC7A9_201_	1
observable_5834	cyt_mrna__EIF2B2_201_	1
observable_5835	cyt_mrna__SHROOM3_201_	1
observable_5836	cyt_mrna__SHB_201_	1
observable_5837	cyt_mrna__ZNF547_201_	1
observable_5838	cyt_mrna__ALKBH7_201_	1
observable_5839	cyt_mrna__N4BP2_201_	1
observable_5840	cyt_mrna__CHRDL1_201_	1
observable_5841	cyt_mrna__UGT8_201_	1
observable_5842	cyt_mrna__IPPK_201_	1
observable_5843	cyt_mrna__BAX_202_	1
observable_5844	cyt_mrna__RNF130_205_	1
observable_5845	cyt_mrna__BRD3OS_204_	1
observable_5846	cyt_mrna__ACO2_201_	1
observable_5847	cyt_mrna__APOBEC1_201_	1
observable_5848	cyt_mrna__GDF3_201_	1
observable_5849	cyt_mrna__PPP1R13B_201_	1
observable_5850	cyt_mrna__POP1_202_	1
observable_5851	cyt_mrna__PRAM1_201_	1
observable_5852	cyt_mrna__MAGT1_204_	1
observable_5853	cyt_mrna__UBR1_201_	1
observable_5854	cyt_mrna__ZNF677_206_	1
observable_5855	cyt_mrna__TRIML2_208_	1
observable_5856	cyt_mrna__CLEC4C_202_	1
observable_5857	cyt_mrna__NEFL_201_	1
observable_5858	cyt_mrna__BLNK_201_	1
observable_5859	cyt_mrna__NANOGNB_201_	1
observable_5860	cyt_mrna__DYRK3_203_	1
observable_5861	cyt_mrna__SLC35C2_204_	1
observable_5862	cyt_mrna__PRR4_201_	1
observable_5863	cyt_mrna__TRPS1_203_	1
observable_5864	cyt_mrna__NPC2_207_	1
observable_5865	cyt_mrna__TNFSF18_201_	1
observable_5866	cyt_mrna__PRODH2_207_	1
observable_5867	cyt_mrna__MAP10_201_	1
observable_5868	cyt_mrna__SERF2_201_	1
observable_5869	cyt_mrna__CACNB4_210_	1
observable_5870	cyt_mrna__UFSP2_201_	1
observable_5871	cyt_mrna__PBOV1_201_	1
observable_5872	cyt_mrna__ITM2A_201_	1
observable_5873	cyt_mrna__EXOSC4_201_	1
observable_5874	cyt_mrna__POLR3H_202_	1
observable_5875	cyt_mrna__ITGA2_201_	1
observable_5876	cyt_mrna__TBXA2R_201_	1
observable_5877	cyt_mrna__TRIM67_201_	1
observable_5878	cyt_mrna__C8orf88_201_	1
observable_5879	cyt_mrna__INSL5_201_	1
observable_5880	cyt_mrna__OR6P1_201_	1
observable_5881	cyt_mrna__SLC2A7_201_	1
observable_5882	cyt_mrna__TIGD4_201_	1
observable_5883	cyt_mrna__OR6K2_201_	1
observable_5884	cyt_mrna__SLC35B2_202_	1
observable_5885	cyt_mrna__LCE4A_201_	1
observable_5886	cyt_mrna__APELA_202_	1
observable_5887	cyt_mrna__ACTRT2_201_	1
observable_5888	cyt_mrna__LSM1_201_	1
observable_5889	cyt_mrna__LDLRAD2_201_	1
observable_5890	cyt_mrna__TMEM151B_202_	1
observable_5891	cyt_mrna__CLEC11A_201_	1
observable_5892	cyt_mrna__CHUK_201_	1
observable_5893	cyt_mrna__PRLHR_201_	1
observable_5894	cyt_mrna__MAP3K9_205_	1
observable_5895	cyt_mrna__HSPG2_203_	1
observable_5896	cyt_mrna__PCSK4_201_	1
observable_5897	cyt_mrna__CELA3B_201_	1
observable_5898	cyt_mrna__BLOC1S3_201_	1
observable_5899	cyt_mrna__PIGN_245_	1
observable_5900	cyt_mrna__CELA3A_201_	1
observable_5901	cyt_mrna__MIER3_202_	1
observable_5902	cyt_mrna__ASPDH_202_	1
observable_5903	cyt_mrna__AVPR1B_201_	1
observable_5904	cyt_mrna__SEMA4G_201_	1
observable_5905	cyt_mrna__MED6_201_	1
observable_5906	cyt_mrna__SLC26A2_201_	1
observable_5907	cyt_mrna__ZSWIM9_203_	1
observable_5908	cyt_mrna__RPS4X_201_	1
observable_5909	cyt_mrna__LRG1_201_	1
observable_5910	cyt_mrna__RAE1_203_	1
observable_5911	cyt_mrna__ERCC6_201_	1
observable_5912	cyt_mrna__NUP214_201_	1
observable_5913	cyt_mrna__PRB2_201_	1
observable_5914	cyt_mrna__PBX4_201_	1
observable_5915	cyt_mrna__ZBTB46_201_	1
observable_5916	cyt_mrna__ANAPC10_209_	1
observable_5917	cyt_mrna__GABRP_201_	1
observable_5918	cyt_mrna__GID8_201_	1
observable_5919	cyt_mrna__EIF4E1B_201_	1
observable_5920	cyt_mrna__ZNF792_201_	1
observable_5921	cyt_mrna__MAGED2_206_	1
observable_5922	cyt_mrna__SIT1_201_	1
observable_5923	cyt_mrna__ICE2_201_	1
observable_5924	cyt_mrna__TBC1D22A_201_	1
observable_5925	cyt_mrna__RPP25L_202_	1
observable_5926	cyt_mrna__ESRP1_203_	1
observable_5927	cyt_mrna__ITK_201_	1
observable_5928	cyt_mrna__C1QL4_201_	1
observable_5929	cyt_mrna__ADRA1B_201_	1
observable_5930	cyt_mrna__ESCO1_201_	1
observable_5931	cyt_mrna__TMEM74_201_	1
observable_5932	cyt_mrna__TMSB15B_204_	1
observable_5933	cyt_mrna__USF2_201_	1
observable_5934	cyt_mrna__TUBA8_202_	1
observable_5935	cyt_mrna__PIP4P2_201_	1
observable_5936	cyt_mrna__BAZ1A_202_	1
observable_5937	cyt_mrna__AMN1_201_	1
observable_5938	cyt_mrna__NLN_201_	1
observable_5939	cyt_mrna__DOLPP1_202_	1
observable_5940	cyt_mrna__SCN3A_201_	1
observable_5941	cyt_mrna__CCDC97_201_	1
observable_5942	cyt_mrna__AMPD1_203_	1
observable_5943	cyt_mrna__ZNF475_201_	1
observable_5944	cyt_mrna__ZNF221_202_	1
observable_5945	cyt_mrna__LCE1C_202_	1
observable_5946	cyt_mrna__LBX2_202_	1
observable_5947	cyt_mrna__ZNF681_201_	1
observable_5948	cyt_mrna__CALB1_201_	1
observable_5949	cyt_mrna__H3_7_201_	1
observable_5950	cyt_mrna__NXPH1_201_	1
observable_5951	cyt_mrna__CRNN_201_	1
observable_5952	cyt_mrna__LCE5A_201_	1
observable_5953	cyt_mrna__WNT6_201_	1
observable_5954	cyt_mrna__PAPOLB_201_	1
observable_5955	cyt_mrna__OR6B2_201_	1
observable_5956	cyt_mrna__CRCT1_201_	1
observable_5957	cyt_mrna__EDIL3_201_	1
observable_5958	cyt_mrna__LCE3E_201_	1
observable_5959	cyt_mrna__LCE3D_201_	1
observable_5960	cyt_mrna__COL8A2_202_	1
observable_5961	cyt_mrna__LRATD2_201_	1
observable_5962	cyt_mrna__TEX51_207_	1
observable_5963	cyt_mrna__A3GALT2_201_	1
observable_5964	cyt_mrna__FAM50A_202_	1
observable_5965	cyt_mrna__ALLC_201_	1
observable_5966	cyt_mrna__TWIST1_201_	1
observable_5967	cyt_mrna__AMER3_201_	1
observable_5968	cyt_mrna__ELOVL7_205_	1
observable_5969	cyt_mrna__STX6_201_	1
observable_5970	cyt_mrna__TMEM269_204_	1
observable_5971	cyt_mrna__NR6A1_205_	1
observable_5972	cyt_mrna__GORAB_202_	1
observable_5973	cyt_mrna__C9orf85_201_	1
observable_5974	cyt_mrna__LCE1B_201_	1
observable_5975	cyt_mrna__LCE1A_201_	1
observable_5976	cyt_mrna__LCE6A_201_	1
observable_5977	cyt_mrna__SMCP_201_	1
observable_5978	cyt_mrna__IVL_201_	1
observable_5979	cyt_mrna__SPRR4_201_	1
observable_5980	cyt_mrna__SPRR3_201_	1
observable_5981	cyt_mrna__SPRR1B_201_	1
observable_5982	cyt_mrna__SPRR2D_201_	1
observable_5983	cyt_mrna__PER2_201_	1
observable_5984	cyt_mrna__SPRR2A_201_	1
observable_5985	cyt_mrna__SPRR2B_201_	1
observable_5986	cyt_mrna__SPRR2E_201_	1
observable_5987	cyt_mrna__SPRR2F_201_	1
observable_5988	cyt_mrna__SPRR2G_201_	1
observable_5989	cyt_mrna__LRP1_201_	1
observable_5990	cyt_mrna__CAAP1_201_	1
observable_5991	cyt_mrna__SERINC5_202_	1
observable_5992	cyt_mrna__SORD_201_	1
observable_5993	cyt_mrna__DCDC2C_201_	1
observable_5994	cyt_mrna__SOX11_201_	1
observable_5995	cyt_mrna__DUSP1_201_	1
observable_5996	cyt_mrna__NXPH4_201_	1
observable_5997	cyt_mrna__TMEM215_201_	1
observable_5998	cyt_mrna__FAM151B_201_	1
observable_5999	cyt_mrna__ITIH2_201_	1
observable_6000	cyt_mrna__TRUB2_201_	1
observable_6001	cyt_mrna__MRPS30_202_	1
observable_6002	cyt_mrna__PTPRH_202_	1
observable_6003	cyt_mrna__LEAP2_201_	1
observable_6004	cyt_mrna__ANKRD17_202_	1
observable_6005	cyt_mrna__ELF3_203_	1
observable_6006	cyt_mrna__SLC34A1_201_	1
observable_6007	cyt_mrna__ABRAXAS2_201_	1
observable_6008	cyt_mrna__ETV3_202_	1
observable_6009	cyt_mrna__ZBTB32_202_	1
observable_6010	cyt_mrna__GRPEL1_201_	1
observable_6011	cyt_mrna__MSRB2_201_	1
observable_6012	cyt_mrna__C1orf94_202_	1
observable_6013	cyt_mrna__ZNF823_201_	1
observable_6014	cyt_mrna__ZNF835_201_	1
observable_6015	cyt_mrna__PNMA8A_201_	1
observable_6016	cyt_mrna__GARIN6_201_	1
observable_6017	cyt_mrna__RPN2_201_	1
observable_6018	cyt_mrna__PDCD6_201_	1
observable_6019	cyt_mrna__CHD8_224_	1
observable_6020	cyt_mrna__MRPL1_201_	1
observable_6021	cyt_mrna__ATP9B_202_	1
observable_6022	cyt_mrna__KDM4F_202_	1
observable_6023	cyt_mrna__FAM186A_201_	1
observable_6024	cyt_mrna__SMIM41_201_	1
observable_6025	cyt_mrna__CSMD2_204_	1
observable_6026	cyt_mrna__NPSR1_202_	1
observable_6027	cyt_mrna__MEF2B_204_	1
observable_6028	cyt_mrna__MIP_204_	1
observable_6029	cyt_mrna__SPRYD4_201_	1
observable_6030	cyt_mrna__RNF180_202_	1
observable_6031	cyt_mrna__AKR1C4_201_	1
observable_6032	cyt_mrna__LYL1_201_	1
observable_6033	cyt_mrna__SEC16A_210_	1
observable_6034	cyt_mrna__FBXO33_201_	1
observable_6035	cyt_mrna__INMT_201_	1
observable_6036	cyt_mrna__PYGO2_202_	1
observable_6037	cyt_mrna__POM121L12_201_	1
observable_6038	cyt_mrna__AKAP13_203_	1
observable_6039	cyt_mrna__NRP2_203_	1
observable_6040	cyt_mrna__LRRC10_201_	1
observable_6041	cyt_mrna__DCST2_202_	1
observable_6042	cyt_mrna__TRIL_201_	1
observable_6043	cyt_mrna__UGT3A1_201_	1
observable_6044	cyt_mrna__RPS29_201_	1
observable_6045	cyt_mrna__SCAF1_201_	1
observable_6046	cyt_mrna__PCSK2_201_	1
observable_6047	cyt_mrna__NACAD_202_	1
observable_6048	cyt_mrna__SEC61B_201_	1
observable_6049	cyt_mrna__BTK_201_	1
observable_6050	cyt_mrna__ZNF713_202_	1
observable_6051	cyt_mrna__MYRFL_204_	1
observable_6052	cyt_mrna__ZNF136_201_	1
observable_6053	cyt_mrna__DCST1_201_	1
observable_6054	cyt_mrna__ZNF804B_201_	1
observable_6055	cyt_mrna__IL7R_201_	1
observable_6056	cyt_mrna__TEX46_202_	1
observable_6057	cyt_mrna__ZNF473_201_	1
observable_6058	cyt_mrna__ZCCHC2_201_	1
observable_6059	cyt_mrna__AGBL4_203_	1
observable_6060	cyt_mrna__IL5_201_	1
observable_6061	cyt_mrna__GRHPR_201_	1
observable_6062	cyt_mrna__CDC42BPB_201_	1
observable_6063	cyt_mrna__SDHAF3_202_	1
observable_6064	cyt_mrna__C1orf185_201_	1
observable_6065	cyt_mrna__ROR1_201_	1
observable_6066	cyt_mrna__TEX22_201_	1
observable_6067	cyt_mrna__CCDC62_201_	1
observable_6068	cyt_mrna__PARD3B_204_	1
observable_6069	cyt_mrna__TEX47_201_	1
observable_6070	cyt_mrna__CRK_201_	1
observable_6071	cyt_mrna__HAND1_201_	1
observable_6072	cyt_mrna__NOTCH1_204_	1
observable_6073	cyt_mrna__EIF3E_201_	1
observable_6074	cyt_mrna__IL4I1_202_	1
observable_6075	cyt_mrna__RCHY1_201_	1
observable_6076	cyt_mrna__ARL10_201_	1
observable_6077	cyt_mrna__NOTCH2NLC_202_	1
observable_6078	cyt_mrna__ERBB4_202_	1
observable_6079	cyt_mrna__NXN_201_	1
observable_6080	cyt_mrna__RDH11_201_	1
observable_6081	cyt_mrna__ADISSP_202_	1
observable_6082	cyt_mrna__LMAN1_201_	1
observable_6083	cyt_mrna__KCNH7_202_	1
observable_6084	cyt_mrna__RASEF_202_	1
observable_6085	cyt_mrna__CAMKMT_201_	1
observable_6086	cyt_mrna__COX4I2_201_	1
observable_6087	cyt_mrna__SYNJ2BP_201_	1
observable_6088	cyt_mrna__SLC23A1_201_	1
observable_6089	cyt_mrna__SIX3_201_	1
observable_6090	cyt_mrna__OTUD6B_202_	1
observable_6091	cyt_mrna__MTG2_201_	1
observable_6092	cyt_mrna__PLCL1_201_	1
observable_6093	cyt_mrna__GPR39_201_	1
observable_6094	cyt_mrna__RPS20_201_	1
observable_6095	cyt_mrna__SFRP1_201_	1
observable_6096	cyt_mrna__HGF_201_	1
observable_6097	cyt_mrna__MED15_201_	1
observable_6098	cyt_mrna__CGREF1_202_	1
observable_6099	cyt_mrna__PNOC_201_	1
observable_6100	cyt_mrna__FRAS1_206_	1
observable_6101	cyt_mrna__LMAN2_201_	1
observable_6102	cyt_mrna__FURIN_201_	1
observable_6103	cyt_mrna__PARD6B_201_	1
observable_6104	cyt_mrna__POLR2K_201_	1
observable_6105	cyt_mrna__SLA2_201_	1
observable_6106	cyt_mrna__TMEM181_202_	1
observable_6107	cyt_mrna__FUT10_201_	1
observable_6108	cyt_mrna__ZNF716_201_	1
observable_6109	cyt_mrna__SLC14A1_201_	1
observable_6110	cyt_mrna__IGF2_205_	1
observable_6111	cyt_mrna__CEP135_201_	1
observable_6112	cyt_mrna__DNAJC22_202_	1
observable_6113	cyt_mrna__APOB_201_	1
observable_6114	cyt_mrna__AGBL3_203_	1
observable_6115	cyt_mrna__SEC61A2_201_	1
observable_6116	cyt_mrna__H3C1_201_	1
observable_6117	cyt_mrna__SCUBE1_202_	1
observable_6118	cyt_mrna__C8orf34_206_	1
observable_6119	cyt_mrna__TSPAN11_204_	1
observable_6120	cyt_mrna__TRAPPC6B_201_	1
observable_6121	cyt_mrna__C9_201_	1
observable_6122	cyt_mrna__ANKRD7_201_	1
observable_6123	cyt_mrna__PXT1_201_	1
observable_6124	cyt_mrna__NAT16_201_	1
observable_6125	cyt_mrna__CBLIF_201_	1
observable_6126	cyt_mrna__KCND2_201_	1
observable_6127	cyt_mrna__LINS1_201_	1
observable_6128	cyt_mrna__TCN1_201_	1
observable_6129	cyt_mrna__IMMP2L_202_	1
observable_6130	cyt_mrna__NUDT5_207_	1
observable_6131	cyt_mrna__DLX5_203_	1
observable_6132	cyt_mrna__SLC9B1_201_	1
observable_6133	cyt_mrna__RFX7_201_	1
observable_6134	cyt_mrna__DCAF16_201_	1
observable_6135	cyt_mrna__PTP4A1_203_	1
observable_6136	cyt_mrna__VWA3B_213_	1
observable_6137	cyt_mrna__SYT15_201_	1
observable_6138	cyt_mrna__HTR4_202_	1
observable_6139	cyt_mrna__PRSS37_201_	1
observable_6140	cyt_mrna__CYTL1_201_	1
observable_6141	cyt_mrna__NPY4R_201_	1
observable_6142	cyt_mrna__RPUSD2_201_	1
observable_6143	cyt_mrna__MAX_205_	1
observable_6144	cyt_mrna__HDHD2_201_	1
observable_6145	cyt_mrna__DLX6_202_	1
observable_6146	cyt_mrna__SELENOH_204_	1
observable_6147	cyt_mrna__ARID3B_201_	1
observable_6148	cyt_mrna__ACADSB_201_	1
observable_6149	cyt_mrna__MRPS18C_201_	1
observable_6150	cyt_mrna__ASXL2_203_	1
observable_6151	cyt_mrna__CLEC2L_201_	1
observable_6152	cyt_mrna__XRN2_201_	1
observable_6153	cyt_mrna__TAS2R3_201_	1
observable_6154	cyt_mrna__CTPS2_201_	1
observable_6155	cyt_mrna__CYP2U1_201_	1
observable_6156	cyt_mrna__BRI3_201_	1
observable_6157	cyt_mrna__CPXM2_201_	1
observable_6158	cyt_mrna__OXA1L_212_	1
observable_6159	cyt_mrna__AKR1B15_202_	1
observable_6160	cyt_mrna__TUBA4B_203_	1
observable_6161	cyt_mrna__ELP3_201_	1
observable_6162	cyt_mrna__FAT1_201_	1
observable_6163	cyt_mrna__TAS2R5_201_	1
observable_6164	cyt_mrna__NOTO_201_	1
observable_6165	cyt_mrna__TMEM229A_201_	1
observable_6166	cyt_mrna__UBE2D1_201_	1
observable_6167	cyt_mrna__NYNRIN_201_	1
observable_6168	cyt_mrna__FBXO41_204_	1
observable_6169	cyt_mrna__SFRP2_201_	1
observable_6170	cyt_mrna__DAD1_201_	1
observable_6171	cyt_mrna__SRD5A3_201_	1
observable_6172	cyt_mrna__FMC1_201_	1
observable_6173	cyt_mrna__B3GNT7_201_	1
observable_6174	cyt_mrna__STOX1_201_	1
observable_6175	cyt_mrna__CNTF_201_	1
observable_6176	cyt_mrna__ERICH1_201_	1
observable_6177	cyt_mrna__AOC3_201_	1
observable_6178	cyt_mrna__GLYAT_202_	1
observable_6179	cyt_mrna__PRDM13_202_	1
observable_6180	cyt_mrna__CNTD1_204_	1
observable_6181	cyt_mrna__ATG2B_202_	1
observable_6182	cyt_mrna__C6orf120_201_	1
observable_6183	cyt_mrna__BCL2L11_204_	1
observable_6184	cyt_mrna__BUB1B_201_	1
observable_6185	cyt_mrna__MYL12A_201_	1
observable_6186	cyt_mrna__PTBP1_203_	1
observable_6187	cyt_mrna__SMIM28_201_	1
observable_6188	cyt_mrna__COPG2_202_	1
observable_6189	cyt_mrna__TCHHL1_201_	1
observable_6190	cyt_mrna__SARDH_206_	1
observable_6191	cyt_mrna__RPTN_201_	1
observable_6192	cyt_mrna__HRNR_201_	1
observable_6193	cyt_mrna__SFN_201_	1
observable_6194	cyt_mrna__NR0B2_201_	1
observable_6195	cyt_mrna__NHSL1_202_	1
observable_6196	cyt_mrna__TENT5B_201_	1
observable_6197	cyt_mrna__GHR_201_	1
observable_6198	cyt_mrna__TPD52_209_	1
observable_6199	cyt_mrna__ARHGAP19_202_	1
observable_6200	cyt_mrna__ATP6V1G1_201_	1
observable_6201	cyt_mrna__ENTREP2_201_	1
observable_6202	cyt_mrna__CATSPER4_202_	1
observable_6203	cyt_mrna__LUC7L3_208_	1
observable_6204	cyt_mrna__COL28A1_201_	1
observable_6205	cyt_mrna__GLYATL1B_201_	1
observable_6206	cyt_mrna__LIN28A_202_	1
observable_6207	cyt_mrna__PPP1R15B_201_	1
observable_6208	cyt_mrna__OTX2_209_	1
observable_6209	cyt_mrna__OLFML2A_203_	1
observable_6210	cyt_mrna__DMRTB1_201_	1
observable_6211	cyt_mrna__SCD_201_	1
observable_6212	cyt_mrna__EMC4_202_	1
observable_6213	cyt_mrna__RGS7_205_	1
observable_6214	cyt_mrna__LCN10_205_	1
observable_6215	cyt_mrna__GSTO2_201_	1
observable_6216	cyt_mrna__MPLKIP_201_	1
observable_6217	cyt_mrna__TNS2_201_	1
observable_6218	cyt_mrna__PPIB_201_	1
observable_6219	cyt_mrna__PPP1R3A_201_	1
observable_6220	cyt_mrna__AOC2_201_	1
observable_6221	cyt_mrna__INA_201_	1
observable_6222	cyt_mrna__TMEM244_201_	1
observable_6223	cyt_mrna__COA3_201_	1
observable_6224	cyt_mrna__NAA15_201_	1
observable_6225	cyt_mrna__KIF2B_201_	1
observable_6226	cyt_mrna__MINAR1_201_	1
observable_6227	cyt_mrna__EN2_201_	1
observable_6228	cyt_mrna__URM1_203_	1
observable_6229	cyt_mrna__TAS2R38_201_	1
observable_6230	cyt_mrna__GPR37_201_	1
observable_6231	cyt_mrna__SENP8_201_	1
observable_6232	cyt_mrna__CNR2_201_	1
observable_6233	cyt_mrna__PIGBOS1_201_	1
observable_6234	cyt_mrna__PDZD7_204_	1
observable_6235	cyt_mrna__KCNK16_204_	1
observable_6236	cyt_mrna__SPACDR_201_	1
observable_6237	cyt_mrna__ZCCHC8_210_	1
observable_6238	cyt_mrna__CYP4F22_201_	1
observable_6239	cyt_mrna__SPMIP7_201_	1
observable_6240	cyt_mrna__TAS2R4_201_	1
observable_6241	cyt_mrna__ZNF92_201_	1
observable_6242	cyt_mrna__CCDC186_203_	1
observable_6243	cyt_mrna__KCTD2_201_	1
observable_6244	cyt_mrna__KIF6_202_	1
observable_6245	cyt_mrna__LIN37_201_	1
observable_6246	cyt_mrna__WDR86_201_	1
observable_6247	cyt_mrna__GAS2L3_205_	1
observable_6248	cyt_mrna__CBX8_201_	1
observable_6249	cyt_mrna__CD70_201_	1
observable_6250	cyt_mrna__SCG3_201_	1
observable_6251	cyt_mrna__HMGB2_201_	1
observable_6252	cyt_mrna__TNFSF14_203_	1
observable_6253	cyt_mrna__VPS37B_201_	1
observable_6254	cyt_mrna__ZNF416_201_	1
observable_6255	cyt_mrna__GRHL3_204_	1
observable_6256	cyt_mrna__APOC4_202_	1
observable_6257	cyt_mrna__PCTP_201_	1
observable_6258	cyt_mrna__RFPL4A_201_	1
observable_6259	cyt_mrna__IL36B_202_	1
observable_6260	cyt_mrna__POLR3A_201_	1
observable_6261	cyt_mrna__ACYP2_202_	1
observable_6262	cyt_mrna__DLX2_201_	1
observable_6263	cyt_mrna__EFR3A_201_	1
observable_6264	cyt_mrna__ELAVL3_201_	1
observable_6265	cyt_mrna__TMEM86B_201_	1
observable_6266	cyt_mrna__MREG_201_	1
observable_6267	cyt_mrna__TMPO_212_	1
observable_6268	cyt_mrna__HAPLN4_201_	1
observable_6269	cyt_mrna__CEP55_201_	1
observable_6270	cyt_mrna__RIC1_203_	1
observable_6271	cyt_mrna__IFRD1_202_	1
observable_6272	cyt_mrna__MARCHF4_201_	1
observable_6273	cyt_mrna__ZNF829_201_	1
observable_6274	cyt_mrna__IQCA1L_203_	1
observable_6275	cyt_mrna__DNAJC9_201_	1
observable_6276	cyt_mrna__ZNF22_201_	1
observable_6277	cyt_mrna__ZNF580_201_	1
observable_6278	cyt_mrna__CEACAM8_201_	1
observable_6279	cyt_mrna__OGFRL1_201_	1
observable_6280	cyt_mrna__SCARB2_201_	1
observable_6281	cyt_mrna__BNC2_203_	1
observable_6282	cyt_mrna__NCAPH2_205_	1
observable_6283	cyt_mrna__PPP1R3G_201_	1
observable_6284	cyt_mrna__DMAC1_201_	1
observable_6285	cyt_mrna__GIMAP2_201_	1
observable_6286	cyt_mrna__DNM3_208_	1
observable_6287	cyt_mrna__KLK7_205_	1
observable_6288	cyt_mrna__CCDC182_201_	1
observable_6289	cyt_mrna__MTA1_201_	1
observable_6290	cyt_mrna__AFG3L2_201_	1
observable_6291	cyt_mrna__PIK3C2G_205_	1
observable_6292	cyt_mrna__RPP30_202_	1
observable_6293	cyt_mrna__PDE2A_201_	1
observable_6294	cyt_mrna__C1orf105_203_	1
observable_6295	cyt_mrna__ABL1_201_	1
observable_6296	cyt_mrna__FBXW10_203_	1
observable_6297	cyt_mrna__H2BC14_201_	1
observable_6298	cyt_mrna__TIMM23B_203_	1
observable_6299	cyt_mrna__CPA2_201_	1
observable_6300	cyt_mrna__ARMT1_201_	1
observable_6301	cyt_mrna__SOX15_201_	1
observable_6302	cyt_mrna__CA11_201_	1
observable_6303	cyt_mrna__CGRRF1_201_	1
observable_6304	cyt_mrna__EFNB3_201_	1
observable_6305	cyt_mrna__OR1D5_201_	1
observable_6306	cyt_mrna__CEACAM4_201_	1
observable_6307	cyt_mrna__CNNM1_201_	1
observable_6308	cyt_mrna__WSCD2_206_	1
observable_6309	cyt_mrna__ANGEL1_201_	1
observable_6310	cyt_mrna__MYL12B_201_	1
observable_6311	cyt_mrna__SLC4A9_204_	1
observable_6312	cyt_mrna__CPA4_201_	1
observable_6313	cyt_mrna__TMEM97_201_	1
observable_6314	cyt_mrna__SULT2A1_201_	1
observable_6315	cyt_mrna__NR2E1_202_	1
observable_6316	cyt_mrna__ABCA4_201_	1
observable_6317	cyt_mrna__RAB3D_201_	1
observable_6318	cyt_mrna__PSMA4_201_	1
observable_6319	cyt_mrna__BLOC1S5_202_	1
observable_6320	cyt_mrna__SP1_201_	1
observable_6321	cyt_mrna__COX16_201_	1
observable_6322	cyt_mrna__SPPL2C_201_	1
observable_6323	cyt_mrna__STH_201_	1
observable_6324	cyt_mrna__OR10V1_201_	1
observable_6325	cyt_mrna__PRX_202_	1
observable_6326	cyt_mrna__WHRN_202_	1
observable_6327	cyt_mrna__SCN1A_224_	1
observable_6328	cyt_mrna__PDE6A_201_	1
observable_6329	cyt_mrna__FAM117A_201_	1
observable_6330	cyt_mrna__TRIM32_203_	1
observable_6331	cyt_mrna__PRRC2C_213_	1
observable_6332	cyt_mrna__SLC22A3_201_	1
observable_6333	cyt_mrna__PRDM6_201_	1
observable_6334	cyt_mrna__HINT3_201_	1
observable_6335	cyt_mrna__CYP2F1_201_	1
observable_6336	cyt_mrna__PHPT1_201_	1
observable_6337	cyt_mrna__DLX3_201_	1
observable_6338	cyt_mrna__NDUFAF8_201_	1
observable_6339	cyt_mrna__TMEM141_201_	1
observable_6340	cyt_mrna__CYTIP_201_	1
observable_6341	cyt_mrna__TRIP13_201_	1
observable_6342	cyt_mrna__TNFRSF13B_201_	1
observable_6343	cyt_mrna__RBMS2_201_	1
observable_6344	cyt_mrna__NACC2_201_	1
observable_6345	cyt_mrna__RPRM_201_	1
observable_6346	cyt_mrna__CDC42SE2_208_	1
observable_6347	cyt_mrna__PLD6_201_	1
observable_6348	cyt_mrna__MED9_201_	1
observable_6349	cyt_mrna__DLGAP5_201_	1
observable_6350	cyt_mrna__GCLC_214_	1
observable_6351	cyt_mrna__NSG2_201_	1
observable_6352	cyt_mrna__PXMP2_201_	1
observable_6353	cyt_mrna__HSPA5_201_	1
observable_6354	cyt_mrna__IFI35_203_	1
observable_6355	cyt_mrna__IGDCC3_201_	1
observable_6356	cyt_mrna__ZNF474_201_	1
observable_6357	cyt_mrna__NXPH3_201_	1
observable_6358	cyt_mrna__PLEKHG1_209_	1
observable_6359	cyt_mrna__FAT3_204_	1
observable_6360	cyt_mrna__TMEM247_201_	1
observable_6361	cyt_mrna__INTS10_201_	1
observable_6362	cyt_mrna__CYB5D2_201_	1
observable_6363	cyt_mrna__CCNK_201_	1
observable_6364	cyt_mrna__SLCO4C1_201_	1
observable_6365	cyt_mrna__CYP4F11_203_	1
observable_6366	cyt_mrna__CARD6_201_	1
observable_6367	cyt_mrna__POU3F3_201_	1
observable_6368	cyt_mrna__PTPN21_208_	1
observable_6369	cyt_mrna__ASB18_201_	1
observable_6370	cyt_mrna__CEP295_201_	1
observable_6371	cyt_mrna__CADM4_201_	1
observable_6372	cyt_mrna__ZSCAN22_201_	1
observable_6373	cyt_mrna__FZD3_201_	1
observable_6374	cyt_mrna__BHMT2_201_	1
observable_6375	cyt_mrna__C14orf119_201_	1
observable_6376	cyt_mrna__GADD45B_201_	1
observable_6377	cyt_mrna__OR10A5_201_	1
observable_6378	cyt_mrna__OR2D2_201_	1
observable_6379	cyt_mrna__OR2D3_201_	1
observable_6380	cyt_mrna__UBTFL1_201_	1
observable_6381	cyt_mrna__OR56B2_201_	1
observable_6382	cyt_mrna__NSD2_218_	1
observable_6383	cyt_mrna__CRISP2_201_	1
observable_6384	cyt_mrna__NDUFB9_201_	1
observable_6385	cyt_mrna__OR52W1_201_	1
observable_6386	cyt_mrna__CYB5D1_201_	1
observable_6387	cyt_mrna__CSNK2A1_201_	1
observable_6388	cyt_mrna__GNMT_201_	1
observable_6389	cyt_mrna__LGR5_201_	1
observable_6390	cyt_mrna__GUCY2D_201_	1
observable_6391	cyt_mrna__HEBP2_204_	1
observable_6392	cyt_mrna__CTSV_201_	1
observable_6393	cyt_mrna__MS4A2_201_	1
observable_6394	cyt_mrna__RSPO3_201_	1
observable_6395	cyt_mrna__MEST_201_	1
observable_6396	cyt_mrna__ALOX12B_204_	1
observable_6397	cyt_mrna__AQP5_201_	1
observable_6398	cyt_mrna__INSR_201_	1
observable_6399	cyt_mrna__HES7_202_	1
observable_6400	cyt_mrna__MYPOP_201_	1
observable_6401	cyt_mrna__SPATS1_205_	1
observable_6402	cyt_mrna__BORCS6_201_	1
observable_6403	cyt_mrna__ODF4_201_	1
observable_6404	cyt_mrna__MFSD6L_201_	1
observable_6405	cyt_mrna__CYP3A7_201_	1
observable_6406	cyt_mrna__KIAA1217_204_	1
observable_6407	cyt_mrna__GJC3_201_	1
observable_6408	cyt_mrna__CCDC86_201_	1
observable_6409	cyt_mrna__TRIM46_201_	1
observable_6410	cyt_mrna__KDR_201_	1
observable_6411	cyt_mrna__PTGDR2_201_	1
observable_6412	cyt_mrna__TASOR2_214_	1
observable_6413	cyt_mrna__ZP1_201_	1
observable_6414	cyt_mrna__RPP40_202_	1
observable_6415	cyt_mrna__CFAP52_201_	1
observable_6416	cyt_mrna__PDE1B_201_	1
observable_6417	cyt_mrna__RAB5IF_202_	1
observable_6418	cyt_mrna__CNTNAP2_201_	1
observable_6419	cyt_mrna__SPATA19_201_	1
observable_6420	cyt_mrna__UCMA_201_	1
observable_6421	cyt_mrna__FHIP1A_201_	1
observable_6422	cyt_mrna__RCVRN_201_	1
observable_6423	cyt_mrna__CEP192_202_	1
observable_6424	cyt_mrna__IGSF9B_206_	1
observable_6425	cyt_mrna__SH3RF1_201_	1
observable_6426	cyt_mrna__CREB3_201_	1
observable_6427	cyt_mrna__MYH13_201_	1
observable_6428	cyt_mrna__MGME1_203_	1
observable_6429	cyt_mrna__ARHGAP8_202_	1
observable_6430	cyt_mrna__PIERCE1_205_	1
observable_6431	cyt_mrna__HSPB6_201_	1
observable_6432	cyt_mrna__YWHAG_201_	1
observable_6433	cyt_mrna__TOR1B_201_	1
observable_6434	cyt_mrna__GADD45GIP1_201_	1
observable_6435	cyt_mrna__BET1L_203_	1
observable_6436	cyt_mrna__ZP3_202_	1
observable_6437	cyt_mrna__SOSTDC1_201_	1
observable_6438	cyt_mrna__HINT2_201_	1
observable_6439	cyt_mrna__MYH8_201_	1
observable_6440	cyt_mrna__TRIM51G_201_	1
observable_6441	cyt_mrna__LRRC72_202_	1
observable_6442	cyt_mrna__ALDH5A1_202_	1
observable_6443	cyt_mrna__CPXM1_201_	1
observable_6444	cyt_mrna__CALHM6_202_	1
observable_6445	cyt_mrna__XPO7_201_	1
observable_6446	cyt_mrna__MYH4_201_	1
observable_6447	cyt_mrna__ANKRD29_208_	1
observable_6448	cyt_mrna__ADAM8_202_	1
observable_6449	cyt_mrna__LAMP5_201_	1
observable_6450	cyt_mrna__SMARCD3_201_	1
observable_6451	cyt_mrna__UNC93A_201_	1
observable_6452	cyt_mrna__SHISA6_204_	1
observable_6453	cyt_mrna__MYDGF_201_	1
observable_6454	cyt_mrna__EML1_201_	1
observable_6455	cyt_mrna__RAN_212_	1
observable_6456	cyt_mrna__FANK1_203_	1
observable_6457	cyt_mrna__KISS1R_201_	1
observable_6458	cyt_mrna__BRD3_201_	1
observable_6459	cyt_mrna__ZNF91_201_	1
observable_6460	cyt_mrna__NINJ2_201_	1
observable_6461	cyt_mrna__RNF216_202_	1
observable_6462	cyt_mrna__NDUFB6_203_	1
observable_6463	cyt_mrna__SSPN_201_	1
observable_6464	cyt_mrna__FUOM_201_	1
observable_6465	cyt_mrna__LRRC61_202_	1
observable_6466	cyt_mrna__SMCO3_201_	1
observable_6467	cyt_mrna__OTUD4_201_	1
observable_6468	cyt_mrna__FICD_204_	1
observable_6469	cyt_mrna__HSD17B4_211_	1
observable_6470	cyt_mrna__FKBP14_201_	1
observable_6471	cyt_mrna__STAG2_203_	1
observable_6472	cyt_mrna__BARX2_201_	1
observable_6473	cyt_mrna__DNAJC30_201_	1
observable_6474	cyt_mrna__CLDN3_201_	1
observable_6475	cyt_mrna__TMEM270_201_	1
observable_6476	cyt_mrna__FAM98C_201_	1
observable_6477	cyt_mrna__ZDHHC24_201_	1
observable_6478	cyt_mrna__POLB_201_	1
observable_6479	cyt_mrna__ANKRD49_210_	1
observable_6480	cyt_mrna__RGS14_201_	1
observable_6481	cyt_mrna__TIMM10B_201_	1
observable_6482	cyt_mrna__SLC17A3_204_	1
observable_6483	cyt_mrna__FZD1_201_	1
observable_6484	cyt_mrna__PTTG1IP2_201_	1
observable_6485	cyt_mrna__NCKAP1L_201_	1
observable_6486	cyt_mrna__CD3E_201_	1
observable_6487	cyt_mrna__RELL2_201_	1
observable_6488	cyt_mrna__RIPK2_201_	1
observable_6489	cyt_mrna__RASAL3_201_	1
observable_6490	cyt_mrna__DNAH9_201_	1
observable_6491	cyt_mrna__CDO1_201_	1
observable_6492	cyt_mrna__IGFBP6_201_	1
observable_6493	cyt_mrna__ZNF229_204_	1
observable_6494	cyt_mrna__MYO3A_207_	1
observable_6495	cyt_mrna__HS3ST3A1_201_	1
observable_6496	cyt_mrna__PURB_201_	1
observable_6497	cyt_mrna__ZNF112_202_	1
observable_6498	cyt_mrna__LAPTM4B_203_	1
observable_6499	cyt_mrna__CDRT15_201_	1
observable_6500	cyt_mrna__HS3ST3B1_201_	1
observable_6501	cyt_mrna__FGL2_201_	1
observable_6502	cyt_mrna__FSTL4_201_	1
observable_6503	cyt_mrna__ZC2HC1A_201_	1
observable_6504	cyt_mrna__NHLRC2_201_	1
observable_6505	cyt_mrna__CYGB_201_	1
observable_6506	cyt_mrna__TRIM29_201_	1
observable_6507	cyt_mrna__F12_201_	1
observable_6508	cyt_mrna__CEACAM19_201_	1
observable_6509	cyt_mrna__ATP6V0A2_201_	1
observable_6510	cyt_mrna__STAU1_207_	1
observable_6511	cyt_mrna__SEC24D_201_	1
observable_6512	cyt_mrna__IGSF23_201_	1
observable_6513	cyt_mrna__PRCD_210_	1
observable_6514	cyt_mrna__TIGAR_201_	1
observable_6515	cyt_mrna__GRIN2D_201_	1
observable_6516	cyt_mrna__TRPV6_201_	1
observable_6517	cyt_mrna__PABPC4L_201_	1
observable_6518	cyt_mrna__PRIM1_201_	1
observable_6519	cyt_mrna__PIP_201_	1
observable_6520	cyt_mrna__DBF4B_201_	1
observable_6521	cyt_mrna__EXOSC1_204_	1
observable_6522	cyt_mrna__TREH_201_	1
observable_6523	cyt_mrna__ZNF223_201_	1
observable_6524	cyt_mrna__LMOD2_202_	1
observable_6525	cyt_mrna__GK_206_	1
observable_6526	cyt_mrna__TEX19_201_	1
observable_6527	cyt_mrna__ST8SIA1_203_	1
observable_6528	cyt_mrna__EPO_201_	1
observable_6529	cyt_mrna__HIF1A_202_	1
observable_6530	cyt_mrna__MRPS16_202_	1
observable_6531	cyt_mrna__PYM1_203_	1
observable_6532	cyt_mrna__NHLRC4_201_	1
observable_6533	cyt_mrna__TEKT3_202_	1
observable_6534	cyt_mrna__HS3ST4_201_	1
observable_6535	cyt_mrna__GPRASP2_202_	1
observable_6536	cyt_mrna__CCNJ_203_	1
observable_6537	cyt_mrna__SIPA1L3_201_	1
observable_6538	cyt_mrna__CCDC137_201_	1
observable_6539	cyt_mrna__SRP72_205_	1
observable_6540	cyt_mrna__ATP6AP1_201_	1
observable_6541	cyt_mrna__FSCN2_202_	1
observable_6542	cyt_mrna__FGD6_201_	1
observable_6543	cyt_mrna__ELP1_201_	1
observable_6544	cyt_mrna__GSTO1_202_	1
observable_6545	cyt_mrna__RRM1_201_	1
observable_6546	cyt_mrna__SPG11_201_	1
observable_6547	cyt_mrna__CNOT7_201_	1
observable_6548	cyt_mrna__ZAN_205_	1
observable_6549	cyt_mrna__B3GNT6_202_	1
observable_6550	cyt_mrna__TAF1_204_	1
observable_6551	cyt_mrna__CHRM4_202_	1
observable_6552	cyt_mrna__CREBBP_201_	1
observable_6553	cyt_mrna__MBD6_201_	1
observable_6554	cyt_mrna__PARP8_201_	1
observable_6555	cyt_mrna__WBP2_201_	1
observable_6556	cyt_mrna__BCCIP_201_	1
observable_6557	cyt_mrna__SF3A2_201_	1
observable_6558	cyt_mrna__OPRD1_201_	1
observable_6559	cyt_mrna__ATP6V1F_201_	1
observable_6560	cyt_mrna__SPMIP1_201_	1
observable_6561	cyt_mrna__HS3ST2_201_	1
observable_6562	cyt_mrna__OR2B11_201_	1
observable_6563	cyt_mrna__OR6N2_201_	1
observable_6564	cyt_mrna__ZNF488_201_	1
observable_6565	cyt_mrna__H3C15_201_	1
observable_6566	cyt_mrna__APOA1_201_	1
observable_6567	cyt_mrna__H2BC18_201_	1
observable_6568	cyt_mrna__H4C15_201_	1
observable_6569	cyt_mrna__CHEK2_206_	1
observable_6570	cyt_mrna__SCGB3A1_201_	1
observable_6571	cyt_mrna__H2BC21_201_	1
observable_6572	cyt_mrna__H4C14_201_	1
observable_6573	cyt_mrna__H3C14_201_	1
observable_6574	cyt_mrna__FIBCD1_202_	1
observable_6575	cyt_mrna__IL19_205_	1
observable_6576	cyt_mrna__LCE2C_201_	1
observable_6577	cyt_mrna__OR2C3_202_	1
observable_6578	cyt_mrna__PDE5A_202_	1
observable_6579	cyt_mrna__CDH6_201_	1
observable_6580	cyt_mrna__LCE3C_202_	1
observable_6581	cyt_mrna__CITED4_201_	1
observable_6582	cyt_mrna__SLC23A2_201_	1
observable_6583	cyt_mrna__METTL16_201_	1
observable_6584	cyt_mrna__PELO_201_	1
observable_6585	cyt_mrna__GLB1L2_204_	1
observable_6586	cyt_mrna__NUP54_201_	1
observable_6587	cyt_mrna__SAFB2_201_	1
observable_6588	cyt_mrna__CAPSL_205_	1
observable_6589	cyt_mrna__SRSF1_201_	1
observable_6590	cyt_mrna__CCDC25_201_	1
observable_6591	cyt_mrna__MS4A8_201_	1
observable_6592	cyt_mrna__C1QTNF3_202_	1
observable_6593	cyt_mrna__MAP7D3_201_	1
observable_6594	cyt_mrna__KIF20B_202_	1
observable_6595	cyt_mrna__EPX_201_	1
observable_6596	cyt_mrna__CACNB3_201_	1
observable_6597	cyt_mrna__ZC3H7A_201_	1
observable_6598	cyt_mrna__CPA5_206_	1
observable_6599	cyt_mrna__NDUFAF5_202_	1
observable_6600	cyt_mrna__MARCHF5_201_	1
observable_6601	cyt_mrna__HNRNPUL2_201_	1
observable_6602	cyt_mrna__PKP1_203_	1
observable_6603	cyt_mrna__AQP6_201_	1
observable_6604	cyt_mrna__PHLDA3_202_	1
observable_6605	cyt_mrna__KCTD7_206_	1
observable_6606	cyt_mrna__UHRF2_201_	1
observable_6607	cyt_mrna__RPS16_201_	1
observable_6608	cyt_mrna__DGCR8_201_	1
observable_6609	cyt_mrna__ACOT12_201_	1
observable_6610	cyt_mrna__BAG4_201_	1
observable_6611	cyt_mrna__CD14_201_	1
observable_6612	cyt_mrna__MAP2K1_201_	1
observable_6613	cyt_mrna__TCFL5_202_	1
observable_6614	cyt_mrna__ZC3HAV1L_201_	1
observable_6615	cyt_mrna__WDR81_202_	1
observable_6616	cyt_mrna__NPM3_201_	1
observable_6617	cyt_mrna__ZGRF1_207_	1
observable_6618	cyt_mrna__TAFA3_201_	1
observable_6619	cyt_mrna__PHOSPHO1_201_	1
observable_6620	cyt_mrna__FAM162B_201_	1
observable_6621	cyt_mrna__TRIM41_201_	1
observable_6622	cyt_mrna__TAF13_201_	1
observable_6623	cyt_mrna__ZC3H3_201_	1
observable_6624	cyt_mrna__EPM2AIP1_201_	1
observable_6625	cyt_mrna__NOL7_202_	1
observable_6626	cyt_mrna__ARL3_201_	1
observable_6627	cyt_mrna__SLC22A6_201_	1
observable_6628	cyt_mrna__PYGL_201_	1
observable_6629	cyt_mrna__TAGAP_202_	1
observable_6630	cyt_mrna__CPNE8_201_	1
observable_6631	cyt_mrna__MRPL13_201_	1
observable_6632	cyt_mrna__CHRM1_201_	1
observable_6633	cyt_mrna__CCR8_201_	1
observable_6634	cyt_mrna__MRPL22_207_	1
observable_6635	cyt_mrna__CCDC106_202_	1
observable_6636	cyt_mrna__TLCD1_201_	1
observable_6637	cyt_mrna__GXYLT2_201_	1
observable_6638	cyt_mrna__NDUFAF2_201_	1
observable_6639	cyt_mrna__MMP2_201_	1
observable_6640	cyt_mrna__FAM200B_201_	1
observable_6641	cyt_mrna__ICAM3_201_	1
observable_6642	cyt_mrna__ZNF33A_203_	1
observable_6643	cyt_mrna__COMMD10_201_	1
observable_6644	cyt_mrna__CCL17_201_	1
observable_6645	cyt_mrna__ZACN_201_	1
observable_6646	cyt_mrna__CAPNS2_201_	1
observable_6647	cyt_mrna__GALR2_201_	1
observable_6648	cyt_mrna__PANK3_201_	1
observable_6649	cyt_mrna__KLRD1_201_	1
observable_6650	cyt_mrna__CTRB2_201_	1
observable_6651	cyt_mrna__SDC2_201_	1
observable_6652	cyt_mrna__PDCD5_207_	1
observable_6653	cyt_mrna__ACOT9_204_	1
observable_6654	cyt_mrna__PRR11_201_	1
observable_6655	cyt_mrna__VAT1L_201_	1
observable_6656	cyt_mrna__BTN3A1_202_	1
observable_6657	cyt_mrna__MAF_201_	1
observable_6658	cyt_mrna__ZNF69_202_	1
observable_6659	cyt_mrna__RTN4RL1_201_	1
observable_6660	cyt_mrna__RAB28_202_	1
observable_6661	cyt_mrna__CTRB1_201_	1
observable_6662	cyt_mrna__FOXC2_201_	1
observable_6663	cyt_mrna__ADCY5_202_	1
observable_6664	cyt_mrna__SYCE1L_201_	1
observable_6665	cyt_mrna__AGA_201_	1
observable_6666	cyt_mrna__IRF4_201_	1
observable_6667	cyt_mrna__HSH2D_206_	1
observable_6668	cyt_mrna__RELN_203_	1
observable_6669	cyt_mrna__GYS2_201_	1
observable_6670	cyt_mrna__FAM156B_201_	1
observable_6671	cyt_mrna__DPH1_201_	1
observable_6672	cyt_mrna__OPN1SW_201_	1
observable_6673	cyt_mrna__MON1B_201_	1
observable_6674	cyt_mrna__FYB1_208_	1
observable_6675	cyt_mrna__BEX2_202_	1
observable_6676	cyt_mrna__CLEC1B_201_	1
observable_6677	cyt_mrna__OVCA2_201_	1
observable_6678	cyt_mrna__ZNF852_201_	1
observable_6679	cyt_mrna__OCM_201_	1
observable_6680	cyt_mrna__BBS10_201_	1
observable_6681	cyt_mrna__SBF2_201_	1
observable_6682	cyt_mrna__POP4_202_	1
observable_6683	cyt_mrna__EBAG9_201_	1
observable_6684	cyt_mrna__FRG2C_201_	1
observable_6685	cyt_mrna__TAS2R39_201_	1
observable_6686	cyt_mrna__TAS2R40_201_	1
observable_6687	cyt_mrna__HEXIM1_201_	1
observable_6688	cyt_mrna__ARL5C_201_	1
observable_6689	cyt_mrna__RPS11_201_	1
observable_6690	cyt_mrna__CRHBP_201_	1
observable_6691	cyt_mrna__MCM10_202_	1
observable_6692	cyt_mrna__ZNF114_204_	1
observable_6693	cyt_mrna__ZFP90_203_	1
observable_6694	cyt_mrna__EIF4H_201_	1
observable_6695	cyt_mrna__ZNF675_201_	1
observable_6696	cyt_mrna__CHD7_201_	1
observable_6697	cyt_mrna__CLDN4_201_	1
observable_6698	cyt_mrna__OR9A4_202_	1
observable_6699	cyt_mrna__NACC1_201_	1
observable_6700	cyt_mrna__MMP13_201_	1
observable_6701	cyt_mrna__LRRD1_203_	1
observable_6702	cyt_mrna__BHMT_201_	1
observable_6703	cyt_mrna__IQGAP1_201_	1
observable_6704	cyt_mrna__MTHFD1_220_	1
observable_6705	cyt_mrna__ZNF66_201_	1
observable_6706	cyt_mrna__ALOX15_201_	1
observable_6707	cyt_mrna__TPH1_205_	1
observable_6708	cyt_mrna__ATXN7L1_202_	1
observable_6709	cyt_mrna__VMO1_201_	1
observable_6710	cyt_mrna__JPH3_201_	1
observable_6711	cyt_mrna__RALGAPB_201_	1
observable_6712	cyt_mrna__GLTPD2_201_	1
observable_6713	cyt_mrna__FRYL_202_	1
observable_6714	cyt_mrna__PPP1R14D_201_	1
observable_6715	cyt_mrna__CHRNE_203_	1
observable_6716	cyt_mrna__SPATA2_201_	1
observable_6717	cyt_mrna__CX3CL1_201_	1
observable_6718	cyt_mrna__RPL36_201_	1
observable_6719	cyt_mrna__HSD17B1_202_	1
observable_6720	cyt_mrna__JMJD7_201_	1
observable_6721	cyt_mrna__ARLN_202_	1
observable_6722	cyt_mrna__CDKL1_203_	1
observable_6723	cyt_mrna__MAT2B_202_	1
observable_6724	cyt_mrna__LRP4_201_	1
observable_6725	cyt_mrna__ZFHX3_201_	1
observable_6726	cyt_mrna__ODAD2_201_	1
observable_6727	cyt_mrna__RPS23_201_	1
observable_6728	cyt_mrna__ECI2_202_	1
observable_6729	cyt_mrna__COASY_201_	1
observable_6730	cyt_mrna__DGCR2_201_	1
observable_6731	cyt_mrna__PIGU_201_	1
observable_6732	cyt_mrna__CRYAB_217_	1
observable_6733	cyt_mrna__TM2D3_201_	1
observable_6734	cyt_mrna__SEMA6B_201_	1
observable_6735	cyt_mrna__FGF10_201_	1
observable_6736	cyt_mrna__ADAMTS18_201_	1
observable_6737	cyt_mrna__ID4_201_	1
observable_6738	cyt_mrna__REEP4_201_	1
observable_6739	cyt_mrna__TEX55_201_	1
observable_6740	cyt_mrna__RFESD_202_	1
observable_6741	cyt_mrna__FOXF1_201_	1
observable_6742	cyt_mrna__PAK3_203_	1
observable_6743	cyt_mrna__SRP14_201_	1
observable_6744	cyt_mrna__PRAG1_201_	1
observable_6745	cyt_mrna__GCNT4_202_	1
observable_6746	cyt_mrna__NPIPA5_201_	1
observable_6747	cyt_mrna__LYVE1_201_	1
observable_6748	cyt_mrna__PSMC3IP_202_	1
observable_6749	cyt_mrna__CLDN9_201_	1
observable_6750	cyt_mrna__CRABP1_201_	1
observable_6751	cyt_mrna__CASTOR1_202_	1
observable_6752	cyt_mrna__RNF4_201_	1
observable_6753	cyt_mrna__SLC22A10_201_	1
observable_6754	cyt_mrna__SLC17A1_201_	1
observable_6755	cyt_mrna__OR2C1_201_	1
observable_6756	cyt_mrna__ZNF597_201_	1
observable_6757	cyt_mrna__C16orf90_202_	1
observable_6758	cyt_mrna__KMT2C_201_	1
observable_6759	cyt_mrna__KCNH4_201_	1
observable_6760	cyt_mrna__AKT1S1_201_	1
observable_6761	cyt_mrna__HCRT_201_	1
observable_6762	cyt_mrna__APOL3_206_	1
observable_6763	cyt_mrna__NUP188_201_	1
observable_6764	cyt_mrna__DHRS7C_202_	1
observable_6765	cyt_mrna__GRPEL2_201_	1
observable_6766	cyt_mrna__TMEM265_201_	1
observable_6767	cyt_mrna__GSTA1_201_	1
observable_6768	cyt_mrna__ZNF432_201_	1
observable_6769	cyt_mrna__ORAI3_201_	1
observable_6770	cyt_mrna__PRSS35_201_	1
observable_6771	cyt_mrna__ASIC2_201_	1
observable_6772	cyt_mrna__LPA_201_	1
observable_6773	cyt_mrna__PIR_201_	1
observable_6774	cyt_mrna__SPATA32_201_	1
observable_6775	cyt_mrna__KRT24_201_	1
observable_6776	cyt_mrna__ELP2_203_	1
observable_6777	cyt_mrna__ARHGEF39_201_	1
observable_6778	cyt_mrna__KRT25_201_	1
observable_6779	cyt_mrna__KAT8_201_	1
observable_6780	cyt_mrna__ERGIC1_202_	1
observable_6781	cyt_mrna__KRT27_201_	1
observable_6782	cyt_mrna__KRT28_201_	1
observable_6783	cyt_mrna__PYCARD_201_	1
observable_6784	cyt_mrna__KRT10_201_	1
observable_6785	cyt_mrna__IGFBP1_201_	1
observable_6786	cyt_mrna__F2_201_	1
observable_6787	cyt_mrna__PTPRO_201_	1
observable_6788	cyt_mrna__RP9_201_	1
observable_6789	cyt_mrna__LYSMD3_201_	1
observable_6790	cyt_mrna__TATDN1_201_	1
observable_6791	cyt_mrna__NFXL1_206_	1
observable_6792	cyt_mrna__GARIN1A_207_	1
observable_6793	cyt_mrna__ATOX1_201_	1
observable_6794	cyt_mrna__LHFPL3_202_	1
observable_6795	cyt_mrna__FERD3L_201_	1
observable_6796	cyt_mrna__ATG12_208_	1
observable_6797	cyt_mrna__TMEM161A_201_	1
observable_6798	cyt_mrna__XNDC1N_210_	1
observable_6799	cyt_mrna__OR2A42_201_	1
observable_6800	cyt_mrna__MT4_201_	1
observable_6801	cyt_mrna__OR2A1_201_	1
observable_6802	cyt_mrna__RDH5_201_	1
observable_6803	cyt_mrna__OR2A25_203_	1
observable_6804	cyt_mrna__GSTA2_201_	1
observable_6805	cyt_mrna__GH1_201_	1
observable_6806	cyt_mrna__MT1E_202_	1
observable_6807	cyt_mrna__OR2A14_202_	1
observable_6808	cyt_mrna__MT1B_201_	1
observable_6809	cyt_mrna__RNF122_201_	1
observable_6810	cyt_mrna__CREB3L1_206_	1
observable_6811	cyt_mrna__PKN3_201_	1
observable_6812	cyt_mrna__SBK1_201_	1
observable_6813	cyt_mrna__WAC_203_	1
observable_6814	cyt_mrna__SCN4A_201_	1
observable_6815	cyt_mrna__XKR5_201_	1
observable_6816	cyt_mrna__DLL3_202_	1
observable_6817	cyt_mrna__PIF1_205_	1
observable_6818	cyt_mrna__RBM33_207_	1
observable_6819	cyt_mrna__PRR29_202_	1
observable_6820	cyt_mrna__IL27_201_	1
observable_6821	cyt_mrna__RSRC2_201_	1
observable_6822	cyt_mrna__SHH_201_	1
observable_6823	cyt_mrna__TMEM33_202_	1
observable_6824	cyt_mrna__TSC1_201_	1
observable_6825	cyt_mrna__DYDC1_201_	1
observable_6826	cyt_mrna__ERN1_201_	1
observable_6827	cyt_mrna__SLC22A9_201_	1
observable_6828	cyt_mrna__MNX1_201_	1
observable_6829	cyt_mrna__YTHDF3_205_	1
observable_6830	cyt_mrna__RPP38_201_	1
observable_6831	cyt_mrna__LYSMD4_212_	1
observable_6832	cyt_mrna__ASB16_201_	1
observable_6833	cyt_mrna__TEX12_201_	1
observable_6834	cyt_mrna__SLC22A7_202_	1
observable_6835	cyt_mrna__MYH9_201_	1
observable_6836	cyt_mrna__THAP1_201_	1
observable_6837	cyt_mrna__NPB_201_	1
observable_6838	cyt_mrna__CCR10_201_	1
observable_6839	cyt_mrna__CUZD1_205_	1
observable_6840	cyt_mrna__FOXH1_201_	1
observable_6841	cyt_mrna__CD19_202_	1
observable_6842	cyt_mrna__CLVS2_201_	1
observable_6843	cyt_mrna__BNIP3_201_	1
observable_6844	cyt_mrna__U2AF2_201_	1
observable_6845	cyt_mrna__CNTNAP1_201_	1
observable_6846	cyt_mrna__ZNF32_201_	1
observable_6847	cyt_mrna__BOD1L1_201_	1
observable_6848	cyt_mrna__ATP5F1A_202_	1
observable_6849	cyt_mrna__TESPA1_202_	1
observable_6850	cyt_mrna__TLCD3A_202_	1
observable_6851	cyt_mrna__APOC3_201_	1
observable_6852	cyt_mrna__GCK_204_	1
observable_6853	cyt_mrna__GEMIN4_201_	1
observable_6854	cyt_mrna__DUSP5_201_	1
observable_6855	cyt_mrna__C7orf33_201_	1
observable_6856	cyt_mrna__P3R3URF_201_	1
observable_6857	cyt_mrna__LURAP1_201_	1
observable_6858	cyt_mrna__LAMTOR3_202_	1
observable_6859	cyt_mrna__CEP85L_203_	1
observable_6860	cyt_mrna__STUM_201_	1
observable_6861	cyt_mrna__CA12_201_	1
observable_6862	cyt_mrna__FNDC8_201_	1
observable_6863	cyt_mrna__ZNF12_204_	1
observable_6864	cyt_mrna__PPIAL4E_201_	1
observable_6865	cyt_mrna__PPIAL4F_202_	1
observable_6866	cyt_mrna__PPIAL4G_201_	1
observable_6867	cyt_mrna__PPIAL4H_201_	1
observable_6868	cyt_mrna__DEPDC7_201_	1
observable_6869	cyt_mrna__KLK8_212_	1
observable_6870	cyt_mrna__KLHL21_201_	1
observable_6871	cyt_mrna__B4GAT1_201_	1
observable_6872	cyt_mrna__FDXACB1_201_	1
observable_6873	cyt_mrna__MUC17_201_	1
observable_6874	cyt_mrna__RTF1_201_	1
observable_6875	cyt_mrna__AP1G2_202_	1
observable_6876	cyt_mrna__HOXA1_202_	1
observable_6877	cyt_mrna__TMEM190_201_	1
observable_6878	cyt_mrna__SPI1_202_	1
observable_6879	cyt_mrna__HOXA2_201_	1
observable_6880	cyt_mrna__ZNF8_201_	1
observable_6881	cyt_mrna__HOXA5_201_	1
observable_6882	cyt_mrna__HOXA6_201_	1
observable_6883	cyt_mrna__ZNF609_201_	1
observable_6884	cyt_mrna__HOXA7_201_	1
observable_6885	cyt_mrna__TRIM2_201_	1
observable_6886	cyt_mrna__HOXA9_201_	1
observable_6887	cyt_mrna__MAJIN_201_	1
observable_6888	cyt_mrna__SPNS1_201_	1
observable_6889	cyt_mrna__DIRAS1_201_	1
observable_6890	cyt_mrna__HOXA11_201_	1
observable_6891	cyt_mrna__ADCY2_201_	1
observable_6892	cyt_mrna__OAF_201_	1
observable_6893	cyt_mrna__HOXA13_202_	1
observable_6894	cyt_mrna__EVX1_202_	1
observable_6895	cyt_mrna__NXPE1_202_	1
observable_6896	cyt_mrna__TIGD6_201_	1
observable_6897	cyt_mrna__ARG1_203_	1
observable_6898	cyt_mrna__TMEM171_202_	1
observable_6899	cyt_mrna__GDPD3_202_	1
observable_6900	cyt_mrna__PPIL4_201_	1
observable_6901	cyt_mrna__NSD3_202_	1
observable_6902	cyt_mrna__FKBP6_201_	1
observable_6903	cyt_mrna__ABTB2_201_	1
observable_6904	cyt_mrna__GPR139_202_	1
observable_6905	cyt_mrna__ZNF469_202_	1
observable_6906	cyt_mrna__CASTOR2_201_	1
observable_6907	cyt_mrna__GTPBP4_202_	1
observable_6908	cyt_mrna__FZD9_201_	1
observable_6909	cyt_mrna__ALDH8A1_201_	1
observable_6910	cyt_mrna__OCIAD2_205_	1
observable_6911	cyt_mrna__STK10_201_	1
observable_6912	cyt_mrna__H3C6_201_	1
observable_6913	cyt_mrna__PLA2G6_201_	1
observable_6914	cyt_mrna__PDCL2_201_	1
observable_6915	cyt_mrna__ASF1A_201_	1
observable_6916	cyt_mrna__UBR4_204_	1
observable_6917	cyt_mrna__RPL37_201_	1
observable_6918	cyt_mrna__ZNF77_201_	1
observable_6919	cyt_mrna__ABCB5_202_	1
observable_6920	cyt_mrna__ZNF738_206_	1
observable_6921	cyt_mrna__SEC23B_211_	1
observable_6922	cyt_mrna__ZNF354A_201_	1
observable_6923	cyt_mrna__OTOA_208_	1
observable_6924	cyt_mrna__PRDM2_202_	1
observable_6925	cyt_mrna__C22orf23_203_	1
observable_6926	cyt_mrna__ADH5_201_	1
observable_6927	cyt_mrna__PDE7A_203_	1
observable_6928	cyt_mrna__CMSS1_201_	1
observable_6929	cyt_mrna__EPHX3_201_	1
observable_6930	cyt_mrna__RMI2_201_	1
observable_6931	cyt_mrna__TNP2_201_	1
observable_6932	cyt_mrna__PRM3_201_	1
observable_6933	cyt_mrna__MAFF_201_	1
observable_6934	cyt_mrna__ECD_201_	1
observable_6935	cyt_mrna__JPH2_202_	1
observable_6936	cyt_mrna__PRM2_201_	1
observable_6937	cyt_mrna__HPX_201_	1
observable_6938	cyt_mrna__PRM1_201_	1
observable_6939	cyt_mrna__TNRC18_205_	1
observable_6940	cyt_mrna__VSIG10L_201_	1
observable_6941	cyt_mrna__C22orf15_203_	1
observable_6942	cyt_mrna__RAB33B_201_	1
observable_6943	cyt_mrna__EXOSC6_201_	1
observable_6944	cyt_mrna__PLPP5_203_	1
observable_6945	cyt_mrna__TCAF2_208_	1
observable_6946	cyt_mrna__MEP1A_201_	1
observable_6947	cyt_mrna__HNRNPAB_202_	1
observable_6948	cyt_mrna__ZNF479_201_	1
observable_6949	cyt_mrna__RAB6B_201_	1
observable_6950	cyt_mrna__HPD_201_	1
observable_6951	cyt_mrna__GABARAPL2_201_	1
observable_6952	cyt_mrna__PM20D2_201_	1
observable_6953	cyt_mrna__DUXB_201_	1
observable_6954	cyt_mrna__ETFA_203_	1
observable_6955	cyt_mrna__SPAM1_207_	1
observable_6956	cyt_mrna__ZNF679_202_	1
observable_6957	cyt_mrna__HBZ_201_	1
observable_6958	cyt_mrna__ZNF736_202_	1
observable_6959	cyt_mrna__RARS2_201_	1
observable_6960	cyt_mrna__HBM_201_	1
observable_6961	cyt_mrna__GNAT1_201_	1
observable_6962	cyt_mrna__ARID4A_202_	1
observable_6963	cyt_mrna__CDCA2_201_	1
observable_6964	cyt_mrna__HBQ1_201_	1
observable_6965	cyt_mrna__CDHR1_206_	1
observable_6966	cyt_mrna__DDX28_201_	1
observable_6967	cyt_mrna__ASB6_201_	1
observable_6968	cyt_mrna__SLC5A12_202_	1
observable_6969	cyt_mrna__NEUROD6_201_	1
observable_6970	cyt_mrna__KIT_201_	1
observable_6971	cyt_mrna__SMAD2_201_	1
observable_6972	cyt_mrna__GNG10_201_	1
observable_6973	cyt_mrna__SNX24_201_	1
observable_6974	cyt_mrna__TMEM184B_202_	1
observable_6975	cyt_mrna__WDR89_204_	1
observable_6976	cyt_mrna__NMUR2_201_	1
observable_6977	cyt_mrna__B3GAT1_201_	1
observable_6978	cyt_mrna__ROPN1B_210_	1
observable_6979	cyt_mrna__NMS_201_	1
observable_6980	cyt_mrna__CFAP95_201_	1
observable_6981	cyt_mrna__STX16_206_	1
observable_6982	cyt_mrna__AXL_201_	1
observable_6983	cyt_mrna__HS6ST1_201_	1
observable_6984	cyt_mrna__MCHR2_201_	1
observable_6985	cyt_mrna__PLEKHO2_201_	1
observable_6986	cyt_mrna__BAZ1B_201_	1
observable_6987	cyt_mrna__ZCCHC4_201_	1
observable_6988	cyt_mrna__OSER1_201_	1
observable_6989	cyt_mrna__OTUD7A_201_	1
observable_6990	cyt_mrna__TREM2_202_	1
observable_6991	cyt_mrna__ZNF184_203_	1
observable_6992	cyt_mrna__CCL26_201_	1
observable_6993	cyt_mrna__EDF1_201_	1
observable_6994	cyt_mrna__TET3_202_	1
observable_6995	cyt_mrna__ZFP91_201_	1
observable_6996	cyt_mrna__SMPD2_201_	1
observable_6997	cyt_mrna__ATP5ME_201_	1
observable_6998	cyt_mrna__GPR45_201_	1
observable_6999	cyt_mrna__CASR_205_	1
observable_7000	cyt_mrna__ZCCHC9_203_	1
observable_7001	cyt_mrna__SAP30_201_	1
observable_7002	cyt_mrna__OLFML1_201_	1
observable_7003	cyt_mrna__SOAT2_201_	1
observable_7004	cyt_mrna__CIAO2A_201_	1
observable_7005	cyt_mrna__CARD16_205_	1
observable_7006	cyt_mrna__CD28_201_	1
observable_7007	cyt_mrna__GAL3ST2_201_	1
observable_7008	cyt_mrna__TTI1_201_	1
observable_7009	cyt_mrna__RDH16_202_	1
observable_7010	cyt_mrna__UBE2K_201_	1
observable_7011	cyt_mrna__ATP5F1C_202_	1
observable_7012	cyt_mrna__MRFAP1L1_201_	1
observable_7013	cyt_mrna__AMDHD1_201_	1
observable_7014	cyt_mrna__MS4A15_202_	1
observable_7015	cyt_mrna__UCK1_204_	1
observable_7016	cyt_mrna__CHP1_201_	1
observable_7017	cyt_mrna__TIMM9_202_	1
observable_7018	cyt_mrna__NOA1_201_	1
observable_7019	cyt_mrna__REEP2_202_	1
observable_7020	cyt_mrna__SPIDR_201_	1
observable_7021	cyt_mrna__PKD1L1_201_	1
observable_7022	cyt_mrna__HEPACAM_201_	1
observable_7023	cyt_mrna__SLC17A2_203_	1
observable_7024	cyt_mrna__RIOK3_201_	1
observable_7025	cyt_mrna__CNGA4_201_	1
observable_7026	cyt_mrna__DYNLT1_203_	1
observable_7027	cyt_mrna__VGLL3_202_	1
observable_7028	cyt_mrna__SP8_202_	1
observable_7029	cyt_mrna__DCDC2_202_	1
observable_7030	cyt_mrna__CD80_201_	1
observable_7031	cyt_mrna__DPCD_202_	1
observable_7032	cyt_mrna__MRGBP_201_	1
observable_7033	cyt_mrna__RPRD1A_202_	1
observable_7034	cyt_mrna__MAP9_201_	1
observable_7035	cyt_mrna__SLCO1B1_201_	1
observable_7036	cyt_mrna__GRIPAP1_201_	1
observable_7037	cyt_mrna__DPF1_201_	1
observable_7038	cyt_mrna__POMK_201_	1
observable_7039	cyt_mrna__C4orf46_201_	1
observable_7040	cyt_mrna__SIDT2_202_	1
observable_7041	cyt_mrna__PIP4K2A_202_	1
observable_7042	cyt_mrna__AFAP1_204_	1
observable_7043	cyt_mrna__CDC14B_202_	1
observable_7044	cyt_mrna__TBC1D20_201_	1
observable_7045	cyt_mrna__MTBP_201_	1
observable_7046	cyt_mrna__BICD1_210_	1
observable_7047	cyt_mrna__APOA5_201_	1
observable_7048	cyt_mrna__RHCE_201_	1
observable_7049	cyt_mrna__DNAJC5B_201_	1
observable_7050	cyt_mrna__SLC31A1_201_	1
observable_7051	cyt_mrna__TMEM80_201_	1
observable_7052	cyt_mrna__GMEB2_203_	1
observable_7053	cyt_mrna__ATP8B1_208_	1
observable_7054	cyt_mrna__AFF1_202_	1
observable_7055	cyt_mrna__RRP8_201_	1
observable_7056	cyt_mrna__SEMA6A_202_	1
observable_7057	cyt_mrna__BTAF1_201_	1
observable_7058	cyt_mrna__SIGLEC1_201_	1
observable_7059	cyt_mrna__SREK1IP1_204_	1
observable_7060	cyt_mrna__SCGB1A1_201_	1
observable_7061	cyt_mrna__CCDC127_201_	1
observable_7062	cyt_mrna__BIN2_210_	1
observable_7063	cyt_mrna__XYLB_201_	1
observable_7064	cyt_mrna__MED23_205_	1
observable_7065	cyt_mrna__NFATC3_202_	1
observable_7066	cyt_mrna__LENEP_202_	1
observable_7067	cyt_mrna__PSMD10_201_	1
observable_7068	cyt_mrna__ARPC5_202_	1
observable_7069	cyt_mrna__TUBB4B_201_	1
observable_7070	cyt_mrna__APOBEC4_201_	1
observable_7071	cyt_mrna__USP49_206_	1
observable_7072	cyt_mrna__ARSG_208_	1
observable_7073	cyt_mrna__ADAMTS16_201_	1
observable_7074	cyt_mrna__AADAC_201_	1
observable_7075	cyt_mrna__ELF2_213_	1
observable_7076	cyt_mrna__RNF227_201_	1
observable_7077	cyt_mrna__CCR6_201_	1
observable_7078	cyt_mrna__OR4D2_201_	1
observable_7079	cyt_mrna__POLA2_201_	1
observable_7080	cyt_mrna__AKNAD1_204_	1
observable_7081	cyt_mrna__CHMP6_201_	1
observable_7082	cyt_mrna__ITGAD_201_	1
observable_7083	cyt_mrna__TRAF6_202_	1
observable_7084	cyt_mrna__BHLHA9_201_	1
observable_7085	cyt_mrna__CD4_201_	1
observable_7086	cyt_mrna__TRARG1_201_	1
observable_7087	cyt_mrna__ASPG_206_	1
observable_7088	cyt_mrna__SESN1_204_	1
observable_7089	cyt_mrna__FAM131A_203_	1
observable_7090	cyt_mrna__RAB32_201_	1
observable_7091	cyt_mrna__DOCK4_204_	1
observable_7092	cyt_mrna__VNN1_201_	1
observable_7093	cyt_mrna__TRIM25_201_	1
observable_7094	cyt_mrna__NDOR1_206_	1
observable_7095	cyt_mrna__CDH2_201_	1
observable_7096	cyt_mrna__BCHE_201_	1
observable_7097	cyt_mrna__ARL1_201_	1
observable_7098	cyt_mrna__USP2_201_	1
observable_7099	cyt_mrna__TMEM121_201_	1
observable_7100	cyt_mrna__ZNF750_201_	1
observable_7101	cyt_mrna__MCUR1_201_	1
observable_7102	cyt_mrna__PDE4B_202_	1
observable_7103	cyt_mrna__YWHAZ_207_	1
observable_7104	cyt_mrna__SGSM3_201_	1
observable_7105	cyt_mrna__COMMD9_201_	1
observable_7106	cyt_mrna__RNF138_202_	1
observable_7107	cyt_mrna__MPEG1_201_	1
observable_7108	cyt_mrna__ZNF408_201_	1
observable_7109	cyt_mrna__BTBD9_204_	1
observable_7110	cyt_mrna__ENDOD1_201_	1
observable_7111	cyt_mrna__CALML6_201_	1
observable_7112	cyt_mrna__SYT4_201_	1
observable_7113	cyt_mrna__EFCAB3_201_	1
observable_7114	cyt_mrna__SDK1_202_	1
observable_7115	cyt_mrna__SLC16A10_202_	1
observable_7116	cyt_mrna__WDR77_201_	1
observable_7117	cyt_mrna__RPL12_201_	1
observable_7118	cyt_mrna__RBCK1_202_	1
observable_7119	cyt_mrna__AKAP7_204_	1
observable_7120	cyt_mrna__OXSR1_201_	1
observable_7121	cyt_mrna__MYO1E_201_	1
observable_7122	cyt_mrna__TMIGD3_201_	1
observable_7123	cyt_mrna__SMPD1_201_	1
observable_7124	cyt_mrna__ADORA3_201_	1
observable_7125	cyt_mrna__FOXO6_202_	1
observable_7126	cyt_mrna__THRSP_201_	1
observable_7127	cyt_mrna__INIP_203_	1
observable_7128	cyt_mrna__CLCN4_202_	1
observable_7129	cyt_mrna__SUPT3H_202_	1
observable_7130	cyt_mrna__HBB_201_	1
observable_7131	cyt_mrna__MRC2_201_	1
observable_7132	cyt_mrna__LFNG_201_	1
observable_7133	cyt_mrna__HS2ST1_201_	1
observable_7134	cyt_mrna__CFAP77_203_	1
observable_7135	cyt_mrna__ALDOA_218_	1
observable_7136	cyt_mrna__CHRNB4_201_	1
observable_7137	cyt_mrna__OGA_202_	1
observable_7138	cyt_mrna__SNAPC4_206_	1
observable_7139	cyt_mrna__RAB1B_201_	1
observable_7140	cyt_mrna__TEKT5_201_	1
observable_7141	cyt_mrna__ABCE1_201_	1
observable_7142	cyt_mrna__AIF1_203_	1
observable_7143	cyt_mrna__ZNF343_201_	1
observable_7144	cyt_mrna__SUN3_201_	1
observable_7145	cyt_mrna__SLC7A7_222_	1
observable_7146	cyt_mrna__DEXI_201_	1
observable_7147	cyt_mrna__CCDC71L_201_	1
observable_7148	cyt_mrna__TOMM7_201_	1
observable_7149	cyt_mrna__FBXO22_201_	1
observable_7150	cyt_mrna__HOXA10_201_	1
observable_7151	cyt_mrna__TMEM178B_202_	1
observable_7152	cyt_mrna__SLC44A5_202_	1
observable_7153	cyt_mrna__RFTN1_201_	1
observable_7154	cyt_mrna__EARS2_201_	1
observable_7155	cyt_mrna__FAM229A_204_	1
observable_7156	cyt_mrna__TCHH_201_	1
observable_7157	cyt_mrna__DNMBP_201_	1
observable_7158	cyt_mrna__TMEM41A_203_	1
observable_7159	cyt_mrna__SLC4A1_201_	1
observable_7160	cyt_mrna__CCM2L_202_	1
observable_7161	cyt_mrna__NTN3_201_	1
observable_7162	cyt_mrna__RUNX2_212_	1
observable_7163	cyt_mrna__CEMP1_202_	1
observable_7164	cyt_mrna__USH1G_202_	1
observable_7165	cyt_mrna__OSBPL1A_201_	1
observable_7166	cyt_mrna__IDS_201_	1
observable_7167	cyt_mrna__OR1D2_202_	1
observable_7168	cyt_mrna__NACA2_201_	1
observable_7169	cyt_mrna__CTF1_201_	1
observable_7170	cyt_mrna__OR1E1_201_	1
observable_7171	cyt_mrna__OR1E2_201_	1
observable_7172	cyt_mrna__ERO1B_202_	1
observable_7173	cyt_mrna__COMMD2_203_	1
observable_7174	cyt_mrna__KPRP_201_	1
observable_7175	cyt_mrna__YTHDC1_201_	1
observable_7176	cyt_mrna__SLC24A1_201_	1
observable_7177	cyt_mrna__DNAH11_201_	1
observable_7178	cyt_mrna__TLL2_201_	1
observable_7179	cyt_mrna__KCNG1_201_	1
observable_7180	cyt_mrna__BTLA_201_	1
observable_7181	cyt_mrna__CYP39A1_201_	1
observable_7182	cyt_mrna__NKD1_201_	1
observable_7183	cyt_mrna__UTP15_201_	1
observable_7184	cyt_mrna__A4GNT_201_	1
observable_7185	cyt_mrna__CYP46A1_201_	1
observable_7186	cyt_mrna__RGS8_207_	1
observable_7187	cyt_mrna__EAF2_201_	1
observable_7188	cyt_mrna__CAMLG_201_	1
observable_7189	cyt_mrna__HTR1F_201_	1
observable_7190	cyt_mrna__ASAH2B_207_	1
observable_7191	cyt_mrna__NFX1_203_	1
observable_7192	cyt_mrna__BOD1_202_	1
observable_7193	cyt_mrna__ZNF33B_201_	1
observable_7194	cyt_mrna__SPATA22_209_	1
observable_7195	cyt_mrna__PILRB_213_	1
observable_7196	cyt_mrna__MAP3K15_201_	1
observable_7197	cyt_mrna__ARL2BP_201_	1
observable_7198	cyt_mrna__TICRR_201_	1
observable_7199	cyt_mrna__NIPSNAP3A_201_	1
observable_7200	cyt_mrna__SPDYE2B_203_	1
observable_7201	cyt_mrna__RNF114_201_	1
observable_7202	cyt_mrna__CELSR2_201_	1
observable_7203	cyt_mrna__SPDYE5_201_	1
observable_7204	cyt_mrna__ADGRF1_203_	1
observable_7205	cyt_mrna__SPDYE9_202_	1
observable_7206	cyt_mrna__SPDYE11_201_	1
observable_7207	cyt_mrna__SPDYE15_201_	1
observable_7208	cyt_mrna__SPDYE16_203_	1
observable_7209	cyt_mrna__SAPCD2_201_	1
observable_7210	cyt_mrna__SPDYE17_201_	1
observable_7211	cyt_mrna__SLC16A13_201_	1
observable_7212	cyt_mrna__SYMPK_201_	1
observable_7213	cyt_mrna__SLCO2A1_201_	1
observable_7214	cyt_mrna__TBX20_201_	1
observable_7215	cyt_mrna__TREML1_202_	1
observable_7216	cyt_mrna__PHAF1_201_	1
observable_7217	cyt_mrna__SNTA1_201_	1
observable_7218	cyt_mrna__PYHIN1_203_	1
observable_7219	cyt_mrna__PHF23_201_	1
observable_7220	cyt_mrna__MCM4_222_	1
observable_7221	cyt_mrna__ATG9B_211_	1
observable_7222	cyt_mrna__GBX1_201_	1
observable_7223	cyt_mrna__FOXL3_201_	1
observable_7224	cyt_mrna__FRK_201_	1
observable_7225	cyt_mrna__SUFU_202_	1
observable_7226	cyt_mrna__PPP1R2_206_	1
observable_7227	cyt_mrna__NHLH1_201_	1
observable_7228	cyt_mrna__SPRR1A_201_	1
observable_7229	cyt_mrna__TMEM208_201_	1
observable_7230	cyt_mrna__PRR19_201_	1
observable_7231	cyt_mrna__PIGG_203_	1
observable_7232	cyt_mrna__PRC1_202_	1
observable_7233	cyt_mrna__MALT1_208_	1
observable_7234	cyt_mrna__EIF4EBP1_201_	1
observable_7235	cyt_mrna__CLCA2_201_	1
observable_7236	cyt_mrna__ASZ1_201_	1
observable_7237	cyt_mrna__C17orf50_203_	1
observable_7238	cyt_mrna__NUDT4B_201_	1
observable_7239	cyt_mrna__IZUMO2_201_	1
observable_7240	cyt_mrna__TET1_201_	1
observable_7241	cyt_mrna__DSCC1_201_	1
observable_7242	cyt_mrna__ABHD15_201_	1
observable_7243	cyt_mrna__NEUROG3_201_	1
observable_7244	cyt_mrna__ARHGEF12_202_	1
observable_7245	cyt_mrna__DLGAP4_201_	1
observable_7246	cyt_mrna__SLC6A11_201_	1
observable_7247	cyt_mrna__KCTD19_201_	1
observable_7248	cyt_mrna__PAFAH1B3_201_	1
observable_7249	cyt_mrna__ARHGAP31_201_	1
observable_7250	cyt_mrna__ZBTB14_209_	1
observable_7251	cyt_mrna__SARAF_201_	1
observable_7252	cyt_mrna__ASB7_201_	1
observable_7253	cyt_mrna__KIN_201_	1
observable_7254	cyt_mrna__STMN3_201_	1
observable_7255	cyt_mrna__RAD50_201_	1
observable_7256	cyt_mrna__RNF152_201_	1
observable_7257	cyt_mrna__LRRC36_201_	1
observable_7258	cyt_mrna__GLS2_201_	1
observable_7259	cyt_mrna__ATP5F1D_201_	1
observable_7260	cyt_mrna__BMP2_201_	1
observable_7261	cyt_mrna__WDR44_201_	1
observable_7262	cyt_mrna__CTTNBP2_201_	1
observable_7263	cyt_mrna__RBPMS2_201_	1
observable_7264	cyt_mrna__STOML2_201_	1
observable_7265	cyt_mrna__FBXW7_201_	1
observable_7266	cyt_mrna__GPLD1_201_	1
observable_7267	cyt_mrna__GDAP1_201_	1
observable_7268	cyt_mrna__SLC25A48_211_	1
observable_7269	cyt_mrna__CHPF2_201_	1
observable_7270	cyt_mrna__YARS2_201_	1
observable_7271	cyt_mrna__COG8_201_	1
observable_7272	cyt_mrna__KLHL42_201_	1
observable_7273	cyt_mrna__PDF_201_	1
observable_7274	cyt_mrna__CD96_202_	1
observable_7275	cyt_mrna__SEPHS2_201_	1
observable_7276	cyt_mrna__ZBED2_201_	1
observable_7277	cyt_mrna__CEP72_201_	1
observable_7278	cyt_mrna__SLC17A8_201_	1
observable_7279	cyt_mrna__C9orf43_202_	1
observable_7280	cyt_mrna__ZNF768_201_	1
observable_7281	cyt_mrna__GARIN1B_209_	1
observable_7282	cyt_mrna__SLC27A2_201_	1
observable_7283	cyt_mrna__MATN1_201_	1
observable_7284	cyt_mrna__CBLC_203_	1
observable_7285	cyt_mrna__SPDYE6_201_	1
observable_7286	cyt_mrna__POLE3_202_	1
observable_7287	cyt_mrna__IYD_202_	1
observable_7288	cyt_mrna__LAMTOR4_201_	1
observable_7289	cyt_mrna__CKS2_201_	1
observable_7290	cyt_mrna__MTMR3_204_	1
observable_7291	cyt_mrna__EXOSC5_201_	1
observable_7292	cyt_mrna__PDHA1_205_	1
observable_7293	cyt_mrna__DNAAF9_201_	1
observable_7294	cyt_mrna__TGS1_201_	1
observable_7295	cyt_mrna__TMPRSS5_201_	1
observable_7296	cyt_mrna__PRSS54_204_	1
observable_7297	cyt_mrna__LMNB1_201_	1
observable_7298	cyt_mrna__SEPTIN4_232_	1
observable_7299	cyt_mrna__UGCG_201_	1
observable_7300	cyt_mrna__DCTPP1_201_	1
observable_7301	cyt_mrna__NAT1_201_	1
observable_7302	cyt_mrna__SRGAP1_201_	1
observable_7303	cyt_mrna__LZTFL1_201_	1
observable_7304	cyt_mrna__GNAZ_203_	1
observable_7305	cyt_mrna__C5orf58_206_	1
observable_7306	cyt_mrna__SMC1A_201_	1
observable_7307	cyt_mrna__C16orf78_201_	1
observable_7308	cyt_mrna__RPL18A_201_	1
observable_7309	cyt_mrna__GRIFIN_202_	1
observable_7310	cyt_mrna__ARMCX5_203_	1
observable_7311	cyt_mrna__CDC14C_201_	1
observable_7312	cyt_mrna__LIN7A_204_	1
observable_7313	cyt_mrna__SFPQ_201_	1
observable_7314	cyt_mrna__PSMF1_203_	1
observable_7315	cyt_mrna__CCNB2_201_	1
observable_7316	cyt_mrna__BMP8B_201_	1
observable_7317	cyt_mrna__OXCT2_201_	1
observable_7318	cyt_mrna__PRG2_201_	1
observable_7319	cyt_mrna__BIK_201_	1
observable_7320	cyt_mrna__UBE2S_201_	1
observable_7321	cyt_mrna__CETN3_201_	1
observable_7322	cyt_mrna__SPDYE21_201_	1
observable_7323	cyt_mrna__MRPL15_201_	1
observable_7324	cyt_mrna__MXRA7_203_	1
observable_7325	cyt_mrna__FBXO27_201_	1
observable_7326	cyt_mrna__MAN2B2_201_	1
observable_7327	cyt_mrna__RIBC1_202_	1
observable_7328	cyt_mrna__ZNF165_202_	1
observable_7329	cyt_mrna__OR1A2_201_	1
observable_7330	cyt_mrna__PCLAF_201_	1
observable_7331	cyt_mrna__SPIN2B_204_	1
observable_7332	cyt_mrna__NEK1_203_	1
observable_7333	cyt_mrna__ZFAND3_201_	1
observable_7334	cyt_mrna__GRID2IP_203_	1
observable_7335	cyt_mrna__RNASEH2C_201_	1
observable_7336	cyt_mrna__ZNF735_201_	1
observable_7337	cyt_mrna__GDPD1_201_	1
observable_7338	cyt_mrna__OAS3_201_	1
observable_7339	cyt_mrna__ADTRP_203_	1
observable_7340	cyt_mrna__YPEL2_201_	1
observable_7341	cyt_mrna__LMNB2_201_	1
observable_7342	cyt_mrna__SMPDL3A_201_	1
observable_7343	cyt_mrna__RSL24D1_201_	1
observable_7344	cyt_mrna__ABHD17C_201_	1
observable_7345	cyt_mrna__ADCY7_215_	1
observable_7346	cyt_mrna__BMPER_221_	1
observable_7347	cyt_mrna__PDCD11_201_	1
observable_7348	cyt_mrna__CSTF2_201_	1
observable_7349	cyt_mrna__SSH1_202_	1
observable_7350	cyt_mrna__ZNF507_202_	1
observable_7351	cyt_mrna__SPDYE2_203_	1
observable_7352	cyt_mrna__SPDYE12_201_	1
observable_7353	cyt_mrna__ARFGEF1_201_	1
observable_7354	cyt_mrna__ARHGEF3_201_	1
observable_7355	cyt_mrna__TNFSF13_201_	1
observable_7356	cyt_mrna__TRIT1_201_	1
observable_7357	cyt_mrna__CLMN_201_	1
observable_7358	cyt_mrna__NREP_201_	1
observable_7359	cyt_mrna__IAPP_201_	1
observable_7360	cyt_mrna__ARFGEF3_201_	1
observable_7361	cyt_mrna__HSD17B10_201_	1
observable_7362	cyt_mrna__TCTE1_202_	1
observable_7363	cyt_mrna__XRCC2_201_	1
observable_7364	cyt_mrna__CA5B_201_	1
observable_7365	cyt_mrna__NUMBL_201_	1
observable_7366	cyt_mrna__ABHD12B_201_	1
observable_7367	cyt_mrna__CKLF_201_	1
observable_7368	cyt_mrna__OR1A1_202_	1
observable_7369	cyt_mrna__EDC3_201_	1
observable_7370	cyt_mrna__CEBPG_201_	1
observable_7371	cyt_mrna__OR4D1_201_	1
observable_7372	cyt_mrna__FCRL4_201_	1
observable_7373	cyt_mrna__CMTM2_201_	1
observable_7374	cyt_mrna__C1orf226_202_	1
observable_7375	cyt_mrna__FRMD4B_201_	1
observable_7376	cyt_mrna__CMTM4_202_	1
observable_7377	cyt_mrna__MICOS13_201_	1
observable_7378	cyt_mrna__BIN3_201_	1
observable_7379	cyt_mrna__CBLL1_205_	1
observable_7380	cyt_mrna__KDM1B_205_	1
observable_7381	cyt_mrna__MMAB_210_	1
observable_7382	cyt_mrna__NCAPG_201_	1
observable_7383	cyt_mrna__TEX35_201_	1
observable_7384	cyt_mrna__LRGUK_201_	1
observable_7385	cyt_mrna__VIP_202_	1
observable_7386	cyt_mrna__SH3GLB2_203_	1
observable_7387	cyt_mrna__UQCRHL_202_	1
observable_7388	cyt_mrna__ANKRD61_201_	1
observable_7389	cyt_mrna__SAMD9_201_	1
observable_7390	cyt_mrna__NEIL3_201_	1
observable_7391	cyt_mrna__H2BC15_203_	1
observable_7392	cyt_mrna__SLFN14_202_	1
observable_7393	cyt_mrna__ELOVL6_201_	1
observable_7394	cyt_mrna__IL10_202_	1
observable_7395	cyt_mrna__OCM2_201_	1
observable_7396	cyt_mrna__AGT_201_	1
observable_7397	cyt_mrna__RTRAF_201_	1
observable_7398	cyt_mrna__PPRC1_201_	1
observable_7399	cyt_mrna__CFAP141_201_	1
observable_7400	cyt_mrna__ZFP42_201_	1
observable_7401	cyt_mrna__UPK1B_201_	1
observable_7402	cyt_mrna__ENOSF1_222_	1
observable_7403	cyt_mrna__ADAM21_201_	1
observable_7404	cyt_mrna__SQLE_201_	1
observable_7405	cyt_mrna__BCL2L15_202_	1
observable_7406	cyt_mrna__ANKS6_201_	1
observable_7407	cyt_mrna__NPFFR2_201_	1
observable_7408	cyt_mrna__ABCA9_201_	1
observable_7409	cyt_mrna__ZNF619_203_	1
observable_7410	cyt_mrna__DIP2C_201_	1
observable_7411	cyt_mrna__C1orf141_209_	1
observable_7412	cyt_mrna__SOX6_219_	1
observable_7413	cyt_mrna__SLC22A1_202_	1
observable_7414	cyt_mrna__CTSL_203_	1
observable_7415	cyt_mrna__CCNA2_201_	1
observable_7416	cyt_mrna__AADACL3_201_	1
observable_7417	cyt_mrna__CFAP107_203_	1
observable_7418	cyt_mrna__PRAMEF12_201_	1
observable_7419	cyt_mrna__CHCHD7_202_	1
observable_7420	cyt_mrna__PRAMEF1_201_	1
observable_7421	cyt_mrna__TMEM109_201_	1
observable_7422	cyt_mrna__AUTS2_201_	1
observable_7423	cyt_mrna__AHSG_202_	1
observable_7424	cyt_mrna__ZNF214_201_	1
observable_7425	cyt_mrna__SAA4_201_	1
observable_7426	cyt_mrna__ANP32B_201_	1
observable_7427	cyt_mrna__ABCA10_213_	1
observable_7428	cyt_mrna__AADACL4_201_	1
observable_7429	cyt_mrna__SEPTIN6_205_	1
observable_7430	cyt_mrna__DGKA_201_	1
observable_7431	cyt_mrna__GRIP2_205_	1
observable_7432	cyt_mrna__IL23R_201_	1
observable_7433	cyt_mrna__VEGFD_201_	1
observable_7434	cyt_mrna__CDC25C_201_	1
observable_7435	cyt_mrna__PTS_201_	1
observable_7436	cyt_mrna__CISH_201_	1
observable_7437	cyt_mrna__TMEM68_202_	1
observable_7438	cyt_mrna__PRDM5_201_	1
observable_7439	cyt_mrna__SLF2_201_	1
observable_7440	cyt_mrna__PRAMEF20_201_	1
observable_7441	cyt_mrna__LRRC38_201_	1
observable_7442	cyt_mrna__ZFPL1_201_	1
observable_7443	cyt_mrna__KY_201_	1
observable_7444	cyt_mrna__LCOR_204_	1
observable_7445	cyt_mrna__TK2_207_	1
observable_7446	cyt_mrna__NLRP14_201_	1
observable_7447	cyt_mrna__AP5B1_201_	1
observable_7448	cyt_mrna__TM4SF4_201_	1
observable_7449	cyt_mrna__KRT38_201_	1
observable_7450	cyt_mrna__NDUFAF6_203_	1
observable_7451	cyt_mrna__KRT32_201_	1
observable_7452	cyt_mrna__HACD2_201_	1
observable_7453	cyt_mrna__KRT36_201_	1
observable_7454	cyt_mrna__RPL10_202_	1
observable_7455	cyt_mrna__MND1_201_	1
observable_7456	cyt_mrna__CLK4_201_	1
observable_7457	cyt_mrna__KRT15_201_	1
observable_7458	cyt_mrna__SMIM20_201_	1
observable_7459	cyt_mrna__GPR84_201_	1
observable_7460	cyt_mrna__FOLR1_202_	1
observable_7461	cyt_mrna__CLIC2_202_	1
observable_7462	cyt_mrna__KRT9_201_	1
observable_7463	cyt_mrna__ZNF140_202_	1
observable_7464	cyt_mrna__KRT14_201_	1
observable_7465	cyt_mrna__ALPK3_201_	1
observable_7466	cyt_mrna__KRT16_201_	1
observable_7467	cyt_mrna__KMT2E_202_	1
observable_7468	cyt_mrna__KRT35_201_	1
observable_7469	cyt_mrna__CCDC92B_201_	1
observable_7470	cyt_mrna__BTBD17_201_	1
observable_7471	cyt_mrna__RPS27L_201_	1
observable_7472	cyt_mrna__YAF2_203_	1
observable_7473	cyt_mrna__FGD3_202_	1
observable_7474	cyt_mrna__LYST_201_	1
observable_7475	cyt_mrna__CBX2_202_	1
observable_7476	cyt_mrna__SEPTIN14_201_	1
observable_7477	cyt_mrna__IL17RE_201_	1
observable_7478	cyt_mrna__DERL1_201_	1
observable_7479	cyt_mrna__NSA2_205_	1
observable_7480	cyt_mrna__CKAP4_201_	1
observable_7481	cyt_mrna__LRCOL1_201_	1
observable_7482	cyt_mrna__CMTM1_205_	1
observable_7483	cyt_mrna__UTP23_201_	1
observable_7484	cyt_mrna__CHCT1_201_	1
observable_7485	cyt_mrna__CDC123_201_	1
observable_7486	cyt_mrna__SUN2_218_	1
observable_7487	cyt_mrna__TACSTD2_201_	1
observable_7488	cyt_mrna__UBAC1_201_	1
observable_7489	cyt_mrna__PDILT_201_	1
observable_7490	cyt_mrna__PRAMEF19_201_	1
observable_7491	cyt_mrna__ZBED6_201_	1
observable_7492	cyt_mrna__EPDR1_201_	1
observable_7493	cyt_mrna__ALDH3B1_201_	1
observable_7494	cyt_mrna__KCNA3_201_	1
observable_7495	cyt_mrna__ZC3H11B_201_	1
observable_7496	cyt_mrna__FOXD3_201_	1
observable_7497	cyt_mrna__PIGL_201_	1
observable_7498	cyt_mrna__COL12A1_201_	1
observable_7499	cyt_mrna__DNAAF11_212_	1
observable_7500	cyt_mrna__SDS_201_	1
observable_7501	cyt_mrna__NME8_201_	1
observable_7502	cyt_mrna__RGS2_201_	1
observable_7503	cyt_mrna__APOBEC2_201_	1
observable_7504	cyt_mrna__LRRC73_201_	1
observable_7505	cyt_mrna__TRPV2_201_	1
observable_7506	cyt_mrna__DNMT1_202_	1
observable_7507	cyt_mrna__TUBB3_201_	1
observable_7508	cyt_mrna__CRYBG2_201_	1
observable_7509	cyt_mrna__PSD_201_	1
observable_7510	cyt_mrna__SIM1_202_	1
observable_7511	cyt_mrna__SMARCA5_201_	1
observable_7512	cyt_mrna__PILRA_201_	1
observable_7513	cyt_mrna__CD27_201_	1
observable_7514	cyt_mrna__KLHL11_201_	1
observable_7515	cyt_mrna__LY86_201_	1
observable_7516	cyt_mrna__CNP_202_	1
observable_7517	cyt_mrna__PTTG1_201_	1
observable_7518	cyt_mrna__BMP5_201_	1
observable_7519	cyt_mrna__HSPB9_201_	1
observable_7520	cyt_mrna__GP1BA_201_	1
observable_7521	cyt_mrna__TMEM234_201_	1
observable_7522	cyt_mrna__GADD45A_202_	1
observable_7523	cyt_mrna__TIMM23_201_	1
observable_7524	cyt_mrna__COL4A5_201_	1
observable_7525	cyt_mrna__TRAF4_201_	1
observable_7526	cyt_mrna__ZNF280D_201_	1
observable_7527	cyt_mrna__IKZF5_201_	1
observable_7528	cyt_mrna__BPHL_203_	1
observable_7529	cyt_mrna__IRAG1_201_	1
observable_7530	cyt_mrna__SETD5_202_	1
observable_7531	cyt_mrna__CACTIN_203_	1
observable_7532	cyt_mrna__SNTG1_213_	1
observable_7533	cyt_mrna__CNGB1_201_	1
observable_7534	cyt_mrna__LHPP_202_	1
observable_7535	cyt_mrna__CSHL1_202_	1
observable_7536	cyt_mrna__PZP_201_	1
observable_7537	cyt_mrna__ITPRIPL2_201_	1
observable_7538	cyt_mrna__PRDM7_202_	1
observable_7539	cyt_mrna__PKP3_201_	1
observable_7540	cyt_mrna__GMFB_201_	1
observable_7541	cyt_mrna__TERT_201_	1
observable_7542	cyt_mrna__RABAC1_201_	1
observable_7543	cyt_mrna__FAM89B_203_	1
observable_7544	cyt_mrna__ZFP36_202_	1
observable_7545	cyt_mrna__RABGAP1_202_	1
observable_7546	cyt_mrna__NDUFC2_201_	1
observable_7547	cyt_mrna__SMNDC1_202_	1
observable_7548	cyt_mrna__MARVELD3_201_	1
observable_7549	cyt_mrna__PITPNA_201_	1
observable_7550	cyt_mrna__TRIM36_207_	1
observable_7551	cyt_mrna__CLEC3A_201_	1
observable_7552	cyt_mrna__ESRRG_209_	1
observable_7553	cyt_mrna__GC_201_	1
observable_7554	cyt_mrna__MKNK2_201_	1
observable_7555	cyt_mrna__RAD9A_201_	1
observable_7556	cyt_mrna__OARD1_202_	1
observable_7557	cyt_mrna__SPATA12_201_	1
observable_7558	cyt_mrna__ERCC4_201_	1
observable_7559	cyt_mrna__VSIG2_201_	1
observable_7560	cyt_mrna__SLC25A46_201_	1
observable_7561	cyt_mrna__TMEM170B_201_	1
observable_7562	cyt_mrna__CMTM8_201_	1
observable_7563	cyt_mrna__CHRNB2_201_	1
observable_7564	cyt_mrna__NET1_201_	1
observable_7565	cyt_mrna__MMP7_201_	1
observable_7566	cyt_mrna__LELP1_201_	1
observable_7567	cyt_mrna__PRR9_201_	1
observable_7568	cyt_mrna__GNB3_201_	1
observable_7569	cyt_mrna__LORICRIN_201_	1
observable_7570	cyt_mrna__AKAP12_204_	1
observable_7571	cyt_mrna__MUC20_204_	1
observable_7572	cyt_mrna__TCF21_202_	1
observable_7573	cyt_mrna__SEZ6_201_	1
observable_7574	cyt_mrna__PGLYRP3_202_	1
observable_7575	cyt_mrna__RILPL2_201_	1
observable_7576	cyt_mrna__ENPP5_202_	1
observable_7577	cyt_mrna__PGLYRP4_201_	1
observable_7578	cyt_mrna__CIAO2B_201_	1
observable_7579	cyt_mrna__UBLCP1_201_	1
observable_7580	cyt_mrna__S100A12_201_	1
observable_7581	cyt_mrna__NIT2_201_	1
observable_7582	cyt_mrna__S100A7A_203_	1
observable_7583	cyt_mrna__FTH1_201_	1
observable_7584	cyt_mrna__COQ5_201_	1
observable_7585	cyt_mrna__CRIP2_201_	1
observable_7586	cyt_mrna__TM4SF1_201_	1
observable_7587	cyt_mrna__ZFX_201_	1
observable_7588	cyt_mrna__TNFRSF18_203_	1
observable_7589	cyt_mrna__ST3GAL1_210_	1
observable_7590	cyt_mrna__B3GALT6_201_	1
observable_7591	cyt_mrna__C1QTNF12_201_	1
observable_7592	cyt_mrna__SPMIP8_202_	1
observable_7593	cyt_mrna__AP1M2_201_	1
observable_7594	cyt_mrna__CNTNAP3_201_	1
observable_7595	cyt_mrna__ADGRG7_201_	1
observable_7596	cyt_mrna__FNDC1_201_	1
observable_7597	cyt_mrna__EME2_205_	1
observable_7598	cyt_mrna__ACY3_201_	1
observable_7599	cyt_mrna__B9D1_201_	1
observable_7600	cyt_mrna__PLEKHO1_201_	1
observable_7601	cyt_mrna__CCDC71_201_	1
observable_7602	cyt_mrna__SPATA33_209_	1
observable_7603	cyt_mrna__STMND1_203_	1
observable_7604	cyt_mrna__KCNG4_201_	1
observable_7605	cyt_mrna__ARHGEF25_201_	1
observable_7606	cyt_mrna__SSTR2_201_	1
observable_7607	cyt_mrna__CPSF4L_201_	1
observable_7608	cyt_mrna__RET_202_	1
observable_7609	cyt_mrna__NDUFA8_201_	1
observable_7610	cyt_mrna__RNF222_202_	1
observable_7611	cyt_mrna__SCML4_201_	1
observable_7612	cyt_mrna__PKD1L3_201_	1
observable_7613	cyt_mrna__C17orf99_201_	1
observable_7614	cyt_mrna__CIART_201_	1
observable_7615	cyt_mrna__GSG1L2_201_	1
observable_7616	cyt_mrna__TAS1R3_201_	1
observable_7617	cyt_mrna__DLK1_202_	1
observable_7618	cyt_mrna__CLDN20_201_	1
observable_7619	cyt_mrna__SAXO4_201_	1
observable_7620	cyt_mrna__REXO1_201_	1
observable_7621	cyt_mrna__ZNF292_202_	1
observable_7622	cyt_mrna__GJA1_201_	1
observable_7623	cyt_mrna__TFAM_204_	1
observable_7624	cyt_mrna__CD5_201_	1
observable_7625	cyt_mrna__ELOVL2_201_	1
observable_7626	cyt_mrna__UST_201_	1
observable_7627	cyt_mrna__DNAH2_203_	1
observable_7628	cyt_mrna__DNAJB13_201_	1
observable_7629	cyt_mrna__PTPRS_201_	1
observable_7630	cyt_mrna__RBM39_201_	1
observable_7631	cyt_mrna__SPDYE4_205_	1
observable_7632	cyt_mrna__GRAMD1C_201_	1
observable_7633	cyt_mrna__HSDL2_202_	1
observable_7634	cyt_mrna__MKI67_202_	1
observable_7635	cyt_mrna__DIPK1B_202_	1
observable_7636	cyt_mrna__HNF1A_201_	1
observable_7637	cyt_mrna__DCAF7_205_	1
observable_7638	cyt_mrna__UNC5B_201_	1
observable_7639	cyt_mrna__ZMYND19_201_	1
observable_7640	cyt_mrna__RACK1_227_	1
observable_7641	cyt_mrna__SLC35G3_201_	1
observable_7642	cyt_mrna__DCAF4_202_	1
observable_7643	cyt_mrna__TCERG1L_201_	1
observable_7644	cyt_mrna__MVB12A_201_	1
observable_7645	cyt_mrna__VAMP3_201_	1
observable_7646	cyt_mrna__CNDP2_201_	1
observable_7647	cyt_mrna__CCDC6_201_	1
observable_7648	cyt_mrna__CHD9_203_	1
observable_7649	cyt_mrna__UTS2_202_	1
observable_7650	cyt_mrna__ZNF534_204_	1
observable_7651	cyt_mrna__TMPRSS6_208_	1
observable_7652	cyt_mrna__POLR2J2_201_	1
observable_7653	cyt_mrna__EFCAB5_201_	1
observable_7654	cyt_mrna__NUDT14_202_	1
observable_7655	cyt_mrna__CUL9_201_	1
observable_7656	cyt_mrna__ZNF230_201_	1
observable_7657	cyt_mrna__SETSIP_201_	1
observable_7658	cyt_mrna__IMPA1_201_	1
observable_7659	cyt_mrna__MTM1_203_	1
observable_7660	cyt_mrna__NUAK2_201_	1
observable_7661	cyt_mrna__TRIM8_209_	1
observable_7662	cyt_mrna__CHST5_201_	1
observable_7663	cyt_mrna__TMED7_201_	1
observable_7664	cyt_mrna__TMED10_201_	1
observable_7665	cyt_mrna__BBC3_203_	1
observable_7666	cyt_mrna__CLPS_201_	1
observable_7667	cyt_mrna__SLC22A31_207_	1
observable_7668	cyt_mrna__LEMD1_204_	1
observable_7669	cyt_mrna__BLM_201_	1
observable_7670	cyt_mrna__LYRM4_201_	1
observable_7671	cyt_mrna__NPIPB8_203_	1
observable_7672	cyt_mrna__VSTM2L_202_	1
observable_7673	cyt_mrna__CP_201_	1
observable_7674	cyt_mrna__PAGR1_201_	1
observable_7675	cyt_mrna__CD6_201_	1
observable_7676	cyt_mrna__SEPTIN7_201_	1
observable_7677	cyt_mrna__UBE2B_201_	1
observable_7678	cyt_mrna__BICRA_202_	1
observable_7679	cyt_mrna__CLEC3B_201_	1
observable_7680	cyt_mrna__PLEKHG4B_204_	1
observable_7681	cyt_mrna__CCDC60_201_	1
observable_7682	cyt_mrna__SYT14_202_	1
observable_7683	cyt_mrna__APOF_201_	1
observable_7684	cyt_mrna__WNT9A_201_	1
observable_7685	cyt_mrna__LAG3_201_	1
observable_7686	cyt_mrna__USP6_205_	1
observable_7687	cyt_mrna__RIOK2_201_	1
observable_7688	cyt_mrna__AMOTL2_201_	1
observable_7689	cyt_mrna__FLVCR2_201_	1
observable_7690	cyt_mrna__OCRL_202_	1
observable_7691	cyt_mrna__PBX1_203_	1
observable_7692	cyt_mrna__RPL39_201_	1
observable_7693	cyt_mrna__NPTX1_201_	1
observable_7694	cyt_mrna__CTDSPL2_201_	1
observable_7695	cyt_mrna__DLC1_201_	1
observable_7696	cyt_mrna__CCL7_201_	1
observable_7697	cyt_mrna__CCL11_201_	1
observable_7698	cyt_mrna__SERPINA10_201_	1
observable_7699	cyt_mrna__FCRLB_205_	1
observable_7700	cyt_mrna__CCL8_201_	1
observable_7701	cyt_mrna__CCL13_201_	1
observable_7702	cyt_mrna__PRSS38_201_	1
observable_7703	cyt_mrna__OR2L13_201_	1
observable_7704	cyt_mrna__CCL1_201_	1
observable_7705	cyt_mrna__ATG3_201_	1
observable_7706	cyt_mrna__NOTCH2NLR_201_	1
observable_7707	cyt_mrna__OR14L1_201_	1
observable_7708	cyt_mrna__CCL2_201_	1
observable_7709	cyt_mrna__CLEC20A_202_	1
observable_7710	cyt_mrna__TSPAN7_202_	1
observable_7711	cyt_mrna__FAM219B_201_	1
observable_7712	cyt_mrna__TBC1D28_202_	1
observable_7713	cyt_mrna__FKBP11_208_	1
observable_7714	cyt_mrna__SLC36A1_201_	1
observable_7715	cyt_mrna__PSMC1_201_	1
observable_7716	cyt_mrna__SCIMP_203_	1
observable_7717	cyt_mrna__ABCC11_202_	1
observable_7718	cyt_mrna__PLA1A_201_	1
observable_7719	cyt_mrna__NBPF14_205_	1
observable_7720	cyt_mrna__HTR5A_201_	1
observable_7721	cyt_mrna__CRYBA1_201_	1
observable_7722	cyt_mrna__TMEM255A_203_	1
observable_7723	cyt_mrna__MTSS2_201_	1
observable_7724	cyt_mrna__ALDH1L2_201_	1
observable_7725	cyt_mrna__TAS1R2_201_	1
observable_7726	cyt_mrna__SEPTIN1_201_	1
observable_7727	cyt_mrna__TNFRSF4_201_	1
observable_7728	cyt_mrna__BNIP1_202_	1
observable_7729	cyt_mrna__ITGB3_201_	1
observable_7730	cyt_mrna__RAB3A_201_	1
observable_7731	cyt_mrna__ZMAT2_201_	1
observable_7732	cyt_mrna__VDR_206_	1
observable_7733	cyt_mrna__NPIPB15_203_	1
observable_7734	cyt_mrna__IRX2_201_	1
observable_7735	cyt_mrna__GPRIN1_201_	1
observable_7736	cyt_mrna__NEMF_201_	1
observable_7737	cyt_mrna__EFCAB13_201_	1
observable_7738	cyt_mrna__UGT3A2_201_	1
observable_7739	cyt_mrna__FAM234B_201_	1
observable_7740	cyt_mrna__SEBOX_201_	1
observable_7741	cyt_mrna__CHD1_211_	1
observable_7742	cyt_mrna__RTN2_201_	1
observable_7743	cyt_mrna__CHTF8_202_	1
observable_7744	cyt_mrna__AXDND1_201_	1
observable_7745	cyt_mrna__DERPC_202_	1
observable_7746	cyt_mrna__PI4KA_201_	1
observable_7747	cyt_mrna__HCFC2_201_	1
observable_7748	cyt_mrna__C2CD4C_201_	1
observable_7749	cyt_mrna__OR1G1_201_	1
observable_7750	cyt_mrna__ZNF177_205_	1
observable_7751	cyt_mrna__UQCC4_201_	1
observable_7752	cyt_mrna__GNL3L_202_	1
observable_7753	cyt_mrna__SHPK_201_	1
observable_7754	cyt_mrna__TCAIM_201_	1
observable_7755	cyt_mrna__ANGPTL7_201_	1
observable_7756	cyt_mrna__APOLD1_202_	1
observable_7757	cyt_mrna__ZNF607_201_	1
observable_7758	cyt_mrna__CCDC154_201_	1
observable_7759	cyt_mrna__HASPIN_201_	1
observable_7760	cyt_mrna__UBIAD1_202_	1
observable_7761	cyt_mrna__DPP6_202_	1
observable_7762	cyt_mrna__MAPKBP1_202_	1
observable_7763	cyt_mrna__MPG_202_	1
observable_7764	cyt_mrna__OR4F29_201_	1
observable_7765	cyt_mrna__TMEM114_203_	1
observable_7766	cyt_mrna__CPSF2_201_	1
observable_7767	cyt_mrna__FAM32A_201_	1
observable_7768	cyt_mrna__OR4F16_201_	1
observable_7769	cyt_mrna__UPK3A_201_	1
observable_7770	cyt_mrna__HDGFL3_201_	1
observable_7771	cyt_mrna__CDH13_209_	1
observable_7772	cyt_mrna__GPR132_201_	1
observable_7773	cyt_mrna__VWF_201_	1
observable_7774	cyt_mrna__RPL36AL_201_	1
observable_7775	cyt_mrna__WDR13_202_	1
observable_7776	cyt_mrna__GRM8_201_	1
observable_7777	cyt_mrna__C16orf86_201_	1
observable_7778	cyt_mrna__TF_201_	1
observable_7779	cyt_mrna__NPIPB6_203_	1
observable_7780	cyt_mrna__CA6_203_	1
observable_7781	cyt_mrna__TMCC3_201_	1
observable_7782	cyt_mrna__THAP11_201_	1
observable_7783	cyt_mrna__NRN1L_201_	1
observable_7784	cyt_mrna__RP2_201_	1
observable_7785	cyt_mrna__PTCD2_202_	1
observable_7786	cyt_mrna__PSKH1_201_	1
observable_7787	cyt_mrna__SPEN_201_	1
observable_7788	cyt_mrna__SLC1A6_204_	1
observable_7789	cyt_mrna__OLR1_201_	1
observable_7790	cyt_mrna__CTRL_205_	1
observable_7791	cyt_mrna__KHNYN_202_	1
observable_7792	cyt_mrna__SLC2A2_201_	1
observable_7793	cyt_mrna__UBE2D3_210_	1
observable_7794	cyt_mrna__LCAT_201_	1
observable_7795	cyt_mrna__GIN1_201_	1
observable_7796	cyt_mrna__MYL10_201_	1
observable_7797	cyt_mrna__POLDIP3_201_	1
observable_7798	cyt_mrna__DPEP2NB_201_	1
observable_7799	cyt_mrna__CCNT1_201_	1
observable_7800	cyt_mrna__SLC1A2_201_	1
observable_7801	cyt_mrna__ARSK_201_	1
observable_7802	cyt_mrna__CPA1_201_	1
observable_7803	cyt_mrna__ZFPM1_201_	1
observable_7804	cyt_mrna__PLEKHG7_201_	1
observable_7805	cyt_mrna__IL17C_201_	1
observable_7806	cyt_mrna__GCC1_201_	1
observable_7807	cyt_mrna__SNAI3_201_	1
observable_7808	cyt_mrna__INHBE_201_	1
observable_7809	cyt_mrna__DLG3_203_	1
observable_7810	cyt_mrna__RPS17_209_	1
observable_7811	cyt_mrna__FSCN3_201_	1
observable_7812	cyt_mrna__C5orf22_201_	1
observable_7813	cyt_mrna__GALNT17_201_	1
observable_7814	cyt_mrna__KLHL22_201_	1
observable_7815	cyt_mrna__IFITM10_201_	1
observable_7816	cyt_mrna__CDC25A_201_	1
observable_7817	cyt_mrna__NEK9_201_	1
observable_7818	cyt_mrna__SLC39A14_204_	1
observable_7819	cyt_mrna__GOSR2_232_	1
observable_7820	cyt_mrna__LRIG3_201_	1
observable_7821	cyt_mrna__PTPRN2_203_	1
observable_7822	cyt_mrna__LRSAM1_201_	1
observable_7823	cyt_mrna__EMC3_201_	1
observable_7824	cyt_mrna__CARMIL2_201_	1
observable_7825	cyt_mrna__AMACR_201_	1
observable_7826	cyt_mrna__RPRML_201_	1
observable_7827	cyt_mrna__KRTAP4_3_201_	1
observable_7828	cyt_mrna__KRTAP4_2_201_	1
observable_7829	cyt_mrna__KRTAP4_1_201_	1
observable_7830	cyt_mrna__KRTAP9_8_201_	1
observable_7831	cyt_mrna__NAA50_201_	1
observable_7832	cyt_mrna__OPHN1_201_	1
observable_7833	cyt_mrna__PPM1E_201_	1
observable_7834	cyt_mrna__GPI_201_	1
observable_7835	cyt_mrna__ANKRD54_201_	1
observable_7836	cyt_mrna__AWAT2_201_	1
observable_7837	cyt_mrna__SLC8B1_217_	1
observable_7838	cyt_mrna__NICN1_201_	1
observable_7839	cyt_mrna__CBFA2T3_201_	1
observable_7840	cyt_mrna__FUNDC1_201_	1
observable_7841	cyt_mrna__ZFYVE21_202_	1
observable_7842	cyt_mrna__CSH2_203_	1
observable_7843	cyt_mrna__MAGEA9B_203_	1
observable_7844	cyt_mrna__SPRED3_208_	1
observable_7845	cyt_mrna__ZFPM2_201_	1
observable_7846	cyt_mrna__ABL2_203_	1
observable_7847	cyt_mrna__CHCHD4_202_	1
observable_7848	cyt_mrna__LRPAP1_205_	1
observable_7849	cyt_mrna__DEPDC1B_201_	1
observable_7850	cyt_mrna__CCNP_202_	1
observable_7851	cyt_mrna__NPIPB3_209_	1
observable_7852	cyt_mrna__COX7C_201_	1
observable_7853	cyt_mrna__WDR20_204_	1
observable_7854	cyt_mrna__ENTPD6_203_	1
observable_7855	cyt_mrna__GH2_202_	1
observable_7856	cyt_mrna__CYP2S1_201_	1
observable_7857	cyt_mrna__NDUFAF3_202_	1
observable_7858	cyt_mrna__COPS2_202_	1
observable_7859	cyt_mrna__CAPN1_201_	1
observable_7860	cyt_mrna__FOS_201_	1
observable_7861	cyt_mrna__SLCO1B3_202_	1
observable_7862	cyt_mrna__MAGI2_201_	1
observable_7863	cyt_mrna__QSOX1_202_	1
observable_7864	cyt_mrna__PHF2_201_	1
observable_7865	cyt_mrna__SRRM4_201_	1
observable_7866	cyt_mrna__HRG_201_	1
observable_7867	cyt_mrna__CSH1_201_	1
observable_7868	cyt_mrna__FOXN1_203_	1
observable_7869	cyt_mrna__CLEC1A_201_	1
observable_7870	cyt_mrna__DTNA_207_	1
observable_7871	cyt_mrna__TNFRSF17_201_	1
observable_7872	cyt_mrna__SCAMP4_201_	1
observable_7873	cyt_mrna__GALNT8_201_	1
observable_7874	cyt_mrna__CASP1_212_	1
observable_7875	cyt_mrna__SLC17A9_202_	1
observable_7876	cyt_mrna__HOXA4_201_	1
observable_7877	cyt_mrna__LTBP2_201_	1
observable_7878	cyt_mrna__FGFR2_206_	1
observable_7879	cyt_mrna__KIF20A_201_	1
observable_7880	cyt_mrna__TASOR_211_	1
observable_7881	cyt_mrna__KLHL28_202_	1
observable_7882	cyt_mrna__REM1_201_	1
observable_7883	cyt_mrna__NPIPB11_203_	1
observable_7884	cyt_mrna__ZBTB47_201_	1
observable_7885	cyt_mrna__PTX4_203_	1
observable_7886	cyt_mrna__MIGA2_214_	1
observable_7887	cyt_mrna__FAHD1_203_	1
observable_7888	cyt_mrna__EHHADH_201_	1
observable_7889	cyt_mrna__TP53TG3D_202_	1
observable_7890	cyt_mrna__MXD3_203_	1
observable_7891	cyt_mrna__PRSS53_201_	1
observable_7892	cyt_mrna__TIGIT_201_	1
observable_7893	cyt_mrna__PDIA3_201_	1
observable_7894	cyt_mrna__UQCRQ_203_	1
observable_7895	cyt_mrna__PABPN1L_202_	1
observable_7896	cyt_mrna__RPTOR_201_	1
observable_7897	cyt_mrna__HTR6_201_	1
observable_7898	cyt_mrna__TP53TG3_201_	1
observable_7899	cyt_mrna__RUNX3_201_	1
observable_7900	cyt_mrna__MUC13_205_	1
observable_7901	cyt_mrna__MPO_201_	1
observable_7902	cyt_mrna__APH1B_201_	1
observable_7903	cyt_mrna__BTG2_201_	1
observable_7904	cyt_mrna__CCDC152_201_	1
observable_7905	cyt_mrna__P2RX7_202_	1
observable_7906	cyt_mrna__NQO1_201_	1
observable_7907	cyt_mrna__CFAP100_201_	1
observable_7908	cyt_mrna__DHX35_201_	1
observable_7909	cyt_mrna__BEAN1_202_	1
observable_7910	cyt_mrna__TIAL1_205_	1
observable_7911	cyt_mrna__RHCG_201_	1
observable_7912	cyt_mrna__MAP4K5_210_	1
observable_7913	cyt_mrna__GGA1_203_	1
observable_7914	cyt_mrna__CHD5_201_	1
observable_7915	cyt_mrna__HNRNPA1L3_202_	1
observable_7916	cyt_mrna__SORL1_201_	1
observable_7917	cyt_mrna__GRAMD2A_201_	1
observable_7918	cyt_mrna__HES3_201_	1
observable_7919	cyt_mrna__TGM2_201_	1
observable_7920	cyt_mrna__TMEM88B_201_	1
observable_7921	cyt_mrna__PLXND1_201_	1
observable_7922	cyt_mrna__TSPOAP1_202_	1
observable_7923	cyt_mrna__KIF11_201_	1
observable_7924	cyt_mrna__KLHL35_204_	1
observable_7925	cyt_mrna__SUPT4H1_201_	1
observable_7926	cyt_mrna__KLF15_201_	1
observable_7927	cyt_mrna__PLAAT5_206_	1
observable_7928	cyt_mrna__ZNF337_201_	1
observable_7929	cyt_mrna__KCNMB2_207_	1
observable_7930	cyt_mrna__NEU3_201_	1
observable_7931	cyt_mrna__CTBP1_203_	1
observable_7932	cyt_mrna__OVOL1_201_	1
observable_7933	cyt_mrna__FXYD5_204_	1
observable_7934	cyt_mrna__OXTR_201_	1
observable_7935	cyt_mrna__DSTN_201_	1
observable_7936	cyt_mrna__C3orf38_201_	1
observable_7937	cyt_mrna__PKD1_201_	1
observable_7938	cyt_mrna__NOX1_204_	1
observable_7939	cyt_mrna__LIME1_201_	1
observable_7940	cyt_mrna__CELF4_203_	1
observable_7941	cyt_mrna__PLAC1_201_	1
observable_7942	cyt_mrna__DRD2_202_	1
observable_7943	cyt_mrna__SLC26A5_201_	1
observable_7944	cyt_mrna__FDFT1_201_	1
observable_7945	cyt_mrna__SSU72L6_201_	1
observable_7946	cyt_mrna__KIF2A_203_	1
observable_7947	cyt_mrna__RAB8A_201_	1
observable_7948	cyt_mrna__TSGA13_201_	1
observable_7949	cyt_mrna__KLF14_201_	1
observable_7950	cyt_mrna__CDS2_203_	1
observable_7951	cyt_mrna__SYN1_201_	1
observable_7952	cyt_mrna__CALN1_202_	1
observable_7953	cyt_mrna__SOX30_201_	1
observable_7954	cyt_mrna__AURKC_201_	1
observable_7955	cyt_mrna__DMC1_201_	1
observable_7956	cyt_mrna__VAPA_202_	1
observable_7957	cyt_mrna__VPS33B_201_	1
observable_7958	cyt_mrna__PTH2_201_	1
observable_7959	cyt_mrna__TSC22D3_203_	1
observable_7960	cyt_mrna__C11orf87_201_	1
observable_7961	cyt_mrna__CASKIN1_201_	1
observable_7962	cyt_mrna__SLC22A24_203_	1
observable_7963	cyt_mrna__RGS4_203_	1
observable_7964	cyt_mrna__BRICD5_201_	1
observable_7965	cyt_mrna__PGP_201_	1
observable_7966	cyt_mrna__TTC36_201_	1
observable_7967	cyt_mrna__CDCP2_202_	1
observable_7968	cyt_mrna__SMAD4_201_	1
observable_7969	cyt_mrna__FLRT1_202_	1
observable_7970	cyt_mrna__HDAC7_201_	1
observable_7971	cyt_mrna__TMEM216_203_	1
observable_7972	cyt_mrna__MCMDC2_204_	1
observable_7973	cyt_mrna__EIF6_203_	1
observable_7974	cyt_mrna__DNASE1L2_201_	1
observable_7975	cyt_mrna__ZNF862_201_	1
observable_7976	cyt_mrna__PFKFB3_203_	1
observable_7977	cyt_mrna__EHD1_201_	1
observable_7978	cyt_mrna__CRYGN_201_	1
observable_7979	cyt_mrna__NLRP1_208_	1
observable_7980	cyt_mrna__DLEC1_201_	1
observable_7981	cyt_mrna__HDX_202_	1
observable_7982	cyt_mrna__TECRL_201_	1
observable_7983	cyt_mrna__NUP210L_203_	1
observable_7984	cyt_mrna__MKRN2OS_203_	1
observable_7985	cyt_mrna__USP6NL_205_	1
observable_7986	cyt_mrna__IGBP1C_201_	1
observable_7987	cyt_mrna__KNG1_203_	1
observable_7988	cyt_mrna__ESPN_216_	1
observable_7989	cyt_mrna__TMEM238L_202_	1
observable_7990	cyt_mrna__ENG_202_	1
observable_7991	cyt_mrna__SS18L2_201_	1
observable_7992	cyt_mrna__KRT26_201_	1
observable_7993	cyt_mrna__TRIM6_202_	1
observable_7994	cyt_mrna__ZNF630_201_	1
observable_7995	cyt_mrna__DNAJC18_201_	1
observable_7996	cyt_mrna__BPIFA1_201_	1
observable_7997	cyt_mrna__KIFBP_201_	1
observable_7998	cyt_mrna__CCDC200_216_	1
observable_7999	cyt_mrna__FAM180A_201_	1
observable_8000	cyt_mrna__AK8_201_	1
observable_8001	cyt_mrna__DPY19L4_201_	1
observable_8002	cyt_mrna__SSMEM1_201_	1
observable_8003	cyt_mrna__CRTAM_201_	1
observable_8004	cyt_mrna__RPS21_201_	1
observable_8005	cyt_mrna__ENC1_201_	1
observable_8006	cyt_mrna__PRSS1_201_	1
observable_8007	cyt_mrna__DNAJC24_202_	1
observable_8008	cyt_mrna__ANKFN1_211_	1
observable_8009	cyt_mrna__ARAF_202_	1
observable_8010	cyt_mrna__NOG_201_	1
observable_8011	cyt_mrna__FETUB_201_	1
observable_8012	cyt_mrna__KCNJ18_201_	1
observable_8013	cyt_mrna__GALNT1_201_	1
observable_8014	cyt_mrna__KCNQ1_201_	1
observable_8015	cyt_mrna__RNF169_201_	1
observable_8016	cyt_mrna__CACNA1E_203_	1
observable_8017	cyt_mrna__ZNF648_201_	1
observable_8018	cyt_mrna__SEZ6L_201_	1
observable_8019	cyt_mrna__PRDX3_201_	1
observable_8020	cyt_mrna__ALX3_201_	1
observable_8021	cyt_mrna__UBL4B_201_	1
observable_8022	cyt_mrna__ABHD3_201_	1
observable_8023	cyt_mrna__CCDC172_201_	1
observable_8024	cyt_mrna__ASB17_201_	1
observable_8025	cyt_mrna__ST6GALNAC3_201_	1
observable_8026	cyt_mrna__GSK3B_201_	1
observable_8027	cyt_mrna__GPR107_201_	1
observable_8028	cyt_mrna__PAIP1_201_	1
observable_8029	cyt_mrna__DAO_201_	1
observable_8030	cyt_mrna__ATL1_201_	1
observable_8031	cyt_mrna__CBLN2_201_	1
observable_8032	cyt_mrna__FTSJ1_202_	1
observable_8033	cyt_mrna__STK31_202_	1
observable_8034	cyt_mrna__RRM2B_201_	1
observable_8035	cyt_mrna__PDCL_201_	1
observable_8036	cyt_mrna__MED7_201_	1
observable_8037	cyt_mrna__GXYLT1_202_	1
observable_8038	cyt_mrna__MATK_201_	1
observable_8039	cyt_mrna__RNPS1_202_	1
observable_8040	cyt_mrna__MGP_203_	1
observable_8041	cyt_mrna__ERV3_1_201_	1
observable_8042	cyt_mrna__UBE4A_201_	1
observable_8043	cyt_mrna__RASGRP1_201_	1
observable_8044	cyt_mrna__HEBP1_201_	1
observable_8045	cyt_mrna__CPA3_201_	1
observable_8046	cyt_mrna__CCDC68_204_	1
observable_8047	cyt_mrna__TIMP1_201_	1
observable_8048	cyt_mrna__ZNF837_202_	1
observable_8049	cyt_mrna__MEPCE_201_	1
observable_8050	cyt_mrna__PLAAT3_203_	1
observable_8051	cyt_mrna__DAZAP2_201_	1
observable_8052	cyt_mrna__PGK1_201_	1
observable_8053	cyt_mrna__TSNARE1_208_	1
observable_8054	cyt_mrna__CLEC9A_201_	1
observable_8055	cyt_mrna__CILP_201_	1
observable_8056	cyt_mrna__ENTPD3_201_	1
observable_8057	cyt_mrna__PAQR9_201_	1
observable_8058	cyt_mrna__CLIP3_201_	1
observable_8059	cyt_mrna__PDP1_201_	1
observable_8060	cyt_mrna__ERGIC3_202_	1
observable_8061	cyt_mrna__IGF1_202_	1
observable_8062	cyt_mrna__NUPR2_201_	1
observable_8063	cyt_mrna__ACP7_201_	1
observable_8064	cyt_mrna__UPF3B_201_	1
observable_8065	cyt_mrna__ZBTB7C_221_	1
observable_8066	cyt_mrna__CENPK_202_	1
observable_8067	cyt_mrna__PARP15_202_	1
observable_8068	cyt_mrna__GNAT3_201_	1
observable_8069	cyt_mrna__STX5_201_	1
observable_8070	cyt_mrna__GNG11_201_	1
observable_8071	cyt_mrna__POFUT1_202_	1
observable_8072	cyt_mrna__RBM25_201_	1
observable_8073	cyt_mrna__SLC51A_201_	1
observable_8074	cyt_mrna__FGF19_201_	1
observable_8075	cyt_mrna__CASS4_205_	1
observable_8076	cyt_mrna__BET1_201_	1
observable_8077	cyt_mrna__FAM110A_204_	1
observable_8078	cyt_mrna__SPMIP4_201_	1
observable_8079	cyt_mrna__PAH_215_	1
observable_8080	cyt_mrna__SLC9A9_201_	1
observable_8081	cyt_mrna__NPVF_201_	1
observable_8082	cyt_mrna__HSPB1_201_	1
observable_8083	cyt_mrna__XIAP_202_	1
observable_8084	cyt_mrna__FAM220A_201_	1
observable_8085	cyt_mrna__TOX2_201_	1
observable_8086	cyt_mrna__THOC5_216_	1
observable_8087	cyt_mrna__SPDYE3_201_	1
observable_8088	cyt_mrna__GLIPR1L2_204_	1
observable_8089	cyt_mrna__OR2A2_201_	1
observable_8090	cyt_mrna__FAM167A_201_	1
observable_8091	cyt_mrna__HNRNPD_201_	1
observable_8092	cyt_mrna__ATP13A4_202_	1
observable_8093	cyt_mrna__FAM86B2_201_	1
observable_8094	cyt_mrna__MOCS2_202_	1
observable_8095	cyt_mrna__C3orf85_208_	1
observable_8096	cyt_mrna__CLDN15_201_	1
observable_8097	cyt_mrna__TMEM212_201_	1
observable_8098	cyt_mrna__TUSC2_201_	1
observable_8099	cyt_mrna__IFT22_201_	1
observable_8100	cyt_mrna__TRAF2_201_	1
observable_8101	cyt_mrna__LSM3_201_	1
observable_8102	cyt_mrna__PLP1_223_	1
observable_8103	cyt_mrna__C4orf36_201_	1
observable_8104	cyt_mrna__SH3RF2_201_	1
observable_8105	cyt_mrna__SEC23A_201_	1
observable_8106	cyt_mrna__HELLS_201_	1
observable_8107	cyt_mrna__DNASE1L3_201_	1
observable_8108	cyt_mrna__ZNF395_201_	1
observable_8109	cyt_mrna__ING4_201_	1
observable_8110	cyt_mrna__RNF133_201_	1
observable_8111	cyt_mrna__RNF148_201_	1
observable_8112	cyt_mrna__TAS2R16_201_	1
observable_8113	cyt_mrna__LNX1_201_	1
observable_8114	cyt_mrna__EBLN1_201_	1
observable_8115	cyt_mrna__CRIP1_202_	1
observable_8116	cyt_mrna__HYAL1_204_	1
observable_8117	cyt_mrna__RBFOX1_211_	1
observable_8118	cyt_mrna__PGAM1_201_	1
observable_8119	cyt_mrna__TP53INP1_201_	1
observable_8120	cyt_mrna__EDNRA_209_	1
observable_8121	cyt_mrna__TAF5_201_	1
observable_8122	cyt_mrna__ZC2HC1C_203_	1
observable_8123	cyt_mrna__MYZAP_201_	1
observable_8124	cyt_mrna__IL20RB_201_	1
observable_8125	cyt_mrna__MYB_202_	1
observable_8126	cyt_mrna__NRROS_201_	1
observable_8127	cyt_mrna__GLI1_201_	1
observable_8128	cyt_mrna__ATP5MJ_201_	1
observable_8129	cyt_mrna__ERMP1_202_	1
observable_8130	cyt_mrna__TIPARP_201_	1
observable_8131	cyt_mrna__BUB3_203_	1
observable_8132	cyt_mrna__CCRL2_202_	1
observable_8133	cyt_mrna__LRRC43_201_	1
observable_8134	cyt_mrna__ATG4A_203_	1
observable_8135	cyt_mrna__KICS2_202_	1
observable_8136	cyt_mrna__CDKN1B_201_	1
observable_8137	cyt_mrna__DTWD1_202_	1
observable_8138	cyt_mrna__ARAP2_201_	1
observable_8139	cyt_mrna__TDRD7_201_	1
observable_8140	cyt_mrna__TANGO2_201_	1
observable_8141	cyt_mrna__FERRY3_201_	1
observable_8142	cyt_mrna__GHRL_202_	1
observable_8143	cyt_mrna__ZNF839_202_	1
observable_8144	cyt_mrna__CSPG4_201_	1
observable_8145	cyt_mrna__PARG_207_	1
observable_8146	cyt_mrna__HELQ_201_	1
observable_8147	cyt_mrna__PLAC9_201_	1
observable_8148	cyt_mrna__TMEFF1_201_	1
observable_8149	cyt_mrna__NECTIN3_206_	1
observable_8150	cyt_mrna__MARK2_204_	1
observable_8151	cyt_mrna__WWP1_202_	1
observable_8152	cyt_mrna__NDUFB8_201_	1
observable_8153	cyt_mrna__MAZ_202_	1
observable_8154	cyt_mrna__CDC42EP2_201_	1
observable_8155	cyt_mrna__TP53TG3F_202_	1
observable_8156	cyt_mrna__ZNF572_201_	1
observable_8157	cyt_mrna__RECK_201_	1
observable_8158	cyt_mrna__PPP2R2D_201_	1
observable_8159	cyt_mrna__SPP1_203_	1
observable_8160	cyt_mrna__ENOX2_204_	1
observable_8161	cyt_mrna__ABCG4_205_	1
observable_8162	cyt_mrna__TP53TG3C_202_	1
observable_8163	cyt_mrna__KCNAB2_204_	1
observable_8164	cyt_mrna__ITPRIP_202_	1
observable_8165	cyt_mrna__NPIPA8_201_	1
observable_8166	cyt_mrna__RPL4_201_	1
observable_8167	cyt_mrna__FHDC1_201_	1
observable_8168	cyt_mrna__CCKBR_201_	1
observable_8169	cyt_mrna__HLTF_201_	1
observable_8170	cyt_mrna__PPP1R14B_201_	1
observable_8171	cyt_mrna__FBN3_205_	1
observable_8172	cyt_mrna__PRRT3_203_	1
observable_8173	cyt_mrna__ZNF860_201_	1
observable_8174	cyt_mrna__CUEDC2_201_	1
observable_8175	cyt_mrna__RBM3_203_	1
observable_8176	cyt_mrna__ADAMTS8_201_	1
observable_8177	cyt_mrna__RPS6KA5_207_	1
observable_8178	cyt_mrna__PATL2_209_	1
observable_8179	cyt_mrna__CSKMT_203_	1
observable_8180	cyt_mrna__OR52N2_201_	1
observable_8181	cyt_mrna__UBE2E1_201_	1
observable_8182	cyt_mrna__RAI2_204_	1
observable_8183	cyt_mrna__SMIM14_201_	1
observable_8184	cyt_mrna__NPIPB9_201_	1
observable_8185	cyt_mrna__SHISA9_203_	1
observable_8186	cyt_mrna__ZBTB11_201_	1
observable_8187	cyt_mrna__HES1_201_	1
observable_8188	cyt_mrna__WWOX_214_	1
observable_8189	cyt_mrna__SPRY1_209_	1
observable_8190	cyt_mrna__TRPV4_201_	1
observable_8191	cyt_mrna__PCNX3_201_	1
observable_8192	cyt_mrna__GTF2A2_202_	1
observable_8193	cyt_mrna__POGZ_201_	1
observable_8194	cyt_mrna__C16orf87_201_	1
observable_8195	cyt_mrna__CTXN2_201_	1
observable_8196	cyt_mrna__JUN_201_	1
observable_8197	cyt_mrna__CAMTA1_201_	1
observable_8198	cyt_mrna__CCND1_201_	1
observable_8199	cyt_mrna__RPL15_201_	1
observable_8200	cyt_mrna__TMEM223_201_	1
observable_8201	cyt_mrna__SETD1A_201_	1
observable_8202	cyt_mrna__SIN3B_201_	1
observable_8203	cyt_mrna__ZNRD2_201_	1
observable_8204	cyt_mrna__BOP1_205_	1
observable_8205	cyt_mrna__AFAP1L2_201_	1
observable_8206	cyt_mrna__BSND_201_	1
observable_8207	cyt_mrna__LDLRAD3_201_	1
observable_8208	cyt_mrna__CLCN3_208_	1
observable_8209	cyt_mrna__TMEM240_201_	1
observable_8210	cyt_mrna__SCX_201_	1
observable_8211	cyt_mrna__ZYG11A_201_	1
observable_8212	cyt_mrna__BCL9L_205_	1
observable_8213	cyt_mrna__BRD7_201_	1
observable_8214	cyt_mrna__SYDE1_201_	1
observable_8215	cyt_mrna__MXD4_201_	1
observable_8216	cyt_mrna__DCUN1D5_201_	1
observable_8217	cyt_mrna__FNTB_201_	1
observable_8218	cyt_mrna__RELL1_202_	1
observable_8219	cyt_mrna__PI4K2A_201_	1
observable_8220	cyt_mrna__WFIKKN1_201_	1
observable_8221	cyt_mrna__AP3M2_201_	1
observable_8222	cyt_mrna__IL17RD_201_	1
observable_8223	cyt_mrna__EPB41L3_201_	1
observable_8224	cyt_mrna__ZBTB49_201_	1
observable_8225	cyt_mrna__SLC1A7_202_	1
observable_8226	cyt_mrna__FABP5_201_	1
observable_8227	cyt_mrna__FTL_201_	1
observable_8228	cyt_mrna__NF2_202_	1
observable_8229	cyt_mrna__FBXO46_201_	1
observable_8230	cyt_mrna__GSTP1_202_	1
observable_8231	cyt_mrna__SRRM2_201_	1
observable_8232	cyt_mrna__ISX_202_	1
observable_8233	cyt_mrna__AMY2B_208_	1
observable_8234	cyt_mrna__FPGS_203_	1
observable_8235	cyt_mrna__HDGF_201_	1
observable_8236	cyt_mrna__MARK4_201_	1
observable_8237	cyt_mrna__ARHGEF17_201_	1
observable_8238	cyt_mrna__GTF2E2_201_	1
observable_8239	cyt_mrna__ZNF213_201_	1
observable_8240	cyt_mrna__FAM78B_202_	1
observable_8241	cyt_mrna__TRIM72_201_	1
observable_8242	cyt_mrna__CBLN1_201_	1
observable_8243	cyt_mrna__NR1H4_203_	1
observable_8244	cyt_mrna__NISCH_201_	1
observable_8245	cyt_mrna__CA8_201_	1
observable_8246	cyt_mrna__TERB1_202_	1
observable_8247	cyt_mrna__CRAT_201_	1
observable_8248	cyt_mrna__SNRPA_201_	1
observable_8249	cyt_mrna__BCR_201_	1
observable_8250	cyt_mrna__CA7_201_	1
observable_8251	cyt_mrna__TCOF1_216_	1
observable_8252	cyt_mrna__MYMX_201_	1
observable_8253	cyt_mrna__SERP1_201_	1
observable_8254	cyt_mrna__CAND1_208_	1
observable_8255	cyt_mrna__SUCO_201_	1
observable_8256	cyt_mrna__EBI3_201_	1
observable_8257	cyt_mrna__NFKB2_211_	1
observable_8258	cyt_mrna__ERF_201_	1
observable_8259	cyt_mrna__PIGT_202_	1
observable_8260	cyt_mrna__NDUFA4L2_202_	1
observable_8261	cyt_mrna__ZNF671_201_	1
observable_8262	cyt_mrna__TPCN2_201_	1
observable_8263	cyt_mrna__TNNI1_202_	1
observable_8264	cyt_mrna__FECH_201_	1
observable_8265	cyt_mrna__MBD4_203_	1
observable_8266	cyt_mrna__TCP11L2_201_	1
observable_8267	cyt_mrna__GARIN4_201_	1
observable_8268	cyt_mrna__BATF3_201_	1
observable_8269	cyt_mrna__HYDIN_206_	1
observable_8270	cyt_mrna__P2RX6_202_	1
observable_8271	cyt_mrna__KCNN1_211_	1
observable_8272	cyt_mrna__FBXO28_201_	1
observable_8273	cyt_mrna__SCAF8_201_	1
observable_8274	cyt_mrna__SLC48A1_201_	1
observable_8275	cyt_mrna__HDAC6_201_	1
observable_8276	cyt_mrna__C10orf105_202_	1
observable_8277	cyt_mrna__ZNF334_207_	1
observable_8278	cyt_mrna__ACTN1_203_	1
observable_8279	cyt_mrna__NAGA_201_	1
observable_8280	cyt_mrna__FIP1L1_202_	1
observable_8281	cyt_mrna__CCDC90B_214_	1
observable_8282	cyt_mrna__TEF_201_	1
observable_8283	cyt_mrna__POC5_202_	1
observable_8284	cyt_mrna__PTPN6_201_	1
observable_8285	cyt_mrna__FUT9_201_	1
observable_8286	cyt_mrna__RPS12_201_	1
observable_8287	cyt_mrna__DNA2_201_	1
observable_8288	cyt_mrna__XAB2_201_	1
observable_8289	cyt_mrna__TYRO3_201_	1
observable_8290	cyt_mrna__GPN3_201_	1
observable_8291	cyt_mrna__NUDT3_201_	1
observable_8292	cyt_mrna__LNPEP_201_	1
observable_8293	cyt_mrna__OVOL3_202_	1
observable_8294	cyt_mrna__GPR19_206_	1
observable_8295	cyt_mrna__SHLD3_201_	1
observable_8296	cyt_mrna__TACC1_202_	1
observable_8297	cyt_mrna__CTXND1_201_	1
observable_8298	cyt_mrna__RGS17_201_	1
observable_8299	cyt_mrna__RNASEH2A_201_	1
observable_8300	cyt_mrna__MFSD5_201_	1
observable_8301	cyt_mrna__LYRM7_201_	1
observable_8302	cyt_mrna__EEF1E1_201_	1
observable_8303	cyt_mrna__UBTD2_201_	1
observable_8304	cyt_mrna__CCNQ_204_	1
observable_8305	cyt_mrna__CKMT1B_207_	1
observable_8306	cyt_mrna__SUDS3_204_	1
observable_8307	cyt_mrna__URI1_202_	1
observable_8308	cyt_mrna__NDRG3_201_	1
observable_8309	cyt_mrna__FANCD2_212_	1
observable_8310	cyt_mrna__SMIM18_201_	1
observable_8311	cyt_mrna__DLAT_201_	1
observable_8312	cyt_mrna__SLAIN2_201_	1
observable_8313	cyt_mrna__CLPP_201_	1
observable_8314	cyt_mrna__PTK6_202_	1
observable_8315	cyt_mrna__ZNF579_201_	1
observable_8316	cyt_mrna__SHPRH_201_	1
observable_8317	cyt_mrna__LAMP2_201_	1
observable_8318	cyt_mrna__CACNA1H_201_	1
observable_8319	cyt_mrna__MEIOSIN_201_	1
observable_8320	cyt_mrna__HMGA2_204_	1
observable_8321	cyt_mrna__STXBP1_201_	1
observable_8322	cyt_mrna__HMMR_203_	1
observable_8323	cyt_mrna__COPS4_201_	1
observable_8324	cyt_mrna__PEX11G_201_	1
observable_8325	cyt_mrna__DISC1_209_	1
observable_8326	cyt_mrna__MAPK8IP1_201_	1
observable_8327	cyt_mrna__YWHAB_201_	1
observable_8328	cyt_mrna__SPACA9_202_	1
observable_8329	cyt_mrna__TM9SF3_201_	1
observable_8330	cyt_mrna__RPL24_201_	1
observable_8331	cyt_mrna__LRP2BP_202_	1
observable_8332	cyt_mrna__TPSG1_201_	1
observable_8333	cyt_mrna__SSR1_201_	1
observable_8334	cyt_mrna__CHAF1A_201_	1
observable_8335	cyt_mrna__BCLAF3_202_	1
observable_8336	cyt_mrna__RFC5_204_	1
observable_8337	cyt_mrna__TPSD1_201_	1
observable_8338	cyt_mrna__UTS2B_201_	1
observable_8339	cyt_mrna__CCDC167_201_	1
observable_8340	cyt_mrna__JAGN1_202_	1
observable_8341	cyt_mrna__NUP37_209_	1
observable_8342	cyt_mrna__AAR2_201_	1
observable_8343	cyt_mrna__SOX8_201_	1
observable_8344	cyt_mrna__SLC1A5_203_	1
observable_8345	cyt_mrna__WDR31_202_	1
observable_8346	cyt_mrna__LATS1_207_	1
observable_8347	cyt_mrna__DPPA2_201_	1
observable_8348	cyt_mrna__CFP_203_	1
observable_8349	cyt_mrna__SHANK2_214_	1
observable_8350	cyt_mrna__EIF3D_201_	1
observable_8351	cyt_mrna__RAB43_201_	1
observable_8352	cyt_mrna__APOL6_201_	1
observable_8353	cyt_mrna__UQCC5_203_	1
observable_8354	cyt_mrna__PRSS16_201_	1
observable_8355	cyt_mrna__MYOF_202_	1
observable_8356	cyt_mrna__TBCA_202_	1
observable_8357	cyt_mrna__RAB38_201_	1
observable_8358	cyt_mrna__KLHL13_207_	1
observable_8359	cyt_mrna__ABHD10_201_	1
observable_8360	cyt_mrna__ATP5MG_201_	1
observable_8361	cyt_mrna__SUSD2_201_	1
observable_8362	cyt_mrna__BRK1_201_	1
observable_8363	cyt_mrna__SMARCD1_202_	1
observable_8364	cyt_mrna__NDUFS4_201_	1
observable_8365	cyt_mrna__MYCL_202_	1
observable_8366	cyt_mrna__CNN2_201_	1
observable_8367	cyt_mrna__MEIOB_201_	1
observable_8368	cyt_mrna__ATPSCKMT_207_	1
observable_8369	cyt_mrna__GOLM1_203_	1
observable_8370	cyt_mrna__GPR63_201_	1
observable_8371	cyt_mrna__SMOX_202_	1
observable_8372	cyt_mrna__MLEC_201_	1
observable_8373	cyt_mrna__NDST2_202_	1
observable_8374	cyt_mrna__TMX2_201_	1
observable_8375	cyt_mrna__CEP128_209_	1
observable_8376	cyt_mrna__ANXA3_201_	1
observable_8377	cyt_mrna__BLOC1S1_203_	1
observable_8378	cyt_mrna__NBPF6_202_	1
observable_8379	cyt_mrna__CCL25_202_	1
observable_8380	cyt_mrna__NBPF1_203_	1
observable_8381	cyt_mrna__TPM1_207_	1
observable_8382	cyt_mrna__NPIPA9_202_	1
observable_8383	cyt_mrna__SPAG4_201_	1
observable_8384	cyt_mrna__BLVRB_201_	1
observable_8385	cyt_mrna__MORC2_202_	1
observable_8386	cyt_mrna__NRG1_203_	1
observable_8387	cyt_mrna__DIO1_202_	1
observable_8388	cyt_mrna__USP45_208_	1
observable_8389	cyt_mrna__RPS6KA3_201_	1
observable_8390	cyt_mrna__A4GALT_206_	1
observable_8391	cyt_mrna__NUP210_201_	1
observable_8392	cyt_mrna__ZNF622_201_	1
observable_8393	cyt_mrna__CCDC27_201_	1
observable_8394	cyt_mrna__OR14A2_201_	1
observable_8395	cyt_mrna__VWCE_202_	1
observable_8396	cyt_mrna__CEACAM1_201_	1
observable_8397	cyt_mrna__GPR61_204_	1
observable_8398	cyt_mrna__HGFAC_201_	1
observable_8399	cyt_mrna__RNF146_202_	1
observable_8400	cyt_mrna__POMT2_201_	1
observable_8401	cyt_mrna__TRIM59_201_	1
observable_8402	cyt_mrna__SSTR3_201_	1
observable_8403	cyt_mrna__FAF2_201_	1
observable_8404	cyt_mrna__ZBTB45_202_	1
observable_8405	cyt_mrna__USP21_203_	1
observable_8406	cyt_mrna__FUT1_206_	1
observable_8407	cyt_mrna__UBE3D_203_	1
observable_8408	cyt_mrna__UBE2E2_202_	1
observable_8409	cyt_mrna__NDUFS6_201_	1
observable_8410	cyt_mrna__ZNF610_203_	1
observable_8411	cyt_mrna__HTATIP2_204_	1
observable_8412	cyt_mrna__MRPL36_202_	1
observable_8413	cyt_mrna__CES5A_201_	1
observable_8414	cyt_mrna__ACOT13_201_	1
observable_8415	cyt_mrna__TP53TG3E_202_	1
observable_8416	cyt_mrna__TP53TG3B_201_	1
observable_8417	cyt_mrna__CRIP3_202_	1
observable_8418	cyt_mrna__KIFAP3_201_	1
observable_8419	cyt_mrna__GCN1_201_	1
observable_8420	cyt_mrna__KIAA1614_202_	1
observable_8421	cyt_mrna__PGBD1_202_	1
observable_8422	cyt_mrna__RASGRF2_201_	1
observable_8423	cyt_mrna__CACNA1S_201_	1
observable_8424	cyt_mrna__ETS1_202_	1
observable_8425	cyt_mrna__CGAS_201_	1
observable_8426	cyt_mrna__YIF1B_203_	1
observable_8427	cyt_mrna__TMCO6_203_	1
observable_8428	cyt_mrna__CCN2_201_	1
observable_8429	cyt_mrna__MSANTD4_201_	1
observable_8430	cyt_mrna__TAB2_208_	1
observable_8431	cyt_mrna__IRX3_201_	1
observable_8432	cyt_mrna__FHL1_203_	1
observable_8433	cyt_mrna__ACVR1B_201_	1
observable_8434	cyt_mrna__ZBTB24_201_	1
observable_8435	cyt_mrna__TOR1AIP1_212_	1
observable_8436	cyt_mrna__PFDN1_201_	1
observable_8437	cyt_mrna__RPS15_209_	1
observable_8438	cyt_mrna__RPE65_201_	1
observable_8439	cyt_mrna__ZNF549_202_	1
observable_8440	cyt_mrna__CLEC19A_205_	1
observable_8441	cyt_mrna__XPNPEP1_218_	1
observable_8442	cyt_mrna__GPC4_201_	1
observable_8443	cyt_mrna__TNR_201_	1
observable_8444	cyt_mrna__ARL14EP_201_	1
observable_8445	cyt_mrna__SPOCK3_202_	1
observable_8446	cyt_mrna__APOC1_208_	1
observable_8447	cyt_mrna__CALCB_201_	1
observable_8448	cyt_mrna__PRKX_201_	1
observable_8449	cyt_mrna__USP44_201_	1
observable_8450	cyt_mrna__RPS10_209_	1
observable_8451	cyt_mrna__OCEL1_201_	1
observable_8452	cyt_mrna__NIPA2_201_	1
observable_8453	cyt_mrna__TMEM161B_201_	1
observable_8454	cyt_mrna__AS3MT_201_	1
observable_8455	cyt_mrna__NDUFB7_201_	1
observable_8456	cyt_mrna__PRPF19_201_	1
observable_8457	cyt_mrna__VWA2_202_	1
observable_8458	cyt_mrna__QDPR_201_	1
observable_8459	cyt_mrna__RPUSD4_201_	1
observable_8460	cyt_mrna__ARSB_201_	1
observable_8461	cyt_mrna__GRWD1_201_	1
observable_8462	cyt_mrna__LSG1_201_	1
observable_8463	cyt_mrna__PWWP2A_201_	1
observable_8464	cyt_mrna__TAFA4_201_	1
observable_8465	cyt_mrna__MRPL21_201_	1
observable_8466	cyt_mrna__RBM22_201_	1
observable_8467	cyt_mrna__MELK_201_	1
observable_8468	cyt_mrna__FAM98A_201_	1
observable_8469	cyt_mrna__FSIP1_201_	1
observable_8470	cyt_mrna__DDX60L_216_	1
observable_8471	cyt_mrna__TMEM147_201_	1
observable_8472	cyt_mrna__BYSL_201_	1
observable_8473	cyt_mrna__RYR2_201_	1
observable_8474	cyt_mrna__ICAM4_202_	1
observable_8475	cyt_mrna__ANKRD11_201_	1
observable_8476	cyt_mrna__ZNF878_201_	1
observable_8477	cyt_mrna__ZNF284_201_	1
observable_8478	cyt_mrna__BCAT1_201_	1
observable_8479	cyt_mrna__GINM1_201_	1
observable_8480	cyt_mrna__FNIP1_203_	1
observable_8481	cyt_mrna__PIN1_201_	1
observable_8482	cyt_mrna__GNAI2_202_	1
observable_8483	cyt_mrna__PSMB1_201_	1
observable_8484	cyt_mrna__DHFR_201_	1
observable_8485	cyt_mrna__MLLT10_201_	1
observable_8486	cyt_mrna__ACSS2_202_	1
observable_8487	cyt_mrna__GLO1_201_	1
observable_8488	cyt_mrna__DYRK2_202_	1
observable_8489	cyt_mrna__HESX1_201_	1
observable_8490	cyt_mrna__MVB12B_201_	1
observable_8491	cyt_mrna__SLC9C2_201_	1
observable_8492	cyt_mrna__SLC39A8_201_	1
observable_8493	cyt_mrna__ACSL4_213_	1
observable_8494	cyt_mrna__NOP16_207_	1
observable_8495	cyt_mrna__GRIN2A_201_	1
observable_8496	cyt_mrna__OPTC_201_	1
observable_8497	cyt_mrna__KTI12_201_	1
observable_8498	cyt_mrna__RAB27A_201_	1
observable_8499	cyt_mrna__FOXD4L1_201_	1
observable_8500	cyt_mrna__MYRF_202_	1
observable_8501	cyt_mrna__PM20D1_201_	1
observable_8502	cyt_mrna__SFT2D1_201_	1
observable_8503	cyt_mrna__ALG3_201_	1
observable_8504	cyt_mrna__DKC1_201_	1
observable_8505	cyt_mrna__FGFRL1_205_	1
observable_8506	cyt_mrna__ZSCAN29_207_	1
observable_8507	cyt_mrna__KIRREL2_203_	1
observable_8508	cyt_mrna__CGB7_204_	1
observable_8509	cyt_mrna__ARMCX6_201_	1
observable_8510	cyt_mrna__FOXM1_202_	1
observable_8511	cyt_mrna__ZNF222_202_	1
observable_8512	cyt_mrna__MAGED4_203_	1
observable_8513	cyt_mrna__WRNIP1_204_	1
observable_8514	cyt_mrna__C19orf53_202_	1
observable_8515	cyt_mrna__EYA2_202_	1
observable_8516	cyt_mrna__PIGM_201_	1
observable_8517	cyt_mrna__PTPN23_201_	1
observable_8518	cyt_mrna__INTU_201_	1
observable_8519	cyt_mrna__BEX1_201_	1
observable_8520	cyt_mrna__ANKHD1_202_	1
observable_8521	cyt_mrna__CLTRN_201_	1
observable_8522	cyt_mrna__ATP1A4_201_	1
observable_8523	cyt_mrna__HYAL3_201_	1
observable_8524	cyt_mrna__NAA80_204_	1
observable_8525	cyt_mrna__ENPP1_204_	1
observable_8526	cyt_mrna__ZNF669_204_	1
observable_8527	cyt_mrna__PRDM4_201_	1
observable_8528	cyt_mrna__ZNF717_207_	1
observable_8529	cyt_mrna__NSD1_204_	1
observable_8530	cyt_mrna__SRF_201_	1
observable_8531	cyt_mrna__CHEK1_204_	1
observable_8532	cyt_mrna__CRTC1_201_	1
observable_8533	cyt_mrna__NDUFA12_201_	1
observable_8534	cyt_mrna__ZCWPW2_201_	1
observable_8535	cyt_mrna__HAPLN1_201_	1
observable_8536	cyt_mrna__UBE2Q2_201_	1
observable_8537	cyt_mrna__GAP43_201_	1
observable_8538	cyt_mrna__EOLA2_203_	1
observable_8539	cyt_mrna__PUS1_202_	1
observable_8540	cyt_mrna__SCGB3A2_201_	1
observable_8541	cyt_mrna__MIX23_201_	1
observable_8542	cyt_mrna__TEK_201_	1
observable_8543	cyt_mrna__WDR5B_201_	1
observable_8544	cyt_mrna__FIG4_201_	1
observable_8545	cyt_mrna__TMED9_201_	1
observable_8546	cyt_mrna__ATP6V0E1_203_	1
observable_8547	cyt_mrna__EXOSC7_201_	1
observable_8548	cyt_mrna__TMEM62_201_	1
observable_8549	cyt_mrna__WBP11_201_	1
observable_8550	cyt_mrna__MPC1_201_	1
observable_8551	cyt_mrna__WDR38_201_	1
observable_8552	cyt_mrna__SRP19_206_	1
observable_8553	cyt_mrna__BCL7A_201_	1
observable_8554	cyt_mrna__RPL35_201_	1
observable_8555	cyt_mrna__TTC33_201_	1
observable_8556	cyt_mrna__PGAP4_202_	1
observable_8557	cyt_mrna__GM2A_201_	1
observable_8558	cyt_mrna__TBX15_202_	1
observable_8559	cyt_mrna__TBX19_201_	1
observable_8560	cyt_mrna__EPHA7_202_	1
observable_8561	cyt_mrna__CDK4_201_	1
observable_8562	cyt_mrna__REEP5_202_	1
observable_8563	cyt_mrna__C1orf167_208_	1
observable_8564	cyt_mrna__KIF16B_201_	1
observable_8565	cyt_mrna__PCBD2_201_	1
observable_8566	cyt_mrna__FBP1_201_	1
observable_8567	cyt_mrna__SYVN1_203_	1
observable_8568	cyt_mrna__RHEBL1_201_	1
observable_8569	cyt_mrna__GPR88_201_	1
observable_8570	cyt_mrna__YOD1_201_	1
observable_8571	cyt_mrna__MED25_201_	1
observable_8572	cyt_mrna__EWSR1_206_	1
observable_8573	cyt_mrna__DPYSL3_201_	1
observable_8574	cyt_mrna__UQCRB_201_	1
observable_8575	cyt_mrna__MRPL49_201_	1
observable_8576	cyt_mrna__SARNP_201_	1
observable_8577	cyt_mrna__SPA17_201_	1
observable_8578	cyt_mrna__RREB1_204_	1
observable_8579	cyt_mrna__CRADD_201_	1
observable_8580	cyt_mrna__LOX_201_	1
observable_8581	cyt_mrna__OPTN_202_	1
observable_8582	cyt_mrna__PRPF4_201_	1
observable_8583	cyt_mrna__BTBD19_203_	1
observable_8584	cyt_mrna__PLTP_203_	1
observable_8585	cyt_mrna__TUB_201_	1
observable_8586	cyt_mrna__RNF44_201_	1
observable_8587	cyt_mrna__FAM216A_201_	1
observable_8588	cyt_mrna__WDR27_203_	1
observable_8589	cyt_mrna__TEX50_201_	1
observable_8590	cyt_mrna__ABHD17B_201_	1
observable_8591	cyt_mrna__MAP4K1_201_	1
observable_8592	cyt_mrna__CD5L_201_	1
observable_8593	cyt_mrna__RAB6A_202_	1
observable_8594	cyt_mrna__RPF2_203_	1
observable_8595	cyt_mrna__PRUNE2_203_	1
observable_8596	cyt_mrna__LAX1_203_	1
observable_8597	cyt_mrna__CIMAP2_202_	1
observable_8598	cyt_mrna__TMEM61_201_	1
observable_8599	cyt_mrna__NUS1_201_	1
observable_8600	cyt_mrna__FBN2_201_	1
observable_8601	cyt_mrna__EIF3F_209_	1
observable_8602	cyt_mrna__CLPSL2_202_	1
observable_8603	cyt_mrna__PCGF5_201_	1
observable_8604	cyt_mrna__MRPS18A_202_	1
observable_8605	cyt_mrna__WEE1_202_	1
observable_8606	cyt_mrna__ARFGAP3_201_	1
observable_8607	cyt_mrna__PLAT_201_	1
observable_8608	cyt_mrna__SNRPC_201_	1
observable_8609	cyt_mrna__MRPL4_201_	1
observable_8610	cyt_mrna__ECT2_204_	1
observable_8611	cyt_mrna__HSF2_201_	1
observable_8612	cyt_mrna__SEC24A_202_	1
observable_8613	cyt_mrna__MAD2L1BP_201_	1
observable_8614	cyt_mrna__SNX16_201_	1
observable_8615	cyt_mrna__FNBP1_202_	1
observable_8616	cyt_mrna__CD83_201_	1
observable_8617	cyt_mrna__KIF21A_201_	1
observable_8618	cyt_mrna__RWDD2A_201_	1
observable_8619	cyt_mrna__SPATA24_202_	1
observable_8620	cyt_mrna__CHCHD6_201_	1
observable_8621	cyt_mrna__ULBP3_201_	1
observable_8622	cyt_mrna__OSBPL2_201_	1
observable_8623	cyt_mrna__UBXN1_202_	1
observable_8624	cyt_mrna__NDUFS7_201_	1
observable_8625	cyt_mrna__ANKRD13D_211_	1
observable_8626	cyt_mrna__NDUFA7_201_	1
observable_8627	cyt_mrna__ACVR2B_201_	1
observable_8628	cyt_mrna__CCNE2_201_	1
observable_8629	cyt_mrna__HCST_201_	1
observable_8630	cyt_mrna__HIVEP1_201_	1
observable_8631	cyt_mrna__CIP2A_201_	1
observable_8632	cyt_mrna__BEND6_202_	1
observable_8633	cyt_mrna__NDUFAF4_201_	1
observable_8634	cyt_mrna__ZNF215_201_	1
observable_8635	cyt_mrna__ZSCAN23_201_	1
observable_8636	cyt_mrna__ELP6_201_	1
observable_8637	cyt_mrna__CAMSAP3_201_	1
observable_8638	cyt_mrna__COL15A1_201_	1
observable_8639	cyt_mrna__ANGPTL6_201_	1
observable_8640	cyt_mrna__ALB_201_	1
observable_8641	cyt_mrna__ZNF845_201_	1
observable_8642	cyt_mrna__HPS4_202_	1
observable_8643	cyt_mrna__E2F7_201_	1
observable_8644	cyt_mrna__ZNF445_201_	1
observable_8645	cyt_mrna__HINT1_201_	1
observable_8646	cyt_mrna__LRP5_201_	1
observable_8647	cyt_mrna__ARMC6_206_	1
observable_8648	cyt_mrna__POLL_203_	1
observable_8649	cyt_mrna__CYP2R1_201_	1
observable_8650	cyt_mrna__NELFCD_214_	1
observable_8651	cyt_mrna__KCNK5_201_	1
observable_8652	cyt_mrna__ERCC8_218_	1
observable_8653	cyt_mrna__MRPL42_206_	1
observable_8654	cyt_mrna__RPL27A_201_	1
observable_8655	cyt_mrna__GTPBP1_201_	1
observable_8656	cyt_mrna__DGLUCY_201_	1
observable_8657	cyt_mrna__CCDC15_201_	1
observable_8658	cyt_mrna__MBD3_202_	1
observable_8659	cyt_mrna__ATF4_206_	1
observable_8660	cyt_mrna__MRPL17_201_	1
observable_8661	cyt_mrna__MATN2_201_	1
observable_8662	cyt_mrna__SGO1_203_	1
observable_8663	cyt_mrna__ZNF451_203_	1
observable_8664	cyt_mrna__MIER2_201_	1
observable_8665	cyt_mrna__FAM204A_203_	1
observable_8666	cyt_mrna__SCAND3_201_	1
observable_8667	cyt_mrna__CFAP418_201_	1
observable_8668	cyt_mrna__NHP2_201_	1
observable_8669	cyt_mrna__PNPLA2_201_	1
observable_8670	cyt_mrna__MRPL2_202_	1
observable_8671	cyt_mrna__CMYA5_201_	1
observable_8672	cyt_mrna__APBA3_201_	1
observable_8673	cyt_mrna__CSGALNACT2_201_	1
observable_8674	cyt_mrna__KIAA1586_201_	1
observable_8675	cyt_mrna__MRPL3_201_	1
observable_8676	cyt_mrna__RAB3IP_201_	1
observable_8677	cyt_mrna__POLR3D_201_	1
observable_8678	cyt_mrna__SLITRK3_202_	1
observable_8679	cyt_mrna__CLXN_201_	1
observable_8680	cyt_mrna__NOTCH3_201_	1
observable_8681	cyt_mrna__CD164_202_	1
observable_8682	cyt_mrna__WDR48_201_	1
observable_8683	cyt_mrna__TUBA1B_202_	1
observable_8684	cyt_mrna__PSENEN_202_	1
observable_8685	cyt_mrna__RAB2A_201_	1
observable_8686	cyt_mrna__DCUN1D1_201_	1
observable_8687	cyt_mrna__MDFI_201_	1
observable_8688	cyt_mrna__BMPR1A_201_	1
observable_8689	cyt_mrna__CTSA_220_	1
observable_8690	cyt_mrna__DIABLO_206_	1
observable_8691	cyt_mrna__RSPH9_201_	1
observable_8692	cyt_mrna__NDUFB4_201_	1
observable_8693	cyt_mrna__CYP11B2_201_	1
observable_8694	cyt_mrna__SPHK2_201_	1
observable_8695	cyt_mrna__NSUN2_201_	1
observable_8696	cyt_mrna__PLEKHF2_201_	1
observable_8697	cyt_mrna__RPL39L_201_	1
observable_8698	cyt_mrna__BCKDHB_201_	1
observable_8699	cyt_mrna__THNSL1_201_	1
observable_8700	cyt_mrna__PRORP_203_	1
observable_8701	cyt_mrna__TMA7_201_	1
observable_8702	cyt_mrna__CHST3_201_	1
observable_8703	cyt_mrna__HSD17B14_201_	1
observable_8704	cyt_mrna__PLCB3_201_	1
observable_8705	cyt_mrna__ZFP14_201_	1
observable_8706	cyt_mrna__MMS22L_213_	1
observable_8707	cyt_mrna__B9D2_201_	1
observable_8708	cyt_mrna__TNFRSF10B_201_	1
observable_8709	cyt_mrna__CENPW_203_	1
observable_8710	cyt_mrna__CALR3_201_	1
observable_8711	cyt_mrna__LSM7_201_	1
observable_8712	cyt_mrna__PHYH_201_	1
observable_8713	cyt_mrna__TMTC3_201_	1
observable_8714	cyt_mrna__TBCB_201_	1
observable_8715	cyt_mrna__MCM2_201_	1
observable_8716	cyt_mrna__INCENP_202_	1
observable_8717	cyt_mrna__ZNF239_202_	1
observable_8718	cyt_mrna__HDAC3_201_	1
observable_8719	cyt_mrna__LGALS3_201_	1
observable_8720	cyt_mrna__RFC4_201_	1
observable_8721	cyt_mrna__ACER3_212_	1
observable_8722	cyt_mrna__UQCC1_205_	1
observable_8723	cyt_mrna__SKIL_201_	1
observable_8724	cyt_mrna__RUNX1T1_245_	1
observable_8725	cyt_mrna__GRK5_202_	1
observable_8726	cyt_mrna__WDR70_201_	1
observable_8727	cyt_mrna__KCNJ1_204_	1
observable_8728	cyt_mrna__SNX6_201_	1
observable_8729	cyt_mrna__JARID2_201_	1
observable_8730	cyt_mrna__RPL35A_211_	1
observable_8731	cyt_mrna__ATRNL1_201_	1
observable_8732	cyt_mrna__GPRIN2_201_	1
observable_8733	cyt_mrna__C2CD3_202_	1
observable_8734	cyt_mrna__DNAJC19_201_	1
observable_8735	cyt_mrna__RBM27_201_	1
observable_8736	cyt_mrna__SETD9_201_	1
observable_8737	cyt_mrna__RHOBTB2_201_	1
observable_8738	cyt_mrna__MRPL16_201_	1
observable_8739	cyt_mrna__ZNF582_202_	1
observable_8740	cyt_mrna__GOLGA3_202_	1
observable_8741	cyt_mrna__PCYT1A_206_	1
observable_8742	cyt_mrna__GARRE1_201_	1
observable_8743	cyt_mrna__TMIGD2_202_	1
observable_8744	cyt_mrna__ANKRD46_201_	1
observable_8745	cyt_mrna__ORMDL2_201_	1
observable_8746	cyt_mrna__CGB8_201_	1
observable_8747	cyt_mrna__RAB5A_201_	1
observable_8748	cyt_mrna__ZNF529_209_	1
observable_8749	cyt_mrna__ASCC3_204_	1
observable_8750	cyt_mrna__GATC_203_	1
observable_8751	cyt_mrna__SHLD2_202_	1
observable_8752	cyt_mrna__UQCC6_201_	1
observable_8753	cyt_mrna__CCDC12_214_	1
observable_8754	cyt_mrna__ACE2_201_	1
observable_8755	cyt_mrna__HIPK3_201_	1
observable_8756	cyt_mrna__C12orf57_201_	1
observable_8757	cyt_mrna__PRKAG3_202_	1
observable_8758	cyt_mrna__SLC12A2_201_	1
observable_8759	cyt_mrna__ADAM33_202_	1
observable_8760	cyt_mrna__ZNF318_201_	1
observable_8761	cyt_mrna__HELB_201_	1
observable_8762	cyt_mrna__ARL2_201_	1
observable_8763	cyt_mrna__CYB561D2_205_	1
observable_8764	cyt_mrna__GTF2F1_201_	1
observable_8765	cyt_mrna__SRSF3_202_	1
observable_8766	cyt_mrna__GSR_201_	1
observable_8767	cyt_mrna__KLHL3_201_	1
observable_8768	cyt_mrna__SYNDIG1_201_	1
observable_8769	cyt_mrna__EIF3M_208_	1
observable_8770	cyt_mrna__FANCI_202_	1
observable_8771	cyt_mrna__FAM240C_202_	1
observable_8772	cyt_mrna__STAC_201_	1
observable_8773	cyt_mrna__TOMM6_201_	1
observable_8774	cyt_mrna__CACNA1G_204_	1
observable_8775	cyt_mrna__PAK5_201_	1
observable_8776	cyt_mrna__CMBL_201_	1
observable_8777	cyt_mrna__ZNF589_201_	1
observable_8778	cyt_mrna__TMEM126A_201_	1
observable_8779	cyt_mrna__C1QBP_201_	1
observable_8780	cyt_mrna__DTNBP1_202_	1
observable_8781	cyt_mrna__CMTM7_201_	1
observable_8782	cyt_mrna__ZCCHC24_202_	1
observable_8783	cyt_mrna__DHX33_201_	1
observable_8784	cyt_mrna__TPPP_201_	1
observable_8785	cyt_mrna__DEPDC5_264_	1
observable_8786	cyt_mrna__SGK2_203_	1
observable_8787	cyt_mrna__PDSS1_201_	1
observable_8788	cyt_mrna__SOST_201_	1
observable_8789	cyt_mrna__CFAP97D1_201_	1
observable_8790	cyt_mrna__DOK5_201_	1
observable_8791	cyt_mrna__TVP23C_205_	1
observable_8792	cyt_mrna__TBC1D15_210_	1
observable_8793	cyt_mrna__ITPR3_202_	1
observable_8794	cyt_mrna__PPCDC_201_	1
observable_8795	cyt_mrna__ARHGEF33_202_	1
observable_8796	cyt_mrna__GPCPD1_201_	1
observable_8797	cyt_mrna__APOBEC3G_201_	1
observable_8798	cyt_mrna__RPP21_224_	1
observable_8799	cyt_mrna__H2BC12_201_	1
observable_8800	cyt_mrna__SLC38A3_206_	1
observable_8801	cyt_mrna__STAU2_229_	1
observable_8802	cyt_mrna__VWA5A_205_	1
observable_8803	cyt_mrna__DHX37_201_	1
observable_8804	cyt_mrna__SELENOI_201_	1
observable_8805	cyt_mrna__LLPH_201_	1
observable_8806	cyt_mrna__EN1_201_	1
observable_8807	cyt_mrna__BHLHE40_201_	1
observable_8808	cyt_mrna__EDEM2_202_	1
observable_8809	cyt_mrna__C1QL2_201_	1
observable_8810	cyt_mrna__SPEGNB_202_	1
observable_8811	cyt_mrna__IDH3A_201_	1
observable_8812	cyt_mrna__ANO9_201_	1
observable_8813	cyt_mrna__TBC1D3B_202_	1
observable_8814	cyt_mrna__GLUD1_201_	1
observable_8815	cyt_mrna__TAC3_209_	1
observable_8816	cyt_mrna__VPS18_201_	1
observable_8817	cyt_mrna__TMEM14B_202_	1
observable_8818	cyt_mrna__ZFP64_201_	1
observable_8819	cyt_mrna__KIF18A_201_	1
observable_8820	cyt_mrna__BLOC1S2_202_	1
observable_8821	cyt_mrna__BBS4_201_	1
observable_8822	cyt_mrna__YTHDF1_202_	1
observable_8823	cyt_mrna__RESP18_201_	1
observable_8824	cyt_mrna__ANXA6_201_	1
observable_8825	cyt_mrna__POPDC1_201_	1
observable_8826	cyt_mrna__NEU2_201_	1
observable_8827	cyt_mrna__SLC12A8_207_	1
observable_8828	cyt_mrna__RPS13_202_	1
observable_8829	cyt_mrna__DAPK2_202_	1
observable_8830	cyt_mrna__CHD3_201_	1
observable_8831	cyt_mrna__SLC4A8_203_	1
observable_8832	cyt_mrna__HNRNPC_204_	1
observable_8833	cyt_mrna__CMIP_202_	1
observable_8834	cyt_mrna__ASCC2_201_	1
observable_8835	cyt_mrna__FBXL14_201_	1
observable_8836	cyt_mrna__CCNY_203_	1
observable_8837	cyt_mrna__LYPLA1_201_	1
observable_8838	cyt_mrna__YEATS4_201_	1
observable_8839	cyt_mrna__SRCIN1_213_	1
observable_8840	cyt_mrna__IGHMBP2_201_	1
observable_8841	cyt_mrna__PLAU_201_	1
observable_8842	cyt_mrna__SPINT1_202_	1
observable_8843	cyt_mrna__OR2AE1_201_	1
observable_8844	cyt_mrna__UTP20_201_	1
observable_8845	cyt_mrna__FFAR4_201_	1
observable_8846	cyt_mrna__SPACA3_201_	1
observable_8847	cyt_mrna__NPIPB5_204_	1
observable_8848	cyt_mrna__PPARGC1B_201_	1
observable_8849	cyt_mrna__MARCKS_201_	1
observable_8850	cyt_mrna__BPIFB1_201_	1
observable_8851	cyt_mrna__MYO15B_235_	1
observable_8852	cyt_mrna__DCAF13_208_	1
observable_8853	cyt_mrna__MTURN_201_	1
observable_8854	cyt_mrna__PIP4K2C_201_	1
observable_8855	cyt_mrna__ATAD1_204_	1
observable_8856	cyt_mrna__DMKN_201_	1
observable_8857	cyt_mrna__COX19_201_	1
observable_8858	cyt_mrna__CYP2W1_201_	1
observable_8859	cyt_mrna__SPTAN1_203_	1
observable_8860	cyt_mrna__ZMAT3_201_	1
observable_8861	cyt_mrna__UNCX_201_	1
observable_8862	cyt_mrna__HOXB1_201_	1
observable_8863	cyt_mrna__ARHGEF37_201_	1
observable_8864	cyt_mrna__HOXB2_201_	1
observable_8865	cyt_mrna__SETMAR_201_	1
observable_8866	cyt_mrna__NINL_201_	1
observable_8867	cyt_mrna__HOXB4_201_	1
observable_8868	cyt_mrna__HOXB5_201_	1
observable_8869	cyt_mrna__HOXB7_201_	1
observable_8870	cyt_mrna__HOXB9_201_	1
observable_8871	cyt_mrna__ADORA2B_201_	1
observable_8872	cyt_mrna__ATF7_201_	1
observable_8873	cyt_mrna__WDR82_201_	1
observable_8874	cyt_mrna__TUSC3_203_	1
observable_8875	cyt_mrna__TTC38_201_	1
observable_8876	cyt_mrna__CDK1_203_	1
observable_8877	cyt_mrna__PPP2R1B_206_	1
observable_8878	cyt_mrna__FXR2_201_	1
observable_8879	cyt_mrna__FAM169A_207_	1
observable_8880	cyt_mrna__EIF5A2_201_	1
observable_8881	cyt_mrna__PSMG4_206_	1
observable_8882	cyt_mrna__ZNF562_202_	1
observable_8883	cyt_mrna__LRRC37A_201_	1
observable_8884	cyt_mrna__SERTAD1_201_	1
observable_8885	cyt_mrna__MSI1_201_	1
observable_8886	cyt_mrna__ADGRA2_202_	1
observable_8887	cyt_mrna__ZNF282_204_	1
observable_8888	cyt_mrna__EEF1A2_201_	1
observable_8889	cyt_mrna__PARL_202_	1
observable_8890	cyt_mrna__ZNF783_202_	1
observable_8891	cyt_mrna__CTSB_202_	1
observable_8892	cyt_mrna__FAM178B_204_	1
observable_8893	cyt_mrna__PRMT5_202_	1
observable_8894	cyt_mrna__C12orf56_207_	1
observable_8895	cyt_mrna__GNL3_202_	1
observable_8896	cyt_mrna__TAP2_201_	1
observable_8897	cyt_mrna__ADAT2_201_	1
observable_8898	cyt_mrna__MANEA_201_	1
observable_8899	cyt_mrna__MTRR_202_	1
observable_8900	cyt_mrna__MTERF2_201_	1
observable_8901	cyt_mrna__NPLOC4_201_	1
observable_8902	cyt_mrna__SQOR_201_	1
observable_8903	cyt_mrna__PALD1_201_	1
observable_8904	cyt_mrna__DUSP6_201_	1
observable_8905	cyt_mrna__PRLH_201_	1
observable_8906	cyt_mrna__GSS_228_	1
observable_8907	cyt_mrna__DYNC2H1_202_	1
observable_8908	cyt_mrna__PHB2_203_	1
observable_8909	cyt_mrna__ST13_201_	1
observable_8910	cyt_mrna__RUVBL1_201_	1
observable_8911	cyt_mrna__LRRC37A2_202_	1
observable_8912	cyt_mrna__VTA1_202_	1
observable_8913	cyt_mrna__NEURL1_201_	1
observable_8914	cyt_mrna__EEF1AKMT4_201_	1
observable_8915	cyt_mrna__ABCD4_201_	1
observable_8916	cyt_mrna__SPEF2_202_	1
observable_8917	cyt_mrna__GHITM_201_	1
observable_8918	cyt_mrna__BOLL_202_	1
observable_8919	cyt_mrna__FAM81A_201_	1
observable_8920	cyt_mrna__HOOK3_201_	1
observable_8921	cyt_mrna__PRPF6_201_	1
observable_8922	cyt_mrna__LMBRD1_229_	1
observable_8923	cyt_mrna__FAM193B_217_	1
observable_8924	cyt_mrna__SEC13_202_	1
observable_8925	cyt_mrna__GRIK5_204_	1
observable_8926	cyt_mrna__TASP1_201_	1
observable_8927	cyt_mrna__ZNF248_203_	1
observable_8928	cyt_mrna__FADS2_202_	1
observable_8929	cyt_mrna__EXOC3_209_	1
observable_8930	cyt_mrna__ZNF574_202_	1
observable_8931	cyt_mrna__OCA2_202_	1
observable_8932	cyt_mrna__UQCRFS1_201_	1
observable_8933	cyt_mrna__UQCC3_201_	1
observable_8934	cyt_mrna__NCAPD2_201_	1
observable_8935	cyt_mrna__AQP11_201_	1
observable_8936	cyt_mrna__ZNF512B_201_	1
observable_8937	cyt_mrna__RPS19_206_	1
observable_8938	cyt_mrna__CFAP65_202_	1
observable_8939	cyt_mrna__ARL17A_202_	1
observable_8940	cyt_mrna__AEN_201_	1
observable_8941	cyt_mrna__ALCAM_201_	1
observable_8942	cyt_mrna__RPS26_204_	1
observable_8943	cyt_mrna__TRAPPC4_214_	1
observable_8944	cyt_mrna__MRPL51_201_	1
observable_8945	cyt_mrna__IFITM3_201_	1
observable_8946	cyt_mrna__CDCP1_201_	1
observable_8947	cyt_mrna__STAM_202_	1
observable_8948	cyt_mrna__SMIM3_201_	1
observable_8949	cyt_mrna__GPR156_202_	1
observable_8950	cyt_mrna__UBA1_201_	1
observable_8951	cyt_mrna__PSMA6_201_	1
observable_8952	cyt_mrna__PTPN9_205_	1
observable_8953	cyt_mrna__TRPM8_201_	1
observable_8954	cyt_mrna__LARGE2_202_	1
observable_8955	cyt_mrna__BPTF_201_	1
observable_8956	cyt_mrna__PRELID2_210_	1
observable_8957	cyt_mrna__HHIPL1_201_	1
observable_8958	cyt_mrna__GTPBP3_201_	1
observable_8959	cyt_mrna__TCP1_201_	1
observable_8960	cyt_mrna__CLTB_201_	1
observable_8961	cyt_mrna__TM9SF4_202_	1
observable_8962	cyt_mrna__SEC62_201_	1
observable_8963	cyt_mrna__TAC4_205_	1
observable_8964	cyt_mrna__ESPNL_201_	1
observable_8965	cyt_mrna__TBC1D31_201_	1
observable_8966	cyt_mrna__SGTB_201_	1
observable_8967	cyt_mrna__MRPS10_201_	1
observable_8968	cyt_mrna__RAD51AP1_202_	1
observable_8969	cyt_mrna__RABL3_201_	1
observable_8970	cyt_mrna__BTBD1_201_	1
observable_8971	cyt_mrna__GAST_201_	1
observable_8972	cyt_mrna__PRIM2_207_	1
observable_8973	cyt_mrna__WHAMM_201_	1
observable_8974	cyt_mrna__ZNF576_201_	1
observable_8975	cyt_mrna__KMT2A_213_	1
observable_8976	cyt_mrna__WDR53_201_	1
observable_8977	cyt_mrna__ZKSCAN3_201_	1
observable_8978	cyt_mrna__DDA1_201_	1
observable_8979	cyt_mrna__TCEAL3_202_	1
observable_8980	cyt_mrna__WWC1_201_	1
observable_8981	cyt_mrna__ZNF430_201_	1
observable_8982	cyt_mrna__ABRACL_201_	1
observable_8983	cyt_mrna__LETM2_202_	1
observable_8984	cyt_mrna__CARD14_215_	1
observable_8985	cyt_mrna__AASDHPPT_201_	1
observable_8986	cyt_mrna__POLQ_201_	1
observable_8987	cyt_mrna__HNRNPK_203_	1
observable_8988	cyt_mrna__CLP1_205_	1
observable_8989	cyt_mrna__CITED2_201_	1
observable_8990	cyt_mrna__MAP6D1_201_	1
observable_8991	cyt_mrna__HNRNPLL_209_	1
observable_8992	cyt_mrna__PEX12_201_	1
observable_8993	cyt_mrna__ANKLE1_202_	1
observable_8994	cyt_mrna__LINGO3_202_	1
observable_8995	cyt_mrna__PDZD2_202_	1
observable_8996	cyt_mrna__TRMT11_201_	1
observable_8997	cyt_mrna__HLF_201_	1
observable_8998	cyt_mrna__TMEM230_201_	1
observable_8999	cyt_mrna__PDIA5_201_	1
observable_9000	cyt_mrna__SMIM36_203_	1
observable_9001	cyt_mrna__GET3_201_	1
observable_9002	cyt_mrna__CEP295NL_201_	1
observable_9003	cyt_mrna__CD99L2_203_	1
observable_9004	cyt_mrna__SHMT2_201_	1
observable_9005	cyt_mrna__CYSTM1_201_	1
observable_9006	cyt_mrna__FHIP2B_201_	1
observable_9007	cyt_mrna__MDK_203_	1
observable_9008	cyt_mrna__PHF3_201_	1
observable_9009	cyt_mrna__PRXL2C_201_	1
observable_9010	cyt_mrna__NGFR_201_	1
observable_9011	cyt_mrna__CRYGB_201_	1
observable_9012	cyt_mrna__XPC_201_	1
observable_9013	cyt_mrna__CELF5_201_	1
observable_9014	cyt_mrna__ZNF18_204_	1
observable_9015	cyt_mrna__CRYGA_201_	1
observable_9016	cyt_mrna__CRH_201_	1
observable_9017	cyt_mrna__DNAJC5_201_	1
observable_9018	cyt_mrna__GTF3C6_201_	1
observable_9019	cyt_mrna__TCTA_201_	1
observable_9020	cyt_mrna__PTH2R_201_	1
observable_9021	cyt_mrna__GJB7_203_	1
observable_9022	cyt_mrna__PNPLA7_202_	1
observable_9023	cyt_mrna__ICAM1_201_	1
observable_9024	cyt_mrna__PITPNC1_203_	1
observable_9025	cyt_mrna__SNX15_202_	1
observable_9026	cyt_mrna__OR3A1_201_	1
observable_9027	cyt_mrna__CYP7B1_201_	1
observable_9028	cyt_mrna__HARS1_207_	1
observable_9029	cyt_mrna__TIMM10_201_	1
observable_9030	cyt_mrna__PHKA2_201_	1
observable_9031	cyt_mrna__SNAP25_201_	1
observable_9032	cyt_mrna__NCS1_201_	1
observable_9033	cyt_mrna__EPHA3_201_	1
observable_9034	cyt_mrna__HAUS8_201_	1
observable_9035	cyt_mrna__ARHGAP39_202_	1
observable_9036	cyt_mrna__GLB1L3_203_	1
observable_9037	cyt_mrna__DYNC2I2_201_	1
observable_9038	cyt_mrna__PAX3_206_	1
observable_9039	cyt_mrna__PEX2_201_	1
observable_9040	cyt_mrna__DOT1L_201_	1
observable_9041	cyt_mrna__LHFPL4_201_	1
observable_9042	cyt_mrna__NXT1_201_	1
observable_9043	cyt_mrna__ERBB3_201_	1
observable_9044	cyt_mrna__LRRN1_201_	1
observable_9045	cyt_mrna__GRM4_205_	1
observable_9046	cyt_mrna__BCAS3_202_	1
observable_9047	cyt_mrna__RBMX_201_	1
observable_9048	cyt_mrna__TBC1D13_202_	1
observable_9049	cyt_mrna__KIAA1755_201_	1
observable_9050	cyt_mrna__NEO1_201_	1
observable_9051	cyt_mrna__ARSD_202_	1
observable_9052	cyt_mrna__POTEI_201_	1
observable_9053	cyt_mrna__RRAGD_202_	1
observable_9054	cyt_mrna__KRTAP9_1_201_	1
observable_9055	cyt_mrna__ZBTB2_201_	1
observable_9056	cyt_mrna__CYSLTR1_201_	1
observable_9057	cyt_mrna__SRXN1_201_	1
observable_9058	cyt_mrna__FZD2_201_	1
observable_9059	cyt_mrna__CFC1B_201_	1
observable_9060	cyt_mrna__RAB9A_202_	1
observable_9061	cyt_mrna__COTL1_201_	1
observable_9062	cyt_mrna__SLC2A3_201_	1
observable_9063	cyt_mrna__RMDN1_201_	1
observable_9064	cyt_mrna__DYNLRB2_201_	1
observable_9065	cyt_mrna__ATP1B4_201_	1
observable_9066	cyt_mrna__IGSF10_201_	1
observable_9067	cyt_mrna__DDX23_201_	1
observable_9068	cyt_mrna__CHERP_203_	1
observable_9069	cyt_mrna__SLC7A5_201_	1
observable_9070	cyt_mrna__TIMMDC1_208_	1
observable_9071	cyt_mrna__MSRB1_201_	1
observable_9072	cyt_mrna__CATIP_201_	1
observable_9073	cyt_mrna__RABL2B_218_	1
observable_9074	cyt_mrna__PLXNA3_201_	1
observable_9075	cyt_mrna__BACE1_201_	1
observable_9076	cyt_mrna__NEMP1_201_	1
observable_9077	cyt_mrna__RUBCN_202_	1
observable_9078	cyt_mrna__DRC12_204_	1
observable_9079	cyt_mrna__ZNF596_203_	1
observable_9080	cyt_mrna__TTK_202_	1
observable_9081	cyt_mrna__KIF3C_201_	1
observable_9082	cyt_mrna__ANGPT1_202_	1
observable_9083	cyt_mrna__UBL5_202_	1
observable_9084	cyt_mrna__PARP14_202_	1
observable_9085	cyt_mrna__COMMD4_201_	1
observable_9086	cyt_mrna__KAT7_201_	1
observable_9087	cyt_mrna__SLC2A12_201_	1
observable_9088	cyt_mrna__CNGA3_201_	1
observable_9089	cyt_mrna__ACTR6_201_	1
observable_9090	cyt_mrna__SLC7A10_201_	1
observable_9091	cyt_mrna__FAM187A_201_	1
observable_9092	cyt_mrna__ARL6_203_	1
observable_9093	cyt_mrna__CMTM6_201_	1
observable_9094	cyt_mrna__NTS_201_	1
observable_9095	cyt_mrna__REXO2_201_	1
observable_9096	cyt_mrna__HLA_G_201_	1
observable_9097	cyt_mrna__BTBD2_201_	1
observable_9098	cyt_mrna__ZNF722_201_	1
observable_9099	cyt_mrna__MTRF1L_203_	1
observable_9100	cyt_mrna__HTRA2_201_	1
observable_9101	cyt_mrna__MCPH1_201_	1
observable_9102	cyt_mrna__PRICKLE4_204_	1
observable_9103	cyt_mrna__CCDC39_202_	1
observable_9104	cyt_mrna__DNASE1_201_	1
observable_9105	cyt_mrna__CDCA3_207_	1
observable_9106	cyt_mrna__LRRC3B_201_	1
observable_9107	cyt_mrna__ADAM10_201_	1
observable_9108	cyt_mrna__SLX4_201_	1
observable_9109	cyt_mrna__SDR42E2_201_	1
observable_9110	cyt_mrna__GASK1A_202_	1
observable_9111	cyt_mrna__ARHGAP18_201_	1
observable_9112	cyt_mrna__C6_202_	1
observable_9113	cyt_mrna__SHQ1_201_	1
observable_9114	cyt_mrna__PDE4A_203_	1
observable_9115	cyt_mrna__CIBAR1_206_	1
observable_9116	cyt_mrna__PNCK_201_	1
observable_9117	cyt_mrna__PRKAR1A_216_	1
observable_9118	cyt_mrna__EMID1_201_	1
observable_9119	cyt_mrna__ZNF653_201_	1
observable_9120	cyt_mrna__TLE1_203_	1
observable_9121	cyt_mrna__ATP1B3_201_	1
observable_9122	cyt_mrna__ALKBH5_201_	1
observable_9123	cyt_mrna__CCL5_201_	1
observable_9124	cyt_mrna__LIX1_201_	1
observable_9125	cyt_mrna__PFN2_201_	1
observable_9126	cyt_mrna__CKMT1A_202_	1
observable_9127	cyt_mrna__RAPH1_202_	1
observable_9128	cyt_mrna__FOXO3B_201_	1
observable_9129	cyt_mrna__PMFBP1_201_	1
observable_9130	cyt_mrna__PPWD1_201_	1
observable_9131	cyt_mrna__CACNA1A_201_	1
observable_9132	cyt_mrna__PAAF1_201_	1
observable_9133	cyt_mrna__GNG13_201_	1
observable_9134	cyt_mrna__MPP1_202_	1
observable_9135	cyt_mrna__NTNG2_201_	1
observable_9136	cyt_mrna__C16orf96_201_	1
observable_9137	cyt_mrna__ATP10B_202_	1
observable_9138	cyt_mrna__MATN3_201_	1
observable_9139	cyt_mrna__TMEM138_201_	1
observable_9140	cyt_mrna__ADHFE1_203_	1
observable_9141	cyt_mrna__AIPL1_203_	1
observable_9142	cyt_mrna__SEPTIN12_201_	1
observable_9143	cyt_mrna__MGAT5_201_	1
observable_9144	cyt_mrna__CWC15_201_	1
observable_9145	cyt_mrna__NINJ1_201_	1
observable_9146	cyt_mrna__CIT_203_	1
observable_9147	cyt_mrna__KCNE3_201_	1
observable_9148	cyt_mrna__LGI3_201_	1
observable_9149	cyt_mrna__TIGD3_201_	1
observable_9150	cyt_mrna__PITPNM3_201_	1
observable_9151	cyt_mrna__ATR_201_	1
observable_9152	cyt_mrna__PXDN_201_	1
observable_9153	cyt_mrna__RGN_203_	1
observable_9154	cyt_mrna__CCNE1_201_	1
observable_9155	cyt_mrna__KIAA0753_201_	1
observable_9156	cyt_mrna__ARID1B_220_	1
observable_9157	cyt_mrna__MAN1B1_202_	1
observable_9158	cyt_mrna__DDIAS_211_	1
observable_9159	cyt_mrna__SFTPC_213_	1
observable_9160	cyt_mrna__MED31_201_	1
observable_9161	cyt_mrna__DPPA4_201_	1
observable_9162	cyt_mrna__C17orf100_201_	1
observable_9163	cyt_mrna__SIAH2_201_	1
observable_9164	cyt_mrna__CCDC159_201_	1
observable_9165	cyt_mrna__HDDC2_202_	1
observable_9166	cyt_mrna__ARHGEF6_201_	1
observable_9167	cyt_mrna__ZNF253_203_	1
observable_9168	cyt_mrna__MBTPS1_201_	1
observable_9169	cyt_mrna__C17orf114_202_	1
observable_9170	cyt_mrna__E2F3_201_	1
observable_9171	cyt_mrna__OSTF1_201_	1
observable_9172	cyt_mrna__CADM1_201_	1
observable_9173	cyt_mrna__ZNF415_201_	1
observable_9174	cyt_mrna__TOPORS_201_	1
observable_9175	cyt_mrna__TAMM41_206_	1
observable_9176	cyt_mrna__EFR3B_204_	1
observable_9177	cyt_mrna__PEX7_201_	1
observable_9178	cyt_mrna__SLC6A8_201_	1
observable_9179	cyt_mrna__H2BC5_202_	1
observable_9180	cyt_mrna__CYBRD1_201_	1
observable_9181	cyt_mrna__ADAM28_201_	1
observable_9182	cyt_mrna__CCDC34_202_	1
observable_9183	cyt_mrna__TASL_201_	1
observable_9184	cyt_mrna__NPIPB2_202_	1
observable_9185	cyt_mrna__COL2A1_202_	1
observable_9186	cyt_mrna__ARID3A_201_	1
observable_9187	cyt_mrna__ZNF263_201_	1
observable_9188	cyt_mrna__WNT16_201_	1
observable_9189	cyt_mrna__GABRG2_215_	1
observable_9190	cyt_mrna__ALOXE3_203_	1
observable_9191	cyt_mrna__ZNF135_201_	1
observable_9192	cyt_mrna__SPNS3_201_	1
observable_9193	cyt_mrna__FKBP15_201_	1
observable_9194	cyt_mrna__H2BC11_201_	1
observable_9195	cyt_mrna__SEC61A1_201_	1
observable_9196	cyt_mrna__TUBB2A_201_	1
observable_9197	cyt_mrna__GALNTL5_201_	1
observable_9198	cyt_mrna__AIFM3_207_	1
observable_9199	cyt_mrna__ANO1_202_	1
observable_9200	cyt_mrna__ZFR2_201_	1
observable_9201	cyt_mrna__SLC38A5_213_	1
observable_9202	cyt_mrna__CD200_201_	1
observable_9203	cyt_mrna__COL5A2_201_	1
observable_9204	cyt_mrna__COX6B1_204_	1
observable_9205	cyt_mrna__SIMC1_203_	1
observable_9206	cyt_mrna__VLDLR_203_	1
observable_9207	cyt_mrna__AMD1_203_	1
observable_9208	cyt_mrna__POC1B_201_	1
observable_9209	cyt_mrna__SMS_202_	1
observable_9210	cyt_mrna__SUV39H1_202_	1
observable_9211	cyt_mrna__RHOXF1_201_	1
observable_9212	cyt_mrna__YJU2B_201_	1
observable_9213	cyt_mrna__MLYCD_201_	1
observable_9214	cyt_mrna__SLC23A3_203_	1
observable_9215	cyt_mrna__CSGALNACT1_217_	1
observable_9216	cyt_mrna__ZNF836_206_	1
observable_9217	cyt_mrna__PPP1CA_203_	1
observable_9218	cyt_mrna__ANTKMT_207_	1
observable_9219	cyt_mrna__TIMM13_201_	1
observable_9220	cyt_mrna__AQR_201_	1
observable_9221	cyt_mrna__LIMK2_201_	1
observable_9222	cyt_mrna__ZNF267_201_	1
observable_9223	cyt_mrna__ZNF57_201_	1
observable_9224	cyt_mrna__GABBR2_201_	1
observable_9225	cyt_mrna__HSD11B2_201_	1
observable_9226	cyt_mrna__ABCB11_206_	1
observable_9227	cyt_mrna__FAM168A_202_	1
observable_9228	cyt_mrna__SLC4A2_202_	1
observable_9229	cyt_mrna__ENKD1_201_	1
observable_9230	cyt_mrna__SOCS1_201_	1
observable_9231	cyt_mrna__ZNF319_201_	1
observable_9232	cyt_mrna__CDPF1_201_	1
observable_9233	cyt_mrna__RBKS_201_	1
observable_9234	cyt_mrna__GPATCH1_201_	1
observable_9235	cyt_mrna__MRPL54_201_	1
observable_9236	cyt_mrna__ALDH1A2_201_	1
observable_9237	cyt_mrna__ZNF526_201_	1
observable_9238	cyt_mrna__OSGIN1_203_	1
observable_9239	cyt_mrna__CIST1_203_	1
observable_9240	cyt_mrna__SMKR1_201_	1
observable_9241	cyt_mrna__NRAP_201_	1
observable_9242	cyt_mrna__NTF4_201_	1
observable_9243	cyt_mrna__MRPL48_201_	1
observable_9244	cyt_mrna__MT1M_201_	1
observable_9245	cyt_mrna__SYCE2_201_	1
observable_9246	cyt_mrna__IL17RA_201_	1
observable_9247	cyt_mrna__HARS2_201_	1
observable_9248	cyt_mrna__SETX_201_	1
observable_9249	cyt_mrna__ZNF528_201_	1
observable_9250	cyt_mrna__EPAS1_201_	1
observable_9251	cyt_mrna__GDE1_201_	1
observable_9252	cyt_mrna__GGTLC3_201_	1
observable_9253	cyt_mrna__ZNF500_201_	1
observable_9254	cyt_mrna__SMC4_202_	1
observable_9255	cyt_mrna__NDFIP1_201_	1
observable_9256	cyt_mrna__LAMB4_202_	1
observable_9257	cyt_mrna__DNAJC17_201_	1
observable_9258	cyt_mrna__THAP5_203_	1
observable_9259	cyt_mrna__MRPL47_203_	1
observable_9260	cyt_mrna__CCDC112_201_	1
observable_9261	cyt_mrna__SMIM10L3_201_	1
observable_9262	cyt_mrna__KCNH8_201_	1
observable_9263	cyt_mrna__COX7A2_209_	1
observable_9264	cyt_mrna__WNK1_201_	1
observable_9265	cyt_mrna__TBC1D10A_201_	1
observable_9266	cyt_mrna__STRADB_201_	1
observable_9267	cyt_mrna__CAPN5_207_	1
observable_9268	cyt_mrna__DLG4_202_	1
observable_9269	cyt_mrna__DTWD2_203_	1
observable_9270	cyt_mrna__THSD7A_202_	1
observable_9271	cyt_mrna__UBXN7_201_	1
observable_9272	cyt_mrna__CLEC18C_203_	1
observable_9273	cyt_mrna__C7orf78_205_	1
observable_9274	cyt_mrna__PRKD2_201_	1
observable_9275	cyt_mrna__RBM17_201_	1
observable_9276	cyt_mrna__TRBV11_2_201_	1
observable_9277	cyt_mrna__ZNRF3_203_	1
observable_9278	cyt_mrna__MOXD1_202_	1
observable_9279	cyt_mrna__TUBA1A_202_	1
observable_9280	cyt_mrna__PRRT2_202_	1
observable_9281	cyt_mrna__LRRC4B_204_	1
observable_9282	cyt_mrna__UFSP1_202_	1
observable_9283	cyt_mrna__GRAPL_201_	1
observable_9284	cyt_mrna__THAP4_204_	1
observable_9285	cyt_mrna__DTX1_204_	1
observable_9286	cyt_mrna__SCUBE3_201_	1
observable_9287	cyt_mrna__EPOR_201_	1
observable_9288	cyt_mrna__BRD9_202_	1
observable_9289	cyt_mrna__GABARAPL1_201_	1
observable_9290	cyt_mrna__ARFIP2_202_	1
observable_9291	cyt_mrna__SEMA4D_208_	1
observable_9292	cyt_mrna__IL18RAP_205_	1
observable_9293	cyt_mrna__FAM237A_201_	1
observable_9294	cyt_mrna__ZNF555_201_	1
observable_9295	cyt_mrna__SNRPF_201_	1
observable_9296	cyt_mrna__EFHD1_201_	1
observable_9297	cyt_mrna__PANX1_201_	1
observable_9298	cyt_mrna__FBLN7_202_	1
observable_9299	cyt_mrna__ZBED5_201_	1
observable_9300	cyt_mrna__CIMIP5_201_	1
observable_9301	cyt_mrna__KATNIP_201_	1
observable_9302	cyt_mrna__TMEM9B_205_	1
observable_9303	cyt_mrna__BRAP_202_	1
observable_9304	cyt_mrna__JRKL_201_	1
observable_9305	cyt_mrna__CIC_209_	1
observable_9306	cyt_mrna__LDB3_202_	1
observable_9307	cyt_mrna__POP5_202_	1
observable_9308	cyt_mrna__FBXO39_201_	1
observable_9309	cyt_mrna__TEKT1_201_	1
observable_9310	cyt_mrna__ATXN7_220_	1
observable_9311	cyt_mrna__TRAPPC6A_202_	1
observable_9312	cyt_mrna__CRACDL_201_	1
observable_9313	cyt_mrna__UBE2M_201_	1
observable_9314	cyt_mrna__NUP153_201_	1
observable_9315	cyt_mrna__GTPBP8_203_	1
observable_9316	cyt_mrna__ASTL_201_	1
observable_9317	cyt_mrna__CBX5_201_	1
observable_9318	cyt_mrna__CCSER2_203_	1
observable_9319	cyt_mrna__ASB1_201_	1
observable_9320	cyt_mrna__PNO1_201_	1
observable_9321	cyt_mrna__LBX1_201_	1
observable_9322	cyt_mrna__PTGR1_205_	1
observable_9323	cyt_mrna__UMOD_202_	1
observable_9324	cyt_mrna__RUVBL2_206_	1
observable_9325	cyt_mrna__DNAH17_201_	1
observable_9326	cyt_mrna__STEAP3_203_	1
observable_9327	cyt_mrna__SF1_204_	1
observable_9328	cyt_mrna__LASP1NB_201_	1
observable_9329	cyt_mrna__POC1A_201_	1
observable_9330	cyt_mrna__FBXO47_201_	1
observable_9331	cyt_mrna__TFCP2_201_	1
observable_9332	cyt_mrna__ANKRD1_201_	1
observable_9333	cyt_mrna__HSF5_201_	1
observable_9334	cyt_mrna__TGFA_201_	1
observable_9335	cyt_mrna__ZNF180_211_	1
observable_9336	cyt_mrna__IL33_206_	1
observable_9337	cyt_mrna__TRA2B_204_	1
observable_9338	cyt_mrna__CCDC59_201_	1
observable_9339	cyt_mrna__RFTN2_201_	1
observable_9340	cyt_mrna__ZNF438_205_	1
observable_9341	cyt_mrna__CHKA_201_	1
observable_9342	cyt_mrna__ANKRD39_201_	1
observable_9343	cyt_mrna__POLE4_205_	1
observable_9344	cyt_mrna__SPR_201_	1
observable_9345	cyt_mrna__LRRC37A3_211_	1
observable_9346	cyt_mrna__PRF1_202_	1
observable_9347	cyt_mrna__SLC6A2_208_	1
observable_9348	cyt_mrna__MRRF_202_	1
observable_9349	cyt_mrna__MRPS25_201_	1
observable_9350	cyt_mrna__CACNG5_202_	1
observable_9351	cyt_mrna__COL4A3_202_	1
observable_9352	cyt_mrna__PLGRKT_201_	1
observable_9353	cyt_mrna__SLC5A2_201_	1
observable_9354	cyt_mrna__GMIP_201_	1
observable_9355	cyt_mrna__DCAF1_203_	1
observable_9356	cyt_mrna__ZDHHC13_202_	1
observable_9357	cyt_mrna__DPP8_201_	1
observable_9358	cyt_mrna__HBA2_201_	1
observable_9359	cyt_mrna__ZFP37_201_	1
observable_9360	cyt_mrna__SCNN1A_201_	1
observable_9361	cyt_mrna__ASPHD1_201_	1
observable_9362	cyt_mrna__TFEB_204_	1
observable_9363	cyt_mrna__NATD1_201_	1
observable_9364	cyt_mrna__ANKRD44_201_	1
observable_9365	cyt_mrna__MT1H_201_	1
observable_9366	cyt_mrna__TMEM41B_204_	1
observable_9367	cyt_mrna__CHMP5_201_	1
observable_9368	cyt_mrna__RNF183_207_	1
observable_9369	cyt_mrna__SPCS2_201_	1
observable_9370	cyt_mrna__TUBA1C_201_	1
observable_9371	cyt_mrna__CSRNP3_207_	1
observable_9372	cyt_mrna__BCAM_201_	1
observable_9373	cyt_mrna__TSC22D4_201_	1
observable_9374	cyt_mrna__PHF24_201_	1
observable_9375	cyt_mrna__PRKAR2A_201_	1
observable_9376	cyt_mrna__ARMC2_203_	1
observable_9377	cyt_mrna__ART5_203_	1
observable_9378	cyt_mrna__CORO2A_202_	1
observable_9379	cyt_mrna__HOXB13_201_	1
observable_9380	cyt_mrna__CEP126_201_	1
observable_9381	cyt_mrna__CASK_203_	1
observable_9382	cyt_mrna__TTLL6_202_	1
observable_9383	cyt_mrna__UNG_201_	1
observable_9384	cyt_mrna__ATP6V1B1_201_	1
observable_9385	cyt_mrna__CTU2_202_	1
observable_9386	cyt_mrna__GIP_201_	1
observable_9387	cyt_mrna__PRKCE_201_	1
observable_9388	cyt_mrna__MILR1_206_	1
observable_9389	cyt_mrna__PITPNM2_202_	1
observable_9390	cyt_mrna__C1QL1_201_	1
observable_9391	cyt_mrna__KCNIP2_206_	1
observable_9392	cyt_mrna__CDH11_201_	1
observable_9393	cyt_mrna__PHF6_204_	1
observable_9394	cyt_mrna__KDM4C_202_	1
observable_9395	cyt_mrna__GHRHR_201_	1
observable_9396	cyt_mrna__CHP2_201_	1
observable_9397	cyt_mrna__HNRNPM_201_	1
observable_9398	cyt_mrna__ZMYND8_216_	1
observable_9399	cyt_mrna__GPR34_202_	1
observable_9400	cyt_mrna__ZNF48_204_	1
observable_9401	cyt_mrna__KCNIP3_201_	1
observable_9402	cyt_mrna__TMED1_201_	1
observable_9403	cyt_mrna__CHPT1_201_	1
observable_9404	cyt_mrna__FAM171A1_201_	1
observable_9405	cyt_mrna__NLRC3_202_	1
observable_9406	cyt_mrna__ZNF567_208_	1
observable_9407	cyt_mrna__TMEM186_201_	1
observable_9408	cyt_mrna__TPP1_201_	1
observable_9409	cyt_mrna__GTSF1_201_	1
observable_9410	cyt_mrna__XRN1_202_	1
observable_9411	cyt_mrna__RPS6_204_	1
observable_9412	cyt_mrna__ZC3H10_201_	1
observable_9413	cyt_mrna__COX6A1_201_	1
observable_9414	cyt_mrna__KNDC1_201_	1
observable_9415	cyt_mrna__MGAM_202_	1
observable_9416	cyt_mrna__GNAO1_201_	1
observable_9417	cyt_mrna__ABHD14B_202_	1
observable_9418	cyt_mrna__FARSA_201_	1
observable_9419	cyt_mrna__SYNGR3_201_	1
observable_9420	cyt_mrna__SLC22A16_202_	1
observable_9421	cyt_mrna__MOSMO_202_	1
observable_9422	cyt_mrna__GNG7_201_	1
observable_9423	cyt_mrna__SHLD1_201_	1
observable_9424	cyt_mrna__UBQLN1_202_	1
observable_9425	cyt_mrna__VPS33A_201_	1
observable_9426	cyt_mrna__PCLO_201_	1
observable_9427	cyt_mrna__PCMT1_205_	1
observable_9428	cyt_mrna__PRSS22_201_	1
observable_9429	cyt_mrna__MAP3K10_201_	1
observable_9430	cyt_mrna__TP53INP2_202_	1
observable_9431	cyt_mrna__GATAD1_201_	1
observable_9432	cyt_mrna__HIKESHI_201_	1
observable_9433	cyt_mrna__RNF144B_201_	1
observable_9434	cyt_mrna__ASIP_201_	1
observable_9435	cyt_mrna__ERVW_1_202_	1
observable_9436	cyt_mrna__BTBD18_201_	1
observable_9437	cyt_mrna__RBM48_201_	1
observable_9438	cyt_mrna__CFAP144P1_201_	1
observable_9439	cyt_mrna__SLK_202_	1
observable_9440	cyt_mrna__ATN1_202_	1
observable_9441	cyt_mrna__UBALD1_201_	1
observable_9442	cyt_mrna__TRIAP1_202_	1
observable_9443	cyt_mrna__HBA1_201_	1
observable_9444	cyt_mrna__APOBR_201_	1
observable_9445	cyt_mrna__SCNN1G_201_	1
observable_9446	cyt_mrna__PIGO_203_	1
observable_9447	cyt_mrna__PMEL_206_	1
observable_9448	cyt_mrna__ZPR1_201_	1
observable_9449	cyt_mrna__DPEP3_201_	1
observable_9450	cyt_mrna__CACNG3_201_	1
observable_9451	cyt_mrna__FADD_201_	1
observable_9452	cyt_mrna__RANGAP1_201_	1
observable_9453	cyt_mrna__CUX2_201_	1
observable_9454	cyt_mrna__VWA3A_202_	1
observable_9455	cyt_mrna__CPT1C_217_	1
observable_9456	cyt_mrna__CACNA2D2_204_	1
observable_9457	cyt_mrna__VKORC1_205_	1
observable_9458	cyt_mrna__MEF2C_209_	1
observable_9459	cyt_mrna__WASHC3_201_	1
observable_9460	cyt_mrna__TCF12_202_	1
observable_9461	cyt_mrna__ARL6IP5_201_	1
observable_9462	cyt_mrna__NANOG_201_	1
observable_9463	cyt_mrna__B4GALNT3_201_	1
observable_9464	cyt_mrna__NT5DC3_201_	1
observable_9465	cyt_mrna__TMEM259_202_	1
observable_9466	cyt_mrna__MAPK1_201_	1
observable_9467	cyt_mrna__MYNN_201_	1
observable_9468	cyt_mrna__ZCRB1_201_	1
observable_9469	cyt_mrna__PPFIBP2_201_	1
observable_9470	cyt_mrna__MIEF1_201_	1
observable_9471	cyt_mrna__TAGLN3_205_	1
observable_9472	cyt_mrna__SPDYE8_201_	1
observable_9473	cyt_mrna__ISOC2_202_	1
observable_9474	cyt_mrna__GRM2_202_	1
observable_9475	cyt_mrna__ACSM2B_201_	1
observable_9476	cyt_mrna__SPDYE10_204_	1
observable_9477	cyt_mrna__PRPS1L1_201_	1
observable_9478	cyt_mrna__RTEL1_203_	1
observable_9479	cyt_mrna__RPL29_201_	1
observable_9480	cyt_mrna__NOBOX_201_	1
observable_9481	cyt_mrna__PRRT4_201_	1
observable_9482	cyt_mrna__KIF7_201_	1
observable_9483	cyt_mrna__NPAS1_208_	1
observable_9484	cyt_mrna__POLR2C_201_	1
observable_9485	cyt_mrna__SLC38A4_201_	1
observable_9486	cyt_mrna__NOM1_201_	1
observable_9487	cyt_mrna__TRMU_223_	1
observable_9488	cyt_mrna__KLHDC10_201_	1
observable_9489	cyt_mrna__SLC24A3_201_	1
observable_9490	cyt_mrna__TFAP4_201_	1
observable_9491	cyt_mrna__ARRDC4_201_	1
observable_9492	cyt_mrna__ZNF561_201_	1
observable_9493	cyt_mrna__UBE2N_201_	1
observable_9494	cyt_mrna__GAN_203_	1
observable_9495	cyt_mrna__DPPA3_201_	1
observable_9496	cyt_mrna__C12orf60_201_	1
observable_9497	cyt_mrna__GINS3_201_	1
observable_9498	cyt_mrna__ZNF329_204_	1
observable_9499	cyt_mrna__HEPH_202_	1
observable_9500	cyt_mrna__NDUFAB1_201_	1
observable_9501	cyt_mrna__ASPH_203_	1
observable_9502	cyt_mrna__KIZ_210_	1
observable_9503	cyt_mrna__ZSCAN18_217_	1
observable_9504	cyt_mrna__ARPC3_201_	1
observable_9505	cyt_mrna__AHI1_201_	1
observable_9506	cyt_mrna__PHETA2_201_	1
observable_9507	cyt_mrna__YEATS2_201_	1
observable_9508	cyt_mrna__UTP14A_201_	1
observable_9509	cyt_mrna__B3GNT9_201_	1
observable_9510	cyt_mrna__NKIRAS1_206_	1
observable_9511	cyt_mrna__FAM156A_221_	1
observable_9512	cyt_mrna__KANK1_205_	1
observable_9513	cyt_mrna__SLC26A3_201_	1
observable_9514	cyt_mrna__GANAB_202_	1
observable_9515	cyt_mrna__WASHC4_202_	1
observable_9516	cyt_mrna__TMEM164_202_	1
observable_9517	cyt_mrna__MINDY4_201_	1
observable_9518	cyt_mrna__GABPB1_203_	1
observable_9519	cyt_mrna__NXT2_203_	1
observable_9520	cyt_mrna__PKIG_202_	1
observable_9521	cyt_mrna__CHLSN_202_	1
observable_9522	cyt_mrna__PGM3_212_	1
observable_9523	cyt_mrna__DROSHA_201_	1
observable_9524	cyt_mrna__GAL_201_	1
observable_9525	cyt_mrna__ERN2_201_	1
observable_9526	cyt_mrna__CYP2D6_204_	1
observable_9527	cyt_mrna__HERC4_202_	1
observable_9528	cyt_mrna__NLGN3_201_	1
observable_9529	cyt_mrna__MATCAP2_208_	1
observable_9530	cyt_mrna__NTMT1_203_	1
observable_9531	cyt_mrna__ADAMTS20_201_	1
observable_9532	cyt_mrna__FAM199X_202_	1
observable_9533	cyt_mrna__TALDO1_201_	1
observable_9534	cyt_mrna__NUCB1_201_	1
observable_9535	cyt_mrna__NAPB_201_	1
observable_9536	cyt_mrna__CDH17_201_	1
observable_9537	cyt_mrna__AIP_201_	1
observable_9538	cyt_mrna__ZNF70_201_	1
observable_9539	cyt_mrna__MKRN1_201_	1
observable_9540	cyt_mrna__CCPG1_203_	1
observable_9541	cyt_mrna__CES3_201_	1
observable_9542	cyt_mrna__PFDN5_202_	1
observable_9543	cyt_mrna__C1QTNF8_201_	1
observable_9544	cyt_mrna__MYLK4_201_	1
observable_9545	cyt_mrna__NUDT22_201_	1
observable_9546	cyt_mrna__UBE2J1_201_	1
observable_9547	cyt_mrna__METTL25_201_	1
observable_9548	cyt_mrna__RNF185_202_	1
observable_9549	cyt_mrna__RPL30_201_	1
observable_9550	cyt_mrna__NOPCHAP1_204_	1
observable_9551	cyt_mrna__ARFGEF2_201_	1
observable_9552	cyt_mrna__DNAL4_201_	1
observable_9553	cyt_mrna__CPEB3_201_	1
observable_9554	cyt_mrna__OSR2_201_	1
observable_9555	cyt_mrna__SERAC1_217_	1
observable_9556	cyt_mrna__CCDC134_201_	1
observable_9557	cyt_mrna__ATG2A_201_	1
observable_9558	cyt_mrna__KRR1_201_	1
observable_9559	cyt_mrna__ATOSA_216_	1
observable_9560	cyt_mrna__ACSM1_204_	1
observable_9561	cyt_mrna__IDH3B_201_	1
observable_9562	cyt_mrna__FLRT3_201_	1
observable_9563	cyt_mrna__CD99_205_	1
observable_9564	cyt_mrna__DYSF_208_	1
observable_9565	cyt_mrna__PSMD2_201_	1
observable_9566	cyt_mrna__FA2H_201_	1
observable_9567	cyt_mrna__SH2B3_201_	1
observable_9568	cyt_mrna__PIGB_201_	1
observable_9569	cyt_mrna__USP54_222_	1
observable_9570	cyt_mrna__LRRTM1_201_	1
observable_9571	cyt_mrna__CTSC_201_	1
observable_9572	cyt_mrna__IL13RA2_201_	1
observable_9573	cyt_mrna__MAL_201_	1
observable_9574	cyt_mrna__TULP3_202_	1
observable_9575	cyt_mrna__RBM14_201_	1
observable_9576	cyt_mrna__POLR2L_201_	1
observable_9577	cyt_mrna__TNPO1_201_	1
observable_9578	cyt_mrna__CDK2AP2_201_	1
observable_9579	cyt_mrna__USP20_203_	1
observable_9580	cyt_mrna__NDUFA13_204_	1
observable_9581	cyt_mrna__GP2_201_	1
observable_9582	cyt_mrna__PARVG_205_	1
observable_9583	cyt_mrna__EP400_204_	1
observable_9584	cyt_mrna__SPP2_201_	1
observable_9585	cyt_mrna__MLXIPL_201_	1
observable_9586	cyt_mrna__TMEM204_202_	1
observable_9587	cyt_mrna__IKZF4_203_	1
observable_9588	cyt_mrna__VWC2_201_	1
observable_9589	cyt_mrna__SATB1_201_	1
observable_9590	cyt_mrna__CDYL_203_	1
observable_9591	cyt_mrna__MAB21L4_202_	1
observable_9592	cyt_mrna__SNX20_202_	1
observable_9593	cyt_mrna__PABPC1_201_	1
observable_9594	cyt_mrna__HSD17B2_201_	1
observable_9595	cyt_mrna__TUBA4A_201_	1
observable_9596	cyt_mrna__TBC1D22B_201_	1
observable_9597	cyt_mrna__NARS2_201_	1
observable_9598	cyt_mrna__LDLR_208_	1
observable_9599	cyt_mrna__DSN1_203_	1
observable_9600	cyt_mrna__ERMN_205_	1
observable_9601	cyt_mrna__BCO1_201_	1
observable_9602	cyt_mrna__HECW1_201_	1
observable_9603	cyt_mrna__STX7_202_	1
observable_9604	cyt_mrna__SNX29_205_	1
observable_9605	cyt_mrna__COMT_202_	1
observable_9606	cyt_mrna__IPO8_201_	1
observable_9607	cyt_mrna__ZSCAN16_201_	1
observable_9608	cyt_mrna__AIMP2_201_	1
observable_9609	cyt_mrna__HPR_201_	1
observable_9610	cyt_mrna__PLIN5_201_	1
observable_9611	cyt_mrna__MT1X_201_	1
observable_9612	cyt_mrna__LONRF1_201_	1
observable_9613	cyt_mrna__MXD1_201_	1
observable_9614	cyt_mrna__HOXD1_201_	1
observable_9615	cyt_mrna__ACAT2_201_	1
observable_9616	cyt_mrna__ZNF43_201_	1
observable_9617	cyt_mrna__ERI1_201_	1
observable_9618	cyt_mrna__ZNF2_203_	1
observable_9619	cyt_mrna__PIP5K1B_201_	1
observable_9620	cyt_mrna__P4HA2_202_	1
observable_9621	cyt_mrna__SIGLEC12_201_	1
observable_9622	cyt_mrna__PLEKHM3_202_	1
observable_9623	cyt_mrna__CDH5_201_	1
observable_9624	cyt_mrna__GYG2_205_	1
observable_9625	cyt_mrna__NFATC2IP_201_	1
observable_9626	cyt_mrna__LRP11_201_	1
observable_9627	cyt_mrna__FBXO30_201_	1
observable_9628	cyt_mrna__TMEM87B_201_	1
observable_9629	cyt_mrna__ELF4_201_	1
observable_9630	cyt_mrna__ADI1_201_	1
observable_9631	cyt_mrna__TAT_201_	1
observable_9632	cyt_mrna__FAM200C_201_	1
observable_9633	cyt_mrna__CYP3A4_206_	1
observable_9634	cyt_mrna__ZNF133_207_	1
observable_9635	cyt_mrna__CNTFR_202_	1
observable_9636	cyt_mrna__PLCXD1_201_	1
observable_9637	cyt_mrna__USB1_201_	1
observable_9638	cyt_mrna__AFF4_201_	1
observable_9639	cyt_mrna__ZNF629_201_	1
observable_9640	cyt_mrna__AGMO_201_	1
observable_9641	cyt_mrna__PAQR4_202_	1
observable_9642	cyt_mrna__MEF2A_205_	1
observable_9643	cyt_mrna__DNAJB9_201_	1
observable_9644	cyt_mrna__ADGRG5_202_	1
observable_9645	cyt_mrna__TRIM73_201_	1
observable_9646	cyt_mrna__RANBP3L_201_	1
observable_9647	cyt_mrna__IGFALS_201_	1
observable_9648	cyt_mrna__XDH_201_	1
observable_9649	cyt_mrna__BLCAP_201_	1
observable_9650	cyt_mrna__ZNF688_201_	1
observable_9651	cyt_mrna__IDH3G_201_	1
observable_9652	cyt_mrna__ELL2_201_	1
observable_9653	cyt_mrna__FIGN_201_	1
observable_9654	cyt_mrna__IRF3_202_	1
observable_9655	cyt_mrna__TFCP2L1_201_	1
observable_9656	cyt_mrna__CYB5R4_202_	1
observable_9657	cyt_mrna__CLTCL1_202_	1
observable_9658	cyt_mrna__SNRPB_201_	1
observable_9659	cyt_mrna__SNPH_201_	1
observable_9660	cyt_mrna__DDX43_201_	1
observable_9661	cyt_mrna__IPO11_201_	1
observable_9662	cyt_mrna__TMEM74B_202_	1
observable_9663	cyt_mrna__PLEKHG2_203_	1
observable_9664	cyt_mrna__CCAR2_201_	1
observable_9665	cyt_mrna__ASS1_201_	1
observable_9666	cyt_mrna__PRKAG2_201_	1
observable_9667	cyt_mrna__SVIL_201_	1
observable_9668	cyt_mrna__DPP4_201_	1
observable_9669	cyt_mrna__SLC12A7_201_	1
observable_9670	cyt_mrna__POLD3_201_	1
observable_9671	cyt_mrna__ZNF544_223_	1
observable_9672	cyt_mrna__SEMA4B_202_	1
observable_9673	cyt_mrna__ZGPAT_202_	1
observable_9674	cyt_mrna__RAF1_201_	1
observable_9675	cyt_mrna__HPGDS_201_	1
observable_9676	cyt_mrna__HDAC8_207_	1
observable_9677	cyt_mrna__CFAP96_201_	1
observable_9678	cyt_mrna__ATOH8_201_	1
observable_9679	cyt_mrna__LAYN_201_	1
observable_9680	cyt_mrna__SLC12A3_203_	1
observable_9681	cyt_mrna__SVOPL_208_	1
observable_9682	cyt_mrna__ZNF571_202_	1
observable_9683	cyt_mrna__TRAM1_201_	1
observable_9684	cyt_mrna__PRODH_203_	1
observable_9685	cyt_mrna__MAT2A_201_	1
observable_9686	cyt_mrna__AZGP1_201_	1
observable_9687	cyt_mrna__DIMT1_201_	1
observable_9688	cyt_mrna__LMAN1L_201_	1
observable_9689	cyt_mrna__NPAT_201_	1
observable_9690	cyt_mrna__STK11_201_	1
observable_9691	cyt_mrna__USO1_204_	1
observable_9692	cyt_mrna__SIRPA_202_	1
observable_9693	cyt_mrna__SPOPL_201_	1
observable_9694	cyt_mrna__NUGGC_201_	1
observable_9695	cyt_mrna__MUC3A_201_	1
observable_9696	cyt_mrna__DUSP18_201_	1
observable_9697	cyt_mrna__CPPED1_202_	1
observable_9698	cyt_mrna__PHC1_214_	1
observable_9699	cyt_mrna__CPAMD8_202_	1
observable_9700	cyt_mrna__JCHAIN_201_	1
observable_9701	cyt_mrna__ERVMER34_1_202_	1
observable_9702	cyt_mrna__SFTPD_201_	1
observable_9703	cyt_mrna__TMEM213_203_	1
observable_9704	cyt_mrna__NADSYN1_201_	1
observable_9705	cyt_mrna__WIPF3_201_	1
observable_9706	cyt_mrna__AQP1_201_	1
observable_9707	cyt_mrna__STMP1_202_	1
observable_9708	cyt_mrna__FAM111B_201_	1
observable_9709	cyt_mrna__PSIP1_203_	1
observable_9710	cyt_mrna__TIA1_205_	1
observable_9711	cyt_mrna__RHBDD2_201_	1
observable_9712	cyt_mrna__ZNF740_201_	1
observable_9713	cyt_mrna__SRPK3_202_	1
observable_9714	cyt_mrna__LARGE1_202_	1
observable_9715	cyt_mrna__SUGCT_201_	1
observable_9716	cyt_mrna__C9orf78_201_	1
observable_9717	cyt_mrna__PUS7L_201_	1
observable_9718	cyt_mrna__VIM_209_	1
observable_9719	cyt_mrna__GRAMD1A_201_	1
observable_9720	cyt_mrna__GRIA4_201_	1
observable_9721	cyt_mrna__ABCG8_201_	1
observable_9722	cyt_mrna__PIM3_201_	1
observable_9723	cyt_mrna__HHLA2_206_	1
observable_9724	cyt_mrna__MAP3K7_204_	1
observable_9725	cyt_mrna__TESMIN_201_	1
observable_9726	cyt_mrna__G3BP2_202_	1
observable_9727	cyt_mrna__ABCG5_201_	1
observable_9728	cyt_mrna__ZNF268_205_	1
observable_9729	cyt_mrna__RHBDD3_201_	1
observable_9730	cyt_mrna__CBARP_207_	1
observable_9731	cyt_mrna__SLC38A9_202_	1
observable_9732	cyt_mrna__ELK3_201_	1
observable_9733	cyt_mrna__CDKN1A_201_	1
observable_9734	cyt_mrna__ERC2_201_	1
observable_9735	cyt_mrna__CSNK1G1_201_	1
observable_9736	cyt_mrna__CYP3A43_203_	1
observable_9737	cyt_mrna__PHKA1_203_	1
observable_9738	cyt_mrna__HTR3A_205_	1
observable_9739	cyt_mrna__GGA2_201_	1
observable_9740	cyt_mrna__LNP1_201_	1
observable_9741	cyt_mrna__NIM1K_201_	1
observable_9742	cyt_mrna__ACTA2_201_	1
observable_9743	cyt_mrna__SPDEF_201_	1
observable_9744	cyt_mrna__COL5A1_201_	1
observable_9745	cyt_mrna__RLIM_201_	1
observable_9746	cyt_mrna__PJA2_201_	1
observable_9747	cyt_mrna__LYRM2_208_	1
observable_9748	cyt_mrna__BST1_201_	1
observable_9749	cyt_mrna__MAP3K2_203_	1
observable_9750	cyt_mrna__MTPN_201_	1
observable_9751	cyt_mrna__PCBD1_201_	1
observable_9752	cyt_mrna__YPEL3_202_	1
observable_9753	cyt_mrna__SRD5A2_201_	1
observable_9754	cyt_mrna__CPLX1_201_	1
observable_9755	cyt_mrna__RBM42_201_	1
observable_9756	cyt_mrna__TAF1D_203_	1
observable_9757	cyt_mrna__MRPL33_201_	1
observable_9758	cyt_mrna__TMED6_201_	1
observable_9759	cyt_mrna__CYB5R3_201_	1
observable_9760	cyt_mrna__HYLS1_202_	1
observable_9761	cyt_mrna__PUS3_201_	1
observable_9762	cyt_mrna__ING3_201_	1
observable_9763	cyt_mrna__SGMS2_210_	1
observable_9764	cyt_mrna__TEX264_201_	1
observable_9765	cyt_mrna__CA5A_206_	1
observable_9766	cyt_mrna__ZNF569_201_	1
observable_9767	cyt_mrna__SGK3_208_	1
observable_9768	cyt_mrna__ANAPC2_201_	1
observable_9769	cyt_mrna__PKIB_205_	1
observable_9770	cyt_mrna__POLE_201_	1
observable_9771	cyt_mrna__SNCB_202_	1
observable_9772	cyt_mrna__SLC25A51_201_	1
observable_9773	cyt_mrna__ZFAND4_202_	1
observable_9774	cyt_mrna__TXNDC11_201_	1
observable_9775	cyt_mrna__ZNF446_203_	1
observable_9776	cyt_mrna__YKT6_201_	1
observable_9777	cyt_mrna__ATPAF2_206_	1
observable_9778	cyt_mrna__GAD1_202_	1
observable_9779	cyt_mrna__ELMO2_201_	1
observable_9780	cyt_mrna__CEACAM6_201_	1
observable_9781	cyt_mrna__ZNF212_201_	1
observable_9782	cyt_mrna__BEND3_201_	1
observable_9783	cyt_mrna__FAM3A_215_	1
observable_9784	cyt_mrna__MKRN2_201_	1
observable_9785	cyt_mrna__KDELR1_201_	1
observable_9786	cyt_mrna__TMEM19_201_	1
observable_9787	cyt_mrna__NR5A1_202_	1
observable_9788	cyt_mrna__SPTSSB_204_	1
observable_9789	cyt_mrna__HADH_201_	1
observable_9790	cyt_mrna__PRTFDC1_201_	1
observable_9791	cyt_mrna__ZNF570_201_	1
observable_9792	cyt_mrna__LGR4_201_	1
observable_9793	cyt_mrna__RAB24_201_	1
observable_9794	cyt_mrna__AGR3_201_	1
observable_9795	cyt_mrna__ATG101_201_	1
observable_9796	cyt_mrna__PCMTD1_207_	1
observable_9797	cyt_mrna__TGFBR2_201_	1
observable_9798	cyt_mrna__MAU2_201_	1
observable_9799	cyt_mrna__CACUL1_201_	1
observable_9800	cyt_mrna__BTNL3_201_	1
observable_9801	cyt_mrna__ACSM5_201_	1
observable_9802	cyt_mrna__MGAT1_201_	1
observable_9803	cyt_mrna__PPM1H_201_	1
observable_9804	cyt_mrna__HTATSF1_201_	1
observable_9805	cyt_mrna__CUL5_201_	1
observable_9806	cyt_mrna__MYO15A_221_	1
observable_9807	cyt_mrna__THAP12_201_	1
observable_9808	cyt_mrna__PRKG2_201_	1
observable_9809	cyt_mrna__TUT1_205_	1
observable_9810	cyt_mrna__MICU3_201_	1
observable_9811	cyt_mrna__XPO5_201_	1
observable_9812	cyt_mrna__SHOC2_202_	1
observable_9813	cyt_mrna__RAD23A_203_	1
observable_9814	cyt_mrna__LRRC14_201_	1
observable_9815	cyt_mrna__NCBP1_202_	1
observable_9816	cyt_mrna__DPF2_205_	1
observable_9817	cyt_mrna__NR1D1_201_	1
observable_9818	cyt_mrna__ABCB8_202_	1
observable_9819	cyt_mrna__SLCO1A2_217_	1
observable_9820	cyt_mrna__SOHLH1_202_	1
observable_9821	cyt_mrna__KYAT3_201_	1
observable_9822	cyt_mrna__ARFRP1_214_	1
observable_9823	cyt_mrna__PEX16_202_	1
observable_9824	cyt_mrna__PAPSS2_202_	1
observable_9825	cyt_mrna__ACTL6A_202_	1
observable_9826	cyt_mrna__GJD3_201_	1
observable_9827	cyt_mrna__TMEM130_201_	1
observable_9828	cyt_mrna__ABAT_201_	1
observable_9829	cyt_mrna__VANGL2_201_	1
observable_9830	cyt_mrna__NYAP1_201_	1
observable_9831	cyt_mrna__AGXT2_201_	1
observable_9832	cyt_mrna__TNFRSF6B_201_	1
observable_9833	cyt_mrna__PIH1D1_201_	1
observable_9834	cyt_mrna__DEK_212_	1
observable_9835	cyt_mrna__RAMP3_201_	1
observable_9836	cyt_mrna__SLC2A10_201_	1
observable_9837	cyt_mrna__SDHD_201_	1
observable_9838	cyt_mrna__POU3F1_201_	1
observable_9839	cyt_mrna__PLEKHF1_201_	1
observable_9840	cyt_mrna__ILRUN_202_	1
observable_9841	cyt_mrna__TMOD1_201_	1
observable_9842	cyt_mrna__C7orf57_201_	1
observable_9843	cyt_mrna__TRIM7_201_	1
observable_9844	cyt_mrna__ALKBH4_201_	1
observable_9845	cyt_mrna__FBXL5_201_	1
observable_9846	cyt_mrna__ELOC_206_	1
observable_9847	cyt_mrna__CDC42BPG_201_	1
observable_9848	cyt_mrna__TRNP1_201_	1
observable_9849	cyt_mrna__EIF3A_201_	1
observable_9850	cyt_mrna__ACSM2A_209_	1
observable_9851	cyt_mrna__CYP3A5_201_	1
observable_9852	cyt_mrna__CCS_208_	1
observable_9853	cyt_mrna__SLC16A9_202_	1
observable_9854	cyt_mrna__PROC_201_	1
observable_9855	cyt_mrna__NCOR2_202_	1
observable_9856	cyt_mrna__SALL1_201_	1
observable_9857	cyt_mrna__PHC3_215_	1
observable_9858	cyt_mrna__ACSS1_201_	1
observable_9859	cyt_mrna__DCTN5_201_	1
observable_9860	cyt_mrna__GATB_201_	1
observable_9861	cyt_mrna__NIBAN2_201_	1
observable_9862	cyt_mrna__FBXO24_201_	1
observable_9863	cyt_mrna__ZNF518A_201_	1
observable_9864	cyt_mrna__SLA_201_	1
observable_9865	cyt_mrna__PCK1_201_	1
observable_9866	cyt_mrna__ERI2_202_	1
observable_9867	cyt_mrna__PLSCR2_208_	1
observable_9868	cyt_mrna__TARS3_201_	1
observable_9869	cyt_mrna__BTNL8_202_	1
observable_9870	cyt_mrna__TSTD2_201_	1
observable_9871	cyt_mrna__AKR1D1_201_	1
observable_9872	cyt_mrna__SFSWAP_201_	1
observable_9873	cyt_mrna__CTDSP1_201_	1
observable_9874	cyt_mrna__INSIG1_201_	1
observable_9875	cyt_mrna__SEPHS1_201_	1
observable_9876	cyt_mrna__PAM16_201_	1
observable_9877	cyt_mrna__RFXANK_201_	1
observable_9878	cyt_mrna__AAGAB_201_	1
observable_9879	cyt_mrna__KIF5A_202_	1
observable_9880	cyt_mrna__DBNDD2_203_	1
observable_9881	cyt_mrna__MTDH_201_	1
observable_9882	cyt_mrna__STIP1_201_	1
observable_9883	cyt_mrna__IL37_201_	1
observable_9884	cyt_mrna__HAS3_205_	1
observable_9885	cyt_mrna__EEF1AKMT2_201_	1
observable_9886	cyt_mrna__GPR55_206_	1
observable_9887	cyt_mrna__EYA4_202_	1
observable_9888	cyt_mrna__LRFN4_201_	1
observable_9889	cyt_mrna__TOX3_201_	1
observable_9890	cyt_mrna__SLC35F6_201_	1
observable_9891	cyt_mrna__PARP11_201_	1
observable_9892	cyt_mrna__OLAH_203_	1
observable_9893	cyt_mrna__UPP2_201_	1
observable_9894	cyt_mrna__MAGOHB_201_	1
observable_9895	cyt_mrna__POLR2D_201_	1
observable_9896	cyt_mrna__KMT5C_201_	1
observable_9897	cyt_mrna__MEIG1_202_	1
observable_9898	cyt_mrna__CALCR_204_	1
observable_9899	cyt_mrna__PPP2R2B_203_	1
observable_9900	cyt_mrna__PNLDC1_202_	1
observable_9901	cyt_mrna__SULF2_213_	1
observable_9902	cyt_mrna__PIM1_201_	1
observable_9903	cyt_mrna__NR2F6_201_	1
observable_9904	cyt_mrna__ITPRID1_210_	1
observable_9905	cyt_mrna__TAOK2_202_	1
observable_9906	cyt_mrna__ULK1_201_	1
observable_9907	cyt_mrna__HLA_DRB5_201_	1
observable_9908	cyt_mrna__SSRP1_201_	1
observable_9909	cyt_mrna__RHOBTB1_201_	1
observable_9910	cyt_mrna__EPHA4_201_	1
observable_9911	cyt_mrna__SLC26A4_207_	1
observable_9912	cyt_mrna__DDX3X_244_	1
observable_9913	cyt_mrna__AGTPBP1_202_	1
observable_9914	cyt_mrna__FBXL15_201_	1
observable_9915	cyt_mrna__FGD2_201_	1
observable_9916	cyt_mrna__SIK2_201_	1
observable_9917	cyt_mrna__NSFL1C_201_	1
observable_9918	cyt_mrna__USP51_201_	1
observable_9919	cyt_mrna__COG5_201_	1
observable_9920	cyt_mrna__PATL1_201_	1
observable_9921	cyt_mrna__GLRX3_201_	1
observable_9922	cyt_mrna__ZNF727_201_	1
observable_9923	cyt_mrna__SIRPB2_201_	1
observable_9924	cyt_mrna__GSE1_201_	1
observable_9925	cyt_mrna__RRAGB_202_	1
observable_9926	cyt_mrna__TBP_202_	1
observable_9927	cyt_mrna__CLTA_202_	1
observable_9928	cyt_mrna__CCDC146_201_	1
observable_9929	cyt_mrna__SHKBP1_201_	1
observable_9930	cyt_mrna__FHL5_202_	1
observable_9931	cyt_mrna__MYLK2_201_	1
observable_9932	cyt_mrna__APRT_201_	1
observable_9933	cyt_mrna__NPFF_201_	1
observable_9934	cyt_mrna__SPTLC3_201_	1
observable_9935	cyt_mrna__KRAS_202_	1
observable_9936	cyt_mrna__MED27_201_	1
observable_9937	cyt_mrna__ANKEF1_202_	1
observable_9938	cyt_mrna__KIAA1958_201_	1
observable_9939	cyt_mrna__PLOD3_201_	1
observable_9940	cyt_mrna__RAP1GDS1_205_	1
observable_9941	cyt_mrna__SAAL1_202_	1
observable_9942	cyt_mrna__FAM114A2_201_	1
observable_9943	cyt_mrna__NDRG2_250_	1
observable_9944	cyt_mrna__ARMC8_210_	1
observable_9945	cyt_mrna__AGPAT2_202_	1
observable_9946	cyt_mrna__HEPACAM2_202_	1
observable_9947	cyt_mrna__CEP290_207_	1
observable_9948	cyt_mrna__MRM2_201_	1
observable_9949	cyt_mrna__TOR2A_203_	1
observable_9950	cyt_mrna__SGK1_204_	1
observable_9951	cyt_mrna__SLC26A7_201_	1
observable_9952	cyt_mrna__SEMA3E_204_	1
observable_9953	cyt_mrna__MMAA_209_	1
observable_9954	cyt_mrna__NRSN1_204_	1
observable_9955	cyt_mrna__LDHC_207_	1
observable_9956	cyt_mrna__MEIS3_204_	1
observable_9957	cyt_mrna__CAV2_201_	1
observable_9958	cyt_mrna__ASB5_201_	1
observable_9959	cyt_mrna__ETV5_201_	1
observable_9960	cyt_mrna__SNRNP48_201_	1
observable_9961	cyt_mrna__LSMEM1_201_	1
observable_9962	cyt_mrna__COA4_201_	1
observable_9963	cyt_mrna__UBE2W_207_	1
observable_9964	cyt_mrna__DCLRE1C_209_	1
observable_9965	cyt_mrna__CHGB_201_	1
observable_9966	cyt_mrna__BNIP5_201_	1
observable_9967	cyt_mrna__LYAR_201_	1
observable_9968	cyt_mrna__PON1_201_	1
observable_9969	cyt_mrna__MLLT1_201_	1
observable_9970	cyt_mrna__TPM2_209_	1
observable_9971	cyt_mrna__MAPK9_207_	1
observable_9972	cyt_mrna__DDX10_201_	1
observable_9973	cyt_mrna__SYS1_201_	1
observable_9974	cyt_mrna__NR2C2AP_201_	1
observable_9975	cyt_mrna__TM6SF1_202_	1
observable_9976	cyt_mrna__SLC2A14_203_	1
observable_9977	cyt_mrna__POLR2J_201_	1
observable_9978	cyt_mrna__LRRC19_201_	1
observable_9979	cyt_mrna__TERF2IP_201_	1
observable_9980	cyt_mrna__MYT1L_220_	1
observable_9981	cyt_mrna__POLR3K_201_	1
observable_9982	cyt_mrna__PRR35_201_	1
observable_9983	cyt_mrna__SYPL1_202_	1
observable_9984	cyt_mrna__ZNF646_201_	1
observable_9985	cyt_mrna__TESC_201_	1
observable_9986	cyt_mrna__PPP6R2_209_	1
observable_9987	cyt_mrna__VPS51_201_	1
observable_9988	cyt_mrna__MCRIP2_201_	1
observable_9989	cyt_mrna__MUC12_206_	1
observable_9990	cyt_mrna__SDK2_201_	1
observable_9991	cyt_mrna__SLC35E3_202_	1
observable_9992	cyt_mrna__UBN2_201_	1
observable_9993	cyt_mrna__ALAS1_205_	1
observable_9994	cyt_mrna__PVALEF_203_	1
observable_9995	cyt_mrna__LYPD1_202_	1
observable_9996	cyt_mrna__CDH3_201_	1
observable_9997	cyt_mrna__RAD51_201_	1
observable_9998	cyt_mrna__CSTPP1_201_	1
observable_9999	cyt_mrna__ITGB8_201_	1
observable_10000	cyt_mrna__AAK1_203_	1
observable_10001	cyt_mrna__CERCAM_201_	1
observable_10002	cyt_mrna__STXBP6_201_	1
observable_10003	cyt_mrna__POM121_202_	1
observable_10004	cyt_mrna__TBC1D3C_201_	1
observable_10005	cyt_mrna__SIX1_205_	1
observable_10006	cyt_mrna__TBC1D3E_201_	1
observable_10007	cyt_mrna__KIF5B_201_	1
observable_10008	cyt_mrna__RELT_201_	1
observable_10009	cyt_mrna__CSE1L_201_	1
observable_10010	cyt_mrna__MFSD8_241_	1
observable_10011	cyt_mrna__THOC6_202_	1
observable_10012	cyt_mrna__IDH2_201_	1
observable_10013	cyt_mrna__CDRT15L2_201_	1
observable_10014	cyt_mrna__MEIS3P2_201_	1
observable_10015	cyt_mrna__INVS_202_	1
observable_10016	cyt_mrna__ZNF76_203_	1
observable_10017	cyt_mrna__MYH14_208_	1
observable_10018	cyt_mrna__C2CD4B_201_	1
observable_10019	cyt_mrna__IRAG2_217_	1
observable_10020	cyt_mrna__HSPA9_201_	1
observable_10021	cyt_mrna__DISP2_201_	1
observable_10022	cyt_mrna__SAR1A_204_	1
observable_10023	cyt_mrna__CFDP1_201_	1
observable_10024	cyt_mrna__GPD2_207_	1
observable_10025	cyt_mrna__HHATL_205_	1
observable_10026	cyt_mrna__AOPEP_203_	1
observable_10027	cyt_mrna__DUT_201_	1
observable_10028	cyt_mrna__CPSF7_205_	1
observable_10029	cyt_mrna__NFS1_203_	1
observable_10030	cyt_mrna__ARL6IP1_201_	1
observable_10031	cyt_mrna__M6PR_201_	1
observable_10032	cyt_mrna__CISD1_201_	1
observable_10033	cyt_mrna__SUSD6_201_	1
observable_10034	cyt_mrna__NONO_201_	1
observable_10035	cyt_mrna__TRUB1_201_	1
observable_10036	cyt_mrna__MT1F_201_	1
observable_10037	cyt_mrna__SNRPA1_201_	1
observable_10038	cyt_mrna__CHAC2_201_	1
observable_10039	cyt_mrna__EGFR_201_	1
observable_10040	cyt_mrna__MTG1_201_	1
observable_10041	cyt_mrna__SBF1_202_	1
observable_10042	cyt_mrna__RHOD_201_	1
observable_10043	cyt_mrna__COPRS_201_	1
observable_10044	cyt_mrna__SPRN_202_	1
observable_10045	cyt_mrna__CREB3L2_201_	1
observable_10046	cyt_mrna__PRRG1_201_	1
observable_10047	cyt_mrna__AMDHD2_201_	1
observable_10048	cyt_mrna__TMEM132E_203_	1
observable_10049	cyt_mrna__AKR7A2_201_	1
observable_10050	cyt_mrna__TFPI2_201_	1
observable_10051	cyt_mrna__MOSPD1_203_	1
observable_10052	cyt_mrna__CD7_201_	1
observable_10053	cyt_mrna__ZUP1_202_	1
observable_10054	cyt_mrna__TMEM245_201_	1
observable_10055	cyt_mrna__KLF8_204_	1
observable_10056	cyt_mrna__TYW1B_203_	1
observable_10057	cyt_mrna__ZNF346_201_	1
observable_10058	cyt_mrna__AVPR2_205_	1
observable_10059	cyt_mrna__ANTXR1_201_	1
observable_10060	cyt_mrna__TRDMT1_203_	1
observable_10061	cyt_mrna__FBXL4_202_	1
observable_10062	cyt_mrna__TRIP10_201_	1
observable_10063	cyt_mrna__HNMT_202_	1
observable_10064	cyt_mrna__PON3_201_	1
observable_10065	cyt_mrna__NLRC4_203_	1
observable_10066	cyt_mrna__PLCB2_201_	1
observable_10067	cyt_mrna__PCSK1_201_	1
observable_10068	cyt_mrna__U2SURP_208_	1
observable_10069	cyt_mrna__TUFM_201_	1
observable_10070	cyt_mrna__NPTX2_201_	1
observable_10071	cyt_mrna__ZFP30_212_	1
observable_10072	cyt_mrna__EPHX2_207_	1
observable_10073	cyt_mrna__CCDC22_201_	1
observable_10074	cyt_mrna__TSC22D2_207_	1
observable_10075	cyt_mrna__ZPBP_201_	1
observable_10076	cyt_mrna__NDUFAF1_201_	1
observable_10077	cyt_mrna__PRSS27_201_	1
observable_10078	cyt_mrna__EPB41L4B_202_	1
observable_10079	cyt_mrna__MEOX2_201_	1
observable_10080	cyt_mrna__PAPOLA_201_	1
observable_10081	cyt_mrna__ISG20_201_	1
observable_10082	cyt_mrna__RADIL_201_	1
observable_10083	cyt_mrna__STX1B_201_	1
observable_10084	cyt_mrna__FSCN1_201_	1
observable_10085	cyt_mrna__ZNF830_201_	1
observable_10086	cyt_mrna__HYCC1_204_	1
observable_10087	cyt_mrna__HS1BP3_201_	1
observable_10088	cyt_mrna__MBLAC1_201_	1
observable_10089	cyt_mrna__CSNK1E_203_	1
observable_10090	cyt_mrna__SCAI_201_	1
observable_10091	cyt_mrna__TRIP4_201_	1
observable_10092	cyt_mrna__ICOS_201_	1
observable_10093	cyt_mrna__NDUFB1_206_	1
observable_10094	cyt_mrna__TBC1D3F_201_	1
observable_10095	cyt_mrna__HIPK2_202_	1
observable_10096	cyt_mrna__HCFC1_201_	1
observable_10097	cyt_mrna__SLC51B_201_	1
observable_10098	cyt_mrna__IGFBP3_209_	1
observable_10099	cyt_mrna__BSPRY_201_	1
observable_10100	cyt_mrna__ZBTB26_202_	1
observable_10101	cyt_mrna__PAX8_205_	1
observable_10102	cyt_mrna__BNIP2_211_	1
observable_10103	cyt_mrna__PRICKLE3_206_	1
observable_10104	cyt_mrna__PFN4_201_	1
observable_10105	cyt_mrna__MBIP_203_	1
observable_10106	cyt_mrna__P2RY8_201_	1
observable_10107	cyt_mrna__FXYD6_204_	1
observable_10108	cyt_mrna__ALG12_201_	1
observable_10109	cyt_mrna__LIMK1_201_	1
observable_10110	cyt_mrna__ADGRE2_201_	1
observable_10111	cyt_mrna__CARD11_203_	1
observable_10112	cyt_mrna__PLGLB1_201_	1
observable_10113	cyt_mrna__EXTL3_201_	1
observable_10114	cyt_mrna__ARMCX3_203_	1
observable_10115	cyt_mrna__CDK20_201_	1
observable_10116	cyt_mrna__SCARF2_202_	1
observable_10117	cyt_mrna__BCLAF1_214_	1
observable_10118	cyt_mrna__ARL5A_201_	1
observable_10119	cyt_mrna__SULT1C3_202_	1
observable_10120	cyt_mrna__GLI3_201_	1
observable_10121	cyt_mrna__NF1_202_	1
observable_10122	cyt_mrna__MAK16_201_	1
observable_10123	cyt_mrna__TCEAL4_208_	1
observable_10124	cyt_mrna__ARHGEF35_201_	1
observable_10125	cyt_mrna__GGCT_202_	1
observable_10126	cyt_mrna__NPDC1_202_	1
observable_10127	cyt_mrna__TMBIM6_201_	1
observable_10128	cyt_mrna__ZNF182_201_	1
observable_10129	cyt_mrna__CYP27A1_201_	1
observable_10130	cyt_mrna__TSR2_201_	1
observable_10131	cyt_mrna__COMP_201_	1
observable_10132	cyt_mrna__TCEAL7_201_	1
observable_10133	cyt_mrna__AURKA_208_	1
observable_10134	cyt_mrna__ATP6V1C1_202_	1
observable_10135	cyt_mrna__HNRNPH1_203_	1
observable_10136	cyt_mrna__EPC2_201_	1
observable_10137	cyt_mrna__TRAF3IP2_207_	1
observable_10138	cyt_mrna__MICALL2_201_	1
observable_10139	cyt_mrna__AP1S3_203_	1
observable_10140	cyt_mrna__TMLHE_201_	1
observable_10141	cyt_mrna__IST1_203_	1
observable_10142	cyt_mrna__ZNF557_201_	1
observable_10143	cyt_mrna__MEIS2_221_	1
observable_10144	cyt_mrna__NFE2_202_	1
observable_10145	cyt_mrna__ACMSD_201_	1
observable_10146	cyt_mrna__SLC6A14_202_	1
observable_10147	cyt_mrna__MGAT4C_209_	1
observable_10148	cyt_mrna__ADAMTSL2_204_	1
observable_10149	cyt_mrna__GNLY_201_	1
observable_10150	cyt_mrna__TCEANC_208_	1
observable_10151	cyt_mrna__CCNF_202_	1
observable_10152	cyt_mrna__ZNF341_202_	1
observable_10153	cyt_mrna__ZNF710_201_	1
observable_10154	cyt_mrna__SLC16A2_201_	1
observable_10155	cyt_mrna__TNFRSF12A_201_	1
observable_10156	cyt_mrna__POLR1C_210_	1
observable_10157	cyt_mrna__RBBP9_201_	1
observable_10158	cyt_mrna__HAPSTR1_201_	1
observable_10159	cyt_mrna__FBXW10B_204_	1
observable_10160	cyt_mrna__METTL9_201_	1
observable_10161	cyt_mrna__OGFR_201_	1
observable_10162	cyt_mrna__DEF6_201_	1
observable_10163	cyt_mrna__LONRF3_202_	1
observable_10164	cyt_mrna__CST5_201_	1
observable_10165	cyt_mrna__CNPY3_201_	1
observable_10166	cyt_mrna__PTPRZ1_201_	1
observable_10167	cyt_mrna__SLC3A1_201_	1
observable_10168	cyt_mrna__DLX4_201_	1
observable_10169	cyt_mrna__HMG20A_201_	1
observable_10170	cyt_mrna__NEURL3_204_	1
observable_10171	cyt_mrna__MRPL53_201_	1
observable_10172	cyt_mrna__SYTL3_204_	1
observable_10173	cyt_mrna__FTO_206_	1
observable_10174	cyt_mrna__GLDC_201_	1
observable_10175	cyt_mrna__IK_201_	1
observable_10176	cyt_mrna__CRELD2_201_	1
observable_10177	cyt_mrna__TSPAN13_201_	1
observable_10178	cyt_mrna__CPSF6_202_	1
observable_10179	cyt_mrna__NPIPB7_202_	1
observable_10180	cyt_mrna__ZBTB5_201_	1
observable_10181	cyt_mrna__ACVR1C_201_	1
observable_10182	cyt_mrna__GINS2_201_	1
observable_10183	cyt_mrna__EZR_202_	1
observable_10184	cyt_mrna__EEIG1_203_	1
observable_10185	cyt_mrna__CDYL2_207_	1
observable_10186	cyt_mrna__CNOT4_211_	1
observable_10187	cyt_mrna__TCAP_201_	1
observable_10188	cyt_mrna__PNMT_201_	1
observable_10189	cyt_mrna__ELOB_203_	1
observable_10190	cyt_mrna__RMDN3_202_	1
observable_10191	cyt_mrna__AKAP3_201_	1
observable_10192	cyt_mrna__PGAP3_201_	1
observable_10193	cyt_mrna__SLC9A2_201_	1
observable_10194	cyt_mrna__NOB1_201_	1
observable_10195	cyt_mrna__RIMKLB_205_	1
observable_10196	cyt_mrna__GBGT1_203_	1
observable_10197	cyt_mrna__KLHL40_201_	1
observable_10198	cyt_mrna__COL26A1_201_	1
observable_10199	cyt_mrna__VPS16_202_	1
observable_10200	cyt_mrna__LRRC34_201_	1
observable_10201	cyt_mrna__NME4_201_	1
observable_10202	cyt_mrna__KLC1_202_	1
observable_10203	cyt_mrna__TENT2_203_	1
observable_10204	cyt_mrna__FAM219A_210_	1
observable_10205	cyt_mrna__TMEM170A_202_	1
observable_10206	cyt_mrna__POM121C_208_	1
observable_10207	cyt_mrna__TMEM231_201_	1
observable_10208	cyt_mrna__SPARCL1_201_	1
observable_10209	cyt_mrna__IKZF3_203_	1
observable_10210	cyt_mrna__COL4A6_201_	1
observable_10211	cyt_mrna__ADAD2_202_	1
observable_10212	cyt_mrna__TOP3B_201_	1
observable_10213	cyt_mrna__PCED1A_202_	1
observable_10214	cyt_mrna__AGXT_201_	1
observable_10215	cyt_mrna__TH_203_	1
observable_10216	cyt_mrna__PDLIM4_201_	1
observable_10217	cyt_mrna__TBL2_201_	1
observable_10218	cyt_mrna__ABHD2_201_	1
observable_10219	cyt_mrna__BEX4_202_	1
observable_10220	cyt_mrna__KCTD21_201_	1
observable_10221	cyt_mrna__ZPBP2_201_	1
observable_10222	cyt_mrna__HCN1_201_	1
observable_10223	cyt_mrna__PRNP_201_	1
observable_10224	cyt_mrna__LRRC3C_201_	1
observable_10225	cyt_mrna__ZNF205_201_	1
observable_10226	cyt_mrna__FAM47E_201_	1
observable_10227	cyt_mrna__SMIM30_201_	1
observable_10228	cyt_mrna__GSDMA_201_	1
observable_10229	cyt_mrna__SEMA3B_212_	1
observable_10230	cyt_mrna__RGMB_207_	1
observable_10231	cyt_mrna__FEZF1_203_	1
observable_10232	cyt_mrna__SYNGR1_203_	1
observable_10233	cyt_mrna__IL1RL1_201_	1
observable_10234	cyt_mrna__MAP3K11_201_	1
observable_10235	cyt_mrna__TVP23A_201_	1
observable_10236	cyt_mrna__OTOS_201_	1
observable_10237	cyt_mrna__HSPB2_201_	1
observable_10238	cyt_mrna__PIPOX_201_	1
observable_10239	cyt_mrna__SLC22A4_201_	1
observable_10240	cyt_mrna__PPIA_204_	1
observable_10241	cyt_mrna__XAGE2_201_	1
observable_10242	cyt_mrna__SERINC3_202_	1
observable_10243	cyt_mrna__KDM8_201_	1
observable_10244	cyt_mrna__TBC1D3L_201_	1
observable_10245	cyt_mrna__CPNE9_203_	1
observable_10246	cyt_mrna__BANF1_201_	1
observable_10247	cyt_mrna__IL1RL2_201_	1
observable_10248	cyt_mrna__SPPL2A_201_	1
observable_10249	cyt_mrna__ZNF594_202_	1
observable_10250	cyt_mrna__HSP90AB1_203_	1
observable_10251	cyt_mrna__GAS2L2_201_	1
observable_10252	cyt_mrna__FAM171B_201_	1
observable_10253	cyt_mrna__PCNA_201_	1
observable_10254	cyt_mrna__LIAS_222_	1
observable_10255	cyt_mrna__SYTL5_201_	1
observable_10256	cyt_mrna__DNAJC2_203_	1
observable_10257	cyt_mrna__ARHGEF15_201_	1
observable_10258	cyt_mrna__GDF5_201_	1
observable_10259	cyt_mrna__EFHC2_202_	1
observable_10260	cyt_mrna__LSM8_201_	1
observable_10261	cyt_mrna__LSM6_201_	1
observable_10262	cyt_mrna__TBX4_208_	1
observable_10263	cyt_mrna__PLK1_201_	1
observable_10264	cyt_mrna__GABRA5_201_	1
observable_10265	cyt_mrna__PSMC2_201_	1
observable_10266	cyt_mrna__PARM1_201_	1
observable_10267	cyt_mrna__LBP_201_	1
observable_10268	cyt_mrna__FLG_201_	1
observable_10269	cyt_mrna__FLG2_201_	1
observable_10270	cyt_mrna__HILPDA_201_	1
observable_10271	cyt_mrna__SPRED1_201_	1
observable_10272	cyt_mrna__CDCA7_201_	1
observable_10273	cyt_mrna__KPLCE_201_	1
observable_10274	cyt_mrna__SIL1_202_	1
observable_10275	cyt_mrna__SERHL2_201_	1
observable_10276	cyt_mrna__XYLT2_201_	1
observable_10277	cyt_mrna__STK35_201_	1
observable_10278	cyt_mrna__KCNJ2_201_	1
observable_10279	cyt_mrna__SEMA3D_201_	1
observable_10280	cyt_mrna__SIRPB1_205_	1
observable_10281	cyt_mrna__MFNG_201_	1
observable_10282	cyt_mrna__NIFK_201_	1
observable_10283	cyt_mrna__SLFN13_201_	1
observable_10284	cyt_mrna__MAOB_201_	1
observable_10285	cyt_mrna__NFAM1_201_	1
observable_10286	cyt_mrna__EMB_201_	1
observable_10287	cyt_mrna__UVSSA_201_	1
observable_10288	cyt_mrna__ACP2_206_	1
observable_10289	cyt_mrna__GOLM2_201_	1
observable_10290	cyt_mrna__PPP1R16B_201_	1
observable_10291	cyt_mrna__PRPS2_202_	1
observable_10292	cyt_mrna__GGTLC1_203_	1
observable_10293	cyt_mrna__TRIB3_201_	1
observable_10294	cyt_mrna__BUD23_201_	1
observable_10295	cyt_mrna__REST_201_	1
observable_10296	cyt_mrna__PUDP_201_	1
observable_10297	cyt_mrna__NGLY1_202_	1
observable_10298	cyt_mrna__ARHGEF40_201_	1
observable_10299	cyt_mrna__SCNN1D_205_	1
observable_10300	cyt_mrna__SH3BGRL_201_	1
observable_10301	cyt_mrna__MAD2L1_201_	1
observable_10302	cyt_mrna__BAZ2B_203_	1
observable_10303	cyt_mrna__RAB9B_201_	1
observable_10304	cyt_mrna__IQUB_201_	1
observable_10305	cyt_mrna__CYRIB_229_	1
observable_10306	cyt_mrna__YTHDC2_201_	1
observable_10307	cyt_mrna__UCKL1_201_	1
observable_10308	cyt_mrna__TEAD2_204_	1
observable_10309	cyt_mrna__LLGL1_201_	1
observable_10310	cyt_mrna__CSK_201_	1
observable_10311	cyt_mrna__ADSL_208_	1
observable_10312	cyt_mrna__GBE1_201_	1
observable_10313	cyt_mrna__ZP4_201_	1
observable_10314	cyt_mrna__TCF7L2_206_	1
observable_10315	cyt_mrna__TRAP1_201_	1
observable_10316	cyt_mrna__FOXN3_214_	1
observable_10317	cyt_mrna__MAGED4B_201_	1
observable_10318	cyt_mrna__ANLN_201_	1
observable_10319	cyt_mrna__MAPDA_204_	1
observable_10320	cyt_mrna__TMEM218_218_	1
observable_10321	cyt_mrna__TMEM88_201_	1
observable_10322	cyt_mrna__P4HTM_202_	1
observable_10323	cyt_mrna__MEIOC_201_	1
observable_10324	cyt_mrna__CLEC16A_203_	1
observable_10325	cyt_mrna__OXSM_201_	1
observable_10326	cyt_mrna__SH3D21_202_	1
observable_10327	cyt_mrna__HSPA12B_201_	1
observable_10328	cyt_mrna__VENTX_201_	1
observable_10329	cyt_mrna__EPB41L5_201_	1
observable_10330	cyt_mrna__TTI2_202_	1
observable_10331	cyt_mrna__DIXDC1_201_	1
observable_10332	cyt_mrna__RPH3A_201_	1
observable_10333	cyt_mrna__VPS26A_201_	1
observable_10334	cyt_mrna__GDI1_204_	1
observable_10335	cyt_mrna__KREMEN2_201_	1
observable_10336	cyt_mrna__L3MBTL2_201_	1
observable_10337	cyt_mrna__ARHGEF28_212_	1
observable_10338	cyt_mrna__GYG1_202_	1
observable_10339	cyt_mrna__SIRT3_201_	1
observable_10340	cyt_mrna__GEN1_202_	1
observable_10341	cyt_mrna__ZNF689_201_	1
observable_10342	cyt_mrna__RSU1_201_	1
observable_10343	cyt_mrna__ABHD12_201_	1
observable_10344	cyt_mrna__NUDT16L1_201_	1
observable_10345	cyt_mrna__GRAMD4_202_	1
observable_10346	cyt_mrna__ZRSR2_201_	1
observable_10347	cyt_mrna__MAP3K1_201_	1
observable_10348	cyt_mrna__RGS10_202_	1
observable_10349	cyt_mrna__B3GNT3_201_	1
observable_10350	cyt_mrna__TXNL4B_201_	1
observable_10351	cyt_mrna__CENPO_202_	1
observable_10352	cyt_mrna__MYOZ3_203_	1
observable_10353	cyt_mrna__ARMCX1_201_	1
observable_10354	cyt_mrna__MACROD1_201_	1
observable_10355	cyt_mrna__GRB10_205_	1
observable_10356	cyt_mrna__RASSF2_202_	1
observable_10357	cyt_mrna__DNPH1_201_	1
observable_10358	cyt_mrna__ARID1A_201_	1
observable_10359	cyt_mrna__NADK2_202_	1
observable_10360	cyt_mrna__CD37_201_	1
observable_10361	cyt_mrna__TMEM242_202_	1
observable_10362	cyt_mrna__SHBG_202_	1
observable_10363	cyt_mrna__HDHD5_202_	1
observable_10364	cyt_mrna__ZFAND2B_201_	1
observable_10365	cyt_mrna__SMARCA2_203_	1
observable_10366	cyt_mrna__DPM1_203_	1
observable_10367	cyt_mrna__CCDC42_201_	1
observable_10368	cyt_mrna__MPZ_205_	1
observable_10369	cyt_mrna__ACP5_211_	1
observable_10370	cyt_mrna__TCEAL1_202_	1
observable_10371	cyt_mrna__GPAT4_201_	1
observable_10372	cyt_mrna__CELA2B_201_	1
observable_10373	cyt_mrna__PWWP3B_202_	1
observable_10374	cyt_mrna__TMEM220_201_	1
observable_10375	cyt_mrna__GAS2_202_	1
observable_10376	cyt_mrna__XRCC3_211_	1
observable_10377	cyt_mrna__DDI2_202_	1
observable_10378	cyt_mrna__SFXN1_201_	1
observable_10379	cyt_mrna__RSC1A1_201_	1
observable_10380	cyt_mrna__MCM7_201_	1
observable_10381	cyt_mrna__ASPA_201_	1
observable_10382	cyt_mrna__PHYHIP_202_	1
observable_10383	cyt_mrna__LUZP1_201_	1
observable_10384	cyt_mrna__CCR7_201_	1
observable_10385	cyt_mrna__LTO1_201_	1
observable_10386	cyt_mrna__GLYR1_201_	1
observable_10387	cyt_mrna__PET100_202_	1
observable_10388	cyt_mrna__SELENON_202_	1
observable_10389	cyt_mrna__JAZF1_201_	1
observable_10390	cyt_mrna__LIPA_202_	1
observable_10391	cyt_mrna__FZD6_201_	1
observable_10392	cyt_mrna__UBA7_201_	1
observable_10393	cyt_mrna__SELENOF_201_	1
observable_10394	cyt_mrna__GPC2_201_	1
observable_10395	cyt_mrna__SLX1B_201_	1
observable_10396	cyt_mrna__RIC8A_203_	1
observable_10397	cyt_mrna__BOLA2_201_	1
observable_10398	cyt_mrna__ENDOV_204_	1
observable_10399	cyt_mrna__ZNF219_201_	1
observable_10400	cyt_mrna__MAP2K5_201_	1
observable_10401	cyt_mrna__CHMP2A_201_	1
observable_10402	cyt_mrna__KCNJ16_203_	1
observable_10403	cyt_mrna__THAP8_201_	1
observable_10404	cyt_mrna__MYADML2_201_	1
observable_10405	cyt_mrna__NOLC1_209_	1
observable_10406	cyt_mrna__C17orf113_201_	1
observable_10407	cyt_mrna__PAXIP1_201_	1
observable_10408	cyt_mrna__ZNF480_205_	1
observable_10409	cyt_mrna__ZNF490_201_	1
observable_10410	cyt_mrna__TBC1D3K_201_	1
observable_10411	cyt_mrna__SPTLC1_201_	1
observable_10412	cyt_mrna__ADCY1_201_	1
observable_10413	cyt_mrna__ZNF195_205_	1
observable_10414	cyt_mrna__SZT2_210_	1
observable_10415	cyt_mrna__CCP110_212_	1
observable_10416	cyt_mrna__CCDC124_201_	1
observable_10417	cyt_mrna__ADD2_201_	1
observable_10418	cyt_mrna__TRAPPC5_204_	1
observable_10419	cyt_mrna__FBXL16_201_	1
observable_10420	cyt_mrna__USP42_201_	1
observable_10421	cyt_mrna__CDC26_201_	1
observable_10422	cyt_mrna__DPYSL4_201_	1
observable_10423	cyt_mrna__NBPF10_201_	1
observable_10424	cyt_mrna__ZC3HAV1_201_	1
observable_10425	cyt_mrna__RAB26_201_	1
observable_10426	cyt_mrna__ESYT3_202_	1
observable_10427	cyt_mrna__CHST4_202_	1
observable_10428	cyt_mrna__TSG101_201_	1
observable_10429	cyt_mrna__FBXO38_202_	1
observable_10430	cyt_mrna__MT1A_201_	1
observable_10431	cyt_mrna__TLE7_201_	1
observable_10432	cyt_mrna__SPATA2L_201_	1
observable_10433	cyt_mrna__PYDC1_201_	1
observable_10434	cyt_mrna__MOSPD3_203_	1
observable_10435	cyt_mrna__ARHGAP44_203_	1
observable_10436	cyt_mrna__PKN1_201_	1
observable_10437	cyt_mrna__MMP25_201_	1
observable_10438	cyt_mrna__MC1R_202_	1
observable_10439	cyt_mrna__MNT_201_	1
observable_10440	cyt_mrna__AGRN_201_	1
observable_10441	cyt_mrna__MISP3_202_	1
observable_10442	cyt_mrna__CAD_201_	1
observable_10443	cyt_mrna__PSEN1_201_	1
observable_10444	cyt_mrna__TMEM101_201_	1
observable_10445	cyt_mrna__C8orf58_201_	1
observable_10446	cyt_mrna__C17orf107_201_	1
observable_10447	cyt_mrna__VMA22_201_	1
observable_10448	cyt_mrna__SLC9A5_201_	1
observable_10449	cyt_mrna__NPIPB13_206_	1
observable_10450	cyt_mrna__FAM86B1_203_	1
observable_10451	cyt_mrna__PECR_201_	1
observable_10452	cyt_mrna__KLC4_202_	1
observable_10453	cyt_mrna__SLC7A6OS_201_	1
observable_10454	cyt_mrna__DDX49_201_	1
observable_10455	cyt_mrna__MT1G_201_	1
observable_10456	cyt_mrna__IGFBP2_201_	1
observable_10457	cyt_mrna__VAV2_201_	1
observable_10458	cyt_mrna__GFOD2_201_	1
observable_10459	cyt_mrna__TEX101_201_	1
observable_10460	cyt_mrna__ZDHHC2_201_	1
observable_10461	cyt_mrna__GAS7_203_	1
observable_10462	cyt_mrna__PRR5L_216_	1
observable_10463	cyt_mrna__CPNE4_201_	1
observable_10464	cyt_mrna__GALC_201_	1
observable_10465	cyt_mrna__TM4SF5_201_	1
observable_10466	cyt_mrna__DBI_202_	1
observable_10467	cyt_mrna__SHC2_201_	1
observable_10468	cyt_mrna__FOXJ1_201_	1
observable_10469	cyt_mrna__TEDC2_201_	1
observable_10470	cyt_mrna__LIMD1_201_	1
observable_10471	cyt_mrna__IGFBP7_201_	1
observable_10472	cyt_mrna__TMEM253_206_	1
observable_10473	cyt_mrna__XRCC6_202_	1
observable_10474	cyt_mrna__KRT17_201_	1
observable_10475	cyt_mrna__NUP205_201_	1
observable_10476	cyt_mrna__LHCGR_201_	1
observable_10477	cyt_mrna__KRT222_202_	1
observable_10478	cyt_mrna__FLNA_202_	1
observable_10479	cyt_mrna__PWWP3A_210_	1
observable_10480	cyt_mrna__STMN4_202_	1
observable_10481	cyt_mrna__CDT1_201_	1
observable_10482	cyt_mrna__EIF2S1_201_	1
observable_10483	cyt_mrna__MRPL32_201_	1
observable_10484	cyt_mrna__AK1_206_	1
observable_10485	cyt_mrna__NBPF26_204_	1
observable_10486	cyt_mrna__ESRP2_202_	1
observable_10487	cyt_mrna__NME6_209_	1
observable_10488	cyt_mrna__STK16_201_	1
observable_10489	cyt_mrna__SPTLC2_201_	1
observable_10490	cyt_mrna__C6orf89_204_	1
observable_10491	cyt_mrna__ASB11_203_	1
observable_10492	cyt_mrna__HIVEP3_201_	1
observable_10493	cyt_mrna__PDIA4_204_	1
observable_10494	cyt_mrna__SLITRK4_202_	1
observable_10495	cyt_mrna__GUCA2B_201_	1
observable_10496	cyt_mrna__NRP1_206_	1
observable_10497	cyt_mrna__RNF212B_203_	1
observable_10498	cyt_mrna__ATP6V0C_201_	1
observable_10499	cyt_mrna__BMP6_201_	1
observable_10500	cyt_mrna__SLC1A1_201_	1
observable_10501	cyt_mrna__DCAF12_201_	1
observable_10502	cyt_mrna__DBNDD1_201_	1
observable_10503	cyt_mrna__ZNF7_216_	1
observable_10504	cyt_mrna__INTS12_201_	1
observable_10505	cyt_mrna__PLEKHA1_203_	1
observable_10506	cyt_mrna__GLUL_202_	1
observable_10507	cyt_mrna__ASGR1_201_	1
observable_10508	cyt_mrna__PTPRA_204_	1
observable_10509	cyt_mrna__SEMA3A_201_	1
observable_10510	cyt_mrna__SGF29_201_	1
observable_10511	cyt_mrna__TEDDM1_201_	1
observable_10512	cyt_mrna__KLC2_204_	1
observable_10513	cyt_mrna__MRFAP1_202_	1
observable_10514	cyt_mrna__FAM24B_202_	1
observable_10515	cyt_mrna__SOS1_202_	1
observable_10516	cyt_mrna__NUDT7_201_	1
observable_10517	cyt_mrna__TMEM44_202_	1
observable_10518	cyt_mrna__ENPP7_201_	1
observable_10519	cyt_mrna__UBALD2_201_	1
observable_10520	cyt_mrna__SUCNR1_201_	1
observable_10521	cyt_mrna__CWF19L1_201_	1
observable_10522	cyt_mrna__VOPP1_201_	1
observable_10523	cyt_mrna__RGSL1_201_	1
observable_10524	cyt_mrna__TLE3_203_	1
observable_10525	cyt_mrna__TYMP_201_	1
observable_10526	cyt_mrna__RND3_201_	1
observable_10527	cyt_mrna__AVPI1_201_	1
observable_10528	cyt_mrna__RC3H2_202_	1
observable_10529	cyt_mrna__CFAP91_201_	1
observable_10530	cyt_mrna__IGF2BP3_201_	1
observable_10531	cyt_mrna__TRIM63_201_	1
observable_10532	cyt_mrna__C1orf232_201_	1
observable_10533	cyt_mrna__CSNK1D_202_	1
observable_10534	cyt_mrna__ZNF593_202_	1
observable_10535	cyt_mrna__ZNF37A_207_	1
observable_10536	cyt_mrna__CDH1_201_	1
observable_10537	cyt_mrna__GFI1B_202_	1
observable_10538	cyt_mrna__YAE1_201_	1
observable_10539	cyt_mrna__IL13RA1_202_	1
observable_10540	cyt_mrna__VRK3_201_	1
observable_10541	cyt_mrna__SNX5_201_	1
observable_10542	cyt_mrna__ZFP1_209_	1
observable_10543	cyt_mrna__NDUFA4_201_	1
observable_10544	cyt_mrna__CWF19L2_201_	1
observable_10545	cyt_mrna__VIPAS39_211_	1
observable_10546	cyt_mrna__EPHA10_202_	1
observable_10547	cyt_mrna__NSMCE4A_202_	1
observable_10548	cyt_mrna__TBX6_202_	1
observable_10549	cyt_mrna__C1orf122_201_	1
observable_10550	cyt_mrna__IFT52_201_	1
observable_10551	cyt_mrna__LPO_201_	1
observable_10552	cyt_mrna__TRA2A_201_	1
observable_10553	cyt_mrna__SRCAP_201_	1
observable_10554	cyt_mrna__GAL3ST1_205_	1
observable_10555	cyt_mrna__BMP4_201_	1
observable_10556	cyt_mrna__CD33_201_	1
observable_10557	cyt_mrna__AASDH_201_	1
observable_10558	cyt_mrna__SULF1_202_	1
observable_10559	cyt_mrna__AATK_201_	1
observable_10560	cyt_mrna__UBN1_201_	1
observable_10561	cyt_mrna__BTBD8_204_	1
observable_10562	cyt_mrna__ANXA8L1_204_	1
observable_10563	cyt_mrna__MAP3K4_204_	1
observable_10564	cyt_mrna__ACOX2_201_	1
observable_10565	cyt_mrna__MT2A_201_	1
observable_10566	cyt_mrna__PARP6_219_	1
observable_10567	cyt_mrna__CHTOP_204_	1
observable_10568	cyt_mrna__EFCAB6_201_	1
observable_10569	cyt_mrna__PODXL_202_	1
observable_10570	cyt_mrna__CPZ_202_	1
observable_10571	cyt_mrna__TAFAZZIN_213_	1
observable_10572	cyt_mrna__RAB19_202_	1
observable_10573	cyt_mrna__SYT6_209_	1
observable_10574	cyt_mrna__SERGEF_201_	1
observable_10575	cyt_mrna__TXNDC5_201_	1
observable_10576	cyt_mrna__TMC7_201_	1
observable_10577	cyt_mrna__SAMHD1_221_	1
observable_10578	cyt_mrna__PPIL1_201_	1
observable_10579	cyt_mrna__GEMIN8_206_	1
observable_10580	cyt_mrna__P3H2_201_	1
observable_10581	cyt_mrna__GFAP_214_	1
observable_10582	cyt_mrna__FAM13C_217_	1
observable_10583	cyt_mrna__NBPF19_201_	1
observable_10584	cyt_mrna__HERPUD2_201_	1
observable_10585	cyt_mrna__DYNLT2B_201_	1
observable_10586	cyt_mrna__SASH1_201_	1
observable_10587	cyt_mrna__CRAMP1_202_	1
observable_10588	cyt_mrna__PUM3_202_	1
observable_10589	cyt_mrna__UFL1_201_	1
observable_10590	cyt_mrna__WASL_201_	1
observable_10591	cyt_mrna__NRSN2_201_	1
observable_10592	cyt_mrna__SNX3_201_	1
observable_10593	cyt_mrna__FRMD6_201_	1
observable_10594	cyt_mrna__EHD4_201_	1
observable_10595	cyt_mrna__DNASE1L1_203_	1
observable_10596	cyt_mrna__MED1_201_	1
observable_10597	cyt_mrna__E2F5_202_	1
observable_10598	cyt_mrna__ITIH1_201_	1
observable_10599	cyt_mrna__RPS6KB2_201_	1
observable_10600	cyt_mrna__WFIKKN2_201_	1
observable_10601	cyt_mrna__SEMA4C_201_	1
observable_10602	cyt_mrna__DBF4_201_	1
observable_10603	cyt_mrna__ARMH3_202_	1
observable_10604	cyt_mrna__PPM1D_201_	1
observable_10605	cyt_mrna__NAA60_202_	1
observable_10606	cyt_mrna__JADE1_201_	1
observable_10607	cyt_mrna__PORCN_201_	1
observable_10608	cyt_mrna__CASP2_201_	1
observable_10609	cyt_mrna__CYP19A1_201_	1
observable_10610	cyt_mrna__DEAF1_201_	1
observable_10611	cyt_mrna__RGS22_201_	1
observable_10612	cyt_mrna__AREL1_201_	1
observable_10613	cyt_mrna__EVPL_201_	1
observable_10614	cyt_mrna__TMUB1_201_	1
observable_10615	cyt_mrna__KRTCAP3_201_	1
observable_10616	cyt_mrna__VAMP2_201_	1
observable_10617	cyt_mrna__DUSP2_201_	1
observable_10618	cyt_mrna__RHEB_201_	1
observable_10619	cyt_mrna__JPT2_201_	1
observable_10620	cyt_mrna__RPIA_201_	1
observable_10621	cyt_mrna__HSPE1_201_	1
observable_10622	cyt_mrna__RUFY3_202_	1
observable_10623	cyt_mrna__KLHL24_201_	1
observable_10624	cyt_mrna__WNK4_201_	1
observable_10625	cyt_mrna__IREB2_201_	1
observable_10626	cyt_mrna__ADCK1_201_	1
observable_10627	cyt_mrna__ALAD_201_	1
observable_10628	cyt_mrna__PFKM_203_	1
observable_10629	cyt_mrna__NUDT1_203_	1
observable_10630	cyt_mrna__RBIS_213_	1
observable_10631	cyt_mrna__DGUOK_201_	1
observable_10632	cyt_mrna__ZFYVE27_212_	1
observable_10633	cyt_mrna__STK17B_201_	1
observable_10634	cyt_mrna__MRTFB_202_	1
observable_10635	cyt_mrna__SCLT1_201_	1
observable_10636	cyt_mrna__SMO_201_	1
observable_10637	cyt_mrna__CCR1_201_	1
observable_10638	cyt_mrna__FAM161A_202_	1
observable_10639	cyt_mrna__NPY_201_	1
observable_10640	cyt_mrna__SNCG_202_	1
observable_10641	cyt_mrna__TRPC4AP_201_	1
observable_10642	cyt_mrna__WDR72_201_	1
observable_10643	cyt_mrna__GPRIN3_202_	1
observable_10644	cyt_mrna__CFAP20_201_	1
observable_10645	cyt_mrna__FCN1_201_	1
observable_10646	cyt_mrna__TRAF3_202_	1
observable_10647	cyt_mrna__ZNF510_201_	1
observable_10648	cyt_mrna__AHSP_201_	1
observable_10649	cyt_mrna__TSPAN6_201_	1
observable_10650	cyt_mrna__AKAP9_201_	1
observable_10651	cyt_mrna__RAB37_204_	1
observable_10652	cyt_mrna__COIL_201_	1
observable_10653	cyt_mrna__PACSIN2_201_	1
observable_10654	cyt_mrna__LEF1_201_	1
observable_10655	cyt_mrna__EPS15L1_202_	1
observable_10656	cyt_mrna__ZMAT1_207_	1
observable_10657	cyt_mrna__ALDH1A3_201_	1
observable_10658	cyt_mrna__NBPF4_201_	1
observable_10659	cyt_mrna__MRPL28_201_	1
observable_10660	cyt_mrna__MYH7B_201_	1
observable_10661	cyt_mrna__GCNT3_201_	1
observable_10662	cyt_mrna__BARD1_201_	1
observable_10663	cyt_mrna__INTS4_208_	1
observable_10664	cyt_mrna__MORC4_202_	1
observable_10665	cyt_mrna__TNIP1_210_	1
observable_10666	cyt_mrna__EXOSC2_204_	1
observable_10667	cyt_mrna__TMX4_201_	1
observable_10668	cyt_mrna__AP1S1_201_	1
observable_10669	cyt_mrna__ENPP3_201_	1
observable_10670	cyt_mrna__WDR24_202_	1
observable_10671	cyt_mrna__ETNK2_203_	1
observable_10672	cyt_mrna__PTRHD1_201_	1
observable_10673	cyt_mrna__HSD17B6_201_	1
observable_10674	cyt_mrna__GNGT1_201_	1
observable_10675	cyt_mrna__MME_201_	1
observable_10676	cyt_mrna__PPP1R37_201_	1
observable_10677	cyt_mrna__DPH7_201_	1
observable_10678	cyt_mrna__VAMP8_201_	1
observable_10679	cyt_mrna__SKI_201_	1
observable_10680	cyt_mrna__NME3_201_	1
observable_10681	cyt_mrna__PDAP1_201_	1
observable_10682	cyt_mrna__CDKAL1_201_	1
observable_10683	cyt_mrna__HMGN5_201_	1
observable_10684	cyt_mrna__ZNF880_202_	1
observable_10685	cyt_mrna__CWH43_201_	1
observable_10686	cyt_mrna__CENPA_202_	1
observable_10687	cyt_mrna__REN_201_	1
observable_10688	cyt_mrna__MCEE_201_	1
observable_10689	cyt_mrna__CD2_202_	1
observable_10690	cyt_mrna__ZNF81_202_	1
observable_10691	cyt_mrna__SNX8_201_	1
observable_10692	cyt_mrna__NECAB2_201_	1
observable_10693	cyt_mrna__ASB8_201_	1
observable_10694	cyt_mrna__KCNA2_201_	1
observable_10695	cyt_mrna__NECTIN2_201_	1
observable_10696	cyt_mrna__CD276_202_	1
observable_10697	cyt_mrna__HEYL_201_	1
observable_10698	cyt_mrna__NMNAT3_222_	1
observable_10699	cyt_mrna__SH2D1B_201_	1
observable_10700	cyt_mrna__AGGF1_201_	1
observable_10701	cyt_mrna__ZNF891_201_	1
observable_10702	cyt_mrna__MAP2K2_201_	1
observable_10703	cyt_mrna__FRRS1_205_	1
observable_10704	cyt_mrna__SEPTIN9_203_	1
observable_10705	cyt_mrna__TMEM82_201_	1
observable_10706	cyt_mrna__RRBP1_204_	1
observable_10707	cyt_mrna__RALGPS2_204_	1
observable_10708	cyt_mrna__LGMN_201_	1
observable_10709	cyt_mrna__CDIPT_201_	1
observable_10710	cyt_mrna__PI3_201_	1
observable_10711	cyt_mrna__DOCK11_201_	1
observable_10712	cyt_mrna__ADNP_205_	1
observable_10713	cyt_mrna__MCM3_205_	1
observable_10714	cyt_mrna__SGSH_201_	1
observable_10715	cyt_mrna__SH3GL1_201_	1
observable_10716	cyt_mrna__SLC2A8_203_	1
observable_10717	cyt_mrna__UBR5_207_	1
observable_10718	cyt_mrna__CABLES2_201_	1
observable_10719	cyt_mrna__RPL3_201_	1
observable_10720	cyt_mrna__ZNF613_201_	1
observable_10721	cyt_mrna__MIS18BP1_201_	1
observable_10722	cyt_mrna__FANCL_201_	1
observable_10723	cyt_mrna__MAVS_202_	1
observable_10724	cyt_mrna__TNS4_201_	1
observable_10725	cyt_mrna__ID1_202_	1
observable_10726	cyt_mrna__BEST2_204_	1
observable_10727	cyt_mrna__PKMYT1_201_	1
observable_10728	cyt_mrna__NTRK3_217_	1
observable_10729	cyt_mrna__NCOA5_201_	1
observable_10730	cyt_mrna__RNF43_201_	1
observable_10731	cyt_mrna__NOX4_201_	1
observable_10732	cyt_mrna__PDGFB_201_	1
observable_10733	cyt_mrna__NR2C1_202_	1
observable_10734	cyt_mrna__RFC2_201_	1
observable_10735	cyt_mrna__TEFM_205_	1
observable_10736	cyt_mrna__TLCD3B_202_	1
observable_10737	cyt_mrna__TMEM59L_201_	1
observable_10738	cyt_mrna__SNRPD3_201_	1
observable_10739	cyt_mrna__MTERF3_201_	1
observable_10740	cyt_mrna__ZDHHC9_201_	1
observable_10741	cyt_mrna__TTC32_201_	1
observable_10742	cyt_mrna__RIOX2_203_	1
observable_10743	cyt_mrna__CNTN2_201_	1
observable_10744	cyt_mrna__DNAAF10_201_	1
observable_10745	cyt_mrna__SLITRK2_201_	1
observable_10746	cyt_mrna__SPINK8_201_	1
observable_10747	cyt_mrna__SEL1L_201_	1
observable_10748	cyt_mrna__QKI_203_	1
observable_10749	cyt_mrna__C8A_201_	1
observable_10750	cyt_mrna__ANKIB1_201_	1
observable_10751	cyt_mrna__TSPO_202_	1
observable_10752	cyt_mrna__FAIM_202_	1
observable_10753	cyt_mrna__GPD1_201_	1
observable_10754	cyt_mrna__DDX25_201_	1
observable_10755	cyt_mrna__PPP1R17_201_	1
observable_10756	cyt_mrna__TMEM87A_202_	1
observable_10757	cyt_mrna__MCAT_201_	1
observable_10758	cyt_mrna__ITGA3_202_	1
observable_10759	cyt_mrna__NFE2L3_201_	1
observable_10760	cyt_mrna__INO80E_207_	1
observable_10761	cyt_mrna__AGTR1_201_	1
observable_10762	cyt_mrna__ANXA1_201_	1
observable_10763	cyt_mrna__RILPL1_202_	1
observable_10764	cyt_mrna__ZDHHC16_207_	1
observable_10765	cyt_mrna__ESAM_201_	1
observable_10766	cyt_mrna__NUP43_201_	1
observable_10767	cyt_mrna__SLC9A1_201_	1
observable_10768	cyt_mrna__SEM1_201_	1
observable_10769	cyt_mrna__PEBP1_201_	1
observable_10770	cyt_mrna__HS3ST5_201_	1
observable_10771	cyt_mrna__PTGDS_202_	1
observable_10772	cyt_mrna__CRYM_207_	1
observable_10773	cyt_mrna__OSBP_201_	1
observable_10774	cyt_mrna__ACVRL1_201_	1
observable_10775	cyt_mrna__TFDP2_215_	1
observable_10776	cyt_mrna__RTN4IP1_201_	1
observable_10777	cyt_mrna__ACTC1_201_	1
observable_10778	cyt_mrna__GGTA1_203_	1
observable_10779	cyt_mrna__ZSCAN12_203_	1
observable_10780	cyt_mrna__SLC25A4_201_	1
observable_10781	cyt_mrna__SELPLG_203_	1
observable_10782	cyt_mrna__MED16_202_	1
observable_10783	cyt_mrna__IGSF1_201_	1
observable_10784	cyt_mrna__ARHGDIA_201_	1
observable_10785	cyt_mrna__MRPS35_201_	1
observable_10786	cyt_mrna__SOX9_201_	1
observable_10787	cyt_mrna__PTPN7_220_	1
observable_10788	cyt_mrna__PALS2_201_	1
observable_10789	cyt_mrna__ANAPC1_201_	1
observable_10790	cyt_mrna__PLAC8_201_	1
observable_10791	cyt_mrna__LIX1L_201_	1
observable_10792	cyt_mrna__CHTF18_201_	1
observable_10793	cyt_mrna__HES4_201_	1
observable_10794	cyt_mrna__APOH_201_	1
observable_10795	cyt_mrna__COA5_201_	1
observable_10796	cyt_mrna__H2AZ1_201_	1
observable_10797	cyt_mrna__P3H3_201_	1
observable_10798	cyt_mrna__NEK4_201_	1
observable_10799	cyt_mrna__ZHX1_202_	1
observable_10800	cyt_mrna__ZNF513_201_	1
observable_10801	cyt_mrna__CDKN2C_202_	1
observable_10802	cyt_mrna__TIFA_201_	1
observable_10803	cyt_mrna__ZFAND2A_201_	1
observable_10804	cyt_mrna__C2orf15_203_	1
observable_10805	cyt_mrna__LTK_201_	1
observable_10806	cyt_mrna__NT5M_201_	1
observable_10807	cyt_mrna__POLR3GL_202_	1
observable_10808	cyt_mrna__EIF3G_201_	1
observable_10809	cyt_mrna__ANKRD34A_201_	1
observable_10810	cyt_mrna__TDP1_201_	1
observable_10811	cyt_mrna__CREG1_201_	1
observable_10812	cyt_mrna__YTHDF2_201_	1
observable_10813	cyt_mrna__EXOC3L4_209_	1
observable_10814	cyt_mrna__ABI3_201_	1
observable_10815	cyt_mrna__EOLA1_202_	1
observable_10816	cyt_mrna__P4HA1_204_	1
observable_10817	cyt_mrna__CDCA4_201_	1
observable_10818	cyt_mrna__FBXO8_201_	1
observable_10819	cyt_mrna__ATP1B1_201_	1
observable_10820	cyt_mrna__JPT1_203_	1
observable_10821	cyt_mrna__SMC5_201_	1
observable_10822	cyt_mrna__FAM221A_201_	1
observable_10823	cyt_mrna__CYP4A22_203_	1
observable_10824	cyt_mrna__CEMIP_203_	1
observable_10825	cyt_mrna__VEZT_203_	1
observable_10826	cyt_mrna__TSPYL2_201_	1
observable_10827	cyt_mrna__KIF22_201_	1
observable_10828	cyt_mrna__LRRC8C_201_	1
observable_10829	cyt_mrna__SMG6_201_	1
observable_10830	cyt_mrna__VTCN1_203_	1
observable_10831	cyt_mrna__NKAP_201_	1
observable_10832	cyt_mrna__CSN1S1_201_	1
observable_10833	cyt_mrna__ST6GALNAC5_202_	1
observable_10834	cyt_mrna__LAMC3_202_	1
observable_10835	cyt_mrna__SLFN5_201_	1
observable_10836	cyt_mrna__RGPD6_201_	1
observable_10837	cyt_mrna__METTL2B_201_	1
observable_10838	cyt_mrna__GTPBP6_201_	1
observable_10839	cyt_mrna__SOS2_201_	1
observable_10840	cyt_mrna__SUPT5H_204_	1
observable_10841	cyt_mrna__IRS1_201_	1
observable_10842	cyt_mrna__DZIP3_201_	1
observable_10843	cyt_mrna__EFCAB10_203_	1
observable_10844	cyt_mrna__ARIH1_201_	1
observable_10845	cyt_mrna__BHLHA15_202_	1
observable_10846	cyt_mrna__TARS1_201_	1
observable_10847	cyt_mrna__CTSF_201_	1
observable_10848	cyt_mrna__UPRT_203_	1
observable_10849	cyt_mrna__LMTK2_201_	1
observable_10850	cyt_mrna__ZZEF1_201_	1
observable_10851	cyt_mrna__FBXO25_202_	1
observable_10852	cyt_mrna__MROH7_206_	1
observable_10853	cyt_mrna__TMEM243_201_	1
observable_10854	cyt_mrna__DCTD_202_	1
observable_10855	cyt_mrna__SLC35D2_201_	1
observable_10856	cyt_mrna__FAM167B_201_	1
observable_10857	cyt_mrna__SP2_201_	1
observable_10858	cyt_mrna__WDR90_201_	1
observable_10859	cyt_mrna__HOXB8_201_	1
observable_10860	cyt_mrna__PHF14_215_	1
observable_10861	cyt_mrna__TSFM_212_	1
observable_10862	cyt_mrna__ZNF638_201_	1
observable_10863	cyt_mrna__SH3GL2_201_	1
observable_10864	cyt_mrna__FBXO2_201_	1
observable_10865	cyt_mrna__CD74_201_	1
observable_10866	cyt_mrna__ARL4A_207_	1
observable_10867	cyt_mrna__SRPRA_201_	1
observable_10868	cyt_mrna__GABRD_201_	1
observable_10869	cyt_mrna__SLC44A2_201_	1
observable_10870	cyt_mrna__CCT6B_201_	1
observable_10871	cyt_mrna__RIMOC1_201_	1
observable_10872	cyt_mrna__METRN_204_	1
observable_10873	cyt_mrna__MST1R_201_	1
observable_10874	cyt_mrna__KIAA0408_204_	1
observable_10875	cyt_mrna__TAL1_206_	1
observable_10876	cyt_mrna__PPM1A_203_	1
observable_10877	cyt_mrna__KLHL2_201_	1
observable_10878	cyt_mrna__SMIM22_201_	1
observable_10879	cyt_mrna__ZNF250_202_	1
observable_10880	cyt_mrna__MFAP4_201_	1
observable_10881	cyt_mrna__ALKBH3_201_	1
observable_10882	cyt_mrna__SDR16C5_201_	1
observable_10883	cyt_mrna__COQ7_201_	1
observable_10884	cyt_mrna__SMURF1_202_	1
observable_10885	cyt_mrna__HAP1_203_	1
observable_10886	cyt_mrna__ABRAXAS1_201_	1
observable_10887	cyt_mrna__CXCL16_201_	1
observable_10888	cyt_mrna__ESR1_201_	1
observable_10889	cyt_mrna__MED11_201_	1
observable_10890	cyt_mrna__NOP58_201_	1
observable_10891	cyt_mrna__PSMD7_201_	1
observable_10892	cyt_mrna__REPIN1_214_	1
observable_10893	cyt_mrna__RORC_201_	1
observable_10894	cyt_mrna__DKK2_201_	1
observable_10895	cyt_mrna__DNAAF19_204_	1
observable_10896	cyt_mrna__NUDT21_201_	1
observable_10897	cyt_mrna__GPATCH2L_201_	1
observable_10898	cyt_mrna__KCNK13_201_	1
observable_10899	cyt_mrna__BAIAP2L1_201_	1
observable_10900	cyt_mrna__PRKAA2_201_	1
observable_10901	cyt_mrna__PALS1_201_	1
observable_10902	cyt_mrna__COX10_201_	1
observable_10903	cyt_mrna__NIP7_201_	1
observable_10904	cyt_mrna__MASP2_201_	1
observable_10905	cyt_mrna__IQCA1_204_	1
observable_10906	cyt_mrna__NBPF8_202_	1
observable_10907	cyt_mrna__UBA52_202_	1
observable_10908	cyt_mrna__SAMD4A_204_	1
observable_10909	cyt_mrna__RMND5B_201_	1
observable_10910	cyt_mrna__TMEM198_202_	1
observable_10911	cyt_mrna__POMT1_204_	1
observable_10912	cyt_mrna__CHPF_201_	1
observable_10913	cyt_mrna__NEDD4_202_	1
observable_10914	cyt_mrna__PRG4_204_	1
observable_10915	cyt_mrna__RPS3_217_	1
observable_10916	cyt_mrna__C19orf12_201_	1
observable_10917	cyt_mrna__SERPINA3_201_	1
observable_10918	cyt_mrna__ABI1_206_	1
observable_10919	cyt_mrna__TSN_201_	1
observable_10920	cyt_mrna__TMEM175_201_	1
observable_10921	cyt_mrna__RBBP6_201_	1
observable_10922	cyt_mrna__NEMP2_202_	1
observable_10923	cyt_mrna__NPIPB12_204_	1
observable_10924	cyt_mrna__RBM10_203_	1
observable_10925	cyt_mrna__OR1F1_201_	1
observable_10926	cyt_mrna__C2orf68_201_	1
observable_10927	cyt_mrna__FBXW2_203_	1
observable_10928	cyt_mrna__BAG3_201_	1
observable_10929	cyt_mrna__GNG2_213_	1
observable_10930	cyt_mrna__NOS2_201_	1
observable_10931	cyt_mrna__ZMYND12_201_	1
observable_10932	cyt_mrna__SHROOM1_203_	1
observable_10933	cyt_mrna__DET1_201_	1
observable_10934	cyt_mrna__TRPC3_202_	1
observable_10935	cyt_mrna__OBP2A_203_	1
observable_10936	cyt_mrna__COQ8B_202_	1
observable_10937	cyt_mrna__FCRL1_203_	1
observable_10938	cyt_mrna__DCAF5_201_	1
observable_10939	cyt_mrna__ALG9_215_	1
observable_10940	cyt_mrna__METTL14_201_	1
observable_10941	cyt_mrna__RPS7_210_	1
observable_10942	cyt_mrna__TLR3_201_	1
observable_10943	cyt_mrna__ABCA6_201_	1
observable_10944	cyt_mrna__SLC16A14_201_	1
observable_10945	cyt_mrna__ZNF615_208_	1
observable_10946	cyt_mrna__RNF13_203_	1
observable_10947	cyt_mrna__TP53BP2_201_	1
observable_10948	cyt_mrna__NEIL1_201_	1
observable_10949	cyt_mrna__PMS2_201_	1
observable_10950	cyt_mrna__WDFY1_201_	1
observable_10951	cyt_mrna__TBC1D3D_201_	1
observable_10952	cyt_mrna__CNTNAP3B_203_	1
observable_10953	cyt_mrna__CCNI_201_	1
observable_10954	cyt_mrna__RHBDL2_202_	1
observable_10955	cyt_mrna__G6PC1_201_	1
observable_10956	cyt_mrna__MYO6_202_	1
observable_10957	cyt_mrna__LRRC57_202_	1
observable_10958	cyt_mrna__KLF11_201_	1
observable_10959	cyt_mrna__STX19_201_	1
observable_10960	cyt_mrna__TET2_203_	1
observable_10961	cyt_mrna__PAGE4_201_	1
observable_10962	cyt_mrna__MAOA_201_	1
observable_10963	cyt_mrna__PTPN20_202_	1
observable_10964	cyt_mrna__DCAF8L2_202_	1
observable_10965	cyt_mrna__ATP6V1C2_201_	1
observable_10966	cyt_mrna__RERE_204_	1
observable_10967	cyt_mrna__SETD3_202_	1
observable_10968	cyt_mrna__SFI1_203_	1
observable_10969	cyt_mrna__ABHD11_201_	1
observable_10970	cyt_mrna__TAGLN_202_	1
observable_10971	cyt_mrna__KCNJ9_201_	1
observable_10972	cyt_mrna__SGO2_201_	1
observable_10973	cyt_mrna__CAV1_201_	1
observable_10974	cyt_mrna__ELAVL2_204_	1
observable_10975	cyt_mrna__MRPS24_201_	1
observable_10976	cyt_mrna__KATNBL1_201_	1
observable_10977	cyt_mrna__PDZD11_201_	1
observable_10978	cyt_mrna__ARHGAP5_202_	1
observable_10979	cyt_mrna__MYO1D_201_	1
observable_10980	cyt_mrna__STAMBPL1_203_	1
observable_10981	cyt_mrna__NUBPL_201_	1
observable_10982	cyt_mrna__FSD1L_205_	1
observable_10983	cyt_mrna__DDX18_201_	1
observable_10984	cyt_mrna__ARF5_201_	1
observable_10985	cyt_mrna__MAPK6_201_	1
observable_10986	cyt_mrna__TMUB2_204_	1
observable_10987	cyt_mrna__AAMDC_202_	1
observable_10988	cyt_mrna__TRMT61A_202_	1
observable_10989	cyt_mrna__TTC16_201_	1
observable_10990	cyt_mrna__SLC16A12_201_	1
observable_10991	cyt_mrna__TMEM177_201_	1
observable_10992	cyt_mrna__ANKRD9_201_	1
observable_10993	cyt_mrna__HAO2_201_	1
observable_10994	cyt_mrna__OFD1_201_	1
observable_10995	cyt_mrna__EMC6_201_	1
observable_10996	cyt_mrna__PDLIM7_202_	1
observable_10997	cyt_mrna__CNOT1_201_	1
observable_10998	cyt_mrna__LRFN5_201_	1
observable_10999	cyt_mrna__BOLA1_202_	1
observable_11000	cyt_mrna__PCSK1N_201_	1
observable_11001	cyt_mrna__MROH9_202_	1
observable_11002	cyt_mrna__UBAP2_204_	1
observable_11003	cyt_mrna__CEP41_201_	1
observable_11004	cyt_mrna__CKB_201_	1
observable_11005	cyt_mrna__MAMLD1_203_	1
observable_11006	cyt_mrna__MAB21L3_201_	1
observable_11007	cyt_mrna__LCLAT1_203_	1
observable_11008	cyt_mrna__SNX1_208_	1
observable_11009	cyt_mrna__FOLR2_201_	1
observable_11010	cyt_mrna__CARD8_231_	1
observable_11011	cyt_mrna__NGDN_202_	1
observable_11012	cyt_mrna__INTS15_201_	1
observable_11013	cyt_mrna__CCNT2_201_	1
observable_11014	cyt_mrna__ZKSCAN8_201_	1
observable_11015	cyt_mrna__DHTKD1_201_	1
observable_11016	cyt_mrna__ARB2A_201_	1
observable_11017	cyt_mrna__TIPIN_201_	1
observable_11018	cyt_mrna__RSBN1L_201_	1
observable_11019	cyt_mrna__CARNMT1_202_	1
observable_11020	cyt_mrna__KCNH1_201_	1
observable_11021	cyt_mrna__HBEGF_201_	1
observable_11022	cyt_mrna__RBBP7_203_	1
observable_11023	cyt_mrna__LSM5_208_	1
observable_11024	cyt_mrna__PPP2R3C_201_	1
observable_11025	cyt_mrna__PRELID1_201_	1
observable_11026	cyt_mrna__EIF4ENIF1_201_	1
observable_11027	cyt_mrna__BAIAP2_204_	1
observable_11028	cyt_mrna__SLC26A9_203_	1
observable_11029	cyt_mrna__ERG28_201_	1
observable_11030	cyt_mrna__ATP5MK_204_	1
observable_11031	cyt_mrna__JDP2_208_	1
observable_11032	cyt_mrna__PTGER3_201_	1
observable_11033	cyt_mrna__THEM4_201_	1
observable_11034	cyt_mrna__PXK_202_	1
observable_11035	cyt_mrna__MAG_202_	1
observable_11036	cyt_mrna__PISD_209_	1
observable_11037	cyt_mrna__SERTAD3_201_	1
observable_11038	cyt_mrna__SAR1B_201_	1
observable_11039	cyt_mrna__PPFIBP1_201_	1
observable_11040	cyt_mrna__CCDC17_209_	1
observable_11041	cyt_mrna__GADL1_201_	1
observable_11042	cyt_mrna__DRD1_201_	1
observable_11043	cyt_mrna__IRX4_201_	1
observable_11044	cyt_mrna__CGNL1_201_	1
observable_11045	cyt_mrna__IKBKG_206_	1
observable_11046	cyt_mrna__SDF2_201_	1
observable_11047	cyt_mrna__COLEC11_202_	1
observable_11048	cyt_mrna__TXNDC16_201_	1
observable_11049	cyt_mrna__MGRN1_201_	1
observable_11050	cyt_mrna__C1QTNF2_202_	1
observable_11051	cyt_mrna__ZNF624_201_	1
observable_11052	cyt_mrna__EVI2A_203_	1
observable_11053	cyt_mrna__SLAMF7_203_	1
observable_11054	cyt_mrna__TBC1D3_201_	1
observable_11055	cyt_mrna__MTARC1_201_	1
observable_11056	cyt_mrna__PTK2B_201_	1
observable_11057	cyt_mrna__FLT3LG_206_	1
observable_11058	cyt_mrna__RFWD3_201_	1
observable_11059	cyt_mrna__FLRT2_201_	1
observable_11060	cyt_mrna__GLP2R_201_	1
observable_11061	cyt_mrna__BCL6B_201_	1
observable_11062	cyt_mrna__HACD3_201_	1
observable_11063	cyt_mrna__REEP6_201_	1
observable_11064	cyt_mrna__ZNF770_201_	1
observable_11065	cyt_mrna__LGALS9B_202_	1
observable_11066	cyt_mrna__SETD6_201_	1
observable_11067	cyt_mrna__TTLL7_201_	1
observable_11068	cyt_mrna__GNPDA1_201_	1
observable_11069	cyt_mrna__DVL3_201_	1
observable_11070	cyt_mrna__PLPPR3_204_	1
observable_11071	cyt_mrna__TRAPPC2L_216_	1
observable_11072	cyt_mrna__HDAC9_232_	1
observable_11073	cyt_mrna__SOX5_206_	1
observable_11074	cyt_mrna__APC_201_	1
observable_11075	cyt_mrna__TRIM55_202_	1
observable_11076	cyt_mrna__RPA3_201_	1
observable_11077	cyt_mrna__G6PD_202_	1
observable_11078	cyt_mrna__CYBB_201_	1
observable_11079	cyt_mrna__PLXNA2_201_	1
observable_11080	cyt_mrna__CPA6_201_	1
observable_11081	cyt_mrna__GOLGA8A_201_	1
observable_11082	cyt_mrna__PIEZO1_201_	1
observable_11083	cyt_mrna__FABP4_201_	1
observable_11084	cyt_mrna__ZDHHC15_201_	1
observable_11085	cyt_mrna__KLHL25_201_	1
observable_11086	cyt_mrna__STT3B_201_	1
observable_11087	cyt_mrna__ZNG1C_201_	1
observable_11088	cyt_mrna__CA10_203_	1
observable_11089	cyt_mrna__PLLP_201_	1
observable_11090	cyt_mrna__EFL1_201_	1
observable_11091	cyt_mrna__ZNF41_205_	1
observable_11092	cyt_mrna__GBP5_201_	1
observable_11093	cyt_mrna__SYP_201_	1
observable_11094	cyt_mrna__FBH1_201_	1
observable_11095	cyt_mrna__AEBP1_201_	1
observable_11096	cyt_mrna__DDAH1_201_	1
observable_11097	cyt_mrna__CFAP276_203_	1
observable_11098	cyt_mrna__ATE1_201_	1
observable_11099	cyt_mrna__ZNF273_204_	1
observable_11100	cyt_mrna__SIAH1_203_	1
observable_11101	cyt_mrna__BUB1_201_	1
observable_11102	cyt_mrna__CCND2_201_	1
observable_11103	cyt_mrna__MRPS34_202_	1
observable_11104	cyt_mrna__RBSN_201_	1
observable_11105	cyt_mrna__CLDN6_201_	1
observable_11106	cyt_mrna__SRPK2_202_	1
observable_11107	cyt_mrna__SPARC_201_	1
observable_11108	cyt_mrna__ELFN1_201_	1
observable_11109	cyt_mrna__PLA2G4F_202_	1
observable_11110	cyt_mrna__SHCBP1_201_	1
observable_11111	cyt_mrna__CCDC141_203_	1
observable_11112	cyt_mrna__BCAP31_201_	1
observable_11113	cyt_mrna__TRPV3_209_	1
observable_11114	cyt_mrna__PEPD_201_	1
observable_11115	cyt_mrna__ADORA1_202_	1
observable_11116	cyt_mrna__SHTN1_202_	1
observable_11117	cyt_mrna__NES_201_	1
observable_11118	cyt_mrna__FAM53B_202_	1
observable_11119	cyt_mrna__C1orf162_202_	1
observable_11120	cyt_mrna__CYP1A1_201_	1
observable_11121	cyt_mrna__SHISA4_201_	1
observable_11122	cyt_mrna__SRI_201_	1
observable_11123	cyt_mrna__ZNF616_204_	1
observable_11124	cyt_mrna__SMC2_203_	1
observable_11125	cyt_mrna__ZBTB1_207_	1
observable_11126	cyt_mrna__MRPL43_203_	1
observable_11127	cyt_mrna__MFSD1_203_	1
observable_11128	cyt_mrna__DMPK_201_	1
observable_11129	cyt_mrna__WDR75_201_	1
observable_11130	cyt_mrna__VSIG4_201_	1
observable_11131	cyt_mrna__IKBKB_216_	1
observable_11132	cyt_mrna__CRCP_203_	1
observable_11133	cyt_mrna__NCDN_202_	1
observable_11134	cyt_mrna__TMEM273_203_	1
observable_11135	cyt_mrna__ZBTB25_204_	1
observable_11136	cyt_mrna__FOXK1_201_	1
observable_11137	cyt_mrna__PEMT_201_	1
observable_11138	cyt_mrna__SMIM15_201_	1
observable_11139	cyt_mrna__ERP44_201_	1
observable_11140	cyt_mrna__SYAP1_201_	1
observable_11141	cyt_mrna__TDRD1_204_	1
observable_11142	cyt_mrna__TMCO1_201_	1
observable_11143	cyt_mrna__EXOSC3_201_	1
observable_11144	cyt_mrna__ARSL_201_	1
observable_11145	cyt_mrna__RFNG_201_	1
observable_11146	cyt_mrna__SNX4_201_	1
observable_11147	cyt_mrna__PYCR3_206_	1
observable_11148	cyt_mrna__ENTREP1_202_	1
observable_11149	cyt_mrna__SRBD1_201_	1
observable_11150	cyt_mrna__ZMPSTE24_201_	1
observable_11151	cyt_mrna__NUP98_201_	1
observable_11152	cyt_mrna__SCO1_201_	1
observable_11153	cyt_mrna__LMOD1_201_	1
observable_11154	cyt_mrna__TMEM38B_202_	1
observable_11155	cyt_mrna__KCNJ10_210_	1
observable_11156	cyt_mrna__GFRA1_201_	1
observable_11157	cyt_mrna__DPY30_202_	1
observable_11158	cyt_mrna__PLAUR_203_	1
observable_11159	cyt_mrna__ZFP3_201_	1
observable_11160	cyt_mrna__RAMP2_201_	1
observable_11161	cyt_mrna__KAZALD1_201_	1
observable_11162	cyt_mrna__TRIM14_201_	1
observable_11163	cyt_mrna__P2RY14_201_	1
observable_11164	cyt_mrna__ELOF1_201_	1
observable_11165	cyt_mrna__NUDT8_202_	1
observable_11166	cyt_mrna__NANS_201_	1
observable_11167	cyt_mrna__PIGF_201_	1
observable_11168	cyt_mrna__CRIPT_201_	1
observable_11169	cyt_mrna__ORM1_201_	1
observable_11170	cyt_mrna__COL9A2_202_	1
observable_11171	cyt_mrna__CAVIN4_201_	1
observable_11172	cyt_mrna__IL11RA_202_	1
observable_11173	cyt_mrna__ZSCAN21_201_	1
observable_11174	cyt_mrna__NFU1_202_	1
observable_11175	cyt_mrna__DOCK3_201_	1
observable_11176	cyt_mrna__RASSF4_201_	1
observable_11177	cyt_mrna__BRF1_210_	1
observable_11178	cyt_mrna__TP53I3_201_	1
observable_11179	cyt_mrna__GBP6_201_	1
observable_11180	cyt_mrna__TOMM40_203_	1
observable_11181	cyt_mrna__PDGFRB_201_	1
observable_11182	cyt_mrna__RNF181_201_	1
observable_11183	cyt_mrna__ARHGAP4_201_	1
observable_11184	cyt_mrna__ZNF233_206_	1
observable_11185	cyt_mrna__BTBD6_202_	1
observable_11186	cyt_mrna__PTGER1_201_	1
observable_11187	cyt_mrna__IRGM_202_	1
observable_11188	cyt_mrna__ENTPD1_201_	1
observable_11189	cyt_mrna__S100Z_201_	1
observable_11190	cyt_mrna__MTERF4_202_	1
observable_11191	cyt_mrna__DEPP1_201_	1
observable_11192	cyt_mrna__C5orf34_201_	1
observable_11193	cyt_mrna__ABCD1_201_	1
observable_11194	cyt_mrna__COPS9_205_	1
observable_11195	cyt_mrna__ATG4D_201_	1
observable_11196	cyt_mrna__RAP1GAP2_201_	1
observable_11197	cyt_mrna__USP8_201_	1
observable_11198	cyt_mrna__NMRK1_201_	1
observable_11199	cyt_mrna__CAMKK2_207_	1
observable_11200	cyt_mrna__ZNF235_201_	1
observable_11201	cyt_mrna__AKR1E2_201_	1
observable_11202	cyt_mrna__AFAP1L1_201_	1
observable_11203	cyt_mrna__SEC16B_201_	1
observable_11204	cyt_mrna__TEX9_210_	1
observable_11205	cyt_mrna__SSC4D_201_	1
observable_11206	cyt_mrna__MNS1_201_	1
observable_11207	cyt_mrna__CENPH_201_	1
observable_11208	cyt_mrna__PARP9_208_	1
observable_11209	cyt_mrna__TMEM200B_202_	1
observable_11210	cyt_mrna__MINDY3_201_	1
observable_11211	cyt_mrna__SYT5_201_	1
observable_11212	cyt_mrna__SNAP91_204_	1
observable_11213	cyt_mrna__CYREN_201_	1
observable_11214	cyt_mrna__SYNPO_201_	1
observable_11215	cyt_mrna__TRNAU1AP_201_	1
observable_11216	cyt_mrna__ZBED3_201_	1
observable_11217	cyt_mrna__FBXL20_201_	1
observable_11218	cyt_mrna__DEDD2_205_	1
observable_11219	cyt_mrna__PLIN1_201_	1
observable_11220	cyt_mrna__TBX21_201_	1
observable_11221	cyt_mrna__FAM131B_206_	1
observable_11222	cyt_mrna__ATP6V1H_202_	1
observable_11223	cyt_mrna__RPE_202_	1
observable_11224	cyt_mrna__NAGS_201_	1
observable_11225	cyt_mrna__NOS1AP_201_	1
observable_11226	cyt_mrna__MACC1_202_	1
observable_11227	cyt_mrna__SNRPG_201_	1
observable_11228	cyt_mrna__PIK3R6_203_	1
observable_11229	cyt_mrna__REG4_201_	1
observable_11230	cyt_mrna__MTERF1_201_	1
observable_11231	cyt_mrna__SLC25A23_202_	1
observable_11232	cyt_mrna__PPDPFL_204_	1
observable_11233	cyt_mrna__ULBP2_201_	1
observable_11234	cyt_mrna__GNAT2_203_	1
observable_11235	cyt_mrna__SH3BGRL2_201_	1
observable_11236	cyt_mrna__BTRC_202_	1
observable_11237	cyt_mrna__LIFR_202_	1
observable_11238	cyt_mrna__LAMTOR5_206_	1
observable_11239	cyt_mrna__PPP2R2A_202_	1
observable_11240	cyt_mrna__APPBP2_201_	1
observable_11241	cyt_mrna__ADIRF_201_	1
observable_11242	cyt_mrna__INTS14_201_	1
observable_11243	cyt_mrna__TYSND1_201_	1
observable_11244	cyt_mrna__ATF3_202_	1
observable_11245	cyt_mrna__ARHGEF5_201_	1
observable_11246	cyt_mrna__HKDC1_201_	1
observable_11247	cyt_mrna__IL22RA1_201_	1
observable_11248	cyt_mrna__MOB4_202_	1
observable_11249	cyt_mrna__ZNF287_202_	1
observable_11250	cyt_mrna__PITHD1_201_	1
observable_11251	cyt_mrna__SLC6A17_201_	1
observable_11252	cyt_mrna__SF3B6_201_	1
observable_11253	cyt_mrna__TSPAN33_201_	1
observable_11254	cyt_mrna__LYG2_201_	1
observable_11255	cyt_mrna__SFT2D2_201_	1
observable_11256	cyt_mrna__SV2B_202_	1
observable_11257	cyt_mrna__ZNF16_202_	1
observable_11258	cyt_mrna__NMD3_201_	1
observable_11259	cyt_mrna__KANK3_201_	1
observable_11260	cyt_mrna__RAMAC_201_	1
observable_11261	cyt_mrna__MPP3_201_	1
observable_11262	cyt_mrna__M1AP_203_	1
observable_11263	cyt_mrna__ADPGK_202_	1
observable_11264	cyt_mrna__BLVRA_201_	1
observable_11265	cyt_mrna__MED17_201_	1
observable_11266	cyt_mrna__LY9_201_	1
observable_11267	cyt_mrna__TRO_201_	1
observable_11268	cyt_mrna__RNF112_201_	1
observable_11269	cyt_mrna__MRC1_201_	1
observable_11270	cyt_mrna__UBE2H_201_	1
observable_11271	cyt_mrna__CLN3_243_	1
observable_11272	cyt_mrna__MAPK10_319_	1
observable_11273	cyt_mrna__KCNN3_201_	1
observable_11274	cyt_mrna__EBP_205_	1
observable_11275	cyt_mrna__CSF2RA_206_	1
observable_11276	cyt_mrna__CASQ2_201_	1
observable_11277	cyt_mrna__CALCOCO1_218_	1
observable_11278	cyt_mrna__SLC47A2_203_	1
observable_11279	cyt_mrna__MEOX1_201_	1
observable_11280	cyt_mrna__NSMAF_201_	1
observable_11281	cyt_mrna__SERPINC1_201_	1
observable_11282	cyt_mrna__CDR2L_201_	1
observable_11283	cyt_mrna__HBS1L_205_	1
observable_11284	cyt_mrna__PCP4L1_201_	1
observable_11285	cyt_mrna__TSPAN15_201_	1
observable_11286	cyt_mrna__APOO_201_	1
observable_11287	cyt_mrna__FN3KRP_201_	1
observable_11288	cyt_mrna__PEX10_202_	1
observable_11289	cyt_mrna__ZNF485_201_	1
observable_11290	cyt_mrna__GPRC5A_201_	1
observable_11291	cyt_mrna__FASLG_202_	1
observable_11292	cyt_mrna__ZMAT4_201_	1
observable_11293	cyt_mrna__FN3K_201_	1
observable_11294	cyt_mrna__C8B_201_	1
observable_11295	cyt_mrna__ATP1A3_214_	1
observable_11296	cyt_mrna__TNFRSF9_201_	1
observable_11297	cyt_mrna__HIVEP2_202_	1
observable_11298	cyt_mrna__SSR4_203_	1
observable_11299	cyt_mrna__RPS28_203_	1
observable_11300	cyt_mrna__FPR1_201_	1
observable_11301	cyt_mrna__RMND1_202_	1
observable_11302	cyt_mrna__SCAF11_202_	1
observable_11303	cyt_mrna__KDM6B_202_	1
observable_11304	cyt_mrna__SLCO5A1_201_	1
observable_11305	cyt_mrna__NMT2_202_	1
observable_11306	cyt_mrna__UPF1_201_	1
observable_11307	cyt_mrna__EXOC4_201_	1
observable_11308	cyt_mrna__ERLN_202_	1
observable_11309	cyt_mrna__ZNG1E_207_	1
observable_11310	cyt_mrna__SIRT5_205_	1
observable_11311	cyt_mrna__RAD21_201_	1
observable_11312	cyt_mrna__SF3B2_201_	1
observable_11313	cyt_mrna__RASGEF1A_204_	1
observable_11314	cyt_mrna__GSTM1_201_	1
observable_11315	cyt_mrna__MYCBPAP_201_	1
observable_11316	cyt_mrna__MORF4L1_203_	1
observable_11317	cyt_mrna__ICAM5_201_	1
observable_11318	cyt_mrna__SLC45A1_202_	1
observable_11319	cyt_mrna__HABP4_201_	1
observable_11320	cyt_mrna__NDUFA9_201_	1
observable_11321	cyt_mrna__EDN2_201_	1
observable_11322	cyt_mrna__ELK1_203_	1
observable_11323	cyt_mrna__RPL27_201_	1
observable_11324	cyt_mrna__ITGAV_201_	1
observable_11325	cyt_mrna__TMEM14A_201_	1
observable_11326	cyt_mrna__DPM2_201_	1
observable_11327	cyt_mrna__CEACAM5_201_	1
observable_11328	cyt_mrna__CCDC65_202_	1
observable_11329	cyt_mrna__MRPL11_201_	1
observable_11330	cyt_mrna__ATP6V0A4_201_	1
observable_11331	cyt_mrna__SRPX_201_	1
observable_11332	cyt_mrna__APH1A_203_	1
observable_11333	cyt_mrna__GPR141_201_	1
observable_11334	cyt_mrna__PLPBP_201_	1
observable_11335	cyt_mrna__NME1_203_	1
observable_11336	cyt_mrna__FAM151A_201_	1
observable_11337	cyt_mrna__WDR5_201_	1
observable_11338	cyt_mrna__MPPED2_201_	1
observable_11339	cyt_mrna__SELL_201_	1
observable_11340	cyt_mrna__NUMB_214_	1
observable_11341	cyt_mrna__NRGN_201_	1
observable_11342	cyt_mrna__ATAD2B_201_	1
observable_11343	cyt_mrna__RMI1_202_	1
observable_11344	cyt_mrna__MRPL44_201_	1
observable_11345	cyt_mrna__ATP2A2_204_	1
observable_11346	cyt_mrna__GPBP1_204_	1
observable_11347	cyt_mrna__LGALSL_201_	1
observable_11348	cyt_mrna__ATP6V1B2_201_	1
observable_11349	cyt_mrna__LGI2_201_	1
observable_11350	cyt_mrna__SCCPDH_201_	1
observable_11351	cyt_mrna__ALKBH8_205_	1
observable_11352	cyt_mrna__PTGES2_202_	1
observable_11353	cyt_mrna__RPL19_201_	1
observable_11354	cyt_mrna__RHOG_201_	1
observable_11355	cyt_mrna__MRPS9_201_	1
observable_11356	cyt_mrna__SOCS3_201_	1
observable_11357	cyt_mrna__C17orf58_204_	1
observable_11358	cyt_mrna__B3GALNT1_201_	1
observable_11359	cyt_mrna__DUOX1_202_	1
observable_11360	cyt_mrna__PGGHG_203_	1
observable_11361	cyt_mrna__WDR17_205_	1
observable_11362	cyt_mrna__ST8SIA2_201_	1
observable_11363	cyt_mrna__ERCC6L2_208_	1
observable_11364	cyt_mrna__SYBU_201_	1
observable_11365	cyt_mrna__PPP2R5D_208_	1
observable_11366	cyt_mrna__HYAL2_201_	1
observable_11367	cyt_mrna__SMG1_201_	1
observable_11368	cyt_mrna__DBN1_203_	1
observable_11369	cyt_mrna__CNKSR1_201_	1
observable_11370	cyt_mrna__LRRC31_202_	1
observable_11371	cyt_mrna__PAPLN_212_	1
observable_11372	cyt_mrna__TCF3_201_	1
observable_11373	cyt_mrna__SLAMF1_201_	1
observable_11374	cyt_mrna__TRABD2B_202_	1
observable_11375	cyt_mrna__SEC22A_210_	1
observable_11376	cyt_mrna__PAK6_216_	1
observable_11377	cyt_mrna__PLIN2_201_	1
observable_11378	cyt_mrna__IFI44_201_	1
observable_11379	cyt_mrna__PLS3_202_	1
observable_11380	cyt_mrna__ZNG1F_201_	1
observable_11381	cyt_mrna__BTN3A3_201_	1
observable_11382	cyt_mrna__ZNHIT6_201_	1
observable_11383	cyt_mrna__TMEM63C_201_	1
observable_11384	cyt_mrna__TCEA1_208_	1
observable_11385	cyt_mrna__VPS35_201_	1
observable_11386	cyt_mrna__ZSCAN5A_218_	1
observable_11387	cyt_mrna__GID4_201_	1
observable_11388	cyt_mrna__ALPL_204_	1
observable_11389	cyt_mrna__CSAD_207_	1
observable_11390	cyt_mrna__RIF1_205_	1
observable_11391	cyt_mrna__FAM163A_201_	1
observable_11392	cyt_mrna__SDHA_201_	1
observable_11393	cyt_mrna__HPRT1_201_	1
observable_11394	cyt_mrna__POLG2_201_	1
observable_11395	cyt_mrna__CMTR1_201_	1
observable_11396	cyt_mrna__DIPK1A_201_	1
observable_11397	cyt_mrna__MOB1A_201_	1
observable_11398	cyt_mrna__RDH14_201_	1
observable_11399	cyt_mrna__NCAPG2_201_	1
observable_11400	cyt_mrna__ILDR2_201_	1
observable_11401	cyt_mrna__MED21_201_	1
observable_11402	cyt_mrna__BACC1_201_	1
observable_11403	cyt_mrna__ETAA1_201_	1
observable_11404	cyt_mrna__CRISPLD1_201_	1
observable_11405	cyt_mrna__ZNF26_201_	1
observable_11406	cyt_mrna__ZNF134_201_	1
observable_11407	cyt_mrna__ZFTRAF1_203_	1
observable_11408	cyt_mrna__GDAP2_202_	1
observable_11409	cyt_mrna__CPNE2_201_	1
observable_11410	cyt_mrna__TENT5C_201_	1
observable_11411	cyt_mrna__MTF1_201_	1
observable_11412	cyt_mrna__SDR42E1_201_	1
observable_11413	cyt_mrna__SPAAR_202_	1
observable_11414	cyt_mrna__AJAP1_202_	1
observable_11415	cyt_mrna__RB1CC1_201_	1
observable_11416	cyt_mrna__MAP7D2_201_	1
observable_11417	cyt_mrna__LITAF_219_	1
observable_11418	cyt_mrna__MKLN1_201_	1
observable_11419	cyt_mrna__SPATA6L_214_	1
observable_11420	cyt_mrna__PKIA_202_	1
observable_11421	cyt_mrna__CASKIN2_201_	1
observable_11422	cyt_mrna__PDGFRL_201_	1
observable_11423	cyt_mrna__AOC1_201_	1
observable_11424	cyt_mrna__CA2_201_	1
observable_11425	cyt_mrna__SEC24B_201_	1
observable_11426	cyt_mrna__FCGR2B_202_	1
observable_11427	cyt_mrna__WDHD1_201_	1
observable_11428	cyt_mrna__GPN1_211_	1
observable_11429	cyt_mrna__PTGFRN_201_	1
observable_11430	cyt_mrna__C1orf52_203_	1
observable_11431	cyt_mrna__COPS5_201_	1
observable_11432	cyt_mrna__TBL1X_208_	1
observable_11433	cyt_mrna__SLC25A3_216_	1
observable_11434	cyt_mrna__OSTC_201_	1
observable_11435	cyt_mrna__STX17_201_	1
observable_11436	cyt_mrna__CD22_201_	1
observable_11437	cyt_mrna__SLC25A20_201_	1
observable_11438	cyt_mrna__GFI1_201_	1
observable_11439	cyt_mrna__WBP1_201_	1
observable_11440	cyt_mrna__IL7_201_	1
observable_11441	cyt_mrna__COG7_201_	1
observable_11442	cyt_mrna__LRRC58_201_	1
observable_11443	cyt_mrna__MRPS2_201_	1
observable_11444	cyt_mrna__DNAAF6_202_	1
observable_11445	cyt_mrna__CPOX_204_	1
observable_11446	cyt_mrna__PTCH2_201_	1
observable_11447	cyt_mrna__CCL22_201_	1
observable_11448	cyt_mrna__ZDHHC12_201_	1
observable_11449	cyt_mrna__CEACAM7_202_	1
observable_11450	cyt_mrna__ITGB1BP2_201_	1
observable_11451	cyt_mrna__GSTCD_211_	1
observable_11452	cyt_mrna__BRINP1_201_	1
observable_11453	cyt_mrna__RAPGEF6_208_	1
observable_11454	cyt_mrna__CLIP2_201_	1
observable_11455	cyt_mrna__HELZ_201_	1
observable_11456	cyt_mrna__PHC2_212_	1
observable_11457	cyt_mrna__MYL6B_212_	1
observable_11458	cyt_mrna__TLCD5_202_	1
observable_11459	cyt_mrna__EIF4E_203_	1
observable_11460	cyt_mrna__CHST12_204_	1
observable_11461	cyt_mrna__BEST4_201_	1
observable_11462	cyt_mrna__RPS15A_201_	1
observable_11463	cyt_mrna__SLC22A5_201_	1
observable_11464	cyt_mrna__KLRG2_201_	1
observable_11465	cyt_mrna__SNRNP70_206_	1
observable_11466	cyt_mrna__UGT2B17_201_	1
observable_11467	cyt_mrna__SNX14_201_	1
observable_11468	cyt_mrna__MRPL12_201_	1
observable_11469	cyt_mrna__SMG8_201_	1
observable_11470	cyt_mrna__CENPU_201_	1
observable_11471	cyt_mrna__TMEM143_201_	1
observable_11472	cyt_mrna__AOAH_211_	1
observable_11473	cyt_mrna__KCNH6_201_	1
observable_11474	cyt_mrna__MTUS1_230_	1
observable_11475	cyt_mrna__TMTC1_203_	1
observable_11476	cyt_mrna__HAUS4_205_	1
observable_11477	cyt_mrna__DHRS13_201_	1
observable_11478	cyt_mrna__ITSN2_201_	1
observable_11479	cyt_mrna__SMAD5_211_	1
observable_11480	cyt_mrna__SH2D3A_201_	1
observable_11481	cyt_mrna__VWDE_201_	1
observable_11482	cyt_mrna__BTBD10_201_	1
observable_11483	cyt_mrna__WDR1_202_	1
observable_11484	cyt_mrna__UNC119_202_	1
observable_11485	cyt_mrna__TMEM119_201_	1
observable_11486	cyt_mrna__CPQ_201_	1
observable_11487	cyt_mrna__GLG1_202_	1
observable_11488	cyt_mrna__MORN3_201_	1
observable_11489	cyt_mrna__KIF18B_204_	1
observable_11490	cyt_mrna__TRIM17_204_	1
observable_11491	cyt_mrna__C19orf44_201_	1
observable_11492	cyt_mrna__KISS1_201_	1
observable_11493	cyt_mrna__LSM12_201_	1
observable_11494	cyt_mrna__KITLG_205_	1
observable_11495	cyt_mrna__LDLRAD1_201_	1
observable_11496	cyt_mrna__ST6GALNAC4_201_	1
observable_11497	cyt_mrna__DUOXA1_215_	1
observable_11498	cyt_mrna__FTSJ3_201_	1
observable_11499	cyt_mrna__SRSF7_201_	1
observable_11500	cyt_mrna__NIPSNAP2_201_	1
observable_11501	cyt_mrna__ZNF45_201_	1
observable_11502	cyt_mrna__FCRL6_203_	1
observable_11503	cyt_mrna__KANSL2_201_	1
observable_11504	cyt_mrna__CDK10_202_	1
observable_11505	cyt_mrna__DNAJA1_201_	1
observable_11506	cyt_mrna__OLFM3_202_	1
observable_11507	cyt_mrna__SH3KBP1_205_	1
observable_11508	cyt_mrna__EXTL1_201_	1
observable_11509	cyt_mrna__CCN3_201_	1
observable_11510	cyt_mrna__AQP8_201_	1
observable_11511	cyt_mrna__CRACR2A_203_	1
observable_11512	cyt_mrna__DEFA3_201_	1
observable_11513	cyt_mrna__PDP2_201_	1
observable_11514	cyt_mrna__DUOXA2_201_	1
observable_11515	cyt_mrna__MAP4K2_201_	1
observable_11516	cyt_mrna__FCER1G_201_	1
observable_11517	cyt_mrna__CRHR2_207_	1
observable_11518	cyt_mrna__LRRC8B_201_	1
observable_11519	cyt_mrna__YRDC_201_	1
observable_11520	cyt_mrna__SNX31_201_	1
observable_11521	cyt_mrna__CFHR4_203_	1
observable_11522	cyt_mrna__DENND4C_205_	1
observable_11523	cyt_mrna__S100A1_201_	1
observable_11524	cyt_mrna__FKBP10_201_	1
observable_11525	cyt_mrna__RBM4B_201_	1
observable_11526	cyt_mrna__AGPS_201_	1
observable_11527	cyt_mrna__LRRC71_201_	1
observable_11528	cyt_mrna__EXOC2_201_	1
observable_11529	cyt_mrna__FUT8_216_	1
observable_11530	cyt_mrna__GRIA3_206_	1
observable_11531	cyt_mrna__CYP4F3_201_	1
observable_11532	cyt_mrna__CPED1_201_	1
observable_11533	cyt_mrna__RAB33A_201_	1
observable_11534	cyt_mrna__ZNF347_201_	1
observable_11535	cyt_mrna__PDCL3_201_	1
observable_11536	cyt_mrna__CCNDBP1_201_	1
observable_11537	cyt_mrna__CD244_203_	1
observable_11538	cyt_mrna__LDHB_201_	1
observable_11539	cyt_mrna__ZNF211_201_	1
observable_11540	cyt_mrna__PTN_201_	1
observable_11541	cyt_mrna__PGC_202_	1
observable_11542	cyt_mrna__ARPP19_201_	1
observable_11543	cyt_mrna__CFHR2_201_	1
observable_11544	cyt_mrna__GOLGA1_202_	1
observable_11545	cyt_mrna__TMEM168_201_	1
observable_11546	cyt_mrna__CEP57_202_	1
observable_11547	cyt_mrna__MORF4L2_206_	1
observable_11548	cyt_mrna__PHGR1_201_	1
observable_11549	cyt_mrna__CCNG1_201_	1
observable_11550	cyt_mrna__KDM7A_201_	1
observable_11551	cyt_mrna__SPRTN_202_	1
observable_11552	cyt_mrna__NARF_201_	1
observable_11553	cyt_mrna__FST_201_	1
observable_11554	cyt_mrna__EOGT_202_	1
observable_11555	cyt_mrna__GABARAP_201_	1
observable_11556	cyt_mrna__AP3S1_201_	1
observable_11557	cyt_mrna__PPARD_203_	1
observable_11558	cyt_mrna__HIP1R_201_	1
observable_11559	cyt_mrna__PPIC_201_	1
observable_11560	cyt_mrna__EIF2AK4_201_	1
observable_11561	cyt_mrna__MCOLN1_201_	1
observable_11562	cyt_mrna__MACIR_201_	1
observable_11563	cyt_mrna__ADAMTSL4_201_	1
observable_11564	cyt_mrna__NCAPH_201_	1
observable_11565	cyt_mrna__SLC30A7_201_	1
observable_11566	cyt_mrna__ATP5F1B_201_	1
observable_11567	cyt_mrna__CAPRIN1_201_	1
observable_11568	cyt_mrna__APPL1_201_	1
observable_11569	cyt_mrna__STOML1_204_	1
observable_11570	cyt_mrna__SPAG5_201_	1
observable_11571	cyt_mrna__HMGCS2_201_	1
observable_11572	cyt_mrna__ASAH1_257_	1
observable_11573	cyt_mrna__RYK_208_	1
observable_11574	cyt_mrna__SLC30A10_202_	1
observable_11575	cyt_mrna__BEST3_202_	1
observable_11576	cyt_mrna__TMEM104_201_	1
observable_11577	cyt_mrna__CIB2_201_	1
observable_11578	cyt_mrna__GALNT14_202_	1
observable_11579	cyt_mrna__SLC29A2_202_	1
observable_11580	cyt_mrna__RARS1_201_	1
observable_11581	cyt_mrna__MRPS11_201_	1
observable_11582	cyt_mrna__TMSB10_201_	1
observable_11583	cyt_mrna__PSME3IP1_201_	1
observable_11584	cyt_mrna__DCBLD2_201_	1
observable_11585	cyt_mrna__DENND1B_211_	1
observable_11586	cyt_mrna__TIAM2_220_	1
observable_11587	cyt_mrna__TMEM45B_201_	1
observable_11588	cyt_mrna__ZNF697_201_	1
observable_11589	cyt_mrna__BAHD1_201_	1
observable_11590	cyt_mrna__HAVCR1_203_	1
observable_11591	cyt_mrna__SPRY4_202_	1
observable_11592	cyt_mrna__RPL32_204_	1
observable_11593	cyt_mrna__AGBL5_202_	1
observable_11594	cyt_mrna__OST4_203_	1
observable_11595	cyt_mrna__MPDU1_201_	1
observable_11596	cyt_mrna__ID2_203_	1
observable_11597	cyt_mrna__CFHR1_201_	1
observable_11598	cyt_mrna__CRTAP_201_	1
observable_11599	cyt_mrna__AP3S2_201_	1
observable_11600	cyt_mrna__CRISPLD2_201_	1
observable_11601	cyt_mrna__CDK16_202_	1
observable_11602	cyt_mrna__PARS2_201_	1
observable_11603	cyt_mrna__AMIGO1_202_	1
observable_11604	cyt_mrna__ENTPD4_202_	1
observable_11605	cyt_mrna__SIKE1_201_	1
observable_11606	cyt_mrna__SLX1A_201_	1
observable_11607	cyt_mrna__AIDA_201_	1
observable_11608	cyt_mrna__AGTR2_201_	1
observable_11609	cyt_mrna__ZBTB37_201_	1
observable_11610	cyt_mrna__TPRG1L_202_	1
observable_11611	cyt_mrna__RGPD8_201_	1
observable_11612	cyt_mrna__HACE1_201_	1
observable_11613	cyt_mrna__TIMP4_201_	1
observable_11614	cyt_mrna__SKIC8_201_	1
observable_11615	cyt_mrna__CDV3_201_	1
observable_11616	cyt_mrna__BBS9_201_	1
observable_11617	cyt_mrna__MRPL19_202_	1
observable_11618	cyt_mrna__CD247_201_	1
observable_11619	cyt_mrna__GPT_202_	1
observable_11620	cyt_mrna__MYCN_201_	1
observable_11621	cyt_mrna__ARRB2_201_	1
observable_11622	cyt_mrna__MPDZ_202_	1
observable_11623	cyt_mrna__AKT2_206_	1
observable_11624	cyt_mrna__PENK_202_	1
observable_11625	cyt_mrna__CDC40_201_	1
observable_11626	cyt_mrna__APOA2_201_	1
observable_11627	cyt_mrna__TAF11_201_	1
observable_11628	cyt_mrna__COMMD5_201_	1
observable_11629	cyt_mrna__MRE11_201_	1
observable_11630	cyt_mrna__TDRD10_202_	1
observable_11631	cyt_mrna__ZNF281_203_	1
observable_11632	cyt_mrna__DNAJA4_202_	1
observable_11633	cyt_mrna__ZSCAN9_201_	1
observable_11634	cyt_mrna__MACROH2A1_217_	1
observable_11635	cyt_mrna__RNF115_202_	1
observable_11636	cyt_mrna__CD63_201_	1
observable_11637	cyt_mrna__POLD4_201_	1
observable_11638	cyt_mrna__PUSL1_201_	1
observable_11639	cyt_mrna__ARMCX2_203_	1
observable_11640	cyt_mrna__AGPAT4_201_	1
observable_11641	cyt_mrna__VIRMA_201_	1
observable_11642	cyt_mrna__ALOX12_201_	1
observable_11643	cyt_mrna__TCF24_201_	1
observable_11644	cyt_mrna__NR5A2_203_	1
observable_11645	cyt_mrna__ZBTB10_204_	1
observable_11646	cyt_mrna__G6PC3_201_	1
observable_11647	cyt_mrna__SLC26A8_208_	1
observable_11648	cyt_mrna__CDAN1_201_	1
observable_11649	cyt_mrna__UBB_201_	1
observable_11650	cyt_mrna__PASK_201_	1
observable_11651	cyt_mrna__ADAP1_201_	1
observable_11652	cyt_mrna__ACSL1_201_	1
observable_11653	cyt_mrna__PNISR_201_	1
observable_11654	cyt_mrna__ITFG2_201_	1
observable_11655	cyt_mrna__NPM2_204_	1
observable_11656	cyt_mrna__GFPT2_201_	1
observable_11657	cyt_mrna__GLI4_201_	1
observable_11658	cyt_mrna__SLC28A2_201_	1
observable_11659	cyt_mrna__CCNYL1_201_	1
observable_11660	cyt_mrna__CHMP7_202_	1
observable_11661	cyt_mrna__SKA2_201_	1
observable_11662	cyt_mrna__NMI_201_	1
observable_11663	cyt_mrna__TTC12_219_	1
observable_11664	cyt_mrna__NFIB_204_	1
observable_11665	cyt_mrna__EZH2_201_	1
observable_11666	cyt_mrna__GAL3ST3_201_	1
observable_11667	cyt_mrna__TUBGCP5_205_	1
observable_11668	cyt_mrna__ST3GAL6_214_	1
observable_11669	cyt_mrna__PRKACB_203_	1
observable_11670	cyt_mrna__COPS8_201_	1
observable_11671	cyt_mrna__PAQR5_202_	1
observable_11672	cyt_mrna__MRPS27_201_	1
observable_11673	cyt_mrna__ZNF317_201_	1
observable_11674	cyt_mrna__DQX1_202_	1
observable_11675	cyt_mrna__SDHC_202_	1
observable_11676	cyt_mrna__TMEM184A_201_	1
observable_11677	cyt_mrna__ABCC9_201_	1
observable_11678	cyt_mrna__LRIF1_201_	1
observable_11679	cyt_mrna__RBM47_201_	1
observable_11680	cyt_mrna__AKR7A3_201_	1
observable_11681	cyt_mrna__CD1A_201_	1
observable_11682	cyt_mrna__GSAP_201_	1
observable_11683	cyt_mrna__HERC3_201_	1
observable_11684	cyt_mrna__ANGPTL3_201_	1
observable_11685	cyt_mrna__CKMT2_201_	1
observable_11686	cyt_mrna__CXCL1_201_	1
observable_11687	cyt_mrna__EIF4E2_201_	1
observable_11688	cyt_mrna__VWA1_203_	1
observable_11689	cyt_mrna__MSRB3_201_	1
observable_11690	cyt_mrna__ATP2A3_205_	1
observable_11691	cyt_mrna__SPRED2_201_	1
observable_11692	cyt_mrna__TOP6BL_217_	1
observable_11693	cyt_mrna__KCND3_201_	1
observable_11694	cyt_mrna__ALPK1_219_	1
observable_11695	cyt_mrna__NUDT4_202_	1
observable_11696	cyt_mrna__FMO3_201_	1
observable_11697	cyt_mrna__FAH_213_	1
observable_11698	cyt_mrna__MROH1_201_	1
observable_11699	cyt_mrna__NOS3_201_	1
observable_11700	cyt_mrna__POLR1A_201_	1
observable_11701	cyt_mrna__GIMAP4_201_	1
observable_11702	cyt_mrna__PSMD3_201_	1
observable_11703	cyt_mrna__SERPINB6_204_	1
observable_11704	cyt_mrna__PRKRIP1_201_	1
observable_11705	cyt_mrna__ARL17B_202_	1
observable_11706	cyt_mrna__RND2_202_	1
observable_11707	cyt_mrna__PLAG1_201_	1
observable_11708	cyt_mrna__MRPS23_201_	1
observable_11709	cyt_mrna__PDE6G_201_	1
observable_11710	cyt_mrna__CC2D2A_202_	1
observable_11711	cyt_mrna__GBP7_201_	1
observable_11712	cyt_mrna__RRM2_201_	1
observable_11713	cyt_mrna__LRRCC1_201_	1
observable_11714	cyt_mrna__SNUPN_201_	1
observable_11715	cyt_mrna__TAOK1_201_	1
observable_11716	cyt_mrna__ZNF232_201_	1
observable_11717	cyt_mrna__IGSF3_203_	1
observable_11718	cyt_mrna__MFSD14B_201_	1
observable_11719	cyt_mrna__AFG2B_201_	1
observable_11720	cyt_mrna__NAA38_205_	1
observable_11721	cyt_mrna__ZNF683_201_	1
observable_11722	cyt_mrna__C15orf48_202_	1
observable_11723	cyt_mrna__RGPD5_201_	1
observable_11724	cyt_mrna__MPHOSPH10_201_	1
observable_11725	cyt_mrna__PLBD1_201_	1
observable_11726	cyt_mrna__FLNB_201_	1
observable_11727	cyt_mrna__RMND5A_201_	1
observable_11728	cyt_mrna__SCAMP2_201_	1
observable_11729	cyt_mrna__ADGRG2_207_	1
observable_11730	cyt_mrna__ASAP1_202_	1
observable_11731	cyt_mrna__SPAST_201_	1
observable_11732	cyt_mrna__TBC1D19_201_	1
observable_11733	cyt_mrna__TEX14_202_	1
observable_11734	cyt_mrna__SIX2_201_	1
observable_11735	cyt_mrna__ZNF331_202_	1
observable_11736	cyt_mrna__COPZ1_201_	1
observable_11737	cyt_mrna__TMEM37_201_	1
observable_11738	cyt_mrna__SNCAIP_202_	1
observable_11739	cyt_mrna__VBP1_201_	1
observable_11740	cyt_mrna__ANXA13_202_	1
observable_11741	cyt_mrna__IP6K2_201_	1
observable_11742	cyt_mrna__LY96_201_	1
observable_11743	cyt_mrna__AKAP17A_201_	1
observable_11744	cyt_mrna__PLRG1_202_	1
observable_11745	cyt_mrna__CXorf38_201_	1
observable_11746	cyt_mrna__DHRS7B_202_	1
observable_11747	cyt_mrna__LAMB1_201_	1
observable_11748	cyt_mrna__PYY_203_	1
observable_11749	cyt_mrna__PRKD3_201_	1
observable_11750	cyt_mrna__STARD4_201_	1
observable_11751	cyt_mrna__NSUN7_202_	1
observable_11752	cyt_mrna__NCOR1_201_	1
observable_11753	cyt_mrna__TTC39A_221_	1
observable_11754	cyt_mrna__CDH12_201_	1
observable_11755	cyt_mrna__SENP5_201_	1
observable_11756	cyt_mrna__FGA_201_	1
observable_11757	cyt_mrna__ERP29_201_	1
observable_11758	cyt_mrna__BGN_201_	1
observable_11759	cyt_mrna__MACO1_201_	1
observable_11760	cyt_mrna__CSNK1G2_201_	1
observable_11761	cyt_mrna__ALG14_201_	1
observable_11762	cyt_mrna__TTC31_201_	1
observable_11763	cyt_mrna__SNAP23_201_	1
observable_11764	cyt_mrna__PGPEP1L_202_	1
observable_11765	cyt_mrna__TOP2A_201_	1
observable_11766	cyt_mrna__TYW5_201_	1
observable_11767	cyt_mrna__ITGA5_201_	1
observable_11768	cyt_mrna__TMEM18_201_	1
observable_11769	cyt_mrna__SH3BP5_202_	1
observable_11770	cyt_mrna__HOMER2_202_	1
observable_11771	cyt_mrna__ENPP2_201_	1
observable_11772	cyt_mrna__USP9X_202_	1
observable_11773	cyt_mrna__GRK6_201_	1
observable_11774	cyt_mrna__ELAPOR1_203_	1
observable_11775	cyt_mrna__CDC27_201_	1
observable_11776	cyt_mrna__ISLR2_203_	1
observable_11777	cyt_mrna__DNAJB2_201_	1
observable_11778	cyt_mrna__TSC2_201_	1
observable_11779	cyt_mrna__EIF2S3_201_	1
observable_11780	cyt_mrna__ADAMTS17_201_	1
observable_11781	cyt_mrna__TAF9B_201_	1
observable_11782	cyt_mrna__TBX5_203_	1
observable_11783	cyt_mrna__NR2F2_201_	1
observable_11784	cyt_mrna__PAIP2_201_	1
observable_11785	cyt_mrna__DAPK1_202_	1
observable_11786	cyt_mrna__SUMO1_203_	1
observable_11787	cyt_mrna__RGS1_201_	1
observable_11788	cyt_mrna__ATAD2_201_	1
observable_11789	cyt_mrna__ODAD4_201_	1
observable_11790	cyt_mrna__ISOC1_201_	1
observable_11791	cyt_mrna__EFNA1_202_	1
observable_11792	cyt_mrna__TMEM92_202_	1
observable_11793	cyt_mrna__LAS1L_203_	1
observable_11794	cyt_mrna__DENND2D_201_	1
observable_11795	cyt_mrna__PPY_201_	1
observable_11796	cyt_mrna__PWP1_201_	1
observable_11797	cyt_mrna__PTPRK_207_	1
observable_11798	cyt_mrna__SH2D4A_201_	1
observable_11799	cyt_mrna__TNFAIP8L2_201_	1
observable_11800	cyt_mrna__UBFD1_201_	1
observable_11801	cyt_mrna__IFT20_203_	1
observable_11802	cyt_mrna__SLC35D1_201_	1
observable_11803	cyt_mrna__KLHL15_201_	1
observable_11804	cyt_mrna__FSD2_201_	1
observable_11805	cyt_mrna__NPHS2_201_	1
observable_11806	cyt_mrna__FGF1_201_	1
observable_11807	cyt_mrna__TMEM11_201_	1
observable_11808	cyt_mrna__CD48_202_	1
observable_11809	cyt_mrna__GJB3_202_	1
observable_11810	cyt_mrna__CD1B_201_	1
observable_11811	cyt_mrna__EEF2K_201_	1
observable_11812	cyt_mrna__SECISBP2_202_	1
observable_11813	cyt_mrna__ANKFY1_201_	1
observable_11814	cyt_mrna__RASAL2_201_	1
observable_11815	cyt_mrna__INPP5E_201_	1
observable_11816	cyt_mrna__UGP2_201_	1
observable_11817	cyt_mrna__GPA33_201_	1
observable_11818	cyt_mrna__LCN6_201_	1
observable_11819	cyt_mrna__TTC22_202_	1
observable_11820	cyt_mrna__DIRAS3_202_	1
observable_11821	cyt_mrna__ZNF711_204_	1
observable_11822	cyt_mrna__RANBP10_201_	1
observable_11823	cyt_mrna__C1orf198_201_	1
observable_11824	cyt_mrna__CNOT9_201_	1
observable_11825	cyt_mrna__F5_202_	1
observable_11826	cyt_mrna__ORC6_201_	1
observable_11827	cyt_mrna__FAAH2_201_	1
observable_11828	cyt_mrna__SREBF1_201_	1
observable_11829	cyt_mrna__VPS39_201_	1
observable_11830	cyt_mrna__SUSD1_204_	1
observable_11831	cyt_mrna__CHN1_205_	1
observable_11832	cyt_mrna__BCAR1_201_	1
observable_11833	cyt_mrna__PPP1R16A_202_	1
observable_11834	cyt_mrna__CAP2_201_	1
observable_11835	cyt_mrna__ATP5PD_201_	1
observable_11836	cyt_mrna__RETREG2_203_	1
observable_11837	cyt_mrna__ZNF322_201_	1
observable_11838	cyt_mrna__FCHO1_215_	1
observable_11839	cyt_mrna__SH2B1_217_	1
observable_11840	cyt_mrna__TTC23_203_	1
observable_11841	cyt_mrna__ZNF841_204_	1
observable_11842	cyt_mrna__CNKSR3_205_	1
observable_11843	cyt_mrna__ATP6AP2_217_	1
observable_11844	cyt_mrna__ZNF382_201_	1
observable_11845	cyt_mrna__FANCG_201_	1
observable_11846	cyt_mrna__ANKS3_201_	1
observable_11847	cyt_mrna__ERLIN2_204_	1
observable_11848	cyt_mrna__KANSL1_202_	1
observable_11849	cyt_mrna__TMEM214_201_	1
observable_11850	cyt_mrna__ITGA7_201_	1
observable_11851	cyt_mrna__DHPS_201_	1
observable_11852	cyt_mrna__ATRAID_201_	1
observable_11853	cyt_mrna__RAB11B_201_	1
observable_11854	cyt_mrna__FAM222B_208_	1
observable_11855	cyt_mrna__NUBP2_201_	1
observable_11856	cyt_mrna__MADCAM1_201_	1
observable_11857	cyt_mrna__MAPK14_201_	1
observable_11858	cyt_mrna__PRSS21_201_	1
observable_11859	cyt_mrna__ZER1_201_	1
observable_11860	cyt_mrna__SLC25A10_202_	1
observable_11861	cyt_mrna__GTPBP2_202_	1
observable_11862	cyt_mrna__NR1I3_205_	1
observable_11863	cyt_mrna__EPCAM_201_	1
observable_11864	cyt_mrna__TAX1BP3_201_	1
observable_11865	cyt_mrna__F13A1_201_	1
observable_11866	cyt_mrna__GCNT1_201_	1
observable_11867	cyt_mrna__CD79B_201_	1
observable_11868	cyt_mrna__MAP1S_201_	1
observable_11869	cyt_mrna__GMDS_202_	1
observable_11870	cyt_mrna__ITFG1_201_	1
observable_11871	cyt_mrna__DHX57_203_	1
observable_11872	cyt_mrna__PUF60_208_	1
observable_11873	cyt_mrna__ZNF611_221_	1
observable_11874	cyt_mrna__LRRC45_201_	1
observable_11875	cyt_mrna__DSE_213_	1
observable_11876	cyt_mrna__FLYWCH2_202_	1
observable_11877	cyt_mrna__COX7A2L_201_	1
observable_11878	cyt_mrna__ZNF431_201_	1
observable_11879	cyt_mrna__SPIN1_201_	1
observable_11880	cyt_mrna__CD2BP2_201_	1
observable_11881	cyt_mrna__HNRNPA1_202_	1
observable_11882	cyt_mrna__TMEM9_201_	1
observable_11883	cyt_mrna__TVP23B_201_	1
observable_11884	cyt_mrna__CYFIP2_222_	1
observable_11885	cyt_mrna__RBM12B_205_	1
observable_11886	cyt_mrna__OR14I1_202_	1
observable_11887	cyt_mrna__KTN1_205_	1
observable_11888	cyt_mrna__TMEM71_212_	1
observable_11889	cyt_mrna__CRLF3_201_	1
observable_11890	cyt_mrna__PPP5C_201_	1
observable_11891	cyt_mrna__TACO1_201_	1
observable_11892	cyt_mrna__ERICH5_201_	1
observable_11893	cyt_mrna__NT5C1A_201_	1
observable_11894	cyt_mrna__PDE6H_201_	1
observable_11895	cyt_mrna__CACNG4_201_	1
observable_11896	cyt_mrna__C1orf53_201_	1
observable_11897	cyt_mrna__DPP7_201_	1
observable_11898	cyt_mrna__DUSP26_201_	1
observable_11899	cyt_mrna__METTL2A_201_	1
observable_11900	cyt_mrna__CYP2J2_201_	1
observable_11901	cyt_mrna__ZNF525_202_	1
observable_11902	cyt_mrna__CBX1_201_	1
observable_11903	cyt_mrna__ITGAM_201_	1
observable_11904	cyt_mrna__SHARPIN_202_	1
observable_11905	cyt_mrna__CDK12_202_	1
observable_11906	cyt_mrna__BAALC_203_	1
observable_11907	cyt_mrna__SLC5A9_203_	1
observable_11908	cyt_mrna__RHBDL1_202_	1
observable_11909	cyt_mrna__SMIM7_208_	1
observable_11910	cyt_mrna__REX1BD_201_	1
observable_11911	cyt_mrna__FFAR1_201_	1
observable_11912	cyt_mrna__ZNF358_202_	1
observable_11913	cyt_mrna__ZNF404_202_	1
observable_11914	cyt_mrna__JKAMP_214_	1
observable_11915	cyt_mrna__MCEMP1_201_	1
observable_11916	cyt_mrna__ETV4_201_	1
observable_11917	cyt_mrna__MAF1_201_	1
observable_11918	cyt_mrna__EIF4G1_202_	1
observable_11919	cyt_mrna__PHLPP2_206_	1
observable_11920	cyt_mrna__MAPKAP1_201_	1
observable_11921	cyt_mrna__CAMK2B_209_	1
observable_11922	cyt_mrna__COX6A2_201_	1
observable_11923	cyt_mrna__UBXN6_201_	1
observable_11924	cyt_mrna__CTNND2_201_	1
observable_11925	cyt_mrna__ZNF132_201_	1
observable_11926	cyt_mrna__SERPINA1_202_	1
observable_11927	cyt_mrna__ZNF766_201_	1
observable_11928	cyt_mrna__SPAG1_202_	1
observable_11929	cyt_mrna__WFDC1_201_	1
observable_11930	cyt_mrna__ZNF224_209_	1
observable_11931	cyt_mrna__RHPN1_201_	1
observable_11932	cyt_mrna__QPRT_202_	1
observable_11933	cyt_mrna__LSM4_203_	1
observable_11934	cyt_mrna__PGPEP1_202_	1
observable_11935	cyt_mrna__SAMD12_201_	1
observable_11936	cyt_mrna__CLCNKB_202_	1
observable_11937	cyt_mrna__PMPCB_201_	1
observable_11938	cyt_mrna__PYCR1_201_	1
observable_11939	cyt_mrna__CFAP126_201_	1
observable_11940	cyt_mrna__UTS2R_201_	1
observable_11941	cyt_mrna__KIAA1191_201_	1
observable_11942	cyt_mrna__DCDC2B_201_	1
observable_11943	cyt_mrna__AMPD2_218_	1
observable_11944	cyt_mrna__MCCC2_201_	1
observable_11945	cyt_mrna__MRS2_203_	1
observable_11946	cyt_mrna__ZNF286A_218_	1
observable_11947	cyt_mrna__GLE1_201_	1
observable_11948	cyt_mrna__CAPZA2_201_	1
observable_11949	cyt_mrna__PEX3_201_	1
observable_11950	cyt_mrna__ZFAND6_201_	1
observable_11951	cyt_mrna__MCCC1_201_	1
observable_11952	cyt_mrna__TCF25_201_	1
observable_11953	cyt_mrna__TRIM28_201_	1
observable_11954	cyt_mrna__MAN1A1_201_	1
observable_11955	cyt_mrna__COL14A1_201_	1
observable_11956	cyt_mrna__USP32_201_	1
observable_11957	cyt_mrna__MATCAP1_206_	1
observable_11958	cyt_mrna__SBSPON_201_	1
observable_11959	cyt_mrna__DNAJC16_202_	1
observable_11960	cyt_mrna__CYB5B_201_	1
observable_11961	cyt_mrna__CD58_202_	1
observable_11962	cyt_mrna__TMOD3_201_	1
observable_11963	cyt_mrna__SUB1_201_	1
observable_11964	cyt_mrna__NUP62_201_	1
observable_11965	cyt_mrna__LY6E_201_	1
observable_11966	cyt_mrna__NGRN_202_	1
observable_11967	cyt_mrna__NOL3_205_	1
observable_11968	cyt_mrna__BRIP1_201_	1
observable_11969	cyt_mrna__EMC7_201_	1
observable_11970	cyt_mrna__CFHR3_201_	1
observable_11971	cyt_mrna__ELOA_204_	1
observable_11972	cyt_mrna__COX5A_201_	1
observable_11973	cyt_mrna__CNR1_203_	1
observable_11974	cyt_mrna__LCA5_201_	1
observable_11975	cyt_mrna__OTUD7B_202_	1
observable_11976	cyt_mrna__IGDCC4_201_	1
observable_11977	cyt_mrna__SERINC1_201_	1
observable_11978	cyt_mrna__AQP10_201_	1
observable_11979	cyt_mrna__DNM1L_219_	1
observable_11980	cyt_mrna__DDX39A_201_	1
observable_11981	cyt_mrna__MGAT5B_209_	1
observable_11982	cyt_mrna__FCGR3B_205_	1
observable_11983	cyt_mrna__CDCA7L_203_	1
observable_11984	cyt_mrna__AKT1_218_	1
observable_11985	cyt_mrna__KLHL32_202_	1
observable_11986	cyt_mrna__ZNF460_201_	1
observable_11987	cyt_mrna__LTF_201_	1
observable_11988	cyt_mrna__CYP11B1_201_	1
observable_11989	cyt_mrna__NSMF_206_	1
observable_11990	cyt_mrna__MCTP2_201_	1
observable_11991	cyt_mrna__NEK2_202_	1
observable_11992	cyt_mrna__RHBDF1_201_	1
observable_11993	cyt_mrna__ZNF670_201_	1
observable_11994	cyt_mrna__IFT57_201_	1
observable_11995	cyt_mrna__APBB3_203_	1
observable_11996	cyt_mrna__QTRT1_201_	1
observable_11997	cyt_mrna__CCDC88A_207_	1
observable_11998	cyt_mrna__FCRL5_201_	1
observable_11999	cyt_mrna__LCN12_202_	1
observable_12000	cyt_mrna__OTULINL_201_	1
observable_12001	cyt_mrna__CHN2_201_	1
observable_12002	cyt_mrna__SRA1_201_	1
observable_12003	cyt_mrna__RPL18_208_	1
observable_12004	cyt_mrna__ADPRM_201_	1
observable_12005	cyt_mrna__IL21R_201_	1
observable_12006	cyt_mrna__MRPS17_201_	1
observable_12007	cyt_mrna__DIS3L_202_	1
observable_12008	cyt_mrna__PDK4_201_	1
observable_12009	cyt_mrna__PIMREG_205_	1
observable_12010	cyt_mrna__TENT4A_201_	1
observable_12011	cyt_mrna__PRICKLE1_201_	1
observable_12012	cyt_mrna__NDUFS8_201_	1
observable_12013	cyt_mrna__PCYOX1L_201_	1
observable_12014	cyt_mrna__FLYWCH1_201_	1
observable_12015	cyt_mrna__RAC3_201_	1
observable_12016	cyt_mrna__ZBTB39_201_	1
observable_12017	cyt_mrna__RPL41_204_	1
observable_12018	cyt_mrna__UNK_205_	1
observable_12019	cyt_mrna__ASB15_205_	1
observable_12020	cyt_mrna__IGF2BP1_201_	1
observable_12021	cyt_mrna__THOP1_201_	1
observable_12022	cyt_mrna__MSH6_201_	1
observable_12023	cyt_mrna__EYA1_202_	1
observable_12024	cyt_mrna__CDHR3_201_	1
observable_12025	cyt_mrna__CYP4A11_201_	1
observable_12026	cyt_mrna__WDR41_201_	1
observable_12027	cyt_mrna__DCTN2_209_	1
observable_12028	cyt_mrna__JOSD2_204_	1
observable_12029	cyt_mrna__PDZK1IP1_201_	1
observable_12030	cyt_mrna__DOK2_201_	1
observable_12031	cyt_mrna__MAPK7_204_	1
observable_12032	cyt_mrna__PDE8A_203_	1
observable_12033	cyt_mrna__DNASE2_201_	1
observable_12034	cyt_mrna__DYNLT5_201_	1
observable_12035	cyt_mrna__MED30_201_	1
observable_12036	cyt_mrna__ZNF181_204_	1
observable_12037	cyt_mrna__C2CD2L_211_	1
observable_12038	cyt_mrna__RALGDS_202_	1
observable_12039	cyt_mrna__DDX55_201_	1
observable_12040	cyt_mrna__CELF6_201_	1
observable_12041	cyt_mrna__HACL1_201_	1
observable_12042	cyt_mrna__AK2_214_	1
observable_12043	cyt_mrna__ZBTB43_202_	1
observable_12044	cyt_mrna__CABP1_202_	1
observable_12045	cyt_mrna__RIMKLA_202_	1
observable_12046	cyt_mrna__TMEFF2_201_	1
observable_12047	cyt_mrna__NSMCE2_201_	1
observable_12048	cyt_mrna__WDR45B_201_	1
observable_12049	cyt_mrna__RGS13_201_	1
observable_12050	cyt_mrna__CKAP2L_201_	1
observable_12051	cyt_mrna__SPATA46_201_	1
observable_12052	cyt_mrna__FZD5_201_	1
observable_12053	cyt_mrna__DEGS1_201_	1
observable_12054	cyt_mrna__SYT12_205_	1
observable_12055	cyt_mrna__BRAF_220_	1
observable_12056	cyt_mrna__DRAXIN_201_	1
observable_12057	cyt_mrna__RNASET2_210_	1
observable_12058	cyt_mrna__ACADS_201_	1
observable_12059	cyt_mrna__IL4R_202_	1
observable_12060	cyt_mrna__PSMB2_201_	1
observable_12061	cyt_mrna__LRRC59_201_	1
observable_12062	cyt_mrna__TMEM107_204_	1
observable_12063	cyt_mrna__CYC1_201_	1
observable_12064	cyt_mrna__MYO1F_221_	1
observable_12065	cyt_mrna__ARAP3_201_	1
observable_12066	cyt_mrna__SCNM1_202_	1
observable_12067	cyt_mrna__TMEM35B_201_	1
observable_12068	cyt_mrna__EXD3_201_	1
observable_12069	cyt_mrna__GPATCH2_202_	1
observable_12070	cyt_mrna__NMT1_201_	1
observable_12071	cyt_mrna__FAM72B_202_	1
observable_12072	cyt_mrna__UXS1_201_	1
observable_12073	cyt_mrna__DPAGT1_201_	1
observable_12074	cyt_mrna__PLEKHJ1_201_	1
observable_12075	cyt_mrna__CENPV_201_	1
observable_12076	cyt_mrna__EBF2_203_	1
observable_12077	cyt_mrna__ADCY9_201_	1
observable_12078	cyt_mrna__TPRN_202_	1
observable_12079	cyt_mrna__PRKAB2_201_	1
observable_12080	cyt_mrna__PRPF38B_203_	1
observable_12081	cyt_mrna__INTS13_201_	1
observable_12082	cyt_mrna__CNTN6_205_	1
observable_12083	cyt_mrna__MAP2K6_206_	1
observable_12084	cyt_mrna__NDUFA5_201_	1
observable_12085	cyt_mrna__RPL38_201_	1
observable_12086	cyt_mrna__CAMK4_201_	1
observable_12087	cyt_mrna__ACTR3C_206_	1
observable_12088	cyt_mrna__SIN3A_202_	1
observable_12089	cyt_mrna__MRPL27_201_	1
observable_12090	cyt_mrna__GPATCH8_208_	1
observable_12091	cyt_mrna__OTULIN_201_	1
observable_12092	cyt_mrna__DDX47_202_	1
observable_12093	cyt_mrna__CYB561A3_201_	1
observable_12094	cyt_mrna__NUF2_201_	1
observable_12095	cyt_mrna__CZIB_201_	1
observable_12096	cyt_mrna__SCRN2_201_	1
observable_12097	cyt_mrna__ABHD8_201_	1
observable_12098	cyt_mrna__GMPR2_202_	1
observable_12099	cyt_mrna__DUSP23_201_	1
observable_12100	cyt_mrna__GNA13_201_	1
observable_12101	cyt_mrna__DTX3_201_	1
observable_12102	cyt_mrna__KDF1_201_	1
observable_12103	cyt_mrna__ZNF790_201_	1
observable_12104	cyt_mrna__IL18_201_	1
observable_12105	cyt_mrna__WASHC5_201_	1
observable_12106	cyt_mrna__RARB_201_	1
observable_12107	cyt_mrna__C11orf24_201_	1
observable_12108	cyt_mrna__HLA_B_249_	1
observable_12109	cyt_mrna__MNAT1_201_	1
observable_12110	cyt_mrna__DDO_202_	1
observable_12111	cyt_mrna__SPTBN1_202_	1
observable_12112	cyt_mrna__NR1D2_201_	1
observable_12113	cyt_mrna__STX11_201_	1
observable_12114	cyt_mrna__ACKR2_201_	1
observable_12115	cyt_mrna__GAPVD1_201_	1
observable_12116	cyt_mrna__RNF121_201_	1
observable_12117	cyt_mrna__ACTR10_201_	1
observable_12118	cyt_mrna__ABCC10_204_	1
observable_12119	cyt_mrna__PER1_201_	1
observable_12120	cyt_mrna__GTF3C1_201_	1
observable_12121	cyt_mrna__ZDHHC21_201_	1
observable_12122	cyt_mrna__SLC6A9_205_	1
observable_12123	cyt_mrna__TBC1D10C_209_	1
observable_12124	cyt_mrna__DLK2_203_	1
observable_12125	cyt_mrna__SFXN5_201_	1
observable_12126	cyt_mrna__PPP1R14C_201_	1
observable_12127	cyt_mrna__IRX6_201_	1
observable_12128	cyt_mrna__BNIPL_203_	1
observable_12129	cyt_mrna__FRMD3_201_	1
observable_12130	cyt_mrna__PNRC2_201_	1
observable_12131	cyt_mrna__YIPF3_202_	1
observable_12132	cyt_mrna__NSUN4_204_	1
observable_12133	cyt_mrna__PHB1_201_	1
observable_12134	cyt_mrna__TAF5L_201_	1
observable_12135	cyt_mrna__DECR1_201_	1
observable_12136	cyt_mrna__SLC41A3_203_	1
observable_12137	cyt_mrna__SERPINB1_201_	1
observable_12138	cyt_mrna__PLPP2_203_	1
observable_12139	cyt_mrna__PCNX2_201_	1
observable_12140	cyt_mrna__RPGRIP1L_212_	1
observable_12141	cyt_mrna__CUL7_201_	1
observable_12142	cyt_mrna__CEP78_215_	1
observable_12143	cyt_mrna__DYNC1I1_205_	1
observable_12144	cyt_mrna__DCTN3_201_	1
observable_12145	cyt_mrna__RPS5_201_	1
observable_12146	cyt_mrna__RPRD2_202_	1
observable_12147	cyt_mrna__NAT10_201_	1
observable_12148	cyt_mrna__VIL1_201_	1
observable_12149	cyt_mrna__GPHN_203_	1
observable_12150	cyt_mrna__TTC14_201_	1
observable_12151	cyt_mrna__RNF167_201_	1
observable_12152	cyt_mrna__SLC7A2_204_	1
observable_12153	cyt_mrna__PDE6D_201_	1
observable_12154	cyt_mrna__PFN1_201_	1
observable_12155	cyt_mrna__MATR3_203_	1
observable_12156	cyt_mrna__ZCCHC7_202_	1
observable_12157	cyt_mrna__DENND4B_201_	1
observable_12158	cyt_mrna__PLA2G4C_222_	1
observable_12159	cyt_mrna__TBC1D7_204_	1
observable_12160	cyt_mrna__CCDC82_218_	1
observable_12161	cyt_mrna__RPL31_201_	1
observable_12162	cyt_mrna__ALDH6A1_202_	1
observable_12163	cyt_mrna__PCBP2_207_	1
observable_12164	cyt_mrna__ADGRG3_201_	1
observable_12165	cyt_mrna__SEMA6D_207_	1
observable_12166	cyt_mrna__RGS9_201_	1
observable_12167	cyt_mrna__RNASE1_202_	1
observable_12168	cyt_mrna__CEBPZ_201_	1
observable_12169	cyt_mrna__FLAD1_201_	1
observable_12170	cyt_mrna__MRPL46_201_	1
observable_12171	cyt_mrna__RPL23_206_	1
observable_12172	cyt_mrna__MPZL2_201_	1
observable_12173	cyt_mrna__GKAP1_203_	1
observable_12174	cyt_mrna__DOHH_201_	1
observable_12175	cyt_mrna__RIT1_202_	1
observable_12176	cyt_mrna__FAR2_202_	1
observable_12177	cyt_mrna__CTU1_201_	1
observable_12178	cyt_mrna__POLE2_201_	1
observable_12179	cyt_mrna__SEC31A_205_	1
observable_12180	cyt_mrna__NFKBIA_201_	1
observable_12181	cyt_mrna__P2RX3_201_	1
observable_12182	cyt_mrna__E2F6_202_	1
observable_12183	cyt_mrna__NSRP1_201_	1
observable_12184	cyt_mrna__LRP10_201_	1
observable_12185	cyt_mrna__ZFAND5_205_	1
observable_12186	cyt_mrna__CDC7_201_	1
observable_12187	cyt_mrna__CDHR2_201_	1
observable_12188	cyt_mrna__ASAP2_201_	1
observable_12189	cyt_mrna__NOTCH2NLB_201_	1
observable_12190	cyt_mrna__NUSAP1_208_	1
observable_12191	cyt_mrna__CKS1B_201_	1
observable_12192	cyt_mrna__TMEM79_203_	1
observable_12193	cyt_mrna__ANKRD34B_201_	1
observable_12194	cyt_mrna__METTL5_201_	1
observable_12195	cyt_mrna__CDK5RAP3_201_	1
observable_12196	cyt_mrna__SMAP2_202_	1
observable_12197	cyt_mrna__OCLN_202_	1
observable_12198	cyt_mrna__SRSF5_217_	1
observable_12199	cyt_mrna__SORBS1_211_	1
observable_12200	cyt_mrna__KRT8_218_	1
observable_12201	cyt_mrna__CD151_202_	1
observable_12202	cyt_mrna__PHF12_202_	1
observable_12203	cyt_mrna__AIMP1_211_	1
observable_12204	cyt_mrna__LARP1_204_	1
observable_12205	cyt_mrna__POR_218_	1
observable_12206	cyt_mrna__FNDC3B_202_	1
observable_12207	cyt_mrna__KRT18_201_	1
observable_12208	cyt_mrna__BABAM1_208_	1
observable_12209	cyt_mrna__NCSTN_201_	1
observable_12210	cyt_mrna__ORC2_201_	1
observable_12211	cyt_mrna__POLR1F_201_	1
observable_12212	cyt_mrna__MLST8_232_	1
observable_12213	cyt_mrna__ITPRIPL1_204_	1
observable_12214	cyt_mrna__EGF_201_	1
observable_12215	cyt_mrna__RIMS3_202_	1
observable_12216	cyt_mrna__MFSD12_201_	1
observable_12217	cyt_mrna__CLHC1_201_	1
observable_12218	cyt_mrna__METAP2_202_	1
observable_12219	cyt_mrna__UFC1_201_	1
observable_12220	cyt_mrna__BCL10_202_	1
observable_12221	cyt_mrna__HEATR6_201_	1
observable_12222	cyt_mrna__SLC25A36_201_	1
observable_12223	cyt_mrna__FLT4_201_	1
observable_12224	cyt_mrna__AIM2_202_	1
observable_12225	cyt_mrna__DTYMK_201_	1
observable_12226	cyt_mrna__APBB1_220_	1
observable_12227	cyt_mrna__RSL1D1_204_	1
observable_12228	cyt_mrna__ATP10D_201_	1
observable_12229	cyt_mrna__NLE1_202_	1
observable_12230	cyt_mrna__LMBRD2_201_	1
observable_12231	cyt_mrna__WDTC1_201_	1
observable_12232	cyt_mrna__C5orf46_201_	1
observable_12233	cyt_mrna__VSIR_201_	1
observable_12234	cyt_mrna__ACO1_201_	1
observable_12235	cyt_mrna__CCDC77_201_	1
observable_12236	cyt_mrna__TSPAN5_201_	1
observable_12237	cyt_mrna__WARS1_204_	1
observable_12238	cyt_mrna__FMNL2_201_	1
observable_12239	cyt_mrna__RFX8_201_	1
observable_12240	cyt_mrna__SLCO1C1_201_	1
observable_12241	cyt_mrna__PPM1K_210_	1
observable_12242	cyt_mrna__HAGH_202_	1
observable_12243	cyt_mrna__SFXN2_201_	1
observable_12244	cyt_mrna__BTC_201_	1
observable_12245	cyt_mrna__SOD3_201_	1
observable_12246	cyt_mrna__HS3ST1_201_	1
observable_12247	cyt_mrna__ASPM_203_	1
observable_12248	cyt_mrna__CD8B_203_	1
observable_12249	cyt_mrna__RABIF_201_	1
observable_12250	cyt_mrna__BOLA3_202_	1
observable_12251	cyt_mrna__ARFGAP2_205_	1
observable_12252	cyt_mrna__ZBTB18_201_	1
observable_12253	cyt_mrna__HLA_A_203_	1
observable_12254	cyt_mrna__SYDE2_202_	1
observable_12255	cyt_mrna__SLC27A4_201_	1
observable_12256	cyt_mrna__TMEM163_201_	1
observable_12257	cyt_mrna__MRPL20_201_	1
observable_12258	cyt_mrna__ICA1_206_	1
observable_12259	cyt_mrna__FZR1_203_	1
observable_12260	cyt_mrna__MYBBP1A_201_	1
observable_12261	cyt_mrna__PSMD5_201_	1
observable_12262	cyt_mrna__PRDX1_202_	1
observable_12263	cyt_mrna__DAB2_201_	1
observable_12264	cyt_mrna__MBTD1_204_	1
observable_12265	cyt_mrna__GJB5_201_	1
observable_12266	cyt_mrna__SCLY_201_	1
observable_12267	cyt_mrna__IMMP1L_209_	1
observable_12268	cyt_mrna__MRPS14_202_	1
observable_12269	cyt_mrna__RBM6_201_	1
observable_12270	cyt_mrna__RXFP1_201_	1
observable_12271	cyt_mrna__CS_201_	1
observable_12272	cyt_mrna__GSPT1_202_	1
observable_12273	cyt_mrna__YIPF5_201_	1
observable_12274	cyt_mrna__UTP25_202_	1
observable_12275	cyt_mrna__SNX32_201_	1
observable_12276	cyt_mrna__CFAP90_201_	1
observable_12277	cyt_mrna__HAAO_201_	1
observable_12278	cyt_mrna__ZNF274_212_	1
observable_12279	cyt_mrna__SEC14L5_201_	1
observable_12280	cyt_mrna__NQO2_205_	1
observable_12281	cyt_mrna__RBM23_203_	1
observable_12282	cyt_mrna__ENPP6_201_	1
observable_12283	cyt_mrna__SNTG2_201_	1
observable_12284	cyt_mrna__FAIM2_201_	1
observable_12285	cyt_mrna__PRKCI_201_	1
observable_12286	cyt_mrna__ST3GAL2_201_	1
observable_12287	cyt_mrna__PRDM8_202_	1
observable_12288	cyt_mrna__ASTN1_202_	1
observable_12289	cyt_mrna__COMMD8_201_	1
observable_12290	cyt_mrna__ZNF620_201_	1
observable_12291	cyt_mrna__MTMR12_203_	1
observable_12292	cyt_mrna__AURKB_214_	1
observable_12293	cyt_mrna__SPTB_207_	1
observable_12294	cyt_mrna__CIAO3_201_	1
observable_12295	cyt_mrna__RAD1_203_	1
observable_12296	cyt_mrna__SLBP_206_	1
observable_12297	cyt_mrna__JAML_202_	1
observable_12298	cyt_mrna__PPP1CB_202_	1
observable_12299	cyt_mrna__PPIE_201_	1
observable_12300	cyt_mrna__HDAC2_205_	1
observable_12301	cyt_mrna__THRA_203_	1
observable_12302	cyt_mrna__ACSL5_202_	1
observable_12303	cyt_mrna__RPS6KL1_216_	1
observable_12304	cyt_mrna__TMEM200A_201_	1
observable_12305	cyt_mrna__USP10_201_	1
observable_12306	cyt_mrna__JMJD6_202_	1
observable_12307	cyt_mrna__ZW10_201_	1
observable_12308	cyt_mrna__VWA5B2_206_	1
observable_12309	cyt_mrna__TNFRSF21_201_	1
observable_12310	cyt_mrna__ABCB9_201_	1
observable_12311	cyt_mrna__MRPL58_201_	1
observable_12312	cyt_mrna__SFXN3_201_	1
observable_12313	cyt_mrna__SLC22A8_202_	1
observable_12314	cyt_mrna__PRPF39_201_	1
observable_12315	cyt_mrna__DTX2_206_	1
observable_12316	cyt_mrna__RNF8_202_	1
observable_12317	cyt_mrna__ATAD5_201_	1
observable_12318	cyt_mrna__IRAK3_201_	1
observable_12319	cyt_mrna__VPS25_201_	1
observable_12320	cyt_mrna__SFXN4_201_	1
observable_12321	cyt_mrna__OXLD1_201_	1
observable_12322	cyt_mrna__NDUFB5_201_	1
observable_12323	cyt_mrna__TMEM229B_203_	1
observable_12324	cyt_mrna__SRSF11_201_	1
observable_12325	cyt_mrna__ASB13_201_	1
observable_12326	cyt_mrna__FGFR1_214_	1
observable_12327	cyt_mrna__FCHO2_202_	1
observable_12328	cyt_mrna__ARMH4_201_	1
observable_12329	cyt_mrna__LARP1B_201_	1
observable_12330	cyt_mrna__TXNDC12_201_	1
observable_12331	cyt_mrna__ANKRA2_201_	1
observable_12332	cyt_mrna__AHSA1_201_	1
observable_12333	cyt_mrna__ZNF124_206_	1
observable_12334	cyt_mrna__UMPS_201_	1
observable_12335	cyt_mrna__EIF4A1_201_	1
observable_12336	cyt_mrna__ZWINT_203_	1
observable_12337	cyt_mrna__CD9_201_	1
observable_12338	cyt_mrna__TMEM222_201_	1
observable_12339	cyt_mrna__SEPSECS_202_	1
observable_12340	cyt_mrna__NRG2_205_	1
observable_12341	cyt_mrna__IGSF11_202_	1
observable_12342	cyt_mrna__SRPK1_204_	1
observable_12343	cyt_mrna__CMAS_201_	1
observable_12344	cyt_mrna__MAP3K21_203_	1
observable_12345	cyt_mrna__ADPRH_201_	1
observable_12346	cyt_mrna__PTER_205_	1
observable_12347	cyt_mrna__FES_201_	1
observable_12348	cyt_mrna__MTFR2_203_	1
observable_12349	cyt_mrna__TSPAN17_207_	1
observable_12350	cyt_mrna__PLD3_207_	1
observable_12351	cyt_mrna__GOT1_201_	1
observable_12352	cyt_mrna__SND1_201_	1
observable_12353	cyt_mrna__PPP4R3A_206_	1
observable_12354	cyt_mrna__CRY1_201_	1
observable_12355	cyt_mrna__SUZ12_201_	1
observable_12356	cyt_mrna__RAB13_201_	1
observable_12357	cyt_mrna__MORN4_201_	1
observable_12358	cyt_mrna__RXYLT1_201_	1
observable_12359	cyt_mrna__IDI2_201_	1
observable_12360	cyt_mrna__SLC20A2_208_	1
observable_12361	cyt_mrna__MRPL18_201_	1
observable_12362	cyt_mrna__FAM229B_201_	1
observable_12363	cyt_mrna__VPS72_202_	1
observable_12364	cyt_mrna__ZBTB42_201_	1
observable_12365	cyt_mrna__TUBD1_201_	1
observable_12366	cyt_mrna__ZNF699_203_	1
observable_12367	cyt_mrna__SERPINA11_201_	1
observable_12368	cyt_mrna__SYT11_201_	1
observable_12369	cyt_mrna__BAG5_201_	1
observable_12370	cyt_mrna__INPP4A_204_	1
observable_12371	cyt_mrna__LRRC75A_203_	1
observable_12372	cyt_mrna__MINDY2_203_	1
observable_12373	cyt_mrna__WDR25_202_	1
observable_12374	cyt_mrna__SYNE4_201_	1
observable_12375	cyt_mrna__ABCC6_201_	1
observable_12376	cyt_mrna__CTH_202_	1
observable_12377	cyt_mrna__TMEM120A_214_	1
observable_12378	cyt_mrna__LPL_207_	1
observable_12379	cyt_mrna__ATP5MC3_201_	1
observable_12380	cyt_mrna__ORMDL3_201_	1
observable_12381	cyt_mrna__CCDC32_202_	1
observable_12382	cyt_mrna__CHD9NB_202_	1
observable_12383	cyt_mrna__MED20_201_	1
observable_12384	cyt_mrna__ZNF383_209_	1
observable_12385	cyt_mrna__SEC31B_201_	1
observable_12386	cyt_mrna__NUFIP2_201_	1
observable_12387	cyt_mrna__TMED3_201_	1
observable_12388	cyt_mrna__KHDC4_203_	1
observable_12389	cyt_mrna__EXOC3L2_201_	1
observable_12390	cyt_mrna__MARCHF6_201_	1
observable_12391	cyt_mrna__AVEN_201_	1
observable_12392	cyt_mrna__KBTBD2_201_	1
observable_12393	cyt_mrna__ZNF260_202_	1
observable_12394	cyt_mrna__CDA_201_	1
observable_12395	cyt_mrna__CEP43_202_	1
observable_12396	cyt_mrna__SMIM19_203_	1
observable_12397	cyt_mrna__MED13_201_	1
observable_12398	cyt_mrna__DGKZ_205_	1
observable_12399	cyt_mrna__CDK5RAP2_201_	1
observable_12400	cyt_mrna__PGAP6_204_	1
observable_12401	cyt_mrna__HAL_201_	1
observable_12402	cyt_mrna__SLC38A8_201_	1
observable_12403	cyt_mrna__HROB_203_	1
observable_12404	cyt_mrna__FOLR3_203_	1
observable_12405	cyt_mrna__PTMA_202_	1
observable_12406	cyt_mrna__BCAN_201_	1
observable_12407	cyt_mrna__ADGRE5_201_	1
observable_12408	cyt_mrna__OTUD3_201_	1
observable_12409	cyt_mrna__TRAF1_201_	1
observable_12410	cyt_mrna__WRN_201_	1
observable_12411	cyt_mrna__ZNF200_204_	1
observable_12412	cyt_mrna__DDX50_201_	1
observable_12413	cyt_mrna__C1D_204_	1
observable_12414	cyt_mrna__BLMH_201_	1
observable_12415	cyt_mrna__TRMT9B_203_	1
observable_12416	cyt_mrna__CNTRL_205_	1
observable_12417	cyt_mrna__BPNT1_201_	1
observable_12418	cyt_mrna__DRC1_201_	1
observable_12419	cyt_mrna__EFHC1_201_	1
observable_12420	cyt_mrna__ZFR_201_	1
observable_12421	cyt_mrna__TNFRSF1A_201_	1
observable_12422	cyt_mrna__ADAMTS14_201_	1
observable_12423	cyt_mrna__ST8SIA4_201_	1
observable_12424	cyt_mrna__EIF3H_209_	1
observable_12425	cyt_mrna__RPL7L1_208_	1
observable_12426	cyt_mrna__BSG_201_	1
observable_12427	cyt_mrna__PRUNE1_201_	1
observable_12428	cyt_mrna__SMURF2_201_	1
observable_12429	cyt_mrna__TNIK_204_	1
observable_12430	cyt_mrna__ZMIZ2_202_	1
observable_12431	cyt_mrna__SNRPE_202_	1
observable_12432	cyt_mrna__ACOX3_201_	1
observable_12433	cyt_mrna__TNFRSF11B_201_	1
observable_12434	cyt_mrna__POLH_202_	1
observable_12435	cyt_mrna__INPPL1_201_	1
observable_12436	cyt_mrna__ATP5MC2_202_	1
observable_12437	cyt_mrna__DIS3L2_202_	1
observable_12438	cyt_mrna__TOX_201_	1
observable_12439	cyt_mrna__EPHA2_201_	1
observable_12440	cyt_mrna__DRD5_201_	1
observable_12441	cyt_mrna__TEKT4_201_	1
observable_12442	cyt_mrna__GIPC1_203_	1
observable_12443	cyt_mrna__AARSD1_202_	1
observable_12444	cyt_mrna__MMUT_201_	1
observable_12445	cyt_mrna__ISY1_203_	1
observable_12446	cyt_mrna__METTL25B_201_	1
observable_12447	cyt_mrna__LRRC4_201_	1
observable_12448	cyt_mrna__PLN_201_	1
observable_12449	cyt_mrna__ZNF320_216_	1
observable_12450	cyt_mrna__RNF40_201_	1
observable_12451	cyt_mrna__NHEJ1_201_	1
observable_12452	cyt_mrna__DHX15_201_	1
observable_12453	cyt_mrna__PIK3R5_202_	1
observable_12454	cyt_mrna__C2orf72_201_	1
observable_12455	cyt_mrna__SOBP_201_	1
observable_12456	cyt_mrna__VASH2_211_	1
observable_12457	cyt_mrna__JAK2_201_	1
observable_12458	cyt_mrna__HES6_201_	1
observable_12459	cyt_mrna__CLDN12_213_	1
observable_12460	cyt_mrna__LYPLAL1_202_	1
observable_12461	cyt_mrna__TMF1_201_	1
observable_12462	cyt_mrna__PRKCQ_201_	1
observable_12463	cyt_mrna__MRPL30_201_	1
observable_12464	cyt_mrna__RBAK_202_	1
observable_12465	cyt_mrna__TNRC6C_210_	1
observable_12466	cyt_mrna__NFRKB_212_	1
observable_12467	cyt_mrna__EIF4E3_204_	1
observable_12468	cyt_mrna__PPIF_201_	1
observable_12469	cyt_mrna__CDK3_202_	1
observable_12470	cyt_mrna__CRYBA2_201_	1
observable_12471	cyt_mrna__NR4A1_204_	1
observable_12472	cyt_mrna__DPEP1_210_	1
observable_12473	cyt_mrna__RTKN2_202_	1
observable_12474	cyt_mrna__FUBP3_201_	1
observable_12475	cyt_mrna__AP2A2_202_	1
observable_12476	cyt_mrna__HPN_210_	1
observable_12477	cyt_mrna__CEP63_216_	1
observable_12478	cyt_mrna__LAPTM4A_201_	1
observable_12479	cyt_mrna__FAM13A_201_	1
observable_12480	cyt_mrna__C16orf89_202_	1
observable_12481	cyt_mrna__LIPT1_208_	1
observable_12482	cyt_mrna__DENND2A_209_	1
observable_12483	cyt_mrna__ARPC5L_202_	1
observable_12484	cyt_mrna__HMBOX1_201_	1
observable_12485	cyt_mrna__TOR4A_201_	1
observable_12486	cyt_mrna__MYORG_201_	1
observable_12487	cyt_mrna__VSTM2B_201_	1
observable_12488	cyt_mrna__TTF1_201_	1
observable_12489	cyt_mrna__LAMTOR1_201_	1
observable_12490	cyt_mrna__BCL7B_201_	1
observable_12491	cyt_mrna__TTC9C_202_	1
observable_12492	cyt_mrna__KLK15_204_	1
observable_12493	cyt_mrna__CTNNAL1_201_	1
observable_12494	cyt_mrna__ABITRAM_201_	1
observable_12495	cyt_mrna__CLTC_201_	1
observable_12496	cyt_mrna__NCAN_201_	1
observable_12497	cyt_mrna__TP73_206_	1
observable_12498	cyt_mrna__RSRC1_215_	1
observable_12499	cyt_mrna__MIEN1_201_	1
observable_12500	cyt_mrna__KCNH2_201_	1
observable_12501	cyt_mrna__FAM135A_205_	1
observable_12502	cyt_mrna__ARL4D_201_	1
observable_12503	cyt_mrna__FRS2_206_	1
observable_12504	cyt_mrna__MMD_201_	1
observable_12505	cyt_mrna__RSRP1_201_	1
observable_12506	cyt_mrna__VASP_201_	1
observable_12507	cyt_mrna__ETFDH_206_	1
observable_12508	cyt_mrna__GNPTG_201_	1
observable_12509	cyt_mrna__FGL1_205_	1
observable_12510	cyt_mrna__SRP68_201_	1
observable_12511	cyt_mrna__ANGEL2_202_	1
observable_12512	cyt_mrna__PPID_201_	1
observable_12513	cyt_mrna__PLPPR4_202_	1
observable_12514	cyt_mrna__GNRH1_202_	1
observable_12515	cyt_mrna__BCL7C_201_	1
observable_12516	cyt_mrna__DNAAF3_203_	1
observable_12517	cyt_mrna__MICOS10_201_	1
observable_12518	cyt_mrna__PLCG2_208_	1
observable_12519	cyt_mrna__TMEM25_201_	1
observable_12520	cyt_mrna__AXIN2_201_	1
observable_12521	cyt_mrna__PRP4K_201_	1
observable_12522	cyt_mrna__SIPA1L1_202_	1
observable_12523	cyt_mrna__DDX60_201_	1
observable_12524	cyt_mrna__GGCX_201_	1
observable_12525	cyt_mrna__ULBP1_201_	1
observable_12526	cyt_mrna__NCBP3_201_	1
observable_12527	cyt_mrna__MAP2K7_201_	1
observable_12528	cyt_mrna__CENPQ_201_	1
observable_12529	cyt_mrna__PPT1_219_	1
observable_12530	cyt_mrna__PROS1_202_	1
observable_12531	cyt_mrna__TDP2_202_	1
observable_12532	cyt_mrna__USP43_201_	1
observable_12533	cyt_mrna__VDAC3_201_	1
observable_12534	cyt_mrna__LAMP3_201_	1
observable_12535	cyt_mrna__SMPDL3B_202_	1
observable_12536	cyt_mrna__DCLK2_201_	1
observable_12537	cyt_mrna__ELOVL5_201_	1
observable_12538	cyt_mrna__YIPF7_202_	1
observable_12539	cyt_mrna__ARHGAP12_202_	1
observable_12540	cyt_mrna__WWP2_202_	1
observable_12541	cyt_mrna__COX6C_205_	1
observable_12542	cyt_mrna__CDC6_201_	1
observable_12543	cyt_mrna__KYAT1_201_	1
observable_12544	cyt_mrna__PRAC2_201_	1
observable_12545	cyt_mrna__PRAC1_201_	1
observable_12546	cyt_mrna__SPOCD1_202_	1
observable_12547	cyt_mrna__GATA3_202_	1
observable_12548	cyt_mrna__ERBIN_201_	1
observable_12549	cyt_mrna__KLHDC9_201_	1
observable_12550	cyt_mrna__LPCAT2_201_	1
observable_12551	cyt_mrna__NFE2L1_203_	1
observable_12552	cyt_mrna__SAMD8_203_	1
observable_12553	cyt_mrna__ACAD10_201_	1
observable_12554	cyt_mrna__MAP3K5_201_	1
observable_12555	cyt_mrna__COQ6_201_	1
observable_12556	cyt_mrna__TBC1D14_201_	1
observable_12557	cyt_mrna__MRPS15_201_	1
observable_12558	cyt_mrna__PSMB10_201_	1
observable_12559	cyt_mrna__C5orf24_202_	1
observable_12560	cyt_mrna__MAN2C1_201_	1
observable_12561	cyt_mrna__DCUN1D3_201_	1
observable_12562	cyt_mrna__MAP2K4_201_	1
observable_12563	cyt_mrna__ATP1B2_201_	1
observable_12564	cyt_mrna__GUF1_201_	1
observable_12565	cyt_mrna__HADHA_201_	1
observable_12566	cyt_mrna__SP6_202_	1
observable_12567	cyt_mrna__PARP10_201_	1
observable_12568	cyt_mrna__RPUSD1_201_	1
observable_12569	cyt_mrna__AREG_201_	1
observable_12570	cyt_mrna__SUPV3L1_201_	1
observable_12571	cyt_mrna__KCTD10_201_	1
observable_12572	cyt_mrna__TTC7B_201_	1
observable_12573	cyt_mrna__SENP3_201_	1
observable_12574	cyt_mrna__ARMC5_201_	1
observable_12575	cyt_mrna__SEMA5A_201_	1
observable_12576	cyt_mrna__MRM3_201_	1
observable_12577	cyt_mrna__PSCA_201_	1
observable_12578	cyt_mrna__CALY_201_	1
observable_12579	cyt_mrna__EFS_201_	1
observable_12580	cyt_mrna__XRCC4_203_	1
observable_12581	cyt_mrna__CFAP43_202_	1
observable_12582	cyt_mrna__RAB11FIP1_202_	1
observable_12583	cyt_mrna__ADAM9_209_	1
observable_12584	cyt_mrna__STK32C_201_	1
observable_12585	cyt_mrna__DENND5B_202_	1
observable_12586	cyt_mrna__MICAL2_237_	1
observable_12587	cyt_mrna__DCTN4_203_	1
observable_12588	cyt_mrna__PPP2CB_201_	1
observable_12589	cyt_mrna__TRIP11_201_	1
observable_12590	cyt_mrna__ISCU_201_	1
observable_12591	cyt_mrna__TAX1BP1_202_	1
observable_12592	cyt_mrna__TLN2_211_	1
observable_12593	cyt_mrna__SLC18A2_202_	1
observable_12594	cyt_mrna__PDLIM1_201_	1
observable_12595	cyt_mrna__STRN3_202_	1
observable_12596	cyt_mrna__CD163L1_201_	1
observable_12597	cyt_mrna__STYX_201_	1
observable_12598	cyt_mrna__COL11A1_203_	1
observable_12599	cyt_mrna__DCXR_201_	1
observable_12600	cyt_mrna__ICA1L_201_	1
observable_12601	cyt_mrna__FBXO21_207_	1
observable_12602	cyt_mrna__CHST15_202_	1
observable_12603	cyt_mrna__FOCAD_201_	1
observable_12604	cyt_mrna__ERO1A_201_	1
observable_12605	cyt_mrna__FAM222A_202_	1
observable_12606	cyt_mrna__VSTM4_202_	1
observable_12607	cyt_mrna__UBE3C_201_	1
observable_12608	cyt_mrna__PIAS1_201_	1
observable_12609	cyt_mrna__CLCN6_202_	1
observable_12610	cyt_mrna__RLIG1_201_	1
observable_12611	cyt_mrna__POMC_203_	1
observable_12612	cyt_mrna__MFAP1_201_	1
observable_12613	cyt_mrna__AP4S1_204_	1
observable_12614	cyt_mrna__ORC3_202_	1
observable_12615	cyt_mrna__EFEMP2_201_	1
observable_12616	cyt_mrna__ATP5MC1_202_	1
observable_12617	cyt_mrna__TNFAIP2_209_	1
observable_12618	cyt_mrna__NMNAT2_201_	1
observable_12619	cyt_mrna__TMOD2_201_	1
observable_12620	cyt_mrna__SEC61G_201_	1
observable_12621	cyt_mrna__LRRC8A_203_	1
observable_12622	cyt_mrna__TCTN3_203_	1
observable_12623	cyt_mrna__PFDN2_201_	1
observable_12624	cyt_mrna__TBKBP1_203_	1
observable_12625	cyt_mrna__KCNK1_202_	1
observable_12626	cyt_mrna__SLC18B1_201_	1
observable_12627	cyt_mrna__GIMAP1_201_	1
observable_12628	cyt_mrna__HTR1D_201_	1
observable_12629	cyt_mrna__NNMT_201_	1
observable_12630	cyt_mrna__ENTPD7_201_	1
observable_12631	cyt_mrna__AFTPH_203_	1
observable_12632	cyt_mrna__ROR2_201_	1
observable_12633	cyt_mrna__SGTA_201_	1
observable_12634	cyt_mrna__ANKDD1A_201_	1
observable_12635	cyt_mrna__NPR2_201_	1
observable_12636	cyt_mrna__TDRD5_204_	1
observable_12637	cyt_mrna__MYO1G_201_	1
observable_12638	cyt_mrna__COCH_202_	1
observable_12639	cyt_mrna__FARS2_201_	1
observable_12640	cyt_mrna__WDR76_201_	1
observable_12641	cyt_mrna__ZMIZ1_201_	1
observable_12642	cyt_mrna__TMEM139_201_	1
observable_12643	cyt_mrna__CALM3_201_	1
observable_12644	cyt_mrna__CLU_201_	1
observable_12645	cyt_mrna__SERPINH1_201_	1
observable_12646	cyt_mrna__SLC25A35_202_	1
observable_12647	cyt_mrna__TGFB3_201_	1
observable_12648	cyt_mrna__GBA2_203_	1
observable_12649	cyt_mrna__SMCO4_201_	1
observable_12650	cyt_mrna__RANGRF_201_	1
observable_12651	cyt_mrna__PSMB6_201_	1
observable_12652	cyt_mrna__MAPK13_201_	1
observable_12653	cyt_mrna__TMEM258_204_	1
observable_12654	cyt_mrna__TXNDC17_201_	1
observable_12655	cyt_mrna__MPP7_209_	1
observable_12656	cyt_mrna__PLAAT2_201_	1
observable_12657	cyt_mrna__NT5E_201_	1
observable_12658	cyt_mrna__SIAE_201_	1
observable_12659	cyt_mrna__MARS1_201_	1
observable_12660	cyt_mrna__LIN9_206_	1
observable_12661	cyt_mrna__CNOT8_201_	1
observable_12662	cyt_mrna__MLLT11_201_	1
observable_12663	cyt_mrna__PSMA3_201_	1
observable_12664	cyt_mrna__FIGNL2_201_	1
observable_12665	cyt_mrna__CCT4_201_	1
observable_12666	cyt_mrna__LBHD2_201_	1
observable_12667	cyt_mrna__DFFB_204_	1
observable_12668	cyt_mrna__GALT_201_	1
observable_12669	cyt_mrna__TMED2_201_	1
observable_12670	cyt_mrna__TXNDC15_201_	1
observable_12671	cyt_mrna__ASCC1_224_	1
observable_12672	cyt_mrna__VWA5B1_201_	1
observable_12673	cyt_mrna__PTPN13_202_	1
observable_12674	cyt_mrna__UTP6_201_	1
observable_12675	cyt_mrna__NCLN_201_	1
observable_12676	cyt_mrna__MAGOH_202_	1
observable_12677	cyt_mrna__TPI1_202_	1
observable_12678	cyt_mrna__GJB4_201_	1
observable_12679	cyt_mrna__NUDCD1_201_	1
observable_12680	cyt_mrna__STPG3_202_	1
observable_12681	cyt_mrna__ANAPC16_201_	1
observable_12682	cyt_mrna__DNAJB14_205_	1
observable_12683	cyt_mrna__RGP1_201_	1
observable_12684	cyt_mrna__MTFMT_201_	1
observable_12685	cyt_mrna__SLC25A11_201_	1
observable_12686	cyt_mrna__DLG1_261_	1
observable_12687	cyt_mrna__FAM184B_201_	1
observable_12688	cyt_mrna__WIPF1_217_	1
observable_12689	cyt_mrna__C3_201_	1
observable_12690	cyt_mrna__POU2F1_204_	1
observable_12691	cyt_mrna__SNAPC3_202_	1
observable_12692	cyt_mrna__HVCN1_201_	1
observable_12693	cyt_mrna__ELMOD2_201_	1
observable_12694	cyt_mrna__HGSNAT_201_	1
observable_12695	cyt_mrna__BICRAL_201_	1
observable_12696	cyt_mrna__DNAJC8_201_	1
observable_12697	cyt_mrna__MFGE8_201_	1
observable_12698	cyt_mrna__S100A10_202_	1
observable_12699	cyt_mrna__POP7_201_	1
observable_12700	cyt_mrna__VPS37A_201_	1
observable_12701	cyt_mrna__TM4SF18_201_	1
observable_12702	cyt_mrna__KLHDC8B_201_	1
observable_12703	cyt_mrna__NFYA_201_	1
observable_12704	cyt_mrna__TACC3_201_	1
observable_12705	cyt_mrna__NIN_215_	1
observable_12706	cyt_mrna__CDC20_201_	1
observable_12707	cyt_mrna__ARHGAP9_201_	1
observable_12708	cyt_mrna__RAI14_201_	1
observable_12709	cyt_mrna__CROT_201_	1
observable_12710	cyt_mrna__TMEM129_202_	1
observable_12711	cyt_mrna__UTP11_201_	1
observable_12712	cyt_mrna__KCTD8_201_	1
observable_12713	cyt_mrna__IL20RA_201_	1
observable_12714	cyt_mrna__ATP6V1A_201_	1
observable_12715	cyt_mrna__KAT6A_201_	1
observable_12716	cyt_mrna__EHD2_201_	1
observable_12717	cyt_mrna__RNF111_201_	1
observable_12718	cyt_mrna__FASN_201_	1
observable_12719	cyt_mrna__NRTN_201_	1
observable_12720	cyt_mrna__LSMEM2_201_	1
observable_12721	cyt_mrna__SHD_201_	1
observable_12722	cyt_mrna__SPESP1_201_	1
observable_12723	cyt_mrna__IP6K1_201_	1
observable_12724	cyt_mrna__RPL23A_204_	1
observable_12725	cyt_mrna__PAM_206_	1
observable_12726	cyt_mrna__ZNF577_204_	1
observable_12727	cyt_mrna__EIF1_203_	1
observable_12728	cyt_mrna__ARF4_201_	1
observable_12729	cyt_mrna__IL32_211_	1
observable_12730	cyt_mrna__TMEM106C_202_	1
observable_12731	cyt_mrna__TNS3_201_	1
observable_12732	cyt_mrna__SNX27_204_	1
observable_12733	cyt_mrna__SEC63_201_	1
observable_12734	cyt_mrna__DNM1_202_	1
observable_12735	cyt_mrna__HEATR3_201_	1
observable_12736	cyt_mrna__MAFK_201_	1
observable_12737	cyt_mrna__MAP3K12_205_	1
observable_12738	cyt_mrna__MANBA_216_	1
observable_12739	cyt_mrna__PEX19_201_	1
observable_12740	cyt_mrna__MSI2_201_	1
observable_12741	cyt_mrna__MDGA1_203_	1
observable_12742	cyt_mrna__IFRD2_202_	1
observable_12743	cyt_mrna__ETV6_202_	1
observable_12744	cyt_mrna__XRCC1_201_	1
observable_12745	cyt_mrna__SYNE3_206_	1
observable_12746	cyt_mrna__STOM_201_	1
observable_12747	cyt_mrna__PDGFC_203_	1
observable_12748	cyt_mrna__SBK3_202_	1
observable_12749	cyt_mrna__CDK19_202_	1
observable_12750	cyt_mrna__PUS7_202_	1
observable_12751	cyt_mrna__PDCD1LG2_201_	1
observable_12752	cyt_mrna__MYO5C_201_	1
observable_12753	cyt_mrna__GRIN2C_201_	1
observable_12754	cyt_mrna__NEDD9_202_	1
observable_12755	cyt_mrna__GPAA1_201_	1
observable_12756	cyt_mrna__TMED4_203_	1
observable_12757	cyt_mrna__ADAMTS2_201_	1
observable_12758	cyt_mrna__TMEM260_201_	1
observable_12759	cyt_mrna__STRIP2_201_	1
observable_12760	cyt_mrna__C9orf72_203_	1
observable_12761	cyt_mrna__KIF25_205_	1
observable_12762	cyt_mrna__SYT16_206_	1
observable_12763	cyt_mrna__PCGF3_201_	1
observable_12764	cyt_mrna__SMUG1_226_	1
observable_12765	cyt_mrna__PGF_206_	1
observable_12766	cyt_mrna__LYN_202_	1
observable_12767	cyt_mrna__TMEM165_201_	1
observable_12768	cyt_mrna__UACA_201_	1
observable_12769	cyt_mrna__ADAM19_201_	1
observable_12770	cyt_mrna__SMAD6_201_	1
observable_12771	cyt_mrna__ACBD4_201_	1
observable_12772	cyt_mrna__PARP16_206_	1
observable_12773	cyt_mrna__RAB30_205_	1
observable_12774	cyt_mrna__ARF3_201_	1
observable_12775	cyt_mrna__ZFTA_202_	1
observable_12776	cyt_mrna__ECHDC1_210_	1
observable_12777	cyt_mrna__SLC34A2_201_	1
observable_12778	cyt_mrna__GSDMD_201_	1
observable_12779	cyt_mrna__POT1_201_	1
observable_12780	cyt_mrna__NCKAP5L_201_	1
observable_12781	cyt_mrna__UBE2I_203_	1
observable_12782	cyt_mrna__SETD7_201_	1
observable_12783	cyt_mrna__FGFBP1_201_	1
observable_12784	cyt_mrna__AFG1L_201_	1
observable_12785	cyt_mrna__PMPCA_201_	1
observable_12786	cyt_mrna__HADHB_201_	1
observable_12787	cyt_mrna__INHBA_201_	1
observable_12788	cyt_mrna__AKAP10_201_	1
observable_12789	cyt_mrna__HIRIP3_201_	1
observable_12790	cyt_mrna__TEC_201_	1
observable_12791	cyt_mrna__STX2_203_	1
observable_12792	cyt_mrna__ELP4_229_	1
observable_12793	cyt_mrna__SLC35A1_201_	1
observable_12794	cyt_mrna__MMRN1_201_	1
observable_12795	cyt_mrna__PRPSAP1_206_	1
observable_12796	cyt_mrna__TPPP3_202_	1
observable_12797	cyt_mrna__TUBE1_202_	1
observable_12798	cyt_mrna__LUC7L2_202_	1
observable_12799	cyt_mrna__ARHGEF1_203_	1
observable_12800	cyt_mrna__BIRC2_201_	1
observable_12801	cyt_mrna__SPOUT1_201_	1
observable_12802	cyt_mrna__TRAPPC9_201_	1
observable_12803	cyt_mrna__NAGPA_201_	1
observable_12804	cyt_mrna__RNF144A_201_	1
observable_12805	cyt_mrna__CA3_201_	1
observable_12806	cyt_mrna__GNAI3_201_	1
observable_12807	cyt_mrna__HLA_C_201_	1
observable_12808	cyt_mrna__GSTA4_203_	1
observable_12809	cyt_mrna__ZNF19_201_	1
observable_12810	cyt_mrna__PXDNL_201_	1
observable_12811	cyt_mrna__HEXA_201_	1
observable_12812	cyt_mrna__MLH1_201_	1
observable_12813	cyt_mrna__KAT5_201_	1
observable_12814	cyt_mrna__DAGLB_201_	1
observable_12815	cyt_mrna__GIPR_205_	1
observable_12816	cyt_mrna__ZNF777_201_	1
observable_12817	cyt_mrna__RECQL5_201_	1
observable_12818	cyt_mrna__MON1A_201_	1
observable_12819	cyt_mrna__ME1_201_	1
observable_12820	cyt_mrna__PIK3C2B_210_	1
observable_12821	cyt_mrna__CRACR2B_202_	1
observable_12822	cyt_mrna__SLC25A13_201_	1
observable_12823	cyt_mrna__ADAMTS15_201_	1
observable_12824	cyt_mrna__ZDHHC18_202_	1
observable_12825	cyt_mrna__CES4A_212_	1
observable_12826	cyt_mrna__SDE2_201_	1
observable_12827	cyt_mrna__INTS9_211_	1
observable_12828	cyt_mrna__RAB25_201_	1
observable_12829	cyt_mrna__KLK11_204_	1
observable_12830	cyt_mrna__AKR1B10_201_	1
observable_12831	cyt_mrna__HCFC1R1_201_	1
observable_12832	cyt_mrna__TUBGCP4_208_	1
observable_12833	cyt_mrna__GARIN5A_204_	1
observable_12834	cyt_mrna__PEBP4_201_	1
observable_12835	cyt_mrna__RGS16_201_	1
observable_12836	cyt_mrna__PNMA2_204_	1
observable_12837	cyt_mrna__FKBP5_201_	1
observable_12838	cyt_mrna__RAD17_205_	1
observable_12839	cyt_mrna__NDUFB2_201_	1
observable_12840	cyt_mrna__NME2_205_	1
observable_12841	cyt_mrna__ARFIP1_201_	1
observable_12842	cyt_mrna__ATP8B4_201_	1
observable_12843	cyt_mrna__TICAM2_201_	1
observable_12844	cyt_mrna__STK25_201_	1
observable_12845	cyt_mrna__KIAA1549_201_	1
observable_12846	cyt_mrna__FGFR3_205_	1
observable_12847	cyt_mrna__TCTN1_204_	1
observable_12848	cyt_mrna__ZC3HC1_201_	1
observable_12849	cyt_mrna__ILVBL_201_	1
observable_12850	cyt_mrna__C2orf49_201_	1
observable_12851	cyt_mrna__USP47_207_	1
observable_12852	cyt_mrna__PPP3CC_201_	1
observable_12853	cyt_mrna__SLC8A2_201_	1
observable_12854	cyt_mrna__PGM2_201_	1
observable_12855	cyt_mrna__ATF1_201_	1
observable_12856	cyt_mrna__MMP17_201_	1
observable_12857	cyt_mrna__RNF175_201_	1
observable_12858	cyt_mrna__LAP3_201_	1
observable_12859	cyt_mrna__NOP53_201_	1
observable_12860	cyt_mrna__PAFAH1B2_204_	1
observable_12861	cyt_mrna__GNG8_202_	1
observable_12862	cyt_mrna__MRI1_201_	1
observable_12863	cyt_mrna__ODAM_206_	1
observable_12864	cyt_mrna__FUS_201_	1
observable_12865	cyt_mrna__MYH7_201_	1
observable_12866	cyt_mrna__PPP1R21_202_	1
observable_12867	cyt_mrna__PLXNB1_201_	1
observable_12868	cyt_mrna__TP53BP1_203_	1
observable_12869	cyt_mrna__HERC6_201_	1
observable_12870	cyt_mrna__CERT1_215_	1
observable_12871	cyt_mrna__PELI1_201_	1
observable_12872	cyt_mrna__RHOBTB3_201_	1
observable_12873	cyt_mrna__SDCBP_201_	1
observable_12874	cyt_mrna__SLC8A3_202_	1
observable_12875	cyt_mrna__GLRX_201_	1
observable_12876	cyt_mrna__SEC11A_201_	1
observable_12877	cyt_mrna__ZNF330_201_	1
observable_12878	cyt_mrna__SYT1_201_	1
observable_12879	cyt_mrna__CIZ1_204_	1
observable_12880	cyt_mrna__SLC27A6_201_	1
observable_12881	cyt_mrna__RNF170_206_	1
observable_12882	cyt_mrna__SUMF1_201_	1
observable_12883	cyt_mrna__PKD2_201_	1
observable_12884	cyt_mrna__UCP1_201_	1
observable_12885	cyt_mrna__BOLA2B_205_	1
observable_12886	cyt_mrna__EPN1_202_	1
observable_12887	cyt_mrna__GOLGA8B_211_	1
observable_12888	cyt_mrna__SBNO1_203_	1
observable_12889	cyt_mrna__WASHC2A_201_	1
observable_12890	cyt_mrna__MVP_201_	1
observable_12891	cyt_mrna__CTDSPL_201_	1
observable_12892	cyt_mrna__G3BP1_201_	1
observable_12893	cyt_mrna__LPAR1_205_	1
observable_12894	cyt_mrna__BLTP3B_201_	1
observable_12895	cyt_mrna__IRF2_201_	1
observable_12896	cyt_mrna__ZNF410_211_	1
observable_12897	cyt_mrna__KEAP1_201_	1
observable_12898	cyt_mrna__C4orf33_202_	1
observable_12899	cyt_mrna__SLC35G1_202_	1
observable_12900	cyt_mrna__TM7SF3_201_	1
observable_12901	cyt_mrna__HACD1_202_	1
observable_12902	cyt_mrna__ECHDC3_201_	1
observable_12903	cyt_mrna__SLC25A22_228_	1
observable_12904	cyt_mrna__SUGP2_203_	1
observable_12905	cyt_mrna__CORO1A_201_	1
observable_12906	cyt_mrna__ULK3_201_	1
observable_12907	cyt_mrna__LARP4B_201_	1
observable_12908	cyt_mrna__EMCN_201_	1
observable_12909	cyt_mrna__CEP83_202_	1
observable_12910	cyt_mrna__GFM2_201_	1
observable_12911	cyt_mrna__KCNJ11_201_	1
observable_12912	cyt_mrna__ABCC3_201_	1
observable_12913	cyt_mrna__JAG2_201_	1
observable_12914	cyt_mrna__UHRF1_208_	1
observable_12915	cyt_mrna__LOXL2_201_	1
observable_12916	cyt_mrna__RBM4_201_	1
observable_12917	cyt_mrna__TMEM38A_201_	1
observable_12918	cyt_mrna__WFS1_201_	1
observable_12919	cyt_mrna__SMIM5_201_	1
observable_12920	cyt_mrna__ITPKA_201_	1
observable_12921	cyt_mrna__RTN1_201_	1
observable_12922	cyt_mrna__PAQR3_209_	1
observable_12923	cyt_mrna__BBOX1_201_	1
observable_12924	cyt_mrna__ANKRD13A_201_	1
observable_12925	cyt_mrna__SNX2_201_	1
observable_12926	cyt_mrna__MTRFR_201_	1
observable_12927	cyt_mrna__FNIP2_201_	1
observable_12928	cyt_mrna__ZNF354C_201_	1
observable_12929	cyt_mrna__THYN1_201_	1
observable_12930	cyt_mrna__FER_201_	1
observable_12931	cyt_mrna__FBF1_211_	1
observable_12932	cyt_mrna__PHLDB2_204_	1
observable_12933	cyt_mrna__SGCE_298_	1
observable_12934	cyt_mrna__EML2_201_	1
observable_12935	cyt_mrna__MRPS7_201_	1
observable_12936	cyt_mrna__MPI_202_	1
observable_12937	cyt_mrna__TMC5_205_	1
observable_12938	cyt_mrna__SEMA3G_201_	1
observable_12939	cyt_mrna__EVC2_202_	1
observable_12940	cyt_mrna__SERPING1_201_	1
observable_12941	cyt_mrna__CTNS_201_	1
observable_12942	cyt_mrna__EGFL7_201_	1
observable_12943	cyt_mrna__CHMP1A_201_	1
observable_12944	cyt_mrna__DDX54_201_	1
observable_12945	cyt_mrna__PARP3_201_	1
observable_12946	cyt_mrna__MIF4GD_202_	1
observable_12947	cyt_mrna__VPS4A_201_	1
observable_12948	cyt_mrna__TBC1D17_201_	1
observable_12949	cyt_mrna__GABRA1_202_	1
observable_12950	cyt_mrna__CFAP73_201_	1
observable_12951	cyt_mrna__BMPR1B_208_	1
observable_12952	cyt_mrna__MYL11_201_	1
observable_12953	cyt_mrna__ANP32A_203_	1
observable_12954	cyt_mrna__SMAGP_203_	1
observable_12955	cyt_mrna__CPE_201_	1
observable_12956	cyt_mrna__SRFBP1_201_	1
observable_12957	cyt_mrna__RHNO1_204_	1
observable_12958	cyt_mrna__EPB41_201_	1
observable_12959	cyt_mrna__TMT1A_201_	1
observable_12960	cyt_mrna__ZNF879_201_	1
observable_12961	cyt_mrna__AVL9_201_	1
observable_12962	cyt_mrna__TMEM43_201_	1
observable_12963	cyt_mrna__SPATA18_201_	1
observable_12964	cyt_mrna__PCM1_201_	1
observable_12965	cyt_mrna__FBXL18_201_	1
observable_12966	cyt_mrna__PPP2R5E_201_	1
observable_12967	cyt_mrna__TLE5_202_	1
observable_12968	cyt_mrna__TNRC6A_202_	1
observable_12969	cyt_mrna__SLC67A1_213_	1
observable_12970	cyt_mrna__POLR3G_207_	1
observable_12971	cyt_mrna__SMAD1_201_	1
observable_12972	cyt_mrna__BZW2_201_	1
observable_12973	cyt_mrna__PDPN_211_	1
observable_12974	cyt_mrna__VRK1_201_	1
observable_12975	cyt_mrna__MYCBP_201_	1
observable_12976	cyt_mrna__ART1_201_	1
observable_12977	cyt_mrna__TJP2_202_	1
observable_12978	cyt_mrna__ECE2_203_	1
observable_12979	cyt_mrna__PLXNA4_201_	1
observable_12980	cyt_mrna__LCMT1_203_	1
observable_12981	cyt_mrna__DISP3_201_	1
observable_12982	cyt_mrna__ATP13A1_202_	1
observable_12983	cyt_mrna__HSP90B1_201_	1
observable_12984	cyt_mrna__IL18BP_203_	1
observable_12985	cyt_mrna__NRDE2_201_	1
observable_12986	cyt_mrna__SLC25A38_209_	1
observable_12987	cyt_mrna__PARP12_201_	1
observable_12988	cyt_mrna__CCDC9B_202_	1
observable_12989	cyt_mrna__TEKT2_201_	1
observable_12990	cyt_mrna__LETM1_201_	1
observable_12991	cyt_mrna__TMEM179B_201_	1
observable_12992	cyt_mrna__PIGH_201_	1
observable_12993	cyt_mrna__GEM_201_	1
observable_12994	cyt_mrna__EFNA3_201_	1
observable_12995	cyt_mrna__PEAK1_213_	1
observable_12996	cyt_mrna__WTIP_202_	1
observable_12997	cyt_mrna__CHSY1_201_	1
observable_12998	cyt_mrna__NTN5_201_	1
observable_12999	cyt_mrna__CBR4_201_	1
observable_13000	cyt_mrna__ANKMY2_201_	1
observable_13001	cyt_mrna__SHISA5_201_	1
observable_13002	cyt_mrna__DRC7_202_	1
observable_13003	cyt_mrna__TCP11L1_201_	1
observable_13004	cyt_mrna__ZNF385A_203_	1
observable_13005	cyt_mrna__TSACC_204_	1
observable_13006	cyt_mrna__LMOD3_201_	1
observable_13007	cyt_mrna__FAM227B_201_	1
observable_13008	cyt_mrna__PRDX6_201_	1
observable_13009	cyt_mrna__CCNG2_201_	1
observable_13010	cyt_mrna__SAA2_201_	1
observable_13011	cyt_mrna__TOP1MT_201_	1
observable_13012	cyt_mrna__CASP9_201_	1
observable_13013	cyt_mrna__EXOG_201_	1
observable_13014	cyt_mrna__GCDH_201_	1
observable_13015	cyt_mrna__USP38_201_	1
observable_13016	cyt_mrna__RAPSN_201_	1
observable_13017	cyt_mrna__KRTCAP2_201_	1
observable_13018	cyt_mrna__LUC7L_201_	1
observable_13019	cyt_mrna__FAM110B_203_	1
observable_13020	cyt_mrna__TYW3_201_	1
observable_13021	cyt_mrna__KIF1A_213_	1
observable_13022	cyt_mrna__UBAP1_201_	1
observable_13023	cyt_mrna__GAR1_201_	1
observable_13024	cyt_mrna__LETMD1_201_	1
observable_13025	cyt_mrna__ACSL6_231_	1
observable_13026	cyt_mrna__DAPK3_202_	1
observable_13027	cyt_mrna__CD53_201_	1
observable_13028	cyt_mrna__KLF3_201_	1
observable_13029	cyt_mrna__RBL2_201_	1
observable_13030	cyt_mrna__LRRK2_201_	1
observable_13031	cyt_mrna__ZFAT_201_	1
observable_13032	cyt_mrna__ADD3_202_	1
observable_13033	cyt_mrna__PPP1R12C_201_	1
observable_13034	cyt_mrna__ERAP2_202_	1
observable_13035	cyt_mrna__SDAD1_201_	1
observable_13036	cyt_mrna__PRCP_201_	1
observable_13037	cyt_mrna__MYOZ2_201_	1
observable_13038	cyt_mrna__CDH18_202_	1
observable_13039	cyt_mrna__TLE4_206_	1
observable_13040	cyt_mrna__SPG21_201_	1
observable_13041	cyt_mrna__MAST2_201_	1
observable_13042	cyt_mrna__ANKRD16_203_	1
observable_13043	cyt_mrna__SIGMAR1_201_	1
observable_13044	cyt_mrna__C1orf210_202_	1
observable_13045	cyt_mrna__DELE1_202_	1
observable_13046	cyt_mrna__DES_201_	1
observable_13047	cyt_mrna__ZNF470_201_	1
observable_13048	cyt_mrna__ACLY_201_	1
observable_13049	cyt_mrna__AKTIP_202_	1
observable_13050	cyt_mrna__KLHL36_204_	1
observable_13051	cyt_mrna__PDGFRA_201_	1
observable_13052	cyt_mrna__AKAP8_201_	1
observable_13053	cyt_mrna__PACS2_203_	1
observable_13054	cyt_mrna__RNFT1_201_	1
observable_13055	cyt_mrna__NBN_201_	1
observable_13056	cyt_mrna__IGFBP4_201_	1
observable_13057	cyt_mrna__GALK2_216_	1
observable_13058	cyt_mrna__JAKMIP2_206_	1
observable_13059	cyt_mrna__SMU1_201_	1
observable_13060	cyt_mrna__ZMYND15_202_	1
observable_13061	cyt_mrna__SEC24C_202_	1
observable_13062	cyt_mrna__ZHX2_201_	1
observable_13063	cyt_mrna__IFNLR1_201_	1
observable_13064	cyt_mrna__PPP1R26_201_	1
observable_13065	cyt_mrna__PRKCD_201_	1
observable_13066	cyt_mrna__XKR9_201_	1
observable_13067	cyt_mrna__LCN8_201_	1
observable_13068	cyt_mrna__METTL3_201_	1
observable_13069	cyt_mrna__HNRNPDL_201_	1
observable_13070	cyt_mrna__EIF1AD_211_	1
observable_13071	cyt_mrna__CLPX_201_	1
observable_13072	cyt_mrna__OSMR_201_	1
observable_13073	cyt_mrna__TRIM44_201_	1
observable_13074	cyt_mrna__CR2_201_	1
observable_13075	cyt_mrna__GGN_201_	1
observable_13076	cyt_mrna__DDHD2_201_	1
observable_13077	cyt_mrna__PSAP_201_	1
observable_13078	cyt_mrna__PRDX2_201_	1
observable_13079	cyt_mrna__SGCD_201_	1
observable_13080	cyt_mrna__CAND2_203_	1
observable_13081	cyt_mrna__ELL_201_	1
observable_13082	cyt_mrna__ATPAF1_211_	1
observable_13083	cyt_mrna__METTL17_201_	1
observable_13084	cyt_mrna__NEPRO_201_	1
observable_13085	cyt_mrna__TNNI3_201_	1
observable_13086	cyt_mrna__C2CD4D_202_	1
observable_13087	cyt_mrna__PAG1_201_	1
observable_13088	cyt_mrna__LOXL4_201_	1
observable_13089	cyt_mrna__ALDH1A1_201_	1
observable_13090	cyt_mrna__SRM_201_	1
observable_13091	cyt_mrna__ZNF816_206_	1
observable_13092	cyt_mrna__XAF1_202_	1
observable_13093	cyt_mrna__ATG16L2_201_	1
observable_13094	cyt_mrna__DDX41_201_	1
observable_13095	cyt_mrna__PEX14_201_	1
observable_13096	cyt_mrna__SCAPER_207_	1
observable_13097	cyt_mrna__LRRC20_207_	1
observable_13098	cyt_mrna__SCARA3_201_	1
observable_13099	cyt_mrna__UBTD1_201_	1
observable_13100	cyt_mrna__PLEKHG3_201_	1
observable_13101	cyt_mrna__CHRAC1_201_	1
observable_13102	cyt_mrna__TRAM2_201_	1
observable_13103	cyt_mrna__AP1G1_201_	1
observable_13104	cyt_mrna__PPP1R15A_201_	1
observable_13105	cyt_mrna__FAM50B_202_	1
observable_13106	cyt_mrna__CACNG6_201_	1
observable_13107	cyt_mrna__GPR160_201_	1
observable_13108	cyt_mrna__UBXN2B_201_	1
observable_13109	cyt_mrna__HAPLN3_201_	1
observable_13110	cyt_mrna__ZFP28_201_	1
observable_13111	cyt_mrna__OSBPL7_201_	1
observable_13112	cyt_mrna__WDR93_201_	1
observable_13113	cyt_mrna__GEMIN2_202_	1
observable_13114	cyt_mrna__PARK7_201_	1
observable_13115	cyt_mrna__ARPIN_201_	1
observable_13116	cyt_mrna__GNG5_202_	1
observable_13117	cyt_mrna__SLC17A4_201_	1
observable_13118	cyt_mrna__ARHGAP21_202_	1
observable_13119	cyt_mrna__KDM3B_201_	1
observable_13120	cyt_mrna__DPP9_201_	1
observable_13121	cyt_mrna__PCSK9_201_	1
observable_13122	cyt_mrna__HSD3B7_202_	1
observable_13123	cyt_mrna__HLA_F_216_	1
observable_13124	cyt_mrna__PIWIL2_201_	1
observable_13125	cyt_mrna__RPL26_213_	1
observable_13126	cyt_mrna__LPP_220_	1
observable_13127	cyt_mrna__H2BC4_202_	1
observable_13128	cyt_mrna__ZNG1A_202_	1
observable_13129	cyt_mrna__ALDH9A1_201_	1
observable_13130	cyt_mrna__SLC17A5_201_	1
observable_13131	cyt_mrna__DDX11_223_	1
observable_13132	cyt_mrna__SCARA5_201_	1
observable_13133	cyt_mrna__SNRNP40_201_	1
observable_13134	cyt_mrna__SLC46A1_207_	1
observable_13135	cyt_mrna__TRAPPC3_204_	1
observable_13136	cyt_mrna__UBE2O_201_	1
observable_13137	cyt_mrna__SNRPN_202_	1
observable_13138	cyt_mrna__PTGR2_205_	1
observable_13139	cyt_mrna__MRAS_202_	1
observable_13140	cyt_mrna__VAV3_202_	1
observable_13141	cyt_mrna__AP1M1_201_	1
observable_13142	cyt_mrna__ALS2_201_	1
observable_13143	cyt_mrna__PLG_202_	1
observable_13144	cyt_mrna__CIDEC_201_	1
observable_13145	cyt_mrna__RAB44_201_	1
observable_13146	cyt_mrna__AP3B1_201_	1
observable_13147	cyt_mrna__AKIRIN2_201_	1
observable_13148	cyt_mrna__CPNE3_203_	1
observable_13149	cyt_mrna__ZNF687_202_	1
observable_13150	cyt_mrna__NOXA1_203_	1
observable_13151	cyt_mrna__HAUS5_201_	1
observable_13152	cyt_mrna__TPRG1_201_	1
observable_13153	cyt_mrna__EMSY_219_	1
observable_13154	cyt_mrna__IFNGR1_201_	1
observable_13155	cyt_mrna__TDRD9_201_	1
observable_13156	cyt_mrna__ERC1_203_	1
observable_13157	cyt_mrna__GAK_201_	1
observable_13158	cyt_mrna__FBXO10_202_	1
observable_13159	cyt_mrna__GSKIP_205_	1
observable_13160	cyt_mrna__NOTCH2_201_	1
observable_13161	cyt_mrna__AP2A1_201_	1
observable_13162	cyt_mrna__HMGCLL1_201_	1
observable_13163	cyt_mrna__ANKRD45_201_	1
observable_13164	cyt_mrna__COQ10A_201_	1
observable_13165	cyt_mrna__ENTPD8_202_	1
observable_13166	cyt_mrna__ANGPTL4_201_	1
observable_13167	cyt_mrna__SF3B3_201_	1
observable_13168	cyt_mrna__CACYBP_201_	1
observable_13169	cyt_mrna__ALKBH2_202_	1
observable_13170	cyt_mrna__MYBL1_204_	1
observable_13171	cyt_mrna__SMIM29_205_	1
observable_13172	cyt_mrna__ATRIP_201_	1
observable_13173	cyt_mrna__CARD9_201_	1
observable_13174	cyt_mrna__CAMSAP2_202_	1
observable_13175	cyt_mrna__API5_208_	1
observable_13176	cyt_mrna__GFRA2_208_	1
observable_13177	cyt_mrna__MTHFSD_201_	1
observable_13178	cyt_mrna__SRP9_201_	1
observable_13179	cyt_mrna__GPR3_201_	1
observable_13180	cyt_mrna__ACSF2_201_	1
observable_13181	cyt_mrna__RSPO2_201_	1
observable_13182	cyt_mrna__RRP15_201_	1
observable_13183	cyt_mrna__CARF_213_	1
observable_13184	cyt_mrna__TYK2_204_	1
observable_13185	cyt_mrna__ALDH7A1_201_	1
observable_13186	cyt_mrna__FSAF1_202_	1
observable_13187	cyt_mrna__CHAD_203_	1
observable_13188	cyt_mrna__SRP54_201_	1
observable_13189	cyt_mrna__MUL1_201_	1
observable_13190	cyt_mrna__AQP7_201_	1
observable_13191	cyt_mrna__GPC1_201_	1
observable_13192	cyt_mrna__COX20_203_	1
observable_13193	cyt_mrna__OR6B3_201_	1
observable_13194	cyt_mrna__PRMT7_202_	1
observable_13195	cyt_mrna__HMCES_201_	1
observable_13196	cyt_mrna__STXBP4_201_	1
observable_13197	cyt_mrna__ANO5_201_	1
observable_13198	cyt_mrna__SCN1B_201_	1
observable_13199	cyt_mrna__NOL9_201_	1
observable_13200	cyt_mrna__FCN2_201_	1
observable_13201	cyt_mrna__PSMC6_201_	1
observable_13202	cyt_mrna__CCAR1_201_	1
observable_13203	cyt_mrna__MTFR1_201_	1
observable_13204	cyt_mrna__LDAH_201_	1
observable_13205	cyt_mrna__THG1L_201_	1
observable_13206	cyt_mrna__FBXO36_201_	1
observable_13207	cyt_mrna__FAAP20_202_	1
observable_13208	cyt_mrna__QTRT2_201_	1
observable_13209	cyt_mrna__ANKDD1B_204_	1
observable_13210	cyt_mrna__ANTXR2_203_	1
observable_13211	cyt_mrna__BDKRB2_203_	1
observable_13212	cyt_mrna__FUZ_201_	1
observable_13213	cyt_mrna__TONSL_201_	1
observable_13214	cyt_mrna__MTPAP_201_	1
observable_13215	cyt_mrna__FKTN_202_	1
observable_13216	cyt_mrna__BTN3A2_202_	1
observable_13217	cyt_mrna__GRB14_201_	1
observable_13218	cyt_mrna__RASA2_201_	1
observable_13219	cyt_mrna__ZNF658_206_	1
observable_13220	cyt_mrna__PPP1R14A_201_	1
observable_13221	cyt_mrna__STK3_201_	1
observable_13222	cyt_mrna__FRS3_202_	1
observable_13223	cyt_mrna__BDH2_201_	1
observable_13224	cyt_mrna__MCM6_201_	1
observable_13225	cyt_mrna__RACGAP1_201_	1
observable_13226	cyt_mrna__PKM_202_	1
observable_13227	cyt_mrna__MAP6_201_	1
observable_13228	cyt_mrna__CLINT1_201_	1
observable_13229	cyt_mrna__ST6GALNAC6_205_	1
observable_13230	cyt_mrna__ACBD5_205_	1
observable_13231	cyt_mrna__DDX5_201_	1
observable_13232	cyt_mrna__TNFRSF25_204_	1
observable_13233	cyt_mrna__PLEKHA4_201_	1
observable_13234	cyt_mrna__EIF2B5_226_	1
observable_13235	cyt_mrna__BBS7_201_	1
observable_13236	cyt_mrna__THOC3_201_	1
observable_13237	cyt_mrna__TRIQK_214_	1
observable_13238	cyt_mrna__ATG5_204_	1
observable_13239	cyt_mrna__GLT8D2_201_	1
observable_13240	cyt_mrna__ACVR2A_201_	1
observable_13241	cyt_mrna__CNGA1_206_	1
observable_13242	cyt_mrna__ANKRD66_202_	1
observable_13243	cyt_mrna__SDHB_201_	1
observable_13244	cyt_mrna__HECA_201_	1
observable_13245	cyt_mrna__WDR37_201_	1
observable_13246	cyt_mrna__NUCB2_207_	1
observable_13247	cyt_mrna__ALKBH6_202_	1
observable_13248	cyt_mrna__SIDT1_201_	1
observable_13249	cyt_mrna__SCYL2_201_	1
observable_13250	cyt_mrna__KIFC3_203_	1
observable_13251	cyt_mrna__IFT25_201_	1
observable_13252	cyt_mrna__FOXP4_201_	1
observable_13253	cyt_mrna__HNRNPF_208_	1
observable_13254	cyt_mrna__MYH6_201_	1
observable_13255	cyt_mrna__UTP18_201_	1
observable_13256	cyt_mrna__WDR19_201_	1
observable_13257	cyt_mrna__LRRC8E_201_	1
observable_13258	cyt_mrna__RNF220_203_	1
observable_13259	cyt_mrna__CTSH_201_	1
observable_13260	cyt_mrna__RARRES1_201_	1
observable_13261	cyt_mrna__RBP2_201_	1
observable_13262	cyt_mrna__ST6GALNAC2_201_	1
observable_13263	cyt_mrna__ECPAS_207_	1
observable_13264	cyt_mrna__SLC38A2_201_	1
observable_13265	cyt_mrna__RSAD1_201_	1
observable_13266	cyt_mrna__MAP3K13_201_	1
observable_13267	cyt_mrna__PARVA_201_	1
observable_13268	cyt_mrna__TMEM268_201_	1
observable_13269	cyt_mrna__ZNF706_201_	1
observable_13270	cyt_mrna__RTP2_201_	1
observable_13271	cyt_mrna__MOB3B_201_	1
observable_13272	cyt_mrna__VAT1_201_	1
observable_13273	cyt_mrna__RNF182_204_	1
observable_13274	cyt_mrna__MSANTD3_203_	1
observable_13275	cyt_mrna__TMEM45A_201_	1
observable_13276	cyt_mrna__NDUFC1_201_	1
observable_13277	cyt_mrna__ANKRD40_201_	1
observable_13278	cyt_mrna__ZNF391_201_	1
observable_13279	cyt_mrna__ARPC2_202_	1
observable_13280	cyt_mrna__NT5DC1_201_	1
observable_13281	cyt_mrna__NRN1_201_	1
observable_13282	cyt_mrna__PKNOX2_201_	1
observable_13283	cyt_mrna__CENPX_202_	1
observable_13284	cyt_mrna__GASK1B_203_	1
observable_13285	cyt_mrna__ARMC1_201_	1
observable_13286	cyt_mrna__IPO9_201_	1
observable_13287	cyt_mrna__RALGPS1_201_	1
observable_13288	cyt_mrna__CLK3_202_	1
observable_13289	cyt_mrna__SLC20A1_201_	1
observable_13290	cyt_mrna__BCKDK_201_	1
observable_13291	cyt_mrna__VDAC2_203_	1
observable_13292	cyt_mrna__HDHD3_202_	1
observable_13293	cyt_mrna__PLPP7_202_	1
observable_13294	cyt_mrna__TNPO2_202_	1
observable_13295	cyt_mrna__ZNF514_201_	1
observable_13296	cyt_mrna__PPIP5K2_202_	1
observable_13297	cyt_mrna__UGDH_201_	1
observable_13298	cyt_mrna__ANXA9_201_	1
observable_13299	cyt_mrna__GATAD2A_213_	1
observable_13300	cyt_mrna__FANCA_202_	1
observable_13301	cyt_mrna__ZNF618_203_	1
observable_13302	cyt_mrna__NDNF_201_	1
observable_13303	cyt_mrna__TMEM51_201_	1
observable_13304	cyt_mrna__PITPNM1_201_	1
observable_13305	cyt_mrna__PLCD4_206_	1
observable_13306	cyt_mrna__LAMTOR2_203_	1
observable_13307	cyt_mrna__ASH2L_201_	1
observable_13308	cyt_mrna__ITPKB_203_	1
observable_13309	cyt_mrna__SLU7_201_	1
observable_13310	cyt_mrna__ALS2CL_201_	1
observable_13311	cyt_mrna__CDS1_201_	1
observable_13312	cyt_mrna__ZNF696_201_	1
observable_13313	cyt_mrna__SCN3B_201_	1
observable_13314	cyt_mrna__REG3G_201_	1
observable_13315	cyt_mrna__NLRP12_201_	1
observable_13316	cyt_mrna__USP3_202_	1
observable_13317	cyt_mrna__TTLL5_202_	1
observable_13318	cyt_mrna__SFTPA2_201_	1
observable_13319	cyt_mrna__TYROBP_201_	1
observable_13320	cyt_mrna__CAMTA2_201_	1
observable_13321	cyt_mrna__EXO1_202_	1
observable_13322	cyt_mrna__CDC42EP4_201_	1
observable_13323	cyt_mrna__AIFM2_201_	1
observable_13324	cyt_mrna__CSF1R_210_	1
observable_13325	cyt_mrna__NTPCR_202_	1
observable_13326	cyt_mrna__ADGRF4_201_	1
observable_13327	cyt_mrna__ZNF362_205_	1
observable_13328	cyt_mrna__IP6K3_201_	1
observable_13329	cyt_mrna__PACSIN3_201_	1
observable_13330	cyt_mrna__FBLN5_202_	1
observable_13331	cyt_mrna__CRABP2_203_	1
observable_13332	cyt_mrna__NAP1L1_226_	1
observable_13333	cyt_mrna__NPTN_201_	1
observable_13334	cyt_mrna__MAPK1IP1L_201_	1
observable_13335	cyt_mrna__FBXO34_201_	1
observable_13336	cyt_mrna__NDUFS5_202_	1
observable_13337	cyt_mrna__ATXN2L_202_	1
observable_13338	cyt_mrna__BMF_201_	1
observable_13339	cyt_mrna__CCNB1_201_	1
observable_13340	cyt_mrna__FOSL1_201_	1
observable_13341	cyt_mrna__CLMP_201_	1
observable_13342	cyt_mrna__ADAM23_201_	1
observable_13343	cyt_mrna__MARK3_205_	1
observable_13344	cyt_mrna__ZFP2_201_	1
observable_13345	cyt_mrna__FRA10AC1_201_	1
observable_13346	cyt_mrna__KCTD20_202_	1
observable_13347	cyt_mrna__ARHGAP10_201_	1
observable_13348	cyt_mrna__TJP3_202_	1
observable_13349	cyt_mrna__ZKSCAN4_201_	1
observable_13350	cyt_mrna__FAM53C_201_	1
observable_13351	cyt_mrna__TNC_202_	1
observable_13352	cyt_mrna__ANPEP_201_	1
observable_13353	cyt_mrna__GLRB_201_	1
observable_13354	cyt_mrna__STX4_201_	1
observable_13355	cyt_mrna__OPLAH_204_	1
observable_13356	cyt_mrna__DMGDH_201_	1
observable_13357	cyt_mrna__CASP7_203_	1
observable_13358	cyt_mrna__EIF5A_202_	1
observable_13359	cyt_mrna__SAP30L_201_	1
observable_13360	cyt_mrna__ZNF276_202_	1
observable_13361	cyt_mrna__MTRES1_201_	1
observable_13362	cyt_mrna__CCDC74A_202_	1
observable_13363	cyt_mrna__TENT5A_201_	1
observable_13364	cyt_mrna__GNE_205_	1
observable_13365	cyt_mrna__SIRT1_201_	1
observable_13366	cyt_mrna__KIF2C_202_	1
observable_13367	cyt_mrna__PAQR8_202_	1
observable_13368	cyt_mrna__SERPINA5_201_	1
observable_13369	cyt_mrna__NACA_203_	1
observable_13370	cyt_mrna__SET_201_	1
observable_13371	cyt_mrna__GABRA2_202_	1
observable_13372	cyt_mrna__PCSK7_201_	1
observable_13373	cyt_mrna__RAB15_203_	1
observable_13374	cyt_mrna__FAM149B1_201_	1
observable_13375	cyt_mrna__RECQL4_209_	1
observable_13376	cyt_mrna__ME3_211_	1
observable_13377	cyt_mrna__EXD2_214_	1
observable_13378	cyt_mrna__NR4A2_201_	1
observable_13379	cyt_mrna__STAR_201_	1
observable_13380	cyt_mrna__CIAPIN1_201_	1
observable_13381	cyt_mrna__CYTH1_201_	1
observable_13382	cyt_mrna__ANKRD40CL_203_	1
observable_13383	cyt_mrna__SLTM_202_	1
observable_13384	cyt_mrna__HSDL1_201_	1
observable_13385	cyt_mrna__DCUN1D4_201_	1
observable_13386	cyt_mrna__PRXL2A_205_	1
observable_13387	cyt_mrna__CCDC74B_205_	1
observable_13388	cyt_mrna__C10orf143_202_	1
observable_13389	cyt_mrna__FXYD3_208_	1
observable_13390	cyt_mrna__TXK_201_	1
observable_13391	cyt_mrna__PHF20L1_209_	1
observable_13392	cyt_mrna__CEP57L1_204_	1
observable_13393	cyt_mrna__PPL_201_	1
observable_13394	cyt_mrna__HEATR1_203_	1
observable_13395	cyt_mrna__CYP17A1_201_	1
observable_13396	cyt_mrna__BPNT2_201_	1
observable_13397	cyt_mrna__DOCK2_210_	1
observable_13398	cyt_mrna__RCN3_201_	1
observable_13399	cyt_mrna__ALDH2_201_	1
observable_13400	cyt_mrna__FERMT2_201_	1
observable_13401	cyt_mrna__INAVA_202_	1
observable_13402	cyt_mrna__EHF_201_	1
observable_13403	cyt_mrna__RBP4_201_	1
observable_13404	cyt_mrna__RPAP1_201_	1
observable_13405	cyt_mrna__GEMIN7_201_	1
observable_13406	cyt_mrna__DDX19A_201_	1
observable_13407	cyt_mrna__ZNF468_202_	1
observable_13408	cyt_mrna__JPH4_201_	1
observable_13409	cyt_mrna__ADK_205_	1
observable_13410	cyt_mrna__GDPGP1_201_	1
observable_13411	cyt_mrna__RASSF3_203_	1
observable_13412	cyt_mrna__KCNT1_202_	1
observable_13413	cyt_mrna__CALR_201_	1
observable_13414	cyt_mrna__KCNJ8_201_	1
observable_13415	cyt_mrna__FPR3_201_	1
observable_13416	cyt_mrna__LPAR2_201_	1
observable_13417	cyt_mrna__VDAC1_201_	1
observable_13418	cyt_mrna__HAUS2_201_	1
observable_13419	cyt_mrna__PHACTR2_208_	1
observable_13420	cyt_mrna__PDE3A_201_	1
observable_13421	cyt_mrna__CSRP3_201_	1
observable_13422	cyt_mrna__S1PR3_202_	1
observable_13423	cyt_mrna__CIB1_201_	1
observable_13424	cyt_mrna__INSYN1_203_	1
observable_13425	cyt_mrna__EXOC5_210_	1
observable_13426	cyt_mrna__GOLPH3_201_	1
observable_13427	cyt_mrna__LRRC1_202_	1
observable_13428	cyt_mrna__ART3_203_	1
observable_13429	cyt_mrna__ATF7IP2_208_	1
observable_13430	cyt_mrna__ZNF30_204_	1
observable_13431	cyt_mrna__PITRM1_201_	1
observable_13432	cyt_mrna__KCNK10_202_	1
observable_13433	cyt_mrna__GNPDA2_201_	1
observable_13434	cyt_mrna__SPON2_201_	1
observable_13435	cyt_mrna__PTBP3_204_	1
observable_13436	cyt_mrna__SMOC2_202_	1
observable_13437	cyt_mrna__SPDL1_201_	1
observable_13438	cyt_mrna__EXOC3L1_201_	1
observable_13439	cyt_mrna__PLA2G7_201_	1
observable_13440	cyt_mrna__MLH3_201_	1
observable_13441	cyt_mrna__PIP5K1A_202_	1
observable_13442	cyt_mrna__MIPOL1_216_	1
observable_13443	cyt_mrna__PRR14_202_	1
observable_13444	cyt_mrna__PPP3CB_202_	1
observable_13445	cyt_mrna__RFX3_212_	1
observable_13446	cyt_mrna__VANGL1_202_	1
observable_13447	cyt_mrna__ZNF793_209_	1
observable_13448	cyt_mrna__NFIL3_201_	1
observable_13449	cyt_mrna__GSG1L_203_	1
observable_13450	cyt_mrna__GMNN_201_	1
observable_13451	cyt_mrna__OSBPL8_201_	1
observable_13452	cyt_mrna__TMPRSS4_201_	1
observable_13453	cyt_mrna__PPA2_201_	1
observable_13454	cyt_mrna__AUH_202_	1
observable_13455	cyt_mrna__DCBLD1_202_	1
observable_13456	cyt_mrna__SCFD1_203_	1
observable_13457	cyt_mrna__UBE3A_226_	1
observable_13458	cyt_mrna__ARRDC1_201_	1
observable_13459	cyt_mrna__MTF2_201_	1
observable_13460	cyt_mrna__ALDH1B1_201_	1
observable_13461	cyt_mrna__HERPUD1_204_	1
observable_13462	cyt_mrna__PIK3R1_211_	1
observable_13463	cyt_mrna__ATG9A_201_	1
observable_13464	cyt_mrna__HOPX_205_	1
observable_13465	cyt_mrna__SPPL2B_209_	1
observable_13466	cyt_mrna__EVC_201_	1
observable_13467	cyt_mrna__ATP2C1_218_	1
observable_13468	cyt_mrna__MFAP3L_201_	1
observable_13469	cyt_mrna__CCDC9_201_	1
observable_13470	cyt_mrna__WAPL_201_	1
observable_13471	cyt_mrna__PRMT9_201_	1
observable_13472	cyt_mrna__IFI27L1_209_	1
observable_13473	cyt_mrna__ARHGAP15_201_	1
observable_13474	cyt_mrna__RNASE4_203_	1
observable_13475	cyt_mrna__TAF1B_201_	1
observable_13476	cyt_mrna__BEND7_205_	1
observable_13477	cyt_mrna__INO80_209_	1
observable_13478	cyt_mrna__CENPC_201_	1
observable_13479	cyt_mrna__CAVIN2_201_	1
observable_13480	cyt_mrna__CIPC_201_	1
observable_13481	cyt_mrna__FAM241B_201_	1
observable_13482	cyt_mrna__BTD_212_	1
observable_13483	cyt_mrna__ARHGEF2_203_	1
observable_13484	cyt_mrna__UBXN4_201_	1
observable_13485	cyt_mrna__TECPR2_201_	1
observable_13486	cyt_mrna__MDM2_202_	1
observable_13487	cyt_mrna__DNM2_203_	1
observable_13488	cyt_mrna__LRRC28_201_	1
observable_13489	cyt_mrna__ANKRD6_201_	1
observable_13490	cyt_mrna__SEL1L3_202_	1
observable_13491	cyt_mrna__USP24_201_	1
observable_13492	cyt_mrna__VCP_201_	1
observable_13493	cyt_mrna__KLHDC1_201_	1
observable_13494	cyt_mrna__DDX19B_201_	1
observable_13495	cyt_mrna__SVBP_201_	1
observable_13496	cyt_mrna__PC_203_	1
observable_13497	cyt_mrna__STAT3_201_	1
observable_13498	cyt_mrna__RCCD1_201_	1
observable_13499	cyt_mrna__TMEM201_202_	1
observable_13500	cyt_mrna__EML5_207_	1
observable_13501	cyt_mrna__RRAGC_201_	1
observable_13502	cyt_mrna__DMBX1_201_	1
observable_13503	cyt_mrna__TIMM44_201_	1
observable_13504	cyt_mrna__TRIM69_201_	1
observable_13505	cyt_mrna__WARS2_201_	1
observable_13506	cyt_mrna__MFAP5_201_	1
observable_13507	cyt_mrna__SLC25A42_201_	1
observable_13508	cyt_mrna__RIGI_202_	1
observable_13509	cyt_mrna__METTL13_201_	1
observable_13510	cyt_mrna__YAP1_201_	1
observable_13511	cyt_mrna__CLN6_201_	1
observable_13512	cyt_mrna__PLK5_202_	1
observable_13513	cyt_mrna__C14orf93_201_	1
observable_13514	cyt_mrna__NUDT2_203_	1
observable_13515	cyt_mrna__KIF14_201_	1
observable_13516	cyt_mrna__SLC47A1_201_	1
observable_13517	cyt_mrna__ZNF581_201_	1
observable_13518	cyt_mrna__ZC3H12A_201_	1
observable_13519	cyt_mrna__CENPE_201_	1
observable_13520	cyt_mrna__RESF1_201_	1
observable_13521	cyt_mrna__USP35_203_	1
observable_13522	cyt_mrna__L1TD1_201_	1
observable_13523	cyt_mrna__RCN2_203_	1
observable_13524	cyt_mrna__SARM1_208_	1
observable_13525	cyt_mrna__LHX8_202_	1
observable_13526	cyt_mrna__HSPBP1_202_	1
observable_13527	cyt_mrna__DCK_201_	1
observable_13528	cyt_mrna__GTF2I_212_	1
observable_13529	cyt_mrna__MLN_202_	1
observable_13530	cyt_mrna__SSU72_201_	1
observable_13531	cyt_mrna__TK1_201_	1
observable_13532	cyt_mrna__UROS_204_	1
observable_13533	cyt_mrna__RPL22_201_	1
observable_13534	cyt_mrna__TEX10_201_	1
observable_13535	cyt_mrna__CEP44_206_	1
observable_13536	cyt_mrna__KRI1_201_	1
observable_13537	cyt_mrna__CDH16_201_	1
observable_13538	cyt_mrna__ALOX15B_202_	1
observable_13539	cyt_mrna__SMAP1_203_	1
observable_13540	cyt_mrna__AGTRAP_201_	1
observable_13541	cyt_mrna__TTC8_204_	1
observable_13542	cyt_mrna__GRK2_201_	1
observable_13543	cyt_mrna__AURKAIP1_202_	1
observable_13544	cyt_mrna__NOD2_213_	1
observable_13545	cyt_mrna__PLIN3_201_	1
observable_13546	cyt_mrna__PPP1R8_202_	1
observable_13547	cyt_mrna__UNC45A_201_	1
observable_13548	cyt_mrna__PTDSS2_201_	1
observable_13549	cyt_mrna__ZNF175_201_	1
observable_13550	cyt_mrna__SPATS2_222_	1
observable_13551	cyt_mrna__PDPR_201_	1
observable_13552	cyt_mrna__GRN_201_	1
observable_13553	cyt_mrna__ZRANB2_202_	1
observable_13554	cyt_mrna__RNF126_201_	1
observable_13555	cyt_mrna__BSCL2_203_	1
observable_13556	cyt_mrna__CAVIN1_201_	1
observable_13557	cyt_mrna__LHX4_201_	1
observable_13558	cyt_mrna__APTX_203_	1
observable_13559	cyt_mrna__TBC1D2B_201_	1
observable_13560	cyt_mrna__GALNS_201_	1
observable_13561	cyt_mrna__COA1_201_	1
observable_13562	cyt_mrna__PGS1_201_	1
observable_13563	cyt_mrna__FGFR4_201_	1
observable_13564	cyt_mrna__SPATA6_203_	1
observable_13565	cyt_mrna__GALNT12_201_	1
observable_13566	cyt_mrna__RAB40C_201_	1
observable_13567	cyt_mrna__RWDD3_202_	1
observable_13568	cyt_mrna__ENGASE_205_	1
observable_13569	cyt_mrna__AQP3_201_	1
observable_13570	cyt_mrna__LONP1_201_	1
observable_13571	cyt_mrna__JTB_201_	1
observable_13572	cyt_mrna__MYO9A_201_	1
observable_13573	cyt_mrna__PRR7_201_	1
observable_13574	cyt_mrna__FEM1C_201_	1
observable_13575	cyt_mrna__RBM8A_204_	1
observable_13576	cyt_mrna__GNG3_201_	1
observable_13577	cyt_mrna__ENTPD5_201_	1
observable_13578	cyt_mrna__AGMAT_201_	1
observable_13579	cyt_mrna__PLAA_201_	1
observable_13580	cyt_mrna__LEO1_201_	1
observable_13581	cyt_mrna__ERI3_201_	1
observable_13582	cyt_mrna__RANBP17_219_	1
observable_13583	cyt_mrna__ABCA2_201_	1
observable_13584	cyt_mrna__ULK2_202_	1
observable_13585	cyt_mrna__IQCE_203_	1
observable_13586	cyt_mrna__MYSM1_202_	1
observable_13587	cyt_mrna__ANXA7_202_	1
observable_13588	cyt_mrna__SYT2_202_	1
observable_13589	cyt_mrna__ZNF302_206_	1
observable_13590	cyt_mrna__ZBTB8B_201_	1
observable_13591	cyt_mrna__S100A2_202_	1
observable_13592	cyt_mrna__PTPRB_202_	1
observable_13593	cyt_mrna__NRAS_201_	1
observable_13594	cyt_mrna__UCHL1_201_	1
observable_13595	cyt_mrna__CCK_202_	1
observable_13596	cyt_mrna__TMEM267_201_	1
observable_13597	cyt_mrna__HIP1_201_	1
observable_13598	cyt_mrna__NAA35_201_	1
observable_13599	cyt_mrna__RPS24_202_	1
observable_13600	cyt_mrna__ABHD17A_202_	1
observable_13601	cyt_mrna__RBM20_201_	1
observable_13602	cyt_mrna__CYTH3_201_	1
observable_13603	cyt_mrna__FBXW5_201_	1
observable_13604	cyt_mrna__CAMKV_209_	1
observable_13605	cyt_mrna__ENAH_203_	1
observable_13606	cyt_mrna__AARS1_201_	1
observable_13607	cyt_mrna__GSDME_214_	1
observable_13608	cyt_mrna__KLHL8_201_	1
observable_13609	cyt_mrna__DHX29_201_	1
observable_13610	cyt_mrna__RAD52_202_	1
observable_13611	cyt_mrna__CALCOCO2_201_	1
observable_13612	cyt_mrna__FAM72A_202_	1
observable_13613	cyt_mrna__UQCRC1_201_	1
observable_13614	cyt_mrna__TTF2_201_	1
observable_13615	cyt_mrna__CFAP69_201_	1
observable_13616	cyt_mrna__RASSF6_201_	1
observable_13617	cyt_mrna__VAC14_201_	1
observable_13618	cyt_mrna__TMEM128_202_	1
observable_13619	cyt_mrna__NCK1_207_	1
observable_13620	cyt_mrna__COL17A1_208_	1
observable_13621	cyt_mrna__ZC3H14_201_	1
observable_13622	cyt_mrna__ZNF316_201_	1
observable_13623	cyt_mrna__RASA1_201_	1
observable_13624	cyt_mrna__PHYHD1_203_	1
observable_13625	cyt_mrna__RASGEF1B_201_	1
observable_13626	cyt_mrna__C11orf54_202_	1
observable_13627	cyt_mrna__UMAD1_210_	1
observable_13628	cyt_mrna__SERPINE1_201_	1
observable_13629	cyt_mrna__CALM1_201_	1
observable_13630	cyt_mrna__FAM185A_202_	1
observable_13631	cyt_mrna__SYNDIG1L_201_	1
observable_13632	cyt_mrna__ZNF131_221_	1
observable_13633	cyt_mrna__STK17A_201_	1
observable_13634	cyt_mrna__PLSCR4_201_	1
observable_13635	cyt_mrna__BRCA1_203_	1
observable_13636	cyt_mrna__POLRMT_202_	1
observable_13637	cyt_mrna__WWTR1_201_	1
observable_13638	cyt_mrna__SIGLEC5_202_	1
observable_13639	cyt_mrna__CCNH_201_	1
observable_13640	cyt_mrna__DHFR2_201_	1
observable_13641	cyt_mrna__ZNF665_201_	1
observable_13642	cyt_mrna__HIPK1_208_	1
observable_13643	cyt_mrna__DYNLL2_201_	1
observable_13644	cyt_mrna__UQCRC2_201_	1
observable_13645	cyt_mrna__IGSF21_201_	1
observable_13646	cyt_mrna__DUS3L_201_	1
observable_13647	cyt_mrna__RASSF5_202_	1
observable_13648	cyt_mrna__STRBP_201_	1
observable_13649	cyt_mrna__FLNC_201_	1
observable_13650	cyt_mrna__ILK_201_	1
observable_13651	cyt_mrna__MRPL37_202_	1
observable_13652	cyt_mrna__SLC6A6_210_	1
observable_13653	cyt_mrna__INSYN2A_202_	1
observable_13654	cyt_mrna__MZF1_201_	1
observable_13655	cyt_mrna__ZNF83_201_	1
observable_13656	cyt_mrna__EEIG2_201_	1
observable_13657	cyt_mrna__IL10RA_201_	1
observable_13658	cyt_mrna__CORIN_201_	1
observable_13659	cyt_mrna__LRRC27_204_	1
observable_13660	cyt_mrna__LRRC2_202_	1
observable_13661	cyt_mrna__SLC15A3_201_	1
observable_13662	cyt_mrna__HDLBP_201_	1
observable_13663	cyt_mrna__CAMK1G_202_	1
observable_13664	cyt_mrna__AKR1C2_201_	1
observable_13665	cyt_mrna__FAM72C_202_	1
observable_13666	cyt_mrna__TBXAS1_207_	1
observable_13667	cyt_mrna__PWWP2B_201_	1
observable_13668	cyt_mrna__HECTD1_201_	1
observable_13669	cyt_mrna__TLE2_201_	1
observable_13670	cyt_mrna__SLC44A1_201_	1
observable_13671	cyt_mrna__MYL7_201_	1
observable_13672	cyt_mrna__AGO1_201_	1
observable_13673	cyt_mrna__CNBP_201_	1
observable_13674	cyt_mrna__TRAPPC14_201_	1
observable_13675	cyt_mrna__CD81_201_	1
observable_13676	cyt_mrna__BPGM_201_	1
observable_13677	cyt_mrna__EXOSC9_201_	1
observable_13678	cyt_mrna__TLE6_201_	1
observable_13679	cyt_mrna__NAE1_201_	1
observable_13680	cyt_mrna__GFRA3_201_	1
observable_13681	cyt_mrna__MET_202_	1
observable_13682	cyt_mrna__ELAVL1_201_	1
observable_13683	cyt_mrna__MOGAT3_201_	1
observable_13684	cyt_mrna__RHBDD1_202_	1
observable_13685	cyt_mrna__NCOA4_204_	1
observable_13686	cyt_mrna__IQCK_215_	1
observable_13687	cyt_mrna__ACAD8_201_	1
observable_13688	cyt_mrna__SYK_204_	1
observable_13689	cyt_mrna__TMEM232_201_	1
observable_13690	cyt_mrna__THUMPD3_206_	1
observable_13691	cyt_mrna__TMEM17_201_	1
observable_13692	cyt_mrna__ZNF764_202_	1
observable_13693	cyt_mrna__ABCG2_201_	1
observable_13694	cyt_mrna__ACADVL_203_	1
observable_13695	cyt_mrna__N4BP3_201_	1
observable_13696	cyt_mrna__CAPN14_202_	1
observable_13697	cyt_mrna__STAT6_201_	1
observable_13698	cyt_mrna__TIRAP_202_	1
observable_13699	cyt_mrna__KCNMB1_201_	1
observable_13700	cyt_mrna__EHD3_201_	1
observable_13701	cyt_mrna__COQ4_201_	1
observable_13702	cyt_mrna__CSNK2A2_201_	1
observable_13703	cyt_mrna__HTRA1_201_	1
observable_13704	cyt_mrna__BUD13_201_	1
observable_13705	cyt_mrna__ACTB_217_	1
observable_13706	cyt_mrna__PHYKPL_201_	1
observable_13707	cyt_mrna__TESK1_201_	1
observable_13708	cyt_mrna__FAM3D_201_	1
observable_13709	cyt_mrna__STAC2_201_	1
observable_13710	cyt_mrna__WNT2_201_	1
observable_13711	cyt_mrna__ZDHHC11B_201_	1
observable_13712	cyt_mrna__CRIPTO_201_	1
observable_13713	cyt_mrna__ZDHHC6_202_	1
observable_13714	cyt_mrna__ROCK2_202_	1
observable_13715	cyt_mrna__RUSC2_201_	1
observable_13716	cyt_mrna__PLCD3_212_	1
observable_13717	cyt_mrna__PDHX_201_	1
observable_13718	cyt_mrna__GPT2_201_	1
observable_13719	cyt_mrna__PBX3_204_	1
observable_13720	cyt_mrna__MPHOSPH6_201_	1
observable_13721	cyt_mrna__SKAP2_201_	1
observable_13722	cyt_mrna__FKBP8_213_	1
observable_13723	cyt_mrna__CDK11B_203_	1
observable_13724	cyt_mrna__CRTAC1_203_	1
observable_13725	cyt_mrna__OLFM1_204_	1
observable_13726	cyt_mrna__TANGO6_201_	1
observable_13727	cyt_mrna__TMEM134_201_	1
observable_13728	cyt_mrna__ANXA2_204_	1
observable_13729	cyt_mrna__ZNF573_207_	1
observable_13730	cyt_mrna__TGFBR1_202_	1
observable_13731	cyt_mrna__IL34_201_	1
observable_13732	cyt_mrna__CNOT2_201_	1
observable_13733	cyt_mrna__SLC4A4_201_	1
observable_13734	cyt_mrna__GTF2H2C_201_	1
observable_13735	cyt_mrna__CFTR_201_	1
observable_13736	cyt_mrna__CCDC171_201_	1
observable_13737	cyt_mrna__CORO2B_201_	1
observable_13738	cyt_mrna__TOMM20_201_	1
observable_13739	cyt_mrna__NAB2_201_	1
observable_13740	cyt_mrna__UNC119B_201_	1
observable_13741	cyt_mrna__CADPS_203_	1
observable_13742	cyt_mrna__SNRNP35_203_	1
observable_13743	cyt_mrna__IL15RA_204_	1
observable_13744	cyt_mrna__RHOH_201_	1
observable_13745	cyt_mrna__NICOL1_201_	1
observable_13746	cyt_mrna__GOLGA7B_201_	1
observable_13747	cyt_mrna__GPD1L_201_	1
observable_13748	cyt_mrna__ADAMTS7_201_	1
observable_13749	cyt_mrna__DEPDC1_202_	1
observable_13750	cyt_mrna__PLEKHG4_202_	1
observable_13751	cyt_mrna__SCAMP1_207_	1
observable_13752	cyt_mrna__FNDC7_201_	1
observable_13753	cyt_mrna__S100A11_201_	1
observable_13754	cyt_mrna__CEMIP2_202_	1
observable_13755	cyt_mrna__USP31_201_	1
observable_13756	cyt_mrna__LZTS2_205_	1
observable_13757	cyt_mrna__CD2AP_201_	1
observable_13758	cyt_mrna__UBQLN4_201_	1
observable_13759	cyt_mrna__CCDC50_201_	1
observable_13760	cyt_mrna__KNOP1_201_	1
observable_13761	cyt_mrna__NRBF2_201_	1
observable_13762	cyt_mrna__RBPJ_205_	1
observable_13763	cyt_mrna__SLC26A11_201_	1
observable_13764	cyt_mrna__ULK4_201_	1
observable_13765	cyt_mrna__LDHD_202_	1
observable_13766	cyt_mrna__ZG16_201_	1
observable_13767	cyt_mrna__FOXL1_201_	1
observable_13768	cyt_mrna__CSF3_204_	1
observable_13769	cyt_mrna__MLIP_208_	1
observable_13770	cyt_mrna__ATOSB_201_	1
observable_13771	cyt_mrna__RAD54L_201_	1
observable_13772	cyt_mrna__IDUA_210_	1
observable_13773	cyt_mrna__MARCKSL1_201_	1
observable_13774	cyt_mrna__MGARP_201_	1
observable_13775	cyt_mrna__DAZAP1_201_	1
observable_13776	cyt_mrna__MTREX_201_	1
observable_13777	cyt_mrna__MEAF6_201_	1
observable_13778	cyt_mrna__SLC25A25_204_	1
observable_13779	cyt_mrna__SUCLG2_201_	1
observable_13780	cyt_mrna__TCEANC2_201_	1
observable_13781	cyt_mrna__MYADM_204_	1
observable_13782	cyt_mrna__FEZF2_201_	1
observable_13783	cyt_mrna__GPN2_202_	1
observable_13784	cyt_mrna__UQCR11_203_	1
observable_13785	cyt_mrna__HERC5_201_	1
observable_13786	cyt_mrna__RPS8_202_	1
observable_13787	cyt_mrna__FAXDC2_201_	1
observable_13788	cyt_mrna__CHST8_206_	1
observable_13789	cyt_mrna__BTN2A2_202_	1
observable_13790	cyt_mrna__SLC26A1_202_	1
observable_13791	cyt_mrna__TTC9B_201_	1
observable_13792	cyt_mrna__UGT2B15_201_	1
observable_13793	cyt_mrna__CETP_201_	1
observable_13794	cyt_mrna__ZNF568_201_	1
observable_13795	cyt_mrna__COQ3_201_	1
observable_13796	cyt_mrna__SETD2_202_	1
observable_13797	cyt_mrna__CFAP263_201_	1
observable_13798	cyt_mrna__CDC23_202_	1
observable_13799	cyt_mrna__CADPS2_204_	1
observable_13800	cyt_mrna__TUT7_206_	1
observable_13801	cyt_mrna__ARAP1_204_	1
observable_13802	cyt_mrna__TMEM59_201_	1
observable_13803	cyt_mrna__PLPP1_202_	1
observable_13804	cyt_mrna__CPNE7_202_	1
observable_13805	cyt_mrna__PPIL6_207_	1
observable_13806	cyt_mrna__RABEPK_202_	1
observable_13807	cyt_mrna__WWC2_201_	1
observable_13808	cyt_mrna__THADA_207_	1
observable_13809	cyt_mrna__ETV3L_201_	1
observable_13810	cyt_mrna__PARD6A_202_	1
observable_13811	cyt_mrna__TFB1M_201_	1
observable_13812	cyt_mrna__NSUN5_204_	1
observable_13813	cyt_mrna__UAP1L1_202_	1
observable_13814	cyt_mrna__EPS8L1_201_	1
observable_13815	cyt_mrna__CNIH3_201_	1
observable_13816	cyt_mrna__MON2_202_	1
observable_13817	cyt_mrna__ZBTB8OS_208_	1
observable_13818	cyt_mrna__TMEM209_201_	1
observable_13819	cyt_mrna__GOT2_201_	1
observable_13820	cyt_mrna__RNGTT_202_	1
observable_13821	cyt_mrna__CEP89_201_	1
observable_13822	cyt_mrna__RRP36_201_	1
observable_13823	cyt_mrna__RNF14_205_	1
observable_13824	cyt_mrna__RPL10A_201_	1
observable_13825	cyt_mrna__EXOC7_216_	1
observable_13826	cyt_mrna__PHLDB3_201_	1
observable_13827	cyt_mrna__RNF25_201_	1
observable_13828	cyt_mrna__PTGER4_201_	1
observable_13829	cyt_mrna__PON2_201_	1
observable_13830	cyt_mrna__NEK6_201_	1
observable_13831	cyt_mrna__RHOQ_201_	1
observable_13832	cyt_mrna__ARRB1_202_	1
observable_13833	cyt_mrna__ZMYM4_201_	1
observable_13834	cyt_mrna__OLFML3_201_	1
observable_13835	cyt_mrna__FAM3C_201_	1
observable_13836	cyt_mrna__CLOCK_211_	1
observable_13837	cyt_mrna__DAAM2_201_	1
observable_13838	cyt_mrna__FNBP1L_202_	1
observable_13839	cyt_mrna__FBXO11_202_	1
observable_13840	cyt_mrna__NFIC_203_	1
observable_13841	cyt_mrna__ZNF425_201_	1
observable_13842	cyt_mrna__UCP2_211_	1
observable_13843	cyt_mrna__CARHSP1_201_	1
observable_13844	cyt_mrna__SLC39A3_201_	1
observable_13845	cyt_mrna__SLC1A3_201_	1
observable_13846	cyt_mrna__CNIH4_205_	1
observable_13847	cyt_mrna__GSTA3_201_	1
observable_13848	cyt_mrna__PSMB4_201_	1
observable_13849	cyt_mrna__CCDC61_204_	1
observable_13850	cyt_mrna__ZDHHC7_201_	1
observable_13851	cyt_mrna__PPCS_203_	1
observable_13852	cyt_mrna__TTC1_201_	1
observable_13853	cyt_mrna__MMACHC_201_	1
observable_13854	cyt_mrna__KPNB1_201_	1
observable_13855	cyt_mrna__NUDT12_201_	1
observable_13856	cyt_mrna__SIGLEC11_203_	1
observable_13857	cyt_mrna__SLC30A9_201_	1
observable_13858	cyt_mrna__TRIM65_201_	1
observable_13859	cyt_mrna__NME5_201_	1
observable_13860	cyt_mrna__CCDC43_201_	1
observable_13861	cyt_mrna__KLHL5_204_	1
observable_13862	cyt_mrna__NT5C3B_203_	1
observable_13863	cyt_mrna__VPS41_202_	1
observable_13864	cyt_mrna__CAPNS1_201_	1
observable_13865	cyt_mrna__CCDC69_201_	1
observable_13866	cyt_mrna__PPP4C_201_	1
observable_13867	cyt_mrna__LIN7B_201_	1
observable_13868	cyt_mrna__NVL_201_	1
observable_13869	cyt_mrna__RPS14_203_	1
observable_13870	cyt_mrna__MOCS1_201_	1
observable_13871	cyt_mrna__EIF2B4_201_	1
observable_13872	cyt_mrna__ZNF333_201_	1
observable_13873	cyt_mrna__PAICS_207_	1
observable_13874	cyt_mrna__KHDC1_201_	1
observable_13875	cyt_mrna__PSMA5_201_	1
observable_13876	cyt_mrna__PI4K2B_201_	1
observable_13877	cyt_mrna__FABP1_201_	1
observable_13878	cyt_mrna__SH3TC2_215_	1
observable_13879	cyt_mrna__SMPD3_201_	1
observable_13880	cyt_mrna__APAF1_210_	1
observable_13881	cyt_mrna__TRIM38_201_	1
observable_13882	cyt_mrna__RPL5_202_	1
observable_13883	cyt_mrna__GYS1_202_	1
observable_13884	cyt_mrna__HTR1E_201_	1
observable_13885	cyt_mrna__CXXC5_201_	1
observable_13886	cyt_mrna__PRSS36_201_	1
observable_13887	cyt_mrna__GNPTAB_201_	1
observable_13888	cyt_mrna__MRTO4_201_	1
observable_13889	cyt_mrna__NPNT_202_	1
observable_13890	cyt_mrna__PCBP4_205_	1
observable_13891	cyt_mrna__ANKH_201_	1
observable_13892	cyt_mrna__STAT5A_209_	1
observable_13893	cyt_mrna__RASSF8_218_	1
observable_13894	cyt_mrna__CFI_201_	1
observable_13895	cyt_mrna__BCL2L12_201_	1
observable_13896	cyt_mrna__IRF8_201_	1
observable_13897	cyt_mrna__MSMO1_201_	1
observable_13898	cyt_mrna__DERA_201_	1
observable_13899	cyt_mrna__MTHFD2L_201_	1
observable_13900	cyt_mrna__ZSWIM7_201_	1
observable_13901	cyt_mrna__COL16A1_203_	1
observable_13902	cyt_mrna__STX18_201_	1
observable_13903	cyt_mrna__CCT5_201_	1
observable_13904	cyt_mrna__CDCA8_202_	1
observable_13905	cyt_mrna__CLGN_201_	1
observable_13906	cyt_mrna__EBF1_201_	1
observable_13907	cyt_mrna__RAET1G_201_	1
observable_13908	cyt_mrna__RFPL4B_201_	1
observable_13909	cyt_mrna__NSG1_211_	1
observable_13910	cyt_mrna__RANBP9_201_	1
observable_13911	cyt_mrna__TRMT10A_202_	1
observable_13912	cyt_mrna__APLP1_201_	1
observable_13913	cyt_mrna__HP_201_	1
observable_13914	cyt_mrna__PARD3_207_	1
observable_13915	cyt_mrna__GPAT3_201_	1
observable_13916	cyt_mrna__HNRNPA2B1_209_	1
observable_13917	cyt_mrna__CRELD1_206_	1
observable_13918	cyt_mrna__TAPT1_201_	1
observable_13919	cyt_mrna__TRMT1_202_	1
observable_13920	cyt_mrna__PAN2_203_	1
observable_13921	cyt_mrna__GLCCI1_201_	1
observable_13922	cyt_mrna__ABHD14A_201_	1
observable_13923	cyt_mrna__ITGAL_201_	1
observable_13924	cyt_mrna__MTOR_201_	1
observable_13925	cyt_mrna__AP2S1_201_	1
observable_13926	cyt_mrna__DENND2B_201_	1
observable_13927	cyt_mrna__SLC35E1_208_	1
observable_13928	cyt_mrna__ZNF467_201_	1
observable_13929	cyt_mrna__MIA_201_	1
observable_13930	cyt_mrna__TPSB2_201_	1
observable_13931	cyt_mrna__NHLH2_201_	1
observable_13932	cyt_mrna__ZNF420_202_	1
observable_13933	cyt_mrna__SH3BP2_206_	1
observable_13934	cyt_mrna__PRSS33_205_	1
observable_13935	cyt_mrna__UBE2T_205_	1
observable_13936	cyt_mrna__B4GALNT1_201_	1
observable_13937	cyt_mrna__EIF2A_203_	1
observable_13938	cyt_mrna__SIGLEC8_201_	1
observable_13939	cyt_mrna__ZNF614_201_	1
observable_13940	cyt_mrna__WIPI2_201_	1
observable_13941	cyt_mrna__PODXL2_201_	1
observable_13942	cyt_mrna__DHX32_201_	1
observable_13943	cyt_mrna__ZNF324_201_	1
observable_13944	cyt_mrna__FUT2_201_	1
observable_13945	cyt_mrna__FLOT2_202_	1
observable_13946	cyt_mrna__CCNC_210_	1
observable_13947	cyt_mrna__SRGAP2_203_	1
observable_13948	cyt_mrna__PPP3CA_203_	1
observable_13949	cyt_mrna__RSBN1_201_	1
observable_13950	cyt_mrna__GABRG1_201_	1
observable_13951	cyt_mrna__ITLN2_201_	1
observable_13952	cyt_mrna__SH3BGRL3_201_	1
observable_13953	cyt_mrna__CENPF_201_	1
observable_13954	cyt_mrna__KANK2_201_	1
observable_13955	cyt_mrna__FBLN2_203_	1
observable_13956	cyt_mrna__KATNB1_201_	1
observable_13957	cyt_mrna__SYF2_201_	1
observable_13958	cyt_mrna__TRDN_201_	1
observable_13959	cyt_mrna__MRPS21_202_	1
observable_13960	cyt_mrna__C1orf50_201_	1
observable_13961	cyt_mrna__TMED5_202_	1
observable_13962	cyt_mrna__TBC1D10B_201_	1
observable_13963	cyt_mrna__NSL1_202_	1
observable_13964	cyt_mrna__ATXN1L_201_	1
observable_13965	cyt_mrna__KLC3_201_	1
observable_13966	cyt_mrna__PGBD2_201_	1
observable_13967	cyt_mrna__KCTD5_201_	1
observable_13968	cyt_mrna__DRC3_202_	1
observable_13969	cyt_mrna__FOLH1_201_	1
observable_13970	cyt_mrna__KCNA4_201_	1
observable_13971	cyt_mrna__RPA2_203_	1
observable_13972	cyt_mrna__ZSCAN31_201_	1
observable_13973	cyt_mrna__FAM171A2_201_	1
observable_13974	cyt_mrna__NPM1_201_	1
observable_13975	cyt_mrna__TNFSF12_201_	1
observable_13976	cyt_mrna__PEX1_201_	1
observable_13977	cyt_mrna__PDSS2_202_	1
observable_13978	cyt_mrna__DTL_201_	1
observable_13979	cyt_mrna__MCM9_209_	1
observable_13980	cyt_mrna__LASP1_201_	1
observable_13981	cyt_mrna__REXO5_201_	1
observable_13982	cyt_mrna__ZNF789_201_	1
observable_13983	cyt_mrna__B4GALT4_202_	1
observable_13984	cyt_mrna__DDX6_206_	1
observable_13985	cyt_mrna__CEP162_202_	1
observable_13986	cyt_mrna__ENPP4_201_	1
observable_13987	cyt_mrna__MEFV_201_	1
observable_13988	cyt_mrna__PPP2R1A_201_	1
observable_13989	cyt_mrna__GUCY1A1_205_	1
observable_13990	cyt_mrna__PGLS_201_	1
observable_13991	cyt_mrna__ANXA11_203_	1
observable_13992	cyt_mrna__PAMR1_206_	1
observable_13993	cyt_mrna__NBEAL2_205_	1
observable_13994	cyt_mrna__TFB2M_201_	1
observable_13995	cyt_mrna__FAM72D_201_	1
observable_13996	cyt_mrna__ZNF3_202_	1
observable_13997	cyt_mrna__ATP6V0D1_201_	1
observable_13998	cyt_mrna__B3GAT3_201_	1
observable_13999	cyt_mrna__CREB3L3_201_	1
observable_14000	cyt_mrna__SEPTIN2_203_	1
observable_14001	cyt_mrna__CDKN1C_204_	1
observable_14002	cyt_mrna__ATAD3A_203_	1
observable_14003	cyt_mrna__ALDH18A1_202_	1
observable_14004	cyt_mrna__CAPS_203_	1
observable_14005	cyt_mrna__SNCA_205_	1
observable_14006	cyt_mrna__NNT_202_	1
observable_14007	cyt_mrna__ALDH3A1_201_	1
observable_14008	cyt_mrna__INTS1_201_	1
observable_14009	cyt_mrna__KRT19_201_	1
observable_14010	cyt_mrna__BASP1_201_	1
observable_14011	cyt_mrna__ADAM17_201_	1
observable_14012	cyt_mrna__PDCD4_201_	1
observable_14013	cyt_mrna__TSEN54_201_	1
observable_14014	cyt_mrna__PHGDH_208_	1
observable_14015	cyt_mrna__ZNF366_201_	1
observable_14016	cyt_mrna__RSPH10B_202_	1
observable_14017	cyt_mrna__ADGRE3_201_	1
observable_14018	cyt_mrna__TRAPPC11_201_	1
observable_14019	cyt_mrna__SAMD4B_212_	1
observable_14020	cyt_mrna__MPC2_201_	1
observable_14021	cyt_mrna__GOLT1A_201_	1
observable_14022	cyt_mrna__C1GALT1_204_	1
observable_14023	cyt_mrna__FMNL1_201_	1
observable_14024	cyt_mrna__ENOPH1_201_	1
observable_14025	cyt_mrna__WIF1_201_	1
observable_14026	cyt_mrna__TOB1_202_	1
observable_14027	cyt_mrna__UNC50_201_	1
observable_14028	cyt_mrna__PPAT_201_	1
observable_14029	cyt_mrna__NPRL3_211_	1
observable_14030	cyt_mrna__MSL1_202_	1
observable_14031	cyt_mrna__RPL13A_201_	1
observable_14032	cyt_mrna__POLK_201_	1
observable_14033	cyt_mrna__RASA4B_202_	1
observable_14034	cyt_mrna__SSBP3_216_	1
observable_14035	cyt_mrna__SPNS2_201_	1
observable_14036	cyt_mrna__EHMT2_203_	1
observable_14037	cyt_mrna__BMI1_201_	1
observable_14038	cyt_mrna__MYL5_201_	1
observable_14039	cyt_mrna__MARCHF2_201_	1
observable_14040	cyt_mrna__TFEC_201_	1
observable_14041	cyt_mrna__GABRB2_203_	1
observable_14042	cyt_mrna__MGMT_205_	1
observable_14043	cyt_mrna__MMP23B_201_	1
observable_14044	cyt_mrna__HOOK2_202_	1
observable_14045	cyt_mrna__RPS27_205_	1
observable_14046	cyt_mrna__GIPC2_201_	1
observable_14047	cyt_mrna__FANCE_201_	1
observable_14048	cyt_mrna__NUDT9_201_	1
observable_14049	cyt_mrna__TES_201_	1
observable_14050	cyt_mrna__BEND5_201_	1
observable_14051	cyt_mrna__CREBRF_201_	1
observable_14052	cyt_mrna__DPM3_203_	1
observable_14053	cyt_mrna__PPA1_202_	1
observable_14054	cyt_mrna__WDR59_201_	1
observable_14055	cyt_mrna__NUCKS1_201_	1
observable_14056	cyt_mrna__SDC3_202_	1
observable_14057	cyt_mrna__SLC49A3_201_	1
observable_14058	cyt_mrna__CREB5_201_	1
observable_14059	cyt_mrna__BBIP1_207_	1
observable_14060	cyt_mrna__NPIPA2_201_	1
observable_14061	cyt_mrna__IRF1_201_	1
observable_14062	cyt_mrna__LANCL2_201_	1
observable_14063	cyt_mrna__ZNF680_201_	1
observable_14064	cyt_mrna__CROCC_201_	1
observable_14065	cyt_mrna__ORAI2_207_	1
observable_14066	cyt_mrna__DR1_202_	1
observable_14067	cyt_mrna__IFT172_201_	1
observable_14068	cyt_mrna__WASF1_207_	1
observable_14069	cyt_mrna__HLA_DRB1_201_	1
observable_14070	cyt_mrna__NDST1_201_	1
observable_14071	cyt_mrna__DDX20_201_	1
observable_14072	cyt_mrna__VGLL2_201_	1
observable_14073	cyt_mrna__PFKP_203_	1
observable_14074	cyt_mrna__BAMBI_201_	1
observable_14075	cyt_mrna__ZNF25_201_	1
observable_14076	cyt_mrna__RABEP1_202_	1
observable_14077	cyt_mrna__GUSB_201_	1
observable_14078	cyt_mrna__OPALIN_201_	1
observable_14079	cyt_mrna__VCF1_202_	1
observable_14080	cyt_mrna__PPP6R1_201_	1
observable_14081	cyt_mrna__TRAF7_201_	1
observable_14082	cyt_mrna__SRR_201_	1
observable_14083	cyt_mrna__TNFAIP8L1_201_	1
observable_14084	cyt_mrna__FIRRM_202_	1
observable_14085	cyt_mrna__RAP1B_201_	1
observable_14086	cyt_mrna__COG1_201_	1
observable_14087	cyt_mrna__RNF166_201_	1
observable_14088	cyt_mrna__EVA1B_202_	1
observable_14089	cyt_mrna__NEBL_202_	1
observable_14090	cyt_mrna__PDE1C_205_	1
observable_14091	cyt_mrna__TSR1_201_	1
observable_14092	cyt_mrna__ACVR1_207_	1
observable_14093	cyt_mrna__TAPBPL_201_	1
observable_14094	cyt_mrna__SIGLEC10_201_	1
observable_14095	cyt_mrna__DENND10_201_	1
observable_14096	cyt_mrna__TP53I13_201_	1
observable_14097	cyt_mrna__E4F1_201_	1
observable_14098	cyt_mrna__PAOX_201_	1
observable_14099	cyt_mrna__CDK11A_208_	1
observable_14100	cyt_mrna__EEF2KMT_201_	1
observable_14101	cyt_mrna__METTL18_202_	1
observable_14102	cyt_mrna__SUOX_201_	1
observable_14103	cyt_mrna__SLC37A3_201_	1
observable_14104	cyt_mrna__SPATA17_201_	1
observable_14105	cyt_mrna__USP36_202_	1
observable_14106	cyt_mrna__FCGRT_201_	1
observable_14107	cyt_mrna__BAK1_201_	1
observable_14108	cyt_mrna__SGMS1_202_	1
observable_14109	cyt_mrna__LMO3_215_	1
observable_14110	cyt_mrna__OCIAD1_201_	1
observable_14111	cyt_mrna__C19orf25_203_	1
observable_14112	cyt_mrna__DNAJC1_202_	1
observable_14113	cyt_mrna__HMGA1_201_	1
observable_14114	cyt_mrna__RCAN3_202_	1
observable_14115	cyt_mrna__TOE1_201_	1
observable_14116	cyt_mrna__TLR6_202_	1
observable_14117	cyt_mrna__UBE2D2_201_	1
observable_14118	cyt_mrna__ZNF518B_201_	1
observable_14119	cyt_mrna__HPS1_203_	1
observable_14120	cyt_mrna__FKRP_201_	1
observable_14121	cyt_mrna__DDIT4L_201_	1
observable_14122	cyt_mrna__BCS1L_201_	1
observable_14123	cyt_mrna__SLC38A10_202_	1
observable_14124	cyt_mrna__LPCAT3_201_	1
observable_14125	cyt_mrna__PLVAP_201_	1
observable_14126	cyt_mrna__GPM6A_202_	1
observable_14127	cyt_mrna__RAD51C_201_	1
observable_14128	cyt_mrna__CLSPN_202_	1
observable_14129	cyt_mrna__NOSIP_204_	1
observable_14130	cyt_mrna__SLC16A3_213_	1
observable_14131	cyt_mrna__CFAP206_202_	1
observable_14132	cyt_mrna__PLEKHA5_203_	1
observable_14133	cyt_mrna__SOX13_203_	1
observable_14134	cyt_mrna__XPO1_201_	1
observable_14135	cyt_mrna__NFKB1_201_	1
observable_14136	cyt_mrna__TSTD1_204_	1
observable_14137	cyt_mrna__KIF17_203_	1
observable_14138	cyt_mrna__STYK1_201_	1
observable_14139	cyt_mrna__VAV1_210_	1
observable_14140	cyt_mrna__CEP350_202_	1
observable_14141	cyt_mrna__ASL_201_	1
observable_14142	cyt_mrna__PRIMPOL_201_	1
observable_14143	cyt_mrna__STPG1_202_	1
observable_14144	cyt_mrna__LGALS9_203_	1
observable_14145	cyt_mrna__PPP6R3_203_	1
observable_14146	cyt_mrna__EHBP1_209_	1
observable_14147	cyt_mrna__MED8_203_	1
observable_14148	cyt_mrna__TBC1D32_204_	1
observable_14149	cyt_mrna__COA7_201_	1
observable_14150	cyt_mrna__BAIAP3_204_	1
observable_14151	cyt_mrna__CLASRP_201_	1
observable_14152	cyt_mrna__PGAM5_203_	1
observable_14153	cyt_mrna__CNN3_201_	1
observable_14154	cyt_mrna__NOP14_203_	1
observable_14155	cyt_mrna__CTNNA1_201_	1
observable_14156	cyt_mrna__RRAS_201_	1
observable_14157	cyt_mrna__TLR2_203_	1
observable_14158	cyt_mrna__KLHL7_202_	1
observable_14159	cyt_mrna__MT3_201_	1
observable_14160	cyt_mrna__GRM3_201_	1
observable_14161	cyt_mrna__ZNF419_201_	1
observable_14162	cyt_mrna__NBPF12_202_	1
observable_14163	cyt_mrna__METTL26_201_	1
observable_14164	cyt_mrna__CNN1_201_	1
observable_14165	cyt_mrna__EXTL2_202_	1
observable_14166	cyt_mrna__YBX3_201_	1
observable_14167	cyt_mrna__SFTPA1_201_	1
observable_14168	cyt_mrna__MOB3A_201_	1
observable_14169	cyt_mrna__ORC5_201_	1
observable_14170	cyt_mrna__FUT6_202_	1
observable_14171	cyt_mrna__MAEA_202_	1
observable_14172	cyt_mrna__ANGPTL5_201_	1
observable_14173	cyt_mrna__TSR3_201_	1
observable_14174	cyt_mrna__RRAD_201_	1
observable_14175	cyt_mrna__CDH10_201_	1
observable_14176	cyt_mrna__FOXO3_202_	1
observable_14177	cyt_mrna__NT5C2_203_	1
observable_14178	cyt_mrna__B4GALT7_201_	1
observable_14179	cyt_mrna__SLC39A5_209_	1
observable_14180	cyt_mrna__TPMT_201_	1
observable_14181	cyt_mrna__PTPRU_202_	1
observable_14182	cyt_mrna__SULT1A4_201_	1
observable_14183	cyt_mrna__PGAP2_201_	1
observable_14184	cyt_mrna__SLF1_201_	1
observable_14185	cyt_mrna__TPM4_218_	1
observable_14186	cyt_mrna__E2F4_201_	1
observable_14187	cyt_mrna__GOPC_202_	1
observable_14188	cyt_mrna__FGF18_201_	1
observable_14189	cyt_mrna__FAU_207_	1
observable_14190	cyt_mrna__NELFA_202_	1
observable_14191	cyt_mrna__BCL2L14_203_	1
observable_14192	cyt_mrna__ATP6V0B_205_	1
observable_14193	cyt_mrna__MYEOV_202_	1
observable_14194	cyt_mrna__TIPRL_202_	1
observable_14195	cyt_mrna__NPR3_201_	1
observable_14196	cyt_mrna__ACD_212_	1
observable_14197	cyt_mrna__FASTKD3_201_	1
observable_14198	cyt_mrna__FAM114A1_201_	1
observable_14199	cyt_mrna__PMVK_201_	1
observable_14200	cyt_mrna__TCHP_202_	1
observable_14201	cyt_mrna__UCK2_201_	1
observable_14202	cyt_mrna__SULT1A1_201_	1
observable_14203	cyt_mrna__NAAA_201_	1
observable_14204	cyt_mrna__EVI5L_202_	1
observable_14205	cyt_mrna__SPAG9_201_	1
observable_14206	cyt_mrna__MICU1_201_	1
observable_14207	cyt_mrna__ATAD3B_206_	1
observable_14208	cyt_mrna__EGLN2_201_	1
observable_14209	cyt_mrna__CALHM2_201_	1
observable_14210	cyt_mrna__SLC38A7_201_	1
observable_14211	cyt_mrna__MAP7_201_	1
observable_14212	cyt_mrna__ZNF471_201_	1
observable_14213	cyt_mrna__ACOT7_201_	1
observable_14214	cyt_mrna__DMWD_201_	1
observable_14215	cyt_mrna__NAT14_201_	1
observable_14216	cyt_mrna__SF3B4_201_	1
observable_14217	cyt_mrna__ZNF761_206_	1
observable_14218	cyt_mrna__CFAP144_201_	1
observable_14219	cyt_mrna__INPP5F_221_	1
observable_14220	cyt_mrna__ECI1_201_	1
observable_14221	cyt_mrna__NRCAM_203_	1
observable_14222	cyt_mrna__GDPD5_201_	1
observable_14223	cyt_mrna__DNAJC21_210_	1
observable_14224	cyt_mrna__CAPN9_201_	1
observable_14225	cyt_mrna__ZNF771_201_	1
observable_14226	cyt_mrna__RASAL1_207_	1
observable_14227	cyt_mrna__CFAP300_201_	1
observable_14228	cyt_mrna__JMY_201_	1
observable_14229	cyt_mrna__ZNRF2_201_	1
observable_14230	cyt_mrna__RAB18_201_	1
observable_14231	cyt_mrna__NIT1_203_	1
observable_14232	cyt_mrna__STXBP5_201_	1
observable_14233	cyt_mrna__CRPPA_202_	1
observable_14234	cyt_mrna__BIRC3_201_	1
observable_14235	cyt_mrna__RASGEF1C_201_	1
observable_14236	cyt_mrna__GABRR1_203_	1
observable_14237	cyt_mrna__GTF2H5_201_	1
observable_14238	cyt_mrna__ADCK2_201_	1
observable_14239	cyt_mrna__TRPM4_201_	1
observable_14240	cyt_mrna__SENP1_204_	1
observable_14241	cyt_mrna__PIK3CG_205_	1
observable_14242	cyt_mrna__CD320_201_	1
observable_14243	cyt_mrna__OSBPL6_201_	1
observable_14244	cyt_mrna__TRIM4_201_	1
observable_14245	cyt_mrna__ZNF324B_201_	1
observable_14246	cyt_mrna__NFAT5_201_	1
observable_14247	cyt_mrna__AMBRA1_213_	1
observable_14248	cyt_mrna__RAB23_202_	1
observable_14249	cyt_mrna__ABCA8_208_	1
observable_14250	cyt_mrna__GPAM_201_	1
observable_14251	cyt_mrna__CYP4B1_203_	1
observable_14252	cyt_mrna__UBR2_202_	1
observable_14253	cyt_mrna__ZFYVE16_202_	1
observable_14254	cyt_mrna__ACKR3_201_	1
observable_14255	cyt_mrna__TLCD4_201_	1
observable_14256	cyt_mrna__P4HA3_201_	1
observable_14257	cyt_mrna__AMFR_201_	1
observable_14258	cyt_mrna__AP3M1_201_	1
observable_14259	cyt_mrna__SLC35C1_201_	1
observable_14260	cyt_mrna__ISL1_201_	1
observable_14261	cyt_mrna__ZNF554_201_	1
observable_14262	cyt_mrna__MARCHF10_201_	1
observable_14263	cyt_mrna__TCEA3_203_	1
observable_14264	cyt_mrna__KIAA0319_201_	1
observable_14265	cyt_mrna__GSN_207_	1
observable_14266	cyt_mrna__METTL22_202_	1
observable_14267	cyt_mrna__LPCAT1_201_	1
observable_14268	cyt_mrna__CNOT6_201_	1
observable_14269	cyt_mrna__CFAP119_206_	1
observable_14270	cyt_mrna__CCNL2_201_	1
observable_14271	cyt_mrna__FABP6_202_	1
observable_14272	cyt_mrna__ECSIT_202_	1
observable_14273	cyt_mrna__PPP2CA_203_	1
observable_14274	cyt_mrna__ANAPC15_201_	1
observable_14275	cyt_mrna__TMEM100_201_	1
observable_14276	cyt_mrna__COBLL1_225_	1
observable_14277	cyt_mrna__FBXW9_201_	1
observable_14278	cyt_mrna__DMTF1_201_	1
observable_14279	cyt_mrna__P4HB_201_	1
observable_14280	cyt_mrna__ATP2C2_201_	1
observable_14281	cyt_mrna__OTX1_201_	1
observable_14282	cyt_mrna__HSPA4_201_	1
observable_14283	cyt_mrna__HMG20B_202_	1
observable_14284	cyt_mrna__SENP6_205_	1
observable_14285	cyt_mrna__BICDL2_203_	1
observable_14286	cyt_mrna__EME1_201_	1
observable_14287	cyt_mrna__RAB14_201_	1
observable_14288	cyt_mrna__BORCS8_202_	1
observable_14289	cyt_mrna__H3_3B_201_	1
observable_14290	cyt_mrna__CDC5L_201_	1
observable_14291	cyt_mrna__STARD10_201_	1
observable_14292	cyt_mrna__USP39_201_	1
observable_14293	cyt_mrna__PACSIN1_201_	1
observable_14294	cyt_mrna__SLC38A1_201_	1
observable_14295	cyt_mrna__B3GNT2_201_	1
observable_14296	cyt_mrna__RASIP1_201_	1
observable_14297	cyt_mrna__PHIP_201_	1
observable_14298	cyt_mrna__MAN2A1_201_	1
observable_14299	cyt_mrna__SEMA3C_201_	1
observable_14300	cyt_mrna__BAG2_201_	1
observable_14301	cyt_mrna__SMG9_201_	1
observable_14302	cyt_mrna__KRT7_201_	1
observable_14303	cyt_mrna__PPM1B_201_	1
observable_14304	cyt_mrna__PHF10_201_	1
observable_14305	cyt_mrna__CDC37_201_	1
observable_14306	cyt_mrna__SLC30A5_202_	1
observable_14307	cyt_mrna__AARS2_201_	1
observable_14308	cyt_mrna__PIAS4_201_	1
observable_14309	cyt_mrna__RFFL_202_	1
observable_14310	cyt_mrna__ZBTB7A_201_	1
observable_14311	cyt_mrna__KCNK6_201_	1
observable_14312	cyt_mrna__SKP1_202_	1
observable_14313	cyt_mrna__IRAK4_212_	1
observable_14314	cyt_mrna__MLX_203_	1
observable_14315	cyt_mrna__DNAJC14_205_	1
observable_14316	cyt_mrna__KCNJ12_202_	1
observable_14317	cyt_mrna__R3HDM4_201_	1
observable_14318	cyt_mrna__LOXL3_201_	1
observable_14319	cyt_mrna__LCP2_201_	1
observable_14320	cyt_mrna__PDXDC1_201_	1
observable_14321	cyt_mrna__MARCHF3_201_	1
observable_14322	cyt_mrna__KLHDC3_202_	1
observable_14323	cyt_mrna__POPDC3_201_	1
observable_14324	cyt_mrna__CAPN13_201_	1
observable_14325	cyt_mrna__DOK1_201_	1
observable_14326	cyt_mrna__KLHL41_201_	1
observable_14327	cyt_mrna__PAK4_203_	1
observable_14328	cyt_mrna__MSH3_201_	1
observable_14329	cyt_mrna__PDPK1_202_	1
observable_14330	cyt_mrna__RPL6_201_	1
observable_14331	cyt_mrna__LRRFIP2_201_	1
observable_14332	cyt_mrna__COMMD3_201_	1
observable_14333	cyt_mrna__AXIN1_201_	1
observable_14334	cyt_mrna__ZNF765_201_	1
observable_14335	cyt_mrna__LYRM1_208_	1
observable_14336	cyt_mrna__ZNF345_202_	1
observable_14337	cyt_mrna__BZW1_203_	1
observable_14338	cyt_mrna__SNTB2_201_	1
observable_14339	cyt_mrna__LYG1_201_	1
observable_14340	cyt_mrna__CMC2_201_	1
observable_14341	cyt_mrna__SKIC3_201_	1
observable_14342	cyt_mrna__C1S_202_	1
observable_14343	cyt_mrna__FUCA2_201_	1
observable_14344	cyt_mrna__CDH8_203_	1
observable_14345	cyt_mrna__FCHSD1_201_	1
observable_14346	cyt_mrna__TSPAN14_207_	1
observable_14347	cyt_mrna__TMEM219_201_	1
observable_14348	cyt_mrna__MAN2B1_203_	1
observable_14349	cyt_mrna__FAM153A_235_	1
observable_14350	cyt_mrna__PLA2G12B_201_	1
observable_14351	cyt_mrna__GALNT10_201_	1
observable_14352	cyt_mrna__L3MBTL3_201_	1
observable_14353	cyt_mrna__UQCC2_204_	1
observable_14354	cyt_mrna__SSBP4_201_	1
observable_14355	cyt_mrna__ATG10_201_	1
observable_14356	cyt_mrna__ZNF821_202_	1
observable_14357	cyt_mrna__DDB1_201_	1
observable_14358	cyt_mrna__PSD2_201_	1
observable_14359	cyt_mrna__UBE2F_201_	1
observable_14360	cyt_mrna__ITGB4_201_	1
observable_14361	cyt_mrna__ZNF843_201_	1
observable_14362	cyt_mrna__OSR1_201_	1
observable_14363	cyt_mrna__FAM120B_201_	1
observable_14364	cyt_mrna__LYPD6_201_	1
observable_14365	cyt_mrna__RHOT2_201_	1
observable_14366	cyt_mrna__TSSC4_201_	1
observable_14367	cyt_mrna__GIT2_202_	1
observable_14368	cyt_mrna__TKFC_201_	1
observable_14369	cyt_mrna__ITGAX_201_	1
observable_14370	cyt_mrna__ANKRD27_201_	1
observable_14371	cyt_mrna__CSTF3_201_	1
observable_14372	cyt_mrna__HMGCR_201_	1
observable_14373	cyt_mrna__RBM5_201_	1
observable_14374	cyt_mrna__NUP88_207_	1
observable_14375	cyt_mrna__MRPL23_205_	1
observable_14376	cyt_mrna__SBK2_202_	1
observable_14377	cyt_mrna__DOCK7_219_	1
observable_14378	cyt_mrna__CNTNAP4_207_	1
observable_14379	cyt_mrna__ARCN1_201_	1
observable_14380	cyt_mrna__DHODH_201_	1
observable_14381	cyt_mrna__POMGNT2_201_	1
observable_14382	cyt_mrna__GBF1_201_	1
observable_14383	cyt_mrna__FRMD8_201_	1
observable_14384	cyt_mrna__ARHGAP45_201_	1
observable_14385	cyt_mrna__CBFB_202_	1
observable_14386	cyt_mrna__NME9_202_	1
observable_14387	cyt_mrna__ZDHHC5_201_	1
observable_14388	cyt_mrna__MSH2_201_	1
observable_14389	cyt_mrna__SYT3_206_	1
observable_14390	cyt_mrna__PHKG2_204_	1
observable_14391	cyt_mrna__BAD_201_	1
observable_14392	cyt_mrna__FSTL3_201_	1
observable_14393	cyt_mrna__KIF1C_201_	1
observable_14394	cyt_mrna__WDPCP_201_	1
observable_14395	cyt_mrna__STX10_204_	1
observable_14396	cyt_mrna__FYN_202_	1
observable_14397	cyt_mrna__KARS1_201_	1
observable_14398	cyt_mrna__CYB5R2_201_	1
observable_14399	cyt_mrna__VCL_201_	1
observable_14400	cyt_mrna__CAVIN3_201_	1
observable_14401	cyt_mrna__CALM2_201_	1
observable_14402	cyt_mrna__ANK2_202_	1
observable_14403	cyt_mrna__FGGY_201_	1
observable_14404	cyt_mrna__AKAP8L_201_	1
observable_14405	cyt_mrna__PYROXD2_201_	1
observable_14406	cyt_mrna__C6orf62_202_	1
observable_14407	cyt_mrna__GPR137_204_	1
observable_14408	cyt_mrna__ZC3H15_201_	1
observable_14409	cyt_mrna__ALDH3A2_201_	1
observable_14410	cyt_mrna__CAMK2N1_201_	1
observable_14411	cyt_mrna__EXO5_204_	1
observable_14412	cyt_mrna__ROBO4_201_	1
observable_14413	cyt_mrna__VSNL1_201_	1
observable_14414	cyt_mrna__PALMD_201_	1
observable_14415	cyt_mrna__CERS6_201_	1
observable_14416	cyt_mrna__A2M_201_	1
observable_14417	cyt_mrna__NAA40_202_	1
observable_14418	cyt_mrna__THNSL2_213_	1
observable_14419	cyt_mrna__GMEB1_203_	1
observable_14420	cyt_mrna__ASPSCR1_202_	1
observable_14421	cyt_mrna__IPCEF1_202_	1
observable_14422	cyt_mrna__ENPEP_201_	1
observable_14423	cyt_mrna__RAB3B_201_	1
observable_14424	cyt_mrna__GPR162_201_	1
observable_14425	cyt_mrna__WNT2B_202_	1
observable_14426	cyt_mrna__GMCL1_201_	1
observable_14427	cyt_mrna__PLEKHH3_204_	1
observable_14428	cyt_mrna__XPO6_201_	1
observable_14429	cyt_mrna__PRDM1_203_	1
observable_14430	cyt_mrna__CNNM3_201_	1
observable_14431	cyt_mrna__ZNF174_201_	1
observable_14432	cyt_mrna__ARID2_201_	1
observable_14433	cyt_mrna__TRADD_201_	1
observable_14434	cyt_mrna__CSRNP2_201_	1
observable_14435	cyt_mrna__INCA1_205_	1
observable_14436	cyt_mrna__MFSD10_202_	1
observable_14437	cyt_mrna__TNNT1_211_	1
observable_14438	cyt_mrna__MMP19_201_	1
observable_14439	cyt_mrna__SLC2A9_201_	1
observable_14440	cyt_mrna__ITIH4_201_	1
observable_14441	cyt_mrna__SLC4A10_206_	1
observable_14442	cyt_mrna__RPS6KA2_201_	1
observable_14443	cyt_mrna__CDHR5_203_	1
observable_14444	cyt_mrna__STRAP_202_	1
observable_14445	cyt_mrna__GPR182_201_	1
observable_14446	cyt_mrna__GMPR_201_	1
observable_14447	cyt_mrna__HSBP1_201_	1
observable_14448	cyt_mrna__PAF1_201_	1
observable_14449	cyt_mrna__RFC1_201_	1
observable_14450	cyt_mrna__NPY1R_201_	1
observable_14451	cyt_mrna__XRCC5_201_	1
observable_14452	cyt_mrna__PA2G4_201_	1
observable_14453	cyt_mrna__OSBPL11_201_	1
observable_14454	cyt_mrna__EDRF1_202_	1
observable_14455	cyt_mrna__DPH3_204_	1
observable_14456	cyt_mrna__TMEM135_201_	1
observable_14457	cyt_mrna__POLR2E_213_	1
observable_14458	cyt_mrna__BTNL9_201_	1
observable_14459	cyt_mrna__WDR43_202_	1
observable_14460	cyt_mrna__METTL15_204_	1
observable_14461	cyt_mrna__INTS11_208_	1
observable_14462	cyt_mrna__CCDC121_201_	1
observable_14463	cyt_mrna__LHFPL2_201_	1
observable_14464	cyt_mrna__NOC3L_201_	1
observable_14465	cyt_mrna__GRK4_203_	1
observable_14466	cyt_mrna__NUDCD2_201_	1
observable_14467	cyt_mrna__MYOZ1_201_	1
observable_14468	cyt_mrna__LIMA1_201_	1
observable_14469	cyt_mrna__NLRC5_229_	1
observable_14470	cyt_mrna__OXNAD1_201_	1
observable_14471	cyt_mrna__SULT1C2_201_	1
observable_14472	cyt_mrna__STX3_201_	1
observable_14473	cyt_mrna__FBXL8_201_	1
observable_14474	cyt_mrna__ZFYVE9_201_	1
observable_14475	cyt_mrna__FHIP1B_202_	1
observable_14476	cyt_mrna__ZNRF1_202_	1
observable_14477	cyt_mrna__SMC3_201_	1
observable_14478	cyt_mrna__POLR2G_201_	1
observable_14479	cyt_mrna__EEF1A1_201_	1
observable_14480	cyt_mrna__MCMBP_202_	1
observable_14481	cyt_mrna__LEMD2_201_	1
observable_14482	cyt_mrna__TBCK_204_	1
observable_14483	cyt_mrna__SENP2_201_	1
observable_14484	cyt_mrna__SLC25A28_201_	1
observable_14485	cyt_mrna__NUP155_201_	1
observable_14486	cyt_mrna__CAT_201_	1
observable_14487	cyt_mrna__NPY5R_201_	1
observable_14488	cyt_mrna__LIPH_201_	1
observable_14489	cyt_mrna__RIOK1_202_	1
observable_14490	cyt_mrna__ITGB1_201_	1
observable_14491	cyt_mrna__RIPK1_201_	1
observable_14492	cyt_mrna__APOD_201_	1
observable_14493	cyt_mrna__TP53_201_	1
observable_14494	cyt_mrna__NMU_201_	1
observable_14495	cyt_mrna__BRIX1_201_	1
observable_14496	cyt_mrna__DUSP3_201_	1
observable_14497	cyt_mrna__COPS7A_215_	1
observable_14498	cyt_mrna__UIMC1_212_	1
observable_14499	cyt_mrna__SLC25A16_207_	1
observable_14500	cyt_mrna__TOPBP1_201_	1
observable_14501	cyt_mrna__CERS4_201_	1
observable_14502	cyt_mrna__SGIP1_203_	1
observable_14503	cyt_mrna__UBA6_201_	1
observable_14504	cyt_mrna__ITGAE_201_	1
observable_14505	cyt_mrna__PBLD_204_	1
observable_14506	cyt_mrna__THBS4_201_	1
observable_14507	cyt_mrna__BHLHE41_201_	1
observable_14508	cyt_mrna__TMEM63B_202_	1
observable_14509	cyt_mrna__FBXO4_201_	1
observable_14510	cyt_mrna__UNC5A_201_	1
observable_14511	cyt_mrna__HNRNPA3_201_	1
observable_14512	cyt_mrna__TNFRSF1B_201_	1
observable_14513	cyt_mrna__KPNA5_202_	1
observable_14514	cyt_mrna__RAB5C_201_	1
observable_14515	cyt_mrna__HOMER1_202_	1
observable_14516	cyt_mrna__BMS1_201_	1
observable_14517	cyt_mrna__EMP3_201_	1
observable_14518	cyt_mrna__KLHL12_203_	1
observable_14519	cyt_mrna__ZNF565_201_	1
observable_14520	cyt_mrna__VPS35L_202_	1
observable_14521	cyt_mrna__FOXK2_201_	1
observable_14522	cyt_mrna__IL15_202_	1
observable_14523	cyt_mrna__LARS2_209_	1
observable_14524	cyt_mrna__MSTO1_201_	1
observable_14525	cyt_mrna__ST6GALNAC1_201_	1
observable_14526	cyt_mrna__PRPF18_202_	1
observable_14527	cyt_mrna__SPSB4_201_	1
observable_14528	cyt_mrna__CPSF3_201_	1
observable_14529	cyt_mrna__ACOX1_201_	1
observable_14530	cyt_mrna__SLC13A5_203_	1
observable_14531	cyt_mrna__NOMO1_201_	1
observable_14532	cyt_mrna__CFAP97_201_	1
observable_14533	cyt_mrna__CCDC102A_201_	1
observable_14534	cyt_mrna__RPL34_202_	1
observable_14535	cyt_mrna__MAP2K3_202_	1
observable_14536	cyt_mrna__PALLD_206_	1
observable_14537	cyt_mrna__AP3D1_213_	1
observable_14538	cyt_mrna__SLC2A5_202_	1
observable_14539	cyt_mrna__OGFOD3_201_	1
observable_14540	cyt_mrna__HHIP_201_	1
observable_14541	cyt_mrna__LARS1_201_	1
observable_14542	cyt_mrna__ITGA2B_201_	1
observable_14543	cyt_mrna__SPINT2_201_	1
observable_14544	cyt_mrna__CC2D1B_201_	1
observable_14545	cyt_mrna__ZNF146_201_	1
observable_14546	cyt_mrna__ZNF652_202_	1
observable_14547	cyt_mrna__ZNG1B_201_	1
observable_14548	cyt_mrna__ZNF17_201_	1
observable_14549	cyt_mrna__HK3_201_	1
observable_14550	cyt_mrna__SPAG7_201_	1
observable_14551	cyt_mrna__ACY1_215_	1
observable_14552	cyt_mrna__PALM_202_	1
observable_14553	cyt_mrna__HMGXB3_201_	1
observable_14554	cyt_mrna__KLHDC8A_201_	1
observable_14555	cyt_mrna__RASL10B_201_	1
observable_14556	cyt_mrna__DAW1_201_	1
observable_14557	cyt_mrna__CHD4_206_	1
observable_14558	cyt_mrna__RPL26L1_201_	1
observable_14559	cyt_mrna__HEXD_201_	1
observable_14560	cyt_mrna__SIGLEC7_202_	1
observable_14561	cyt_mrna__PDLIM5_201_	1
observable_14562	cyt_mrna__SLC29A1_206_	1
observable_14563	cyt_mrna__RTBDN_214_	1
observable_14564	cyt_mrna__ZNF585B_205_	1
observable_14565	cyt_mrna__CTBP2_203_	1
observable_14566	cyt_mrna__DHX34_201_	1
observable_14567	cyt_mrna__IL6ST_204_	1
observable_14568	cyt_mrna__FAM8A1_201_	1
observable_14569	cyt_mrna__GOLGA4_202_	1
observable_14570	cyt_mrna__NHERF2_201_	1
observable_14571	cyt_mrna__UCHL5_205_	1
observable_14572	cyt_mrna__ALDOC_201_	1
observable_14573	cyt_mrna__UGT2B4_201_	1
observable_14574	cyt_mrna__LTBR_201_	1
observable_14575	cyt_mrna__PDIK1L_201_	1
observable_14576	cyt_mrna__RAB40B_206_	1
observable_14577	cyt_mrna__LRRN2_203_	1
observable_14578	cyt_mrna__SH3PXD2B_201_	1
observable_14579	cyt_mrna__MVD_201_	1
observable_14580	cyt_mrna__HTRA3_201_	1
observable_14581	cyt_mrna__DRGX_201_	1
observable_14582	cyt_mrna__SLC2A13_201_	1
observable_14583	cyt_mrna__CYBC1_201_	1
observable_14584	cyt_mrna__DNAJB12_203_	1
observable_14585	cyt_mrna__CPLX2_202_	1
observable_14586	cyt_mrna__CARMIL1_201_	1
observable_14587	cyt_mrna__CLCC1_205_	1
observable_14588	cyt_mrna__LARP7_201_	1
observable_14589	cyt_mrna__ITGA8_201_	1
observable_14590	cyt_mrna__PLA2G15_201_	1
observable_14591	cyt_mrna__MRPL14_201_	1
observable_14592	cyt_mrna__CBLB_201_	1
observable_14593	cyt_mrna__C17orf75_201_	1
observable_14594	cyt_mrna__HNRNPH3_201_	1
observable_14595	cyt_mrna__USP15_201_	1
observable_14596	cyt_mrna__IGSF8_201_	1
observable_14597	cyt_mrna__NUBP1_201_	1
observable_14598	cyt_mrna__PNKP_201_	1
observable_14599	cyt_mrna__TPSAB1_201_	1
observable_14600	cyt_mrna__LIN54_201_	1
observable_14601	cyt_mrna__MAP1LC3B_201_	1
observable_14602	cyt_mrna__OGDHL_201_	1
observable_14603	cyt_mrna__AMY1B_201_	1
observable_14604	cyt_mrna__NR3C1_203_	1
observable_14605	cyt_mrna__DYNLL1_201_	1
observable_14606	cyt_mrna__TAFA2_201_	1
observable_14607	cyt_mrna__SPSB2_205_	1
observable_14608	cyt_mrna__C7_201_	1
observable_14609	cyt_mrna__AADAT_201_	1
observable_14610	cyt_mrna__SRSF9_201_	1
observable_14611	cyt_mrna__VIPR1_201_	1
observable_14612	cyt_mrna__MYF6_201_	1
observable_14613	cyt_mrna__ZCCHC10_207_	1
observable_14614	cyt_mrna__ZNF605_202_	1
observable_14615	cyt_mrna__KRT86_202_	1
observable_14616	cyt_mrna__METAP1_201_	1
observable_14617	cyt_mrna__ERCC2_204_	1
observable_14618	cyt_mrna__INPP5A_203_	1
observable_14619	cyt_mrna__TOM1L2_202_	1
observable_14620	cyt_mrna__SLC16A7_203_	1
observable_14621	cyt_mrna__GRAMD2B_201_	1
observable_14622	cyt_mrna__MFSD13A_201_	1
observable_14623	cyt_mrna__TSPAN31_201_	1
observable_14624	cyt_mrna__COQ9_201_	1
observable_14625	cyt_mrna__CYP4F2_202_	1
observable_14626	cyt_mrna__ANKRD26_201_	1
observable_14627	cyt_mrna__EMP1_201_	1
observable_14628	cyt_mrna__SNN_201_	1
observable_14629	cyt_mrna__FFAR3_201_	1
observable_14630	cyt_mrna__COP1_204_	1
observable_14631	cyt_mrna__CUTC_202_	1
observable_14632	cyt_mrna__SEPTIN8_207_	1
observable_14633	cyt_mrna__DUS1L_201_	1
observable_14634	cyt_mrna__CCNI2_201_	1
observable_14635	cyt_mrna__ZNF559_213_	1
observable_14636	cyt_mrna__CCDC91_205_	1
observable_14637	cyt_mrna__RUNDC3A_202_	1
observable_14638	cyt_mrna__CACNA1D_202_	1
observable_14639	cyt_mrna__TUBG1_201_	1
observable_14640	cyt_mrna__RGS11_204_	1
observable_14641	cyt_mrna__PLK2_201_	1
observable_14642	cyt_mrna__NUP133_201_	1
observable_14643	cyt_mrna__SAMD14_202_	1
observable_14644	cyt_mrna__ALDH16A1_201_	1
observable_14645	cyt_mrna__ZNF888_202_	1
observable_14646	cyt_mrna__ETF1_201_	1
observable_14647	cyt_mrna__MYL6_218_	1
observable_14648	cyt_mrna__C1QTNF1_206_	1
observable_14649	cyt_mrna__ZNF454_202_	1
observable_14650	cyt_mrna__EIF2B1_201_	1
observable_14651	cyt_mrna__KCTD15_213_	1
observable_14652	cyt_mrna__SULT1A3_201_	1
observable_14653	cyt_mrna__PIGR_201_	1
observable_14654	cyt_mrna__ZNF285_205_	1
observable_14655	cyt_mrna__LPAR3_201_	1
observable_14656	cyt_mrna__DNAAF8_201_	1
observable_14657	cyt_mrna__WIPF2_201_	1
observable_14658	cyt_mrna__PACRGL_208_	1
observable_14659	cyt_mrna__FKBP4_201_	1
observable_14660	cyt_mrna__SAE1_201_	1
observable_14661	cyt_mrna__OXCT1_201_	1
observable_14662	cyt_mrna__GLT1D1_204_	1
observable_14663	cyt_mrna__SREK1_202_	1
observable_14664	cyt_mrna__DVL2_201_	1
observable_14665	cyt_mrna__CTCF_201_	1
observable_14666	cyt_mrna__PIK3R2_201_	1
observable_14667	cyt_mrna__GPSM2_201_	1
observable_14668	cyt_mrna__FSD1_201_	1
observable_14669	cyt_mrna__PCCB_201_	1
observable_14670	cyt_mrna__USHBP1_201_	1
observable_14671	cyt_mrna__CEPT1_201_	1
observable_14672	cyt_mrna__PECAM1_203_	1
observable_14673	cyt_mrna__PRELP_201_	1
observable_14674	cyt_mrna__CFD_201_	1
observable_14675	cyt_mrna__MOBP_215_	1
observable_14676	cyt_mrna__TIMM50_219_	1
observable_14677	cyt_mrna__CTNND1_205_	1
observable_14678	cyt_mrna__NUP93_201_	1
observable_14679	cyt_mrna__ANXA5_201_	1
observable_14680	cyt_mrna__CEP85_202_	1
observable_14681	cyt_mrna__PPP2R3A_201_	1
observable_14682	cyt_mrna__HSD17B11_201_	1
observable_14683	cyt_mrna__CNEP1R1_202_	1
observable_14684	cyt_mrna__DMAP1_203_	1
observable_14685	cyt_mrna__WDR18_202_	1
observable_14686	cyt_mrna__DYNC1LI1_201_	1
observable_14687	cyt_mrna__DGKQ_201_	1
observable_14688	cyt_mrna__NSMCE1_201_	1
observable_14689	cyt_mrna__WASHC2C_209_	1
observable_14690	cyt_mrna__SMARCE1_202_	1
observable_14691	cyt_mrna__TOR1AIP2_206_	1
observable_14692	cyt_mrna__SNRK_201_	1
observable_14693	cyt_mrna__CDR2_201_	1
observable_14694	cyt_mrna__CCR3_202_	1
observable_14695	cyt_mrna__S100A4_204_	1
observable_14696	cyt_mrna__ZNF226_202_	1
observable_14697	cyt_mrna__GREM2_201_	1
observable_14698	cyt_mrna__LMLN_204_	1
observable_14699	cyt_mrna__REPS1_208_	1
observable_14700	cyt_mrna__STAT5B_201_	1
observable_14701	cyt_mrna__NOMO2_211_	1
observable_14702	cyt_mrna__PIK3R4_201_	1
observable_14703	cyt_mrna__FMO5_201_	1
observable_14704	cyt_mrna__RPUSD3_201_	1
observable_14705	cyt_mrna__KATNA1_203_	1
observable_14706	cyt_mrna__EXOC1_203_	1
observable_14707	cyt_mrna__PTPRE_201_	1
observable_14708	cyt_mrna__MTHFD1L_203_	1
observable_14709	cyt_mrna__RARA_201_	1
observable_14710	cyt_mrna__SLC39A12_201_	1
observable_14711	cyt_mrna__TBC1D9_201_	1
observable_14712	cyt_mrna__ATP11B_201_	1
observable_14713	cyt_mrna__HIF1AN_201_	1
observable_14714	cyt_mrna__PI16_201_	1
observable_14715	cyt_mrna__DGKE_201_	1
observable_14716	cyt_mrna__SSX2IP_201_	1
observable_14717	cyt_mrna__STX8_201_	1
observable_14718	cyt_mrna__CCDC13_201_	1
observable_14719	cyt_mrna__TUBGCP2_201_	1
observable_14720	cyt_mrna__PAPSS1_201_	1
observable_14721	cyt_mrna__PEX5_221_	1
observable_14722	cyt_mrna__SLFN11_214_	1
observable_14723	cyt_mrna__RASSF1_203_	1
observable_14724	cyt_mrna__GP9_201_	1
observable_14725	cyt_mrna__ANKS1A_201_	1
observable_14726	cyt_mrna__ARHGAP22_201_	1
observable_14727	cyt_mrna__ATL3_201_	1
observable_14728	cyt_mrna__COPE_201_	1
observable_14729	cyt_mrna__RUFY2_213_	1
observable_14730	cyt_mrna__RDX_219_	1
observable_14731	cyt_mrna__CYP4F12_215_	1
observable_14732	cyt_mrna__DHX30_205_	1
observable_14733	cyt_mrna__ZNF511_202_	1
observable_14734	cyt_mrna__MKX_202_	1
observable_14735	cyt_mrna__IER2_201_	1
observable_14736	cyt_mrna__QRFPR_202_	1
observable_14737	cyt_mrna__TMEM91_203_	1
observable_14738	cyt_mrna__CORO1C_201_	1
observable_14739	cyt_mrna__NDRG4_255_	1
observable_14740	cyt_mrna__AP1AR_201_	1
observable_14741	cyt_mrna__YME1L1_202_	1
observable_14742	cyt_mrna__ALG1_201_	1
observable_14743	cyt_mrna__PIK3CB_212_	1
observable_14744	cyt_mrna__SMIM8_204_	1
observable_14745	cyt_mrna__C16orf54_201_	1
observable_14746	cyt_mrna__MYBPC2_201_	1
observable_14747	cyt_mrna__CEP20_201_	1
observable_14748	cyt_mrna__MASTL_202_	1
observable_14749	cyt_mrna__ELN_201_	1
observable_14750	cyt_mrna__ENO4_201_	1
observable_14751	cyt_mrna__RUSF1_201_	1
observable_14752	cyt_mrna__DYDC2_201_	1
observable_14753	cyt_mrna__SLC43A3_203_	1
observable_14754	cyt_mrna__ADGRG6_204_	1
observable_14755	cyt_mrna__TMCC1_201_	1
observable_14756	cyt_mrna__CD3G_206_	1
observable_14757	cyt_mrna__UPF2_202_	1
observable_14758	cyt_mrna__HOGA1_202_	1
observable_14759	cyt_mrna__SCGN_201_	1
observable_14760	cyt_mrna__PRMT1_202_	1
observable_14761	cyt_mrna__PIK3CA_201_	1
observable_14762	cyt_mrna__LARP4_203_	1
observable_14763	cyt_mrna__C6orf136_214_	1
observable_14764	cyt_mrna__SCNN1B_202_	1
observable_14765	cyt_mrna__TGFB1_201_	1
observable_14766	cyt_mrna__KHDRBS2_201_	1
observable_14767	cyt_mrna__CCDC51_201_	1
observable_14768	cyt_mrna__HRC_201_	1
observable_14769	cyt_mrna__PDS5A_201_	1
observable_14770	cyt_mrna__CAP1_206_	1
observable_14771	cyt_mrna__ZNF649_201_	1
observable_14772	cyt_mrna__CLPB_208_	1
observable_14773	cyt_mrna__SEC23IP_201_	1
observable_14774	cyt_mrna__EIF3CL_201_	1
observable_14775	cyt_mrna__RPAIN_203_	1
observable_14776	cyt_mrna__RCC1L_201_	1
observable_14777	cyt_mrna__ANKRD24_202_	1
observable_14778	cyt_mrna__RNF41_201_	1
observable_14779	cyt_mrna__HGD_201_	1
observable_14780	cyt_mrna__GNA12_201_	1
observable_14781	cyt_mrna__BIN1_202_	1
observable_14782	cyt_mrna__USP53_211_	1
observable_14783	cyt_mrna__SCPEP1_201_	1
observable_14784	cyt_mrna__PGCKA1_202_	1
observable_14785	cyt_mrna__SLC29A4_202_	1
observable_14786	cyt_mrna__IFT140_203_	1
observable_14787	cyt_mrna__CORO1B_201_	1
observable_14788	cyt_mrna__MELTF_201_	1
observable_14789	cyt_mrna__PAFAH2_201_	1
observable_14790	cyt_mrna__SLC13A1_201_	1
observable_14791	cyt_mrna__PTGES3_201_	1
observable_14792	cyt_mrna__AMZ2_202_	1
observable_14793	cyt_mrna__HDGFL2_208_	1
observable_14794	cyt_mrna__MRAP2_201_	1
observable_14795	cyt_mrna__ZNF641_205_	1
observable_14796	cyt_mrna__SLC9B2_202_	1
observable_14797	cyt_mrna__GET4_201_	1
observable_14798	cyt_mrna__TSPAN18_207_	1
observable_14799	cyt_mrna__BACH2_201_	1
observable_14800	cyt_mrna__SIGLEC9_201_	1
observable_14801	cyt_mrna__AMZ1_207_	1
observable_14802	cyt_mrna__PLIN4_201_	1
observable_14803	cyt_mrna__GIMAP8_201_	1
observable_14804	cyt_mrna__ASRGL1_202_	1
observable_14805	cyt_mrna__NABP2_201_	1
observable_14806	cyt_mrna__ZNF709_201_	1
observable_14807	cyt_mrna__SMARCD2_203_	1
observable_14808	cyt_mrna__ZNF497_201_	1
observable_14809	cyt_mrna__HK1_202_	1
observable_14810	cyt_mrna__IGFLR1_201_	1
observable_14811	cyt_mrna__GARS1_201_	1
observable_14812	cyt_mrna__JHY_201_	1
observable_14813	cyt_mrna__SMARCAD1_201_	1
observable_14814	cyt_mrna__PDGFD_202_	1
observable_14815	cyt_mrna__BRPF3_202_	1
observable_14816	cyt_mrna__HYAL4_201_	1
observable_14817	cyt_mrna__ZNF227_201_	1
observable_14818	cyt_mrna__NOSTRIN_201_	1
observable_14819	cyt_mrna__FIS1_201_	1
observable_14820	cyt_mrna__CNTN1_208_	1
observable_14821	cyt_mrna__TELO2_201_	1
observable_14822	cyt_mrna__NUP42_201_	1
observable_14823	cyt_mrna__TSEN34_203_	1
observable_14824	cyt_mrna__PPM1G_201_	1
observable_14825	cyt_mrna__TP53I11_208_	1
observable_14826	cyt_mrna__CDK18_203_	1
observable_14827	cyt_mrna__SCIN_201_	1
observable_14828	cyt_mrna__NETO2_202_	1
observable_14829	cyt_mrna__GIMAP7_201_	1
observable_14830	cyt_mrna__SGCA_201_	1
observable_14831	cyt_mrna__STEAP1_201_	1
observable_14832	cyt_mrna__SEPTIN10_202_	1
observable_14833	cyt_mrna__N4BP1_201_	1
observable_14834	cyt_mrna__F11R_202_	1
observable_14835	cyt_mrna__CUL2_203_	1
observable_14836	cyt_mrna__ADGRF5_202_	1
observable_14837	cyt_mrna__SLC39A11_201_	1
observable_14838	cyt_mrna__PIP5K1C_201_	1
observable_14839	cyt_mrna__VPS9D1_201_	1
observable_14840	cyt_mrna__ANAPC4_201_	1
observable_14841	cyt_mrna__MBOAT1_201_	1
observable_14842	cyt_mrna__TRMT1L_201_	1
observable_14843	cyt_mrna__NUPR1_201_	1
observable_14844	cyt_mrna__ADAM11_201_	1
observable_14845	cyt_mrna__SP110_201_	1
observable_14846	cyt_mrna__DHCR7_201_	1
observable_14847	cyt_mrna__RNF123_201_	1
observable_14848	cyt_mrna__CALU_201_	1
observable_14849	cyt_mrna__HSF4_215_	1
observable_14850	cyt_mrna__ECHS1_201_	1
observable_14851	cyt_mrna__BCKDHA_201_	1
observable_14852	cyt_mrna__TRAF5_201_	1
observable_14853	cyt_mrna__ING5_201_	1
observable_14854	cyt_mrna__KLK12_208_	1
observable_14855	cyt_mrna__PCGF6_202_	1
observable_14856	cyt_mrna__C2orf88_201_	1
observable_14857	cyt_mrna__PLK3_201_	1
observable_14858	cyt_mrna__PLXDC2_203_	1
observable_14859	cyt_mrna__CEP112_203_	1
observable_14860	cyt_mrna__SLC7A6_201_	1
observable_14861	cyt_mrna__SPN_206_	1
observable_14862	cyt_mrna__TIGD7_201_	1
observable_14863	cyt_mrna__GSTM2_201_	1
observable_14864	cyt_mrna__AKR1C1_202_	1
observable_14865	cyt_mrna__HOXB6_201_	1
observable_14866	cyt_mrna__EEF2_201_	1
observable_14867	cyt_mrna__MLKL_202_	1
observable_14868	cyt_mrna__DFFA_202_	1
observable_14869	cyt_mrna__DOC2B_203_	1
observable_14870	cyt_mrna__IMPDH1_201_	1
observable_14871	cyt_mrna__VPS8_227_	1
observable_14872	cyt_mrna__JSRP1_201_	1
observable_14873	cyt_mrna__DNAAF1_201_	1
observable_14874	cyt_mrna__STN1_201_	1
observable_14875	cyt_mrna__LAD1_202_	1
observable_14876	cyt_mrna__USP22_201_	1
observable_14877	cyt_mrna__CNNM2_202_	1
observable_14878	cyt_mrna__ZNF667_202_	1
observable_14879	cyt_mrna__ZNF655_201_	1
observable_14880	cyt_mrna__TBC1D12_201_	1
observable_14881	cyt_mrna__RASGRP2_211_	1
observable_14882	cyt_mrna__FAM200A_202_	1
observable_14883	cyt_mrna__PRRG2_201_	1
observable_14884	cyt_mrna__CFLAR_201_	1
observable_14885	cyt_mrna__THY1_201_	1
observable_14886	cyt_mrna__RCOR3_203_	1
observable_14887	cyt_mrna__COPS6_201_	1
observable_14888	cyt_mrna__CLK1_201_	1
observable_14889	cyt_mrna__SLC45A3_201_	1
observable_14890	cyt_mrna__KLF7_201_	1
observable_14891	cyt_mrna__SCRN1_201_	1
observable_14892	cyt_mrna__CXCR2_201_	1
observable_14893	cyt_mrna__KDM2A_210_	1
observable_14894	cyt_mrna__TSEN15_216_	1
observable_14895	cyt_mrna__DYNLT4_201_	1
observable_14896	cyt_mrna__ACAA1_202_	1
observable_14897	cyt_mrna__SPATA20_201_	1
observable_14898	cyt_mrna__RNF2_202_	1
observable_14899	cyt_mrna__RARG_203_	1
observable_14900	cyt_mrna__FSTL1_201_	1
observable_14901	cyt_mrna__NOD1_201_	1
observable_14902	cyt_mrna__PROM1_201_	1
observable_14903	cyt_mrna__MTNAP1_205_	1
observable_14904	cyt_mrna__CLEC4D_201_	1
observable_14905	cyt_mrna__CLNS1A_204_	1
observable_14906	cyt_mrna__RPN1_201_	1
observable_14907	cyt_mrna__ADIPOR1_201_	1
observable_14908	cyt_mrna__MAFG_201_	1
observable_14909	cyt_mrna__RFX4_203_	1
observable_14910	cyt_mrna__HIBADH_201_	1
observable_14911	cyt_mrna__NR1H2_201_	1
observable_14912	cyt_mrna__KANSL3_206_	1
observable_14913	cyt_mrna__PDGFA_203_	1
observable_14914	cyt_mrna__ZNF117_201_	1
observable_14915	cyt_mrna__NKIRAS2_206_	1
observable_14916	cyt_mrna__GMPPB_202_	1
observable_14917	cyt_mrna__ZNF429_201_	1
observable_14918	cyt_mrna__TMEM235_201_	1
observable_14919	cyt_mrna__MFSD2A_202_	1
observable_14920	cyt_mrna__CIAO1_203_	1
observable_14921	cyt_mrna__RSPH10B2_203_	1
observable_14922	cyt_mrna__RPL28_201_	1
observable_14923	cyt_mrna__PTGIR_201_	1
observable_14924	cyt_mrna__TMEM144_201_	1
observable_14925	cyt_mrna__ZNF491_201_	1
observable_14926	cyt_mrna__LNPK_201_	1
observable_14927	cyt_mrna__MGST2_201_	1
observable_14928	cyt_mrna__ACE_202_	1
observable_14929	cyt_mrna__NAPSA_201_	1
observable_14930	cyt_mrna__MMS19_209_	1
observable_14931	cyt_mrna__MINDY1_206_	1
observable_14932	cyt_mrna__IGF2BP2_202_	1
observable_14933	cyt_mrna__CYP2A7_202_	1
observable_14934	cyt_mrna__FAM131C_201_	1
observable_14935	cyt_mrna__ZNF512_201_	1
observable_14936	cyt_mrna__TMEM238_201_	1
observable_14937	cyt_mrna__ADM5_201_	1
observable_14938	cyt_mrna__CCM2_201_	1
observable_14939	cyt_mrna__MAP3K8_201_	1
observable_14940	cyt_mrna__PAK1_202_	1
observable_14941	cyt_mrna__HOXA3_206_	1
observable_14942	cyt_mrna__MALSU1_202_	1
observable_14943	cyt_mrna__TUFT1_202_	1
observable_14944	cyt_mrna__ACHE_201_	1
observable_14945	cyt_mrna__IDE_201_	1
observable_14946	cyt_mrna__MYO9B_220_	1
observable_14947	cyt_mrna__SLC35F2_204_	1
observable_14948	cyt_mrna__GSTM4_203_	1
observable_14949	cyt_mrna__APBB2_214_	1
observable_14950	cyt_mrna__TSKU_201_	1
observable_14951	cyt_mrna__ADCY3_213_	1
observable_14952	cyt_mrna__ST6GAL1_201_	1
observable_14953	cyt_mrna__APOC2_201_	1
observable_14954	cyt_mrna__TPK1_201_	1
observable_14955	cyt_mrna__ERLIN1_203_	1
observable_14956	cyt_mrna__P2RY12_201_	1
observable_14957	cyt_mrna__ZNHIT1_201_	1
observable_14958	cyt_mrna__PTPN5_201_	1
observable_14959	cyt_mrna__AFG2A_201_	1
observable_14960	cyt_mrna__MCRIP1_201_	1
observable_14961	cyt_mrna__CCDC191_201_	1
observable_14962	cyt_mrna__OS9_202_	1
observable_14963	cyt_mrna__FAM111A_213_	1
observable_14964	cyt_mrna__DEDD_202_	1
observable_14965	cyt_mrna__MUSTN1_201_	1
observable_14966	cyt_mrna__FCSK_201_	1
observable_14967	cyt_mrna__TMEM39A_201_	1
observable_14968	cyt_mrna__NDEL1_201_	1
observable_14969	cyt_mrna__PIH1D2_201_	1
observable_14970	cyt_mrna__MAP1LC3C_201_	1
observable_14971	cyt_mrna__ZNF672_201_	1
observable_14972	cyt_mrna__DDX21_201_	1
observable_14973	cyt_mrna__GUCY1B1_201_	1
observable_14974	cyt_mrna__TRIM5_202_	1
observable_14975	cyt_mrna__OAT_201_	1
observable_14976	cyt_mrna__EPB41L2_201_	1
observable_14977	cyt_mrna__TMEM176B_201_	1
observable_14978	cyt_mrna__BMAL2_202_	1
observable_14979	cyt_mrna__ACTR1A_201_	1
observable_14980	cyt_mrna__PMP22_201_	1
observable_14981	cyt_mrna__LIG1_201_	1
observable_14982	cyt_mrna__NUDT13_202_	1
observable_14983	cyt_mrna__TAF1C_216_	1
observable_14984	cyt_mrna__MITF_203_	1
observable_14985	cyt_mrna__TMEM131L_203_	1
observable_14986	cyt_mrna__NCOA7_203_	1
observable_14987	cyt_mrna__LGALS3BP_201_	1
observable_14988	cyt_mrna__ZNF155_201_	1
observable_14989	cyt_mrna__GDI2_203_	1
observable_14990	cyt_mrna__FXYD7_201_	1
observable_14991	cyt_mrna__LMBR1_201_	1
observable_14992	cyt_mrna__KPTN_201_	1
observable_14993	cyt_mrna__PLEKHA6_201_	1
observable_14994	cyt_mrna__NMRK2_201_	1
observable_14995	cyt_mrna__BMAL1_203_	1
observable_14996	cyt_mrna__EPS8_201_	1
observable_14997	cyt_mrna__PLCD1_201_	1
observable_14998	cyt_mrna__ZNF566_205_	1
observable_14999	cyt_mrna__CASP3_201_	1
observable_15000	cyt_mrna__MZT2B_201_	1
observable_15001	cyt_mrna__TJAP1_204_	1
observable_15002	cyt_mrna__RPL37A_210_	1
observable_15003	cyt_mrna__KAT2B_201_	1
observable_15004	cyt_mrna__CYP1B1_205_	1
observable_15005	cyt_mrna__ACTRT3_201_	1
observable_15006	cyt_mrna__ZFP36L2_201_	1
observable_15007	cyt_mrna__IRF5_201_	1
observable_15008	cyt_mrna__PCGF1_201_	1
observable_15009	cyt_mrna__ITIH3_202_	1
observable_15010	cyt_mrna__TRMT61B_201_	1
observable_15011	cyt_mrna__RAB35_201_	1
observable_15012	cyt_mrna__USH1C_201_	1
observable_15013	cyt_mrna__LPAR5_201_	1
observable_15014	cyt_mrna__RFX5_215_	1
observable_15015	cyt_mrna__ZNF84_208_	1
observable_15016	cyt_mrna__TRIM22_201_	1
observable_15017	cyt_mrna__OTUB1_208_	1
observable_15018	cyt_mrna__GPS1_208_	1
observable_15019	cyt_mrna__PFKFB4_201_	1
observable_15020	cyt_mrna__STK38L_201_	1
observable_15021	cyt_mrna__KCNJ5_202_	1
observable_15022	cyt_mrna__AMOTL1_203_	1
observable_15023	cyt_mrna__MSLN_202_	1
observable_15024	cyt_mrna__SLC35B1_201_	1
observable_15025	cyt_mrna__MCAM_201_	1
observable_15026	cyt_mrna__DNAJB6_201_	1
observable_15027	cyt_mrna__ERCC1_202_	1
observable_15028	cyt_mrna__REV1_201_	1
observable_15029	cyt_mrna__MTO1_212_	1
observable_15030	cyt_mrna__RPSA_201_	1
observable_15031	cyt_mrna__LIMD2_201_	1
observable_15032	cyt_mrna__CD163_203_	1
observable_15033	cyt_mrna__ARMC7_201_	1
observable_15034	cyt_mrna__RUNDC1_201_	1
observable_15035	cyt_mrna__CEP164_201_	1
observable_15036	cyt_mrna__METTL24_201_	1
observable_15037	cyt_mrna__CLDN18_201_	1
observable_15038	cyt_mrna__PI4KB_202_	1
observable_15039	cyt_mrna__B4GALNT2_202_	1
observable_15040	cyt_mrna__TMEM176A_201_	1
observable_15041	cyt_mrna__THBS2_206_	1
observable_15042	cyt_mrna__VPS54_201_	1
observable_15043	cyt_mrna__PLOD2_201_	1
observable_15044	cyt_mrna__ATP5MF_201_	1
observable_15045	cyt_mrna__UBR3_201_	1
observable_15046	cyt_mrna__LMF1_201_	1
observable_15047	cyt_mrna__PREP_203_	1
observable_15048	cyt_mrna__NCAPD3_212_	1
observable_15049	cyt_mrna__GAS8_201_	1
observable_15050	cyt_mrna__WDR91_201_	1
observable_15051	cyt_mrna__KCNK17_201_	1
observable_15052	cyt_mrna__ANAPC11_201_	1
observable_15053	cyt_mrna__MGST1_205_	1
observable_15054	cyt_mrna__LTBP4_205_	1
observable_15055	cyt_mrna__PRSS8_201_	1
observable_15056	cyt_mrna__FILIP1_201_	1
observable_15057	cyt_mrna__SSTR5_202_	1
observable_15058	cyt_mrna__TRIM50_201_	1
observable_15059	cyt_mrna__LRRC32_201_	1
observable_15060	cyt_mrna__PEX6_202_	1
observable_15061	cyt_mrna__ZMYND11_203_	1
observable_15062	cyt_mrna__NT5C_201_	1
observable_15063	cyt_mrna__WDR74_201_	1
observable_15064	cyt_mrna__PPAN_201_	1
observable_15065	cyt_mrna__SERPINB9_201_	1
observable_15066	cyt_mrna__ZNF527_202_	1
observable_15067	cyt_mrna__VPS26B_201_	1
observable_15068	cyt_mrna__ZNF787_203_	1
observable_15069	cyt_mrna__RCOR2_201_	1
observable_15070	cyt_mrna__B4GALNT4_201_	1
observable_15071	cyt_mrna__STK38_201_	1
observable_15072	cyt_mrna__PDCD10_201_	1
observable_15073	cyt_mrna__CLIP4_201_	1
observable_15074	cyt_mrna__CASP5_201_	1
observable_15075	cyt_mrna__GPR108_201_	1
observable_15076	cyt_mrna__SLC12A4_201_	1
observable_15077	cyt_mrna__DNAJB11_201_	1
observable_15078	cyt_mrna__ZNF583_202_	1
observable_15079	cyt_mrna__MYO18A_203_	1
observable_15080	cyt_mrna__RAD18_201_	1
observable_15081	cyt_mrna__ADIPOQ_201_	1
observable_15082	cyt_mrna__KCNN4_209_	1
observable_15083	cyt_mrna__EXT2_208_	1
observable_15084	cyt_mrna__VTN_201_	1
observable_15085	cyt_mrna__NCEH1_204_	1
observable_15086	cyt_mrna__GALNT18_201_	1
observable_15087	cyt_mrna__CLPTM1_201_	1
observable_15088	cyt_mrna__PIGS_202_	1
observable_15089	cyt_mrna__ZNF444_201_	1
observable_15090	cyt_mrna__SP140_203_	1
observable_15091	cyt_mrna__HMOX2_208_	1
observable_15092	cyt_mrna__CKM_201_	1
observable_15093	cyt_mrna__DHX58_201_	1
observable_15094	cyt_mrna__PDIA2_201_	1
observable_15095	cyt_mrna__PGLYRP2_202_	1
observable_15096	cyt_mrna__ZKSCAN2_201_	1
observable_15097	cyt_mrna__DCAF6_202_	1
observable_15098	cyt_mrna__C2CD5_203_	1
observable_15099	cyt_mrna__ABCC5_202_	1
observable_15100	cyt_mrna__MMADHC_201_	1
observable_15101	cyt_mrna__TBC1D24_210_	1
observable_15102	cyt_mrna__ARRDC2_201_	1
observable_15103	cyt_mrna__DKK3_217_	1
observable_15104	cyt_mrna__PAQR7_202_	1
observable_15105	cyt_mrna__DCP1A_206_	1
observable_15106	cyt_mrna__MAPKAPK2_202_	1
observable_15107	cyt_mrna__RMDN2_202_	1
observable_15108	cyt_mrna__SLC35G2_202_	1
observable_15109	cyt_mrna__CLEC7A_202_	1
observable_15110	cyt_mrna__RNF103_201_	1
observable_15111	cyt_mrna__TAF6L_201_	1
observable_15112	cyt_mrna__TGFB1I1_203_	1
observable_15113	cyt_mrna__ARHGEF16_203_	1
observable_15114	cyt_mrna__MICAL1_202_	1
observable_15115	cyt_mrna__FBXO3_201_	1
observable_15116	cyt_mrna__HDAC1_201_	1
observable_15117	cyt_mrna__STAT2_201_	1
observable_15118	cyt_mrna__EIF4A2_201_	1
observable_15119	cyt_mrna__SPSB3_208_	1
observable_15120	cyt_mrna__ZDHHC14_203_	1
observable_15121	cyt_mrna__LTV1_201_	1
observable_15122	cyt_mrna__FARP2_201_	1
observable_15123	cyt_mrna__MTCH1_202_	1
observable_15124	cyt_mrna__BCO2_201_	1
observable_15125	cyt_mrna__EMG1_202_	1
observable_15126	cyt_mrna__UAP1_201_	1
observable_15127	cyt_mrna__ADCY6_202_	1
observable_15128	cyt_mrna__SSB_201_	1
observable_15129	cyt_mrna__JMJD8_215_	1
observable_15130	cyt_mrna__TCF19_202_	1
observable_15131	cyt_mrna__COPS3_201_	1
observable_15132	cyt_mrna__GORASP1_201_	1
observable_15133	cyt_mrna__ARMH1_219_	1
observable_15134	cyt_mrna__B3GNT5_201_	1
observable_15135	cyt_mrna__ESPL1_201_	1
observable_15136	cyt_mrna__STARD7_201_	1
observable_15137	cyt_mrna__STUB1_201_	1
observable_15138	cyt_mrna__MYL4_202_	1
observable_15139	cyt_mrna__REL_202_	1
observable_15140	cyt_mrna__RITA1_201_	1
observable_15141	cyt_mrna__POLD1_201_	1
observable_15142	cyt_mrna__POLDIP2_201_	1
observable_15143	cyt_mrna__ATP2B4_203_	1
observable_15144	cyt_mrna__ACAP2_201_	1
observable_15145	cyt_mrna__GOLPH3L_201_	1
observable_15146	cyt_mrna__SMYD4_201_	1
observable_15147	cyt_mrna__SLFNL1_201_	1
observable_15148	cyt_mrna__PICALM_202_	1
observable_15149	cyt_mrna__RFX2_201_	1
observable_15150	cyt_mrna__ATP2B1_202_	1
observable_15151	cyt_mrna__IFT122_203_	1
observable_15152	cyt_mrna__PTK7_202_	1
observable_15153	cyt_mrna__CAPZB_201_	1
observable_15154	cyt_mrna__EIF2AK2_201_	1
observable_15155	cyt_mrna__SLC17A7_201_	1
observable_15156	cyt_mrna__KCNAB3_201_	1
observable_15157	cyt_mrna__LGALS12_203_	1
observable_15158	cyt_mrna__DPY19L2_202_	1
observable_15159	cyt_mrna__CCDC170_201_	1
observable_15160	cyt_mrna__CMTR2_202_	1
observable_15161	cyt_mrna__ZBTB16_201_	1
observable_15162	cyt_mrna__QRSL1_202_	1
observable_15163	cyt_mrna__SUCLG1_201_	1
observable_15164	cyt_mrna__TNFAIP1_201_	1
observable_15165	cyt_mrna__TOMM70_201_	1
observable_15166	cyt_mrna__CD36_214_	1
observable_15167	cyt_mrna__PLAAT4_201_	1
observable_15168	cyt_mrna__LMCD1_201_	1
observable_15169	cyt_mrna__SARS1_201_	1
observable_15170	cyt_mrna__SESTD1_203_	1
observable_15171	cyt_mrna__ACAT1_201_	1
observable_15172	cyt_mrna__TOR3A_203_	1
observable_15173	cyt_mrna__ANAPC7_203_	1
observable_15174	cyt_mrna__CEP68_202_	1
observable_15175	cyt_mrna__SUGP1_201_	1
observable_15176	cyt_mrna__UNC93B1_201_	1
observable_15177	cyt_mrna__TARBP1_201_	1
observable_15178	cyt_mrna__CPM_211_	1
observable_15179	cyt_mrna__CACNA2D1_201_	1
observable_15180	cyt_mrna__SNX9_201_	1
observable_15181	cyt_mrna__OVGP1_201_	1
observable_15182	cyt_mrna__SEC22B_201_	1
observable_15183	cyt_mrna__ZNF398_202_	1
observable_15184	cyt_mrna__BRINP2_201_	1
observable_15185	cyt_mrna__TOP2B_201_	1
observable_15186	cyt_mrna__SUPT6H_201_	1
observable_15187	cyt_mrna__SSH3_201_	1
observable_15188	cyt_mrna__GPR155_203_	1
observable_15189	cyt_mrna__HIGD1B_201_	1
observable_15190	cyt_mrna__STAP2_201_	1
observable_15191	cyt_mrna__ARPC4_201_	1
observable_15192	cyt_mrna__SPG7_268_	1
observable_15193	cyt_mrna__CTSW_201_	1
observable_15194	cyt_mrna__RAB17_201_	1
observable_15195	cyt_mrna__LTA4H_201_	1
observable_15196	cyt_mrna__DLD_201_	1
observable_15197	cyt_mrna__ELMOD1_201_	1
observable_15198	cyt_mrna__YJEFN3_203_	1
observable_15199	cyt_mrna__WTAP_206_	1
observable_15200	cyt_mrna__TADA3_201_	1
observable_15201	cyt_mrna__EDN1_201_	1
observable_15202	cyt_mrna__EPHB3_201_	1
observable_15203	cyt_mrna__TTC13_201_	1
observable_15204	cyt_mrna__TNFAIP3_206_	1
observable_15205	cyt_mrna__PSMD6_201_	1
observable_15206	cyt_mrna__PLAGL1_227_	1
observable_15207	cyt_mrna__NBPF3_202_	1
observable_15208	cyt_mrna__PRKCB_210_	1
observable_15209	cyt_mrna__EIF4B_201_	1
observable_15210	cyt_mrna__EMC8_201_	1
observable_15211	cyt_mrna__SIRT6_202_	1
observable_15212	cyt_mrna__URB2_201_	1
observable_15213	cyt_mrna__ISG15_203_	1
observable_15214	cyt_mrna__GGPS1_201_	1
observable_15215	cyt_mrna__MYL3_201_	1
observable_15216	cyt_mrna__GPRC5B_201_	1
observable_15217	cyt_mrna__UPP1_203_	1
observable_15218	cyt_mrna__GAMT_201_	1
observable_15219	cyt_mrna__HMBS_232_	1
observable_15220	cyt_mrna__SV2A_202_	1
observable_15221	cyt_mrna__ITGB7_201_	1
observable_15222	cyt_mrna__ETFBKMT_201_	1
observable_15223	cyt_mrna__PNPT1_205_	1
observable_15224	cyt_mrna__PLA2G4A_201_	1
observable_15225	cyt_mrna__ISYNA1_201_	1
observable_15226	cyt_mrna__SPPL3_201_	1
observable_15227	cyt_mrna__RALA_201_	1
observable_15228	cyt_mrna__ABCD2_201_	1
observable_15229	cyt_mrna__ATP6V0E2_202_	1
observable_15230	cyt_mrna__TMEM263_201_	1
observable_15231	cyt_mrna__PRPSAP2_201_	1
observable_15232	cyt_mrna__VIPR2_201_	1
observable_15233	cyt_mrna__MPV17_203_	1
observable_15234	cyt_mrna__EEA1_201_	1
observable_15235	cyt_mrna__TGFBR3_201_	1
observable_15236	cyt_mrna__RIPOR1_201_	1
observable_15237	cyt_mrna__LRRC46_201_	1
observable_15238	cyt_mrna__USP30_201_	1
observable_15239	cyt_mrna__ARHGDIG_201_	1
observable_15240	cyt_mrna__SMCO1_201_	1
observable_15241	cyt_mrna__ACSF3_218_	1
observable_15242	cyt_mrna__PIGZ_202_	1
observable_15243	cyt_mrna__XIRP1_201_	1
observable_15244	cyt_mrna__CSRNP1_201_	1
observable_15245	cyt_mrna__IKBKE_203_	1
observable_15246	cyt_mrna__TSEN2_201_	1
observable_15247	cyt_mrna__GSTM3_202_	1
observable_15248	cyt_mrna__CLEC18A_201_	1
observable_15249	cyt_mrna__PMM2_201_	1
observable_15250	cyt_mrna__FBXL2_216_	1
observable_15251	cyt_mrna__TFR2_201_	1
observable_15252	cyt_mrna__ADAT1_203_	1
observable_15253	cyt_mrna__ITGB1BP1_202_	1
observable_15254	cyt_mrna__NFASC_201_	1
observable_15255	cyt_mrna__CAPN15_201_	1
observable_15256	cyt_mrna__UBE3B_202_	1
observable_15257	cyt_mrna__SLC5A7_201_	1
observable_15258	cyt_mrna__AZI2_212_	1
observable_15259	cyt_mrna__SAFB_205_	1
observable_15260	cyt_mrna__KDELR2_201_	1
observable_15261	cyt_mrna__KCNC2_208_	1
observable_15262	cyt_mrna__COX17_201_	1
observable_15263	cyt_mrna__ECEL1_201_	1
observable_15264	cyt_mrna__ATG13_231_	1
observable_15265	cyt_mrna__COX14_203_	1
observable_15266	cyt_mrna__SLC27A1_201_	1
observable_15267	cyt_mrna__SFMBT1_201_	1
observable_15268	cyt_mrna__STRN_201_	1
observable_15269	cyt_mrna__FBLIM1_202_	1
observable_15270	cyt_mrna__ETFB_201_	1
observable_15271	cyt_mrna__GLS_201_	1
observable_15272	cyt_mrna__FAM133B_204_	1
observable_15273	cyt_mrna__HLX_201_	1
observable_15274	cyt_mrna__MYH10_202_	1
observable_15275	cyt_mrna__ZNF684_203_	1
observable_15276	cyt_mrna__BBS2_201_	1
observable_15277	cyt_mrna__GTF2IRD2B_203_	1
observable_15278	cyt_mrna__LDAF1_201_	1
observable_15279	cyt_mrna__MTMR14_201_	1
observable_15280	cyt_mrna__RELA_202_	1
observable_15281	cyt_mrna__ARL6IP4_201_	1
observable_15282	cyt_mrna__AHCTF1_207_	1
observable_15283	cyt_mrna__RETREG3_201_	1
observable_15284	cyt_mrna__SERPINI1_202_	1
observable_15285	cyt_mrna__MYOG_201_	1
observable_15286	cyt_mrna__OGFOD1_207_	1
observable_15287	cyt_mrna__NCOA1_202_	1
observable_15288	cyt_mrna__TERF2_201_	1
observable_15289	cyt_mrna__FXYD2_202_	1
observable_15290	cyt_mrna__CACNA2D3_204_	1
observable_15291	cyt_mrna__DRAM2_207_	1
observable_15292	cyt_mrna__CLCN1_201_	1
observable_15293	cyt_mrna__ZNF10_201_	1
observable_15294	cyt_mrna__SP4_201_	1
observable_15295	cyt_mrna__BBS5_201_	1
observable_15296	cyt_mrna__IFFO2_203_	1
observable_15297	cyt_mrna__SIRT4_201_	1
observable_15298	cyt_mrna__WSB2_201_	1
observable_15299	cyt_mrna__EEF1G_201_	1
observable_15300	cyt_mrna__GTPBP10_201_	1
observable_15301	cyt_mrna__FAM76A_204_	1
observable_15302	cyt_mrna__HARBI1_201_	1
observable_15303	cyt_mrna__GREB1_204_	1
observable_15304	cyt_mrna__SENP7_207_	1
observable_15305	cyt_mrna__ILF3_209_	1
observable_15306	cyt_mrna__MPHOSPH9_220_	1
observable_15307	cyt_mrna__GNB4_201_	1
observable_15308	cyt_mrna__ETHE1_201_	1
observable_15309	cyt_mrna__FCHSD2_204_	1
observable_15310	cyt_mrna__COLGALT1_201_	1
observable_15311	cyt_mrna__ACSM3_201_	1
observable_15312	cyt_mrna__RRP9_201_	1
observable_15313	cyt_mrna__HEATR5B_201_	1
observable_15314	cyt_mrna__HRH1_203_	1
observable_15315	cyt_mrna__SEC14L1_204_	1
observable_15316	cyt_mrna__ZNF662_204_	1
observable_15317	cyt_mrna__COL1A2_201_	1
observable_15318	cyt_mrna__TBRG1_203_	1
observable_15319	cyt_mrna__NLK_201_	1
observable_15320	cyt_mrna__PPP1R12A_203_	1
observable_15321	cyt_mrna__CHST1_201_	1
observable_15322	cyt_mrna__KXD1_201_	1
observable_15323	cyt_mrna__PCED1B_202_	1
observable_15324	cyt_mrna__RAI1_201_	1
observable_15325	cyt_mrna__ZNF350_201_	1
observable_15326	cyt_mrna__ELMO3_202_	1
observable_15327	cyt_mrna__FASTK_201_	1
observable_15328	cyt_mrna__CRYZ_201_	1
observable_15329	cyt_mrna__ZNF875_202_	1
observable_15330	cyt_mrna__GALNT6_201_	1
observable_15331	cyt_mrna__LAT_202_	1
observable_15332	cyt_mrna__PLEKHB2_212_	1
observable_15333	cyt_mrna__PTH1R_207_	1
observable_15334	cyt_mrna__ICMT_201_	1
observable_15335	cyt_mrna__C3AR1_201_	1
observable_15336	cyt_mrna__THUMPD1_202_	1
observable_15337	cyt_mrna__STT3A_201_	1
observable_15338	cyt_mrna__MECR_201_	1
observable_15339	cyt_mrna__MMP15_201_	1
observable_15340	cyt_mrna__PHF7_201_	1
observable_15341	cyt_mrna__CSF3R_203_	1
observable_15342	cyt_mrna__SLC25A39_202_	1
observable_15343	cyt_mrna__NFE2L2_201_	1
observable_15344	cyt_mrna__NUB1_212_	1
observable_15345	cyt_mrna__COLQ_203_	1
observable_15346	cyt_mrna__PRDM10_203_	1
observable_15347	cyt_mrna__METTL27_201_	1
observable_15348	cyt_mrna__DCAKD_209_	1
observable_15349	cyt_mrna__GTF2E1_201_	1
observable_15350	cyt_mrna__P2RY6_208_	1
observable_15351	cyt_mrna__ZXDC_202_	1
observable_15352	cyt_mrna__NDC1_201_	1
observable_15353	cyt_mrna__RPLP2_201_	1
observable_15354	cyt_mrna__PFAS_201_	1
observable_15355	cyt_mrna__SNX13_203_	1
observable_15356	cyt_mrna__NOP2_201_	1
observable_15357	cyt_mrna__ODF2L_206_	1
observable_15358	cyt_mrna__PHF21A_222_	1
observable_15359	cyt_mrna__AMIGO2_203_	1
observable_15360	cyt_mrna__EIF3C_201_	1
observable_15361	cyt_mrna__GNAI1_228_	1
observable_15362	cyt_mrna__FAM90A1_203_	1
observable_15363	cyt_mrna__ZBTB20_220_	1
observable_15364	cyt_mrna__TWF1_201_	1
observable_15365	cyt_mrna__VSTM5_202_	1
observable_15366	cyt_mrna__NXPE4_201_	1
observable_15367	cyt_mrna__SLC41A2_201_	1
observable_15368	cyt_mrna__SLN_201_	1
observable_15369	cyt_mrna__DGAT2_201_	1
observable_15370	cyt_mrna__SULT1A2_201_	1
observable_15371	cyt_mrna__ZNF664_201_	1
observable_15372	cyt_mrna__WNT11_201_	1
observable_15373	cyt_mrna__CPVL_201_	1
observable_15374	cyt_mrna__STAT1_201_	1
observable_15375	cyt_mrna__TSPAN32_201_	1
observable_15376	cyt_mrna__TSPAN8_201_	1
observable_15377	cyt_mrna__ZNF786_202_	1
observable_15378	cyt_mrna__POMZP3_202_	1
observable_15379	cyt_mrna__ELF5_201_	1
observable_15380	cyt_mrna__C11orf21_201_	1
observable_15381	cyt_mrna__FHOD1_201_	1
observable_15382	cyt_mrna__BRMS1_201_	1
observable_15383	cyt_mrna__HNRNPU_226_	1
observable_15384	cyt_mrna__SLC35F5_201_	1
observable_15385	cyt_mrna__DDX56_201_	1
observable_15386	cyt_mrna__PTGFR_202_	1
observable_15387	cyt_mrna__GGA3_201_	1
observable_15388	cyt_mrna__NDUFS3_201_	1
observable_15389	cyt_mrna__ZC3H18_201_	1
observable_15390	cyt_mrna__ENSA_208_	1
observable_15391	cyt_mrna__TRIM54_202_	1
observable_15392	cyt_mrna__GOLIM4_202_	1
observable_15393	cyt_mrna__NPIPA1_201_	1
observable_15394	cyt_mrna__AHCYL2_201_	1
observable_15395	cyt_mrna__RTN3_206_	1
observable_15396	cyt_mrna__CMTM3_214_	1
observable_15397	cyt_mrna__RAPGEF3_205_	1
observable_15398	cyt_mrna__ATP1A1_201_	1
observable_15399	cyt_mrna__SPTBN2_208_	1
observable_15400	cyt_mrna__CDH15_201_	1
observable_15401	cyt_mrna__KIAA0513_206_	1
observable_15402	cyt_mrna__LBR_201_	1
observable_15403	cyt_mrna__GMPPA_201_	1
observable_15404	cyt_mrna__AMHR2_201_	1
observable_15405	cyt_mrna__GPATCH3_201_	1
observable_15406	cyt_mrna__SLC26A6_205_	1
observable_15407	cyt_mrna__SPIRE2_201_	1
observable_15408	cyt_mrna__NBR1_206_	1
observable_15409	cyt_mrna__FMO2_201_	1
observable_15410	cyt_mrna__SEMA4F_202_	1
observable_15411	cyt_mrna__CDON_204_	1
observable_15412	cyt_mrna__LONP2_201_	1
observable_15413	cyt_mrna__TANC1_201_	1
observable_15414	cyt_mrna__CEP19_202_	1
observable_15415	cyt_mrna__NOL11_201_	1
observable_15416	cyt_mrna__NTSR2_201_	1
observable_15417	cyt_mrna__ANAPC5_201_	1
observable_15418	cyt_mrna__NIF3L1_202_	1
observable_15419	cyt_mrna__PLD1_201_	1
observable_15420	cyt_mrna__FOXP2_201_	1
observable_15421	cyt_mrna__LUM_201_	1
observable_15422	cyt_mrna__EPS8L2_201_	1
observable_15423	cyt_mrna__OSBPL10_201_	1
observable_15424	cyt_mrna__CLEC5A_206_	1
observable_15425	cyt_mrna__ABCA3_201_	1
observable_15426	cyt_mrna__SRL_201_	1
observable_15427	cyt_mrna__CHDH_201_	1
observable_15428	cyt_mrna__SMARCA4_201_	1
observable_15429	cyt_mrna__CYBA_201_	1
observable_15430	cyt_mrna__ARPC1A_201_	1
observable_15431	cyt_mrna__CCR9_201_	1
observable_15432	cyt_mrna__MLF2_201_	1
observable_15433	cyt_mrna__IRX5_202_	1
observable_15434	cyt_mrna__EEPD1_201_	1
observable_15435	cyt_mrna__POLR2J3_220_	1
observable_15436	cyt_mrna__SFRP4_201_	1
observable_15437	cyt_mrna__INSC_202_	1
observable_15438	cyt_mrna__JUP_203_	1
observable_15439	cyt_mrna__LRRN4CL_201_	1
observable_15440	cyt_mrna__ZNF575_201_	1
observable_15441	cyt_mrna__ACAD9_201_	1
observable_15442	cyt_mrna__SLC36A4_201_	1
observable_15443	cyt_mrna__BLTP2_202_	1
observable_15444	cyt_mrna__CCT6A_201_	1
observable_15445	cyt_mrna__RAB4B_201_	1
observable_15446	cyt_mrna__SART3_206_	1
observable_15447	cyt_mrna__SLC35A5_206_	1
observable_15448	cyt_mrna__MS4A6A_208_	1
observable_15449	cyt_mrna__FOXL2NB_201_	1
observable_15450	cyt_mrna__PTHLH_209_	1
observable_15451	cyt_mrna__GRM5_202_	1
observable_15452	cyt_mrna__DRAM1_201_	1
observable_15453	cyt_mrna__LRP8_201_	1
observable_15454	cyt_mrna__RASA4_201_	1
observable_15455	cyt_mrna__DENR_201_	1
observable_15456	cyt_mrna__FOXJ2_201_	1
observable_15457	cyt_mrna__MEN1_213_	1
observable_15458	cyt_mrna__BCAT2_201_	1
observable_15459	cyt_mrna__TYW1_201_	1
observable_15460	cyt_mrna__KLHL20_201_	1
observable_15461	cyt_mrna__TMEM116_215_	1
observable_15462	cyt_mrna__ZNF585A_201_	1
observable_15463	cyt_mrna__IFI30_201_	1
observable_15464	cyt_mrna__APEH_201_	1
observable_15465	cyt_mrna__ZNF701_202_	1
observable_15466	cyt_mrna__CTSD_201_	1
observable_15467	cyt_mrna__SNAPC2_201_	1
observable_15468	cyt_mrna__CDK17_201_	1
observable_15469	cyt_mrna__CYLD_203_	1
observable_15470	cyt_mrna__PRMT3_202_	1
observable_15471	cyt_mrna__TMEM94_201_	1
observable_15472	cyt_mrna__MLPH_201_	1
observable_15473	cyt_mrna__ATG4C_201_	1
observable_15474	cyt_mrna__ABCB1_211_	1
observable_15475	cyt_mrna__BOC_218_	1
observable_15476	cyt_mrna__CD55_204_	1
observable_15477	cyt_mrna__TECR_201_	1
observable_15478	cyt_mrna__TRAFD1_202_	1
observable_15479	cyt_mrna__ST14_201_	1
observable_15480	cyt_mrna__LYPD6B_203_	1
observable_15481	cyt_mrna__SLC15A4_201_	1
observable_15482	cyt_mrna__TRIM21_201_	1
observable_15483	cyt_mrna__RUNDC3B_203_	1
observable_15484	cyt_mrna__PAK2_201_	1
observable_15485	cyt_mrna__METTL21A_203_	1
observable_15486	cyt_mrna__BSDC1_206_	1
observable_15487	cyt_mrna__FERMT3_202_	1
observable_15488	cyt_mrna__IL18R1_201_	1
observable_15489	cyt_mrna__NAT9_201_	1
observable_15490	cyt_mrna__CEP15_202_	1
observable_15491	cyt_mrna__HJV_201_	1
observable_15492	cyt_mrna__S1PR1_201_	1
observable_15493	cyt_mrna__IMP4_201_	1
observable_15494	cyt_mrna__ADGRD1_201_	1
observable_15495	cyt_mrna__NOMO3_202_	1
observable_15496	cyt_mrna__YIPF2_204_	1
observable_15497	cyt_mrna__MCOLN2_202_	1
observable_15498	cyt_mrna__COBL_201_	1
observable_15499	cyt_mrna__FNDC4_201_	1
observable_15500	cyt_mrna__SLC13A2_201_	1
observable_15501	cyt_mrna__PINK1_201_	1
observable_15502	cyt_mrna__MEMO1_203_	1
observable_15503	cyt_mrna__CDK5R1_201_	1
observable_15504	cyt_mrna__ZNF225_201_	1
observable_15505	cyt_mrna__CERS5_201_	1
observable_15506	cyt_mrna__TMOD4_201_	1
observable_15507	cyt_mrna__MYO7A_202_	1
observable_15508	cyt_mrna__SHFL_201_	1
observable_15509	cyt_mrna__CCDC136_201_	1
observable_15510	cyt_mrna__ZNF148_201_	1
observable_15511	cyt_mrna__GTF3C3_201_	1
observable_15512	cyt_mrna__ZNF234_201_	1
observable_15513	cyt_mrna__SDSL_202_	1
observable_15514	cyt_mrna__OLFM2_201_	1
observable_15515	cyt_mrna__DYNC2I1_202_	1
observable_15516	cyt_mrna__SSR3_201_	1
observable_15517	cyt_mrna__ASIC1_202_	1
observable_15518	cyt_mrna__DEF8_210_	1
observable_15519	cyt_mrna__KLK6_201_	1
observable_15520	cyt_mrna__UBC_201_	1
observable_15521	cyt_mrna__RNF34_201_	1
observable_15522	cyt_mrna__RABGEF1_201_	1
observable_15523	cyt_mrna__DPP3_209_	1
observable_15524	cyt_mrna__LAMB2_201_	1
observable_15525	cyt_mrna__RGL3_201_	1
observable_15526	cyt_mrna__EPHX1_201_	1
observable_15527	cyt_mrna__STRADA_202_	1
observable_15528	cyt_mrna__TMEM248_201_	1
observable_15529	cyt_mrna__MAPK3_201_	1
observable_15530	cyt_mrna__CDK6_202_	1
observable_15531	cyt_mrna__HPS3_201_	1
observable_15532	cyt_mrna__SBDS_201_	1
observable_15533	cyt_mrna__COX4I1_201_	1
observable_15534	cyt_mrna__SCARB1_201_	1
observable_15535	cyt_mrna__CAPG_201_	1
observable_15536	cyt_mrna__GFM1_210_	1
observable_15537	cyt_mrna__UBXN11_206_	1
observable_15538	cyt_mrna__AGAP3_202_	1
observable_15539	cyt_mrna__HSD11B1L_202_	1
observable_15540	cyt_mrna__ROGDI_201_	1
observable_15541	cyt_mrna__YIPF4_201_	1
observable_15542	cyt_mrna__TMEM225B_202_	1
observable_15543	cyt_mrna__RAMP1_201_	1
observable_15544	cyt_mrna__PRADC1_201_	1
observable_15545	cyt_mrna__AGRP_201_	1
observable_15546	cyt_mrna__ZNF160_216_	1
observable_15547	cyt_mrna__INSIG2_201_	1
observable_15548	cyt_mrna__UBE2D4_201_	1
observable_15549	cyt_mrna__PYROXD1_201_	1
observable_15550	cyt_mrna__TNNI3K_201_	1
observable_15551	cyt_mrna__DNAJA2_201_	1
observable_15552	cyt_mrna__CLEC2B_201_	1
observable_15553	cyt_mrna__CRLF1_201_	1
observable_15554	cyt_mrna__SCAP_201_	1
observable_15555	cyt_mrna__TRPT1_201_	1
observable_15556	cyt_mrna__ZNF426_201_	1
observable_15557	cyt_mrna__PRR13_202_	1
observable_15558	cyt_mrna__ECM1_202_	1
observable_15559	cyt_mrna__PTPMT1_202_	1
observable_15560	cyt_mrna__GIGYF1_207_	1
observable_15561	cyt_mrna__PIGQ_203_	1
observable_15562	cyt_mrna__CD47_202_	1
observable_15563	cyt_mrna__TRPC6_201_	1
observable_15564	cyt_mrna__HOMER3_202_	1
observable_15565	cyt_mrna__IRGQ_201_	1
observable_15566	cyt_mrna__FIZ1_201_	1
observable_15567	cyt_mrna__ATG4B_205_	1
observable_15568	cyt_mrna__ZNF813_201_	1
observable_15569	cyt_mrna__ZNF524_201_	1
observable_15570	cyt_mrna__LLGL2_203_	1
observable_15571	cyt_mrna__B4GALT3_201_	1
observable_15572	cyt_mrna__HEMK1_201_	1
observable_15573	cyt_mrna__KLHDC4_201_	1
observable_15574	cyt_mrna__CACHD1_206_	1
observable_15575	cyt_mrna__TMIGD1_201_	1
observable_15576	cyt_mrna__ZDHHC3_205_	1
observable_15577	cyt_mrna__C3orf18_201_	1
observable_15578	cyt_mrna__TNPO3_201_	1
observable_15579	cyt_mrna__GAPDH_201_	1
observable_15580	cyt_mrna__HPCAL4_201_	1
observable_15581	cyt_mrna__NPPB_201_	1
observable_15582	cyt_mrna__EFEMP1_201_	1
observable_15583	cyt_mrna__SLC49A4_201_	1
observable_15584	cyt_mrna__SIGIRR_203_	1
observable_15585	cyt_mrna__SRSF10_214_	1
observable_15586	cyt_mrna__RHBDF2_220_	1
observable_15587	cyt_mrna__LRRN3_201_	1
observable_15588	cyt_mrna__RHOA_202_	1
observable_15589	cyt_mrna__RECQL_204_	1
observable_15590	cyt_mrna__SLC39A1_202_	1
observable_15591	cyt_mrna__UCP3_201_	1
observable_15592	cyt_mrna__SLC6A13_201_	1
observable_15593	cyt_mrna__NTNG1_205_	1
observable_15594	cyt_mrna__USP13_201_	1
observable_15595	cyt_mrna__CLUAP1_212_	1
observable_15596	cyt_mrna__HINFP_201_	1
observable_15597	cyt_mrna__D2HGDH_201_	1
observable_15598	cyt_mrna__MFSD4A_201_	1
observable_15599	cyt_mrna__MVK_201_	1
observable_15600	cyt_mrna__VSIG10_202_	1
observable_15601	cyt_mrna__TNKS1BP1_201_	1
observable_15602	cyt_mrna__DHRS3_205_	1
observable_15603	cyt_mrna__SLC25A19_204_	1
observable_15604	cyt_mrna__KPNA4_201_	1
observable_15605	cyt_mrna__MEIS1_201_	1
observable_15606	cyt_mrna__CSRP2_201_	1
observable_15607	cyt_mrna__GALK1_205_	1
observable_15608	cyt_mrna__IQCG_201_	1
observable_15609	cyt_mrna__PSMD13_212_	1
observable_15610	cyt_mrna__UBXN2A_201_	1
observable_15611	cyt_mrna__LRRC23_209_	1
observable_15612	cyt_mrna__EDC4_201_	1
observable_15613	cyt_mrna__CDK14_202_	1
observable_15614	cyt_mrna__KBTBD3_205_	1
observable_15615	cyt_mrna__KCNH3_201_	1
observable_15616	cyt_mrna__CHCHD2_201_	1
observable_15617	cyt_mrna__NUTF2_201_	1
observable_15618	cyt_mrna__IQCD_202_	1
observable_15619	cyt_mrna__UPK3BL1_201_	1
observable_15620	cyt_mrna__CCDC93_202_	1
observable_15621	cyt_mrna__TSPAN19_204_	1
observable_15622	cyt_mrna__CREB3L4_205_	1
observable_15623	cyt_mrna__GLTP_201_	1
observable_15624	cyt_mrna__NAGK_201_	1
observable_15625	cyt_mrna__GLT8D1_201_	1
observable_15626	cyt_mrna__NELL1_203_	1
observable_15627	cyt_mrna__TCTN2_201_	1
observable_15628	cyt_mrna__RERG_201_	1
observable_15629	cyt_mrna__ABCB10_201_	1
observable_15630	cyt_mrna__IFITM1_202_	1
observable_15631	cyt_mrna__CPN2_201_	1
observable_15632	cyt_mrna__JAM3_201_	1
observable_15633	cyt_mrna__PPIG_201_	1
observable_15634	cyt_mrna__FAM124B_203_	1
observable_15635	cyt_mrna__SLC6A12_217_	1
observable_15636	cyt_mrna__PIK3C2A_206_	1
observable_15637	cyt_mrna__PCYT2_203_	1
observable_15638	cyt_mrna__FDX1_201_	1
observable_15639	cyt_mrna__ADM_201_	1
observable_15640	cyt_mrna__DDC_207_	1
observable_15641	cyt_mrna__CARNS1_208_	1
observable_15642	cyt_mrna__VKORC1L1_201_	1
observable_15643	cyt_mrna__LMO1_201_	1
observable_15644	cyt_mrna__PSMD12_201_	1
observable_15645	cyt_mrna__CYCS_201_	1
observable_15646	cyt_mrna__SLC37A2_203_	1
observable_15647	cyt_mrna__OTOP3_201_	1
observable_15648	cyt_mrna__RTN4_202_	1
observable_15649	cyt_mrna__ALDH1L1_203_	1
observable_15650	cyt_mrna__GNGT2_203_	1
observable_15651	cyt_mrna__DNAJC4_212_	1
observable_15652	cyt_mrna__SNF8_202_	1
observable_15653	cyt_mrna__AMPH_202_	1
observable_15654	cyt_mrna__ACCS_201_	1
observable_15655	cyt_mrna__IHO1_204_	1
observable_15656	cyt_mrna__NUDCD3_202_	1
observable_15657	cyt_mrna__MRGPRF_201_	1
observable_15658	cyt_mrna__GLOD4_202_	1
observable_15659	cyt_mrna__ASB3_201_	1
observable_15660	cyt_mrna__RAD54L2_207_	1
observable_15661	cyt_mrna__MRPL38_201_	1
observable_15662	cyt_mrna__PPHLN1_204_	1
observable_15663	cyt_mrna__NDUFV1_201_	1
observable_15664	cyt_mrna__CA4_201_	1
observable_15665	cyt_mrna__CENPT_208_	1
observable_15666	cyt_mrna__SLC16A6_202_	1
observable_15667	cyt_mrna__ZBTB38_201_	1
observable_15668	cyt_mrna__ILKAP_201_	1
observable_15669	cyt_mrna__RAB3IL1_202_	1
observable_15670	cyt_mrna__CCNL1_202_	1
observable_15671	cyt_mrna__ABCA5_201_	1
observable_15672	cyt_mrna__PLEKHG6_210_	1
observable_15673	cyt_mrna__GRAP_201_	1
observable_15674	cyt_mrna__USP7_201_	1
observable_15675	cyt_mrna__AAMP_201_	1
observable_15676	cyt_mrna__ZNF668_201_	1
observable_15677	cyt_mrna__CCDC66_203_	1
observable_15678	cyt_mrna__QPCT_201_	1
observable_15679	cyt_mrna__SOCS5_202_	1
observable_15680	cyt_mrna__SLC8A1_201_	1
observable_15681	cyt_mrna__ANAPC13_201_	1
observable_15682	cyt_mrna__GCGR_201_	1
observable_15683	cyt_mrna__SLC33A1_207_	1
observable_15684	cyt_mrna__SLC11A2_201_	1
observable_15685	cyt_mrna__DARS1_201_	1
observable_15686	cyt_mrna__UBE2G1_201_	1
observable_15687	cyt_mrna__OGDH_201_	1
observable_15688	cyt_mrna__TEN1_201_	1
observable_15689	cyt_mrna__NAA25_201_	1
observable_15690	cyt_mrna__ERLEC1_201_	1
observable_15691	cyt_mrna__SEMA3F_201_	1
observable_15692	cyt_mrna__GPR85_202_	1
observable_15693	cyt_mrna__C7orf25_201_	1
observable_15694	cyt_mrna__TMEM52B_204_	1
observable_15695	cyt_mrna__CYP51A1_201_	1
observable_15696	cyt_mrna__PPTC7_201_	1
observable_15697	cyt_mrna__HYOU1_218_	1
observable_15698	cyt_mrna__ACSS3_203_	1
observable_15699	cyt_mrna__COPG1_201_	1
observable_15700	cyt_mrna__CREBL2_201_	1
observable_15701	cyt_mrna__KCTD6_202_	1
observable_15702	cyt_mrna__GIT1_201_	1
observable_15703	cyt_mrna__METTL1_202_	1
observable_15704	cyt_mrna__GALNT15_201_	1
observable_15705	cyt_mrna__COL6A3_201_	1
observable_15706	cyt_mrna__MUTYH_211_	1
observable_15707	cyt_mrna__LAT2_205_	1
observable_15708	cyt_mrna__POGLUT1_201_	1
observable_15709	cyt_mrna__MYO1A_201_	1
observable_15710	cyt_mrna__DHX8_201_	1
observable_15711	cyt_mrna__SRPRB_206_	1
observable_15712	cyt_mrna__STK39_201_	1
observable_15713	cyt_mrna__NCF2_201_	1
observable_15714	cyt_mrna__EML3_202_	1
observable_15715	cyt_mrna__NRF1_205_	1
observable_15716	cyt_mrna__CHRD_201_	1
observable_15717	cyt_mrna__P2RX4_202_	1
observable_15718	cyt_mrna__GALNT13_201_	1
observable_15719	cyt_mrna__SDHAF2_201_	1
observable_15720	cyt_mrna__CAMK1_201_	1
observable_15721	cyt_mrna__KCTD13_208_	1
observable_15722	cyt_mrna__STXBP3_201_	1
observable_15723	cyt_mrna__CNTN3_201_	1
observable_15724	cyt_mrna__KRBOX5_201_	1
observable_15725	cyt_mrna__UNC45B_202_	1
observable_15726	cyt_mrna__THPO_205_	1
observable_15727	cyt_mrna__NLRX1_202_	1
observable_15728	cyt_mrna__CRB1_203_	1
observable_15729	cyt_mrna__AASS_203_	1
observable_15730	cyt_mrna__CLDN16_201_	1
observable_15731	cyt_mrna__PPIL3_202_	1
observable_15732	cyt_mrna__SECTM1_201_	1
observable_15733	cyt_mrna__PRDX5_201_	1
observable_15734	cyt_mrna__FAM20A_205_	1
observable_15735	cyt_mrna__NUP107_201_	1
observable_15736	cyt_mrna__CLCN2_201_	1
observable_15737	cyt_mrna__IL12RB2_208_	1
observable_15738	cyt_mrna__TECPR1_204_	1
observable_15739	cyt_mrna__PNPO_217_	1
observable_15740	cyt_mrna__PDE3B_201_	1
observable_15741	cyt_mrna__TAC1_201_	1
observable_15742	cyt_mrna__METTL6_202_	1
observable_15743	cyt_mrna__SPON1_201_	1
observable_15744	cyt_mrna__CACNG1_201_	1
observable_15745	cyt_mrna__SLC6A20_202_	1
observable_15746	cyt_mrna__MYL2_201_	1
observable_15747	cyt_mrna__ADCYAP1R1_201_	1
observable_15748	cyt_mrna__FAM107A_201_	1
observable_15749	cyt_mrna__USP37_201_	1
observable_15750	cyt_mrna__IFI16_201_	1
observable_15751	cyt_mrna__ERGIC2_201_	1
observable_15752	cyt_mrna__FEZ1_201_	1
observable_15753	cyt_mrna__PPP1R1C_213_	1
observable_15754	cyt_mrna__MYH1_201_	1
observable_15755	cyt_mrna__POLR2H_208_	1
observable_15756	cyt_mrna__DUS2_207_	1
observable_15757	cyt_mrna__PTPN12_201_	1
observable_15758	cyt_mrna__IWS1_201_	1
observable_15759	cyt_mrna__TNN_201_	1
observable_15760	cyt_mrna__RNASEL_201_	1
observable_15761	cyt_mrna__TMEM167B_201_	1
observable_15762	cyt_mrna__MERTK_201_	1
observable_15763	cyt_mrna__APIP_201_	1
observable_15764	cyt_mrna__ASIC3_202_	1
observable_15765	cyt_mrna__FMNL3_201_	1
observable_15766	cyt_mrna__FLI1_203_	1
observable_15767	cyt_mrna__VMP1_201_	1
observable_15768	cyt_mrna__KPNA1_201_	1
observable_15769	cyt_mrna__SAMD9L_201_	1
observable_15770	cyt_mrna__DPEP2_202_	1
observable_15771	cyt_mrna__PDHB_201_	1
observable_15772	cyt_mrna__GLMN_201_	1
observable_15773	cyt_mrna__EPN3_201_	1
observable_15774	cyt_mrna__OGFOD2_201_	1
observable_15775	cyt_mrna__ITGA6_212_	1
observable_15776	cyt_mrna__PLBD2_201_	1
observable_15777	cyt_mrna__CCDC80_201_	1
observable_15778	cyt_mrna__GALNT5_201_	1
observable_15779	cyt_mrna__RAB21_201_	1
observable_15780	cyt_mrna__GCC2_201_	1
observable_15781	cyt_mrna__CHI3L1_201_	1
observable_15782	cyt_mrna__HCLS1_201_	1
observable_15783	cyt_mrna__S100A14_201_	1
observable_15784	cyt_mrna__LEFTY1_201_	1
observable_15785	cyt_mrna__GALM_201_	1
observable_15786	cyt_mrna__SPSB1_201_	1
observable_15787	cyt_mrna__GATA2_201_	1
observable_15788	cyt_mrna__TRIM11_201_	1
observable_15789	cyt_mrna__SLC6A4_206_	1
observable_15790	cyt_mrna__EI24_201_	1
observable_15791	cyt_mrna__STIMATE_201_	1
observable_15792	cyt_mrna__FCGR3A_205_	1
observable_15793	cyt_mrna__FOXRED1_201_	1
observable_15794	cyt_mrna__CAPN10_207_	1
observable_15795	cyt_mrna__CHMP3_201_	1
observable_15796	cyt_mrna__CAPN2_201_	1
observable_15797	cyt_mrna__FXR1_202_	1
observable_15798	cyt_mrna__NDUFAF7_201_	1
observable_15799	cyt_mrna__ARHGAP29_201_	1
observable_15800	cyt_mrna__AP2M1_201_	1
observable_15801	cyt_mrna__CX3CR1_202_	1
observable_15802	cyt_mrna__GRIP1_201_	1
observable_15803	cyt_mrna__ODC1_201_	1
observable_15804	cyt_mrna__STAC3_201_	1
observable_15805	cyt_mrna__RAB34_204_	1
observable_15806	cyt_mrna__MARK1_201_	1
observable_15807	cyt_mrna__SLC30A2_201_	1
observable_15808	cyt_mrna__NELL2_203_	1
observable_15809	cyt_mrna__NMNAT1_201_	1
observable_15810	cyt_mrna__NR1H3_211_	1
observable_15811	cyt_mrna__CCDC181_202_	1
observable_15812	cyt_mrna__CAMKK1_202_	1
observable_15813	cyt_mrna__HPCA_201_	1
observable_15814	cyt_mrna__NOTUM_201_	1
observable_15815	cyt_mrna__ACTA1_202_	1
observable_15816	cyt_mrna__RHBG_204_	1
observable_15817	cyt_mrna__SMARCC1_201_	1
observable_15818	cyt_mrna__TAOK3_201_	1
observable_15819	cyt_mrna__ESRRA_201_	1
observable_15820	cyt_mrna__PPP4R3B_206_	1
observable_15821	cyt_mrna__CCR2_203_	1
observable_15822	cyt_mrna__ZNF654_203_	1
observable_15823	cyt_mrna__FAM234A_203_	1
observable_15824	cyt_mrna__THUMPD2_204_	1
observable_15825	cyt_mrna__PPIH_201_	1
observable_15826	cyt_mrna__IL17RB_201_	1
observable_15827	cyt_mrna__GNS_201_	1
observable_15828	cyt_mrna__DENND5A_201_	1
observable_15829	cyt_mrna__HIGD1A_201_	1
observable_15830	cyt_mrna__PALB2_201_	1
observable_15831	cyt_mrna__OBSL1_204_	1
observable_15832	cyt_mrna__MOGAT2_201_	1
observable_15833	cyt_mrna__ZSCAN32_202_	1
observable_15834	cyt_mrna__NTN4_201_	1
observable_15835	cyt_mrna__PKDCC_201_	1
observable_15836	cyt_mrna__ZNF202_207_	1
observable_15837	cyt_mrna__GABPB2_202_	1
observable_15838	cyt_mrna__TBC1D23_202_	1
observable_15839	cyt_mrna__ENO2_201_	1
observable_15840	cyt_mrna__ALG8_201_	1
observable_15841	cyt_mrna__ACTR8_201_	1
observable_15842	cyt_mrna__ZNF385D_201_	1
observable_15843	cyt_mrna__RNPC3_201_	1
observable_15844	cyt_mrna__TRMT112_206_	1
observable_15845	cyt_mrna__DOC2A_201_	1
observable_15846	cyt_mrna__APPL2_201_	1
observable_15847	cyt_mrna__OSBPL5_201_	1
observable_15848	cyt_mrna__RSPRY1_201_	1
observable_15849	cyt_mrna__PRSS23_201_	1
observable_15850	cyt_mrna__PARPBP_201_	1
observable_15851	cyt_mrna__RBMS3_203_	1
observable_15852	cyt_mrna__DYNC1LI2_201_	1
observable_15853	cyt_mrna__TBCD_201_	1
observable_15854	cyt_mrna__NEDD1_201_	1
observable_15855	cyt_mrna__DTNB_208_	1
observable_15856	cyt_mrna__SUN1_203_	1
observable_15857	cyt_mrna__SLC4A1AP_201_	1
observable_15858	cyt_mrna__PHKB_202_	1
observable_15859	cyt_mrna__KRCC1_201_	1
observable_15860	cyt_mrna__DIP2B_201_	1
observable_15861	cyt_mrna__RBM45_201_	1
observable_15862	cyt_mrna__CHST6_201_	1
observable_15863	cyt_mrna__ZNF143_203_	1
observable_15864	cyt_mrna__ZNF785_201_	1
observable_15865	cyt_mrna__TMEM117_201_	1
observable_15866	cyt_mrna__PPP1R1A_201_	1
observable_15867	cyt_mrna__RPL13_201_	1
observable_15868	cyt_mrna__WDR12_201_	1
observable_15869	cyt_mrna__NDUFB3_201_	1
observable_15870	cyt_mrna__RPAP3_201_	1
observable_15871	cyt_mrna__NTHL1_212_	1
observable_15872	cyt_mrna__MTX2_201_	1
observable_15873	cyt_mrna__SLC4A7_212_	1
observable_15874	cyt_mrna__PSMA1_201_	1
observable_15875	cyt_mrna__PGM2L1_201_	1
observable_15876	cyt_mrna__CNRIP1_201_	1
observable_15877	cyt_mrna__DHX38_201_	1
observable_15878	cyt_mrna__CBX3_202_	1
observable_15879	cyt_mrna__KCNS3_201_	1
observable_15880	cyt_mrna__GPR35_203_	1
observable_15881	cyt_mrna__CAPS2_215_	1
observable_15882	cyt_mrna__MEAK7_201_	1
observable_15883	cyt_mrna__FBXO31_201_	1
observable_15884	cyt_mrna__NFYB_201_	1
observable_15885	cyt_mrna__FAM168B_201_	1
observable_15886	cyt_mrna__ELMO1_201_	1
observable_15887	cyt_mrna__KLHL18_201_	1
observable_15888	cyt_mrna__RHOT1_205_	1
observable_15889	cyt_mrna__TCAF1_205_	1
observable_15890	cyt_mrna__MCFD2_201_	1
observable_15891	cyt_mrna__ANO6_201_	1
observable_15892	cyt_mrna__ATP2A1_202_	1
observable_15893	cyt_mrna__SOCS2_210_	1
observable_15894	cyt_mrna__AP5Z1_213_	1
observable_15895	cyt_mrna__MYLK3_201_	1
observable_15896	cyt_mrna__GSDMB_205_	1
observable_15897	cyt_mrna__KIF9_213_	1
observable_15898	cyt_mrna__ZDHHC17_201_	1
observable_15899	cyt_mrna__PTPN18_201_	1
observable_15900	cyt_mrna__CGGBP1_206_	1
observable_15901	cyt_mrna__TMEM106A_208_	1
observable_15902	cyt_mrna__RABEP2_202_	1
observable_15903	cyt_mrna__SLC30A6_201_	1
observable_15904	cyt_mrna__SYT17_201_	1
observable_15905	cyt_mrna__ACAD11_201_	1
observable_15906	cyt_mrna__HAGHL_203_	1
observable_15907	cyt_mrna__AUP1_201_	1
observable_15908	cyt_mrna__UBP1_202_	1
observable_15909	cyt_mrna__ATF7IP_201_	1
observable_15910	cyt_mrna__VPS50_202_	1
observable_15911	cyt_mrna__ERBB2_201_	1
observable_15912	cyt_mrna__WNT5B_202_	1
observable_15913	cyt_mrna__WIPI1_201_	1
observable_15914	cyt_mrna__MMD2_201_	1
observable_15915	cyt_mrna__FAAP100_201_	1
observable_15916	cyt_mrna__VILL_202_	1
observable_15917	cyt_mrna__RAB5B_201_	1
observable_15918	cyt_mrna__MDFIC_201_	1
observable_15919	cyt_mrna__CEP95_202_	1
observable_15920	cyt_mrna__CLCN7_202_	1
observable_15921	cyt_mrna__KLHL10_201_	1
observable_15922	cyt_mrna__MRPL10_202_	1
observable_15923	cyt_mrna__HSPD1_202_	1
observable_15924	cyt_mrna__PCOLCE2_201_	1
observable_15925	cyt_mrna__GPNMB_201_	1
observable_15926	cyt_mrna__GPRC5C_202_	1
observable_15927	cyt_mrna__GEMIN6_201_	1
observable_15928	cyt_mrna__VEZF1_202_	1
observable_15929	cyt_mrna__ZNF853_201_	1
observable_15930	cyt_mrna__COPB2_201_	1
observable_15931	cyt_mrna__CES2_201_	1
observable_15932	cyt_mrna__ACKR4_201_	1
observable_15933	cyt_mrna__MIOS_201_	1
observable_15934	cyt_mrna__ST3GAL4_204_	1
observable_15935	cyt_mrna__EMP2_202_	1
observable_15936	cyt_mrna__NFYC_213_	1
observable_15937	cyt_mrna__USP5_201_	1
observable_15938	cyt_mrna__IL6_201_	1
observable_15939	cyt_mrna__MRPS22_214_	1
observable_15940	cyt_mrna__CFAP251_201_	1
observable_15941	cyt_mrna__DOK4_201_	1
observable_15942	cyt_mrna__PRMT8_202_	1
observable_15943	cyt_mrna__DGKG_201_	1
observable_15944	cyt_mrna__TMPRSS13_203_	1
observable_15945	cyt_mrna__POLD2_218_	1
observable_15946	cyt_mrna__BLZF1_203_	1
observable_15947	cyt_mrna__HSD17B12_201_	1
observable_15948	cyt_mrna__TMEM54_202_	1
observable_15949	cyt_mrna__IRF2BP2_201_	1
observable_15950	cyt_mrna__LRRC8D_201_	1
observable_15951	cyt_mrna__DHX36_213_	1
observable_15952	cyt_mrna__LTBP1_203_	1
observable_15953	cyt_mrna__AHR_201_	1
observable_15954	cyt_mrna__DZIP1L_201_	1
observable_15955	cyt_mrna__ZSCAN25_202_	1
observable_15956	cyt_mrna__ESYT1_202_	1
observable_15957	cyt_mrna__PPFIA1_201_	1
observable_15958	cyt_mrna__RARRES2_201_	1
observable_15959	cyt_mrna__FDPS_202_	1
observable_15960	cyt_mrna__E2F8_201_	1
observable_15961	cyt_mrna__SYNC_202_	1
observable_15962	cyt_mrna__SC5D_201_	1
observable_15963	cyt_mrna__STAB1_201_	1
observable_15964	cyt_mrna__IFT81_201_	1
observable_15965	cyt_mrna__IFT56_203_	1
observable_15966	cyt_mrna__KBTBD12_202_	1
observable_15967	cyt_mrna__GPER1_202_	1
observable_15968	cyt_mrna__ARHGDIB_201_	1
observable_15969	cyt_mrna__UEVLD_205_	1
observable_15970	cyt_mrna__TMEM98_206_	1
observable_15971	cyt_mrna__FYCO1_201_	1
observable_15972	cyt_mrna__LEMD3_201_	1
observable_15973	cyt_mrna__CASD1_201_	1
observable_15974	cyt_mrna__SFTPB_207_	1
observable_15975	cyt_mrna__MS4A1_201_	1
observable_15976	cyt_mrna__SNX11_201_	1
observable_15977	cyt_mrna__H2AZ2_202_	1
observable_15978	cyt_mrna__SPHK1_210_	1
observable_15979	cyt_mrna__RNF214_201_	1
observable_15980	cyt_mrna__ADGRG1_216_	1
observable_15981	cyt_mrna__TBK1_201_	1
observable_15982	cyt_mrna__CHRND_201_	1
observable_15983	cyt_mrna__PRKCA_202_	1
observable_15984	cyt_mrna__PELP1_208_	1
observable_15985	cyt_mrna__SPRYD3_201_	1
observable_15986	cyt_mrna__THRB_216_	1
observable_15987	cyt_mrna__CUX1_201_	1
observable_15988	cyt_mrna__CHRM2_208_	1
observable_15989	cyt_mrna__STK36_201_	1
observable_15990	cyt_mrna__DDX42_202_	1
observable_15991	cyt_mrna__POLR3B_201_	1
observable_15992	cyt_mrna__NT5DC2_202_	1
observable_15993	cyt_mrna__CCDC47_201_	1
observable_15994	cyt_mrna__SLC6A15_201_	1
observable_15995	cyt_mrna__ACSL3_201_	1
observable_15996	cyt_mrna__PSMD9_207_	1
observable_15997	cyt_mrna__GNB1_201_	1
observable_15998	cyt_mrna__ABCB4_212_	1
observable_15999	cyt_mrna__PNKD_203_	1
observable_16000	cyt_mrna__RAD51D_202_	1
observable_16001	cyt_mrna__SWAP70_201_	1
observable_16002	cyt_mrna__MIS12_206_	1
observable_16003	cyt_mrna__RBM19_201_	1
observable_16004	cyt_mrna__SLCO2B1_201_	1
observable_16005	cyt_mrna__SERPINF1_201_	1
observable_16006	cyt_mrna__C11orf97_201_	1
observable_16007	cyt_mrna__POLM_201_	1
observable_16008	cyt_mrna__RAP1A_202_	1
observable_16009	cyt_mrna__CPT1A_201_	1
observable_16010	cyt_mrna__EPHX4_201_	1
observable_16011	cyt_mrna__SPDYE18_201_	1
observable_16012	cyt_mrna__CEND1_201_	1
observable_16013	cyt_mrna__LMBR1L_201_	1
observable_16014	cyt_mrna__LRRC4C_203_	1
observable_16015	cyt_mrna__SLC25A45_202_	1
observable_16016	cyt_mrna__WDR3_201_	1
observable_16017	cyt_mrna__PRRG4_201_	1
observable_16018	cyt_mrna__LRCH4_201_	1
observable_16019	cyt_mrna__MTMR11_202_	1
observable_16020	cyt_mrna__USP4_201_	1
observable_16021	cyt_mrna__PPP2R5B_201_	1
observable_16022	cyt_mrna__ANXA4_201_	1
observable_16023	cyt_mrna__CCT2_201_	1
observable_16024	cyt_mrna__NEUROD2_201_	1
observable_16025	cyt_mrna__CD300E_201_	1
observable_16026	cyt_mrna__PAWR_201_	1
observable_16027	cyt_mrna__CXCR6_201_	1
observable_16028	cyt_mrna__ALKAL2_204_	1
observable_16029	cyt_mrna__MYH3_205_	1
observable_16030	cyt_mrna__PTRH2_201_	1
observable_16031	cyt_mrna__RAB3GAP2_202_	1
observable_16032	cyt_mrna__HGS_201_	1
observable_16033	cyt_mrna__DCN_201_	1
observable_16034	cyt_mrna__ITGB5_201_	1
observable_16035	cyt_mrna__TSNAX_201_	1
observable_16036	cyt_mrna__GUCY2C_201_	1
observable_16037	cyt_mrna__CUEDC1_206_	1
observable_16038	cyt_mrna__STK33_218_	1
observable_16039	cyt_mrna__SLC4A3_203_	1
observable_16040	cyt_mrna__RNF141_201_	1
observable_16041	cyt_mrna__SRRT_213_	1
observable_16042	cyt_mrna__KCNK4_202_	1
observable_16043	cyt_mrna__LRWD1_201_	1
observable_16044	cyt_mrna__HIBCH_201_	1
observable_16045	cyt_mrna__TARS2_204_	1
observable_16046	cyt_mrna__AGR2_203_	1
observable_16047	cyt_mrna__RAB7B_201_	1
observable_16048	cyt_mrna__PCOLCE_201_	1
observable_16049	cyt_mrna__BBS1_201_	1
observable_16050	cyt_mrna__INPP5B_202_	1
observable_16051	cyt_mrna__ELAC2_201_	1
observable_16052	cyt_mrna__ACTR3B_201_	1
observable_16053	cyt_mrna__LEP_201_	1
observable_16054	cyt_mrna__TBC1D5_231_	1
observable_16055	cyt_mrna__ASB4_202_	1
observable_16056	cyt_mrna__CHFR_205_	1
observable_16057	cyt_mrna__CBX4_201_	1
observable_16058	cyt_mrna__PRKAR2B_201_	1
observable_16059	cyt_mrna__PLXDC1_201_	1
observable_16060	cyt_mrna__PFKFB2_202_	1
observable_16061	cyt_mrna__TMEM106B_202_	1
observable_16062	cyt_mrna__WNT3A_201_	1
observable_16063	cyt_mrna__TMBIM1_201_	1
observable_16064	cyt_mrna__IQCB1_201_	1
observable_16065	cyt_mrna__COPB1_202_	1
observable_16066	cyt_mrna__ZNF277_201_	1
observable_16067	cyt_mrna__GAL3ST4_201_	1
observable_16068	cyt_mrna__AACS_201_	1
observable_16069	cyt_mrna__PDCD6IP_201_	1
observable_16070	cyt_mrna__IARS2_201_	1
observable_16071	cyt_mrna__LIG3_202_	1
observable_16072	cyt_mrna__TMEM233_201_	1
observable_16073	cyt_mrna__FBXW8_204_	1
observable_16074	cyt_mrna__ZDHHC4_201_	1
observable_16075	cyt_mrna__SLC5A10_203_	1
observable_16076	cyt_mrna__SLC52A1_201_	1
observable_16077	cyt_mrna__CAPN7_201_	1
observable_16078	cyt_mrna__NRBP1_203_	1
observable_16079	cyt_mrna__VPS37D_201_	1
observable_16080	cyt_mrna__LRRC17_202_	1
observable_16081	cyt_mrna__PPP1R35_201_	1
observable_16082	cyt_mrna__PSMC5_201_	1
observable_16083	cyt_mrna__EIPR1_201_	1
observable_16084	cyt_mrna__TIMELESS_203_	1
observable_16085	cyt_mrna__PHETA1_206_	1
observable_16086	cyt_mrna__SUMF2_208_	1
observable_16087	cyt_mrna__TSPAN9_201_	1
observable_16088	cyt_mrna__MOV10_203_	1
observable_16089	cyt_mrna__RPS6KB1_201_	1
observable_16090	cyt_mrna__RAC1_201_	1
observable_16091	cyt_mrna__ALG6_201_	1
observable_16092	cyt_mrna__PTCD1_201_	1
observable_16093	cyt_mrna__DMRTA2_201_	1
observable_16094	cyt_mrna__ANKRD35_201_	1
observable_16095	cyt_mrna__ZNF691_209_	1
observable_16096	cyt_mrna__DDX1_201_	1
observable_16097	cyt_mrna__DBT_202_	1
observable_16098	cyt_mrna__ARMC10_202_	1
observable_16099	cyt_mrna__CPT2_201_	1
observable_16100	cyt_mrna__QARS1_201_	1
observable_16101	cyt_mrna__GNG12_201_	1
observable_16102	cyt_mrna__EFCAB2_203_	1
observable_16103	cyt_mrna__NUMA1_205_	1
observable_16104	cyt_mrna__CLIP1_219_	1
observable_16105	cyt_mrna__GNB2_201_	1
observable_16106	cyt_mrna__SUSD4_204_	1
observable_16107	cyt_mrna__MINK1_202_	1
observable_16108	cyt_mrna__PHKG1_201_	1
observable_16109	cyt_mrna__SLFN12_201_	1
observable_16110	cyt_mrna__SLC41A1_201_	1
observable_16111	cyt_mrna__TBCEL_210_	1
observable_16112	cyt_mrna__NOTCH2NLA_201_	1
observable_16113	cyt_mrna__BUD31_201_	1
observable_16114	cyt_mrna__CPD_201_	1
observable_16115	cyt_mrna__XPOT_201_	1
observable_16116	cyt_mrna__DDB2_201_	1
observable_16117	cyt_mrna__TRIP6_201_	1
observable_16118	cyt_mrna__CNTROB_202_	1
observable_16119	cyt_mrna__PTPN11_201_	1
observable_16120	cyt_mrna__FIBP_202_	1
observable_16121	cyt_mrna__FEN1_201_	1
observable_16122	cyt_mrna__DHX40_201_	1
observable_16123	cyt_mrna__TPRA1_202_	1
observable_16124	cyt_mrna__LRRC51_201_	1
observable_16125	cyt_mrna__PUM2_202_	1
observable_16126	cyt_mrna__PLEKHG5_203_	1
observable_16127	cyt_mrna__PYGM_201_	1
observable_16128	cyt_mrna__IFTAP_201_	1
observable_16129	cyt_mrna__CFAP221_203_	1
observable_16130	cyt_mrna__MYRIP_201_	1
observable_16131	cyt_mrna__ATXN7L3_205_	1
observable_16132	cyt_mrna__SP140L_203_	1
observable_16133	cyt_mrna__ZMYND10_201_	1
observable_16134	cyt_mrna__SLC43A1_201_	1
observable_16135	cyt_mrna__RASD1_201_	1
observable_16136	cyt_mrna__TPCN1_201_	1
observable_16137	cyt_mrna__PCYOX1_204_	1
observable_16138	cyt_mrna__NPRL2_201_	1
observable_16139	cyt_mrna__DAG1_201_	1
observable_16140	cyt_mrna__AKIP1_203_	1
observable_16141	cyt_mrna__STIL_203_	1
observable_16142	cyt_mrna__GFPT1_201_	1
observable_16143	cyt_mrna__TROAP_201_	1
observable_16144	cyt_mrna__FYTTD1_201_	1
observable_16145	cyt_mrna__CMKLR1_204_	1
observable_16146	cyt_mrna__STEAP2_202_	1
observable_16147	cyt_mrna__CNPY2_201_	1
observable_16148	cyt_mrna__GTF2IRD2_201_	1
observable_16149	cyt_mrna__SLC35B4_201_	1
observable_16150	cyt_mrna__CD82_201_	1
observable_16151	cyt_mrna__CDK13_201_	1
observable_16152	cyt_mrna__MRPS33_201_	1
observable_16153	cyt_mrna__ZKSCAN1_201_	1
observable_16154	cyt_mrna__RPLP0_203_	1
observable_16155	cyt_mrna__AMPD3_202_	1
observable_16156	cyt_mrna__POMGNT1_201_	1
observable_16157	cyt_mrna__GALNT11_205_	1
observable_16158	cyt_mrna__EHBP1L1_201_	1
observable_16159	cyt_mrna__HSD3B2_201_	1
observable_16160	cyt_mrna__S100A7_202_	1
observable_16161	cyt_mrna__ACTN3_203_	1
observable_16162	cyt_mrna__CCZ1B_201_	1
observable_16163	cyt_mrna__UBTF_204_	1
observable_16164	cyt_mrna__PRR15_201_	1
observable_16165	cyt_mrna__CRY2_211_	1
observable_16166	cyt_mrna__P2RY2_203_	1
observable_16167	cyt_mrna__CDK5_204_	1
observable_16168	cyt_mrna__RO60_206_	1
observable_16169	cyt_mrna__LRIG1_201_	1
observable_16170	cyt_mrna__PPP1R9B_202_	1
observable_16171	cyt_mrna__NKAPD1_202_	1
observable_16172	cyt_mrna__AGFG2_201_	1
observable_16173	cyt_mrna__SYT7_203_	1
observable_16174	cyt_mrna__TFRC_201_	1
observable_16175	cyt_mrna__KIF19_202_	1
observable_16176	cyt_mrna__UROC1_201_	1
observable_16177	cyt_mrna__SLC39A13_202_	1
observable_16178	cyt_mrna__MYO1B_204_	1
observable_16179	cyt_mrna__MAD1L1_201_	1
observable_16180	cyt_mrna__XPR1_202_	1
observable_16181	cyt_mrna__RPA1_201_	1
observable_16182	cyt_mrna__SLC15A2_205_	1
observable_16183	cyt_mrna__RAB7A_201_	1
observable_16184	cyt_mrna__ZSCAN20_204_	1
observable_16185	cyt_mrna__DNAI2_201_	1
observable_16186	cyt_mrna__NPHP1_207_	1
observable_16187	cyt_mrna__FLCN_201_	1
observable_16188	cyt_mrna__HDAC11_201_	1
observable_16189	cyt_mrna__NTN1_201_	1
observable_16190	cyt_mrna__OTOP2_201_	1
observable_16191	cyt_mrna__RPL22L1_201_	1
observable_16192	cyt_mrna__HEXIM2_204_	1
observable_16193	cyt_mrna__KRIT1_203_	1
observable_16194	cyt_mrna__CKAP5_210_	1
observable_16195	cyt_mrna__CYB561_201_	1
observable_16196	cyt_mrna__CCL24_201_	1
observable_16197	cyt_mrna__SPINDOC_201_	1
observable_16198	cyt_mrna__TRIM74_201_	1
observable_16199	cyt_mrna__CLDND1_201_	1
observable_16200	cyt_mrna__FIGNL1_206_	1
observable_16201	cyt_mrna__LRRC56_201_	1
observable_16202	cyt_mrna__SAP30BP_225_	1
observable_16203	cyt_mrna__VPS37C_201_	1
observable_16204	cyt_mrna__SLC25A40_201_	1
observable_16205	cyt_mrna__TRAIP_201_	1
observable_16206	cyt_mrna__HUS1_201_	1
observable_16207	cyt_mrna__UBA5_202_	1
observable_16208	cyt_mrna__SIPA1_209_	1
observable_16209	cyt_mrna__RINT1_201_	1
observable_16210	cyt_mrna__ARNT_202_	1
observable_16211	cyt_mrna__MYBPC1_201_	1
observable_16212	cyt_mrna__FAR1_201_	1
observable_16213	cyt_mrna__LMO2_201_	1
observable_16214	cyt_mrna__PLSCR1_201_	1
observable_16215	cyt_mrna__FGFR1OP2_201_	1
observable_16216	cyt_mrna__KAT2A_201_	1
observable_16217	cyt_mrna__PIAS3_203_	1
observable_16218	cyt_mrna__KDM3A_201_	1
observable_16219	cyt_mrna__ETFRF1_201_	1
observable_16220	cyt_mrna__ARL8B_201_	1
observable_16221	cyt_mrna__H6PD_201_	1
observable_16222	cyt_mrna__NAGLU_201_	1
observable_16223	cyt_mrna__PIANP_202_	1
observable_16224	cyt_mrna__CD300LF_202_	1
observable_16225	cyt_mrna__TTC27_201_	1
observable_16226	cyt_mrna__IFT80_201_	1
observable_16227	cyt_mrna__GBA1_202_	1
observable_16228	cyt_mrna__TNFSF10_201_	1
observable_16229	cyt_mrna__DBNL_210_	1
observable_16230	cyt_mrna__ABHD5_213_	1
observable_16231	cyt_mrna__MCRS1_201_	1
observable_16232	cyt_mrna__CHRM3_211_	1
observable_16233	cyt_mrna__HECW2_212_	1
observable_16234	cyt_mrna__NENF_201_	1
observable_16235	cyt_mrna__SMARCAL1_201_	1
observable_16236	cyt_mrna__NUDT17_201_	1
observable_16237	cyt_mrna__TPST1_201_	1
observable_16238	cyt_mrna__NCKIPSD_201_	1
observable_16239	cyt_mrna__SNX10_201_	1
observable_16240	cyt_mrna__CCDC148_201_	1
observable_16241	cyt_mrna__NPL_203_	1
observable_16242	cyt_mrna__IBA57_201_	1
observable_16243	cyt_mrna__GMPS_203_	1
observable_16244	cyt_mrna__CYP20A1_201_	1
observable_16245	cyt_mrna__ZBBX_215_	1
observable_16246	cyt_mrna__TLK2_203_	1
observable_16247	cyt_mrna__DHX9_201_	1
observable_16248	cyt_mrna__CPSF4_201_	1
observable_16249	cyt_mrna__GUCA2A_201_	1
observable_16250	cyt_mrna__PRR15L_201_	1
observable_16251	cyt_mrna__CDRT4_203_	1
observable_16252	cyt_mrna__EIF2B3_201_	1
observable_16253	cyt_mrna__PSMA2_201_	1
observable_16254	cyt_mrna__SLC39A10_201_	1
observable_16255	cyt_mrna__LRRC41_207_	1
observable_16256	cyt_mrna__SAMTOR_201_	1
observable_16257	cyt_mrna__CACNB1_202_	1
observable_16258	cyt_mrna__CEP70_201_	1
observable_16259	cyt_mrna__PNPLA8_201_	1
observable_16260	cyt_mrna__INPP1_202_	1
observable_16261	cyt_mrna__CD44_208_	1
observable_16262	cyt_mrna__COPS7B_201_	1
observable_16263	cyt_mrna__COL1A1_201_	1
observable_16264	cyt_mrna__TBRG4_201_	1
observable_16265	cyt_mrna__AOX1_202_	1
observable_16266	cyt_mrna__PLS1_202_	1
observable_16267	cyt_mrna__CHD1L_202_	1
observable_16268	cyt_mrna__PSMG3_202_	1
observable_16269	cyt_mrna__PLEKHA3_201_	1
observable_16270	cyt_mrna__MAP3K3_202_	1
observable_16271	cyt_mrna__YPEL5_201_	1
observable_16272	cyt_mrna__VCAM1_201_	1
observable_16273	cyt_mrna__UHMK1_202_	1
observable_16274	cyt_mrna__GJC1_208_	1
observable_16275	cyt_mrna__UVRAG_201_	1
observable_16276	cyt_mrna__TOGARAM2_201_	1
observable_16277	cyt_mrna__UQCRH_201_	1
observable_16278	cyt_mrna__SLAMF8_201_	1
observable_16279	cyt_mrna__CD59_211_	1
observable_16280	cyt_mrna__F3_201_	1
observable_16281	cyt_mrna__NR2C2_205_	1
observable_16282	cyt_mrna__WSB1_201_	1
observable_16283	cyt_mrna__BDNF_202_	1
observable_16284	cyt_mrna__TMEM123_202_	1
observable_16285	cyt_mrna__TRIM68_201_	1
observable_16286	cyt_mrna__RFT1_201_	1
observable_16287	cyt_mrna__MTA3_201_	1
observable_16288	cyt_mrna__PHTF2_206_	1
observable_16289	cyt_mrna__CANT1_202_	1
observable_16290	cyt_mrna__GIMAP5_201_	1
observable_16291	cyt_mrna__PIRT_201_	1
observable_16292	cyt_mrna__FADS3_201_	1
observable_16293	cyt_mrna__ASNS_202_	1
observable_16294	cyt_mrna__KDM5B_203_	1
observable_16295	cyt_mrna__TMEM60_201_	1
observable_16296	cyt_mrna__PLD2_201_	1
observable_16297	cyt_mrna__TTC17_201_	1
observable_16298	cyt_mrna__TTC7A_201_	1
observable_16299	cyt_mrna__RBM28_201_	1
observable_16300	cyt_mrna__RAB11FIP4_211_	1
observable_16301	cyt_mrna__ZNF800_201_	1
observable_16302	cyt_mrna__TMEM140_201_	1
observable_16303	cyt_mrna__EVA1A_202_	1
observable_16304	cyt_mrna__C4BPB_203_	1
observable_16305	cyt_mrna__KCMF1_201_	1
observable_16306	cyt_mrna__FOSL2_201_	1
observable_16307	cyt_mrna__GSTK1_201_	1
observable_16308	cyt_mrna__ASB10_204_	1
observable_16309	cyt_mrna__HECTD3_202_	1
observable_16310	cyt_mrna__TOM1L1_221_	1
observable_16311	cyt_mrna__TSPAN12_201_	1
observable_16312	cyt_mrna__APLP2_203_	1
observable_16313	cyt_mrna__SLC25A34_201_	1
observable_16314	cyt_mrna__PSPH_201_	1
observable_16315	cyt_mrna__AKAP1_202_	1
observable_16316	cyt_mrna__MS4A6E_204_	1
observable_16317	cyt_mrna__CHI3L2_202_	1
observable_16318	cyt_mrna__ELMOD3_203_	1
observable_16319	cyt_mrna__NAMPT_201_	1
observable_16320	cyt_mrna__WRAP53_202_	1
observable_16321	cyt_mrna__COX11_201_	1
observable_16322	cyt_mrna__ZNF775_201_	1
observable_16323	cyt_mrna__TRIM47_201_	1
observable_16324	cyt_mrna__FOXP1_254_	1
observable_16325	cyt_mrna__CTDNEP1_210_	1
observable_16326	cyt_mrna__KPNA2_201_	1
observable_16327	cyt_mrna__MTIF2_201_	1
observable_16328	cyt_mrna__REG1B_201_	1
observable_16329	cyt_mrna__CDC42EP3_201_	1
observable_16330	cyt_mrna__PHLDB1_222_	1
observable_16331	cyt_mrna__OSBPL3_201_	1
observable_16332	cyt_mrna__ATG7_226_	1
observable_16333	cyt_mrna__TTYH3_201_	1
observable_16334	cyt_mrna__FBXO40_201_	1
observable_16335	cyt_mrna__TRIM37_201_	1
observable_16336	cyt_mrna__URGCP_207_	1
observable_16337	cyt_mrna__SPICE1_201_	1
observable_16338	cyt_mrna__LIMS2_202_	1
observable_16339	cyt_mrna__RPS6KA4_201_	1
observable_16340	cyt_mrna__PDK1_201_	1
observable_16341	cyt_mrna__TBX2_201_	1
observable_16342	cyt_mrna__C2CD6_202_	1
observable_16343	cyt_mrna__PPP1R9A_206_	1
observable_16344	cyt_mrna__GRIK4_205_	1
observable_16345	cyt_mrna__ACOXL_205_	1
observable_16346	cyt_mrna__CHCHD3_201_	1
observable_16347	cyt_mrna__MS4A4A_201_	1
observable_16348	cyt_mrna__NCF1_201_	1
observable_16349	cyt_mrna__VEGFB_201_	1
observable_16350	cyt_mrna__STEAP4_202_	1
observable_16351	cyt_mrna__TRIM34_201_	1
observable_16352	cyt_mrna__SH2B2_201_	1
observable_16353	cyt_mrna__GPR146_203_	1
observable_16354	cyt_mrna__STARD3_201_	1
observable_16355	cyt_mrna__PPME1_201_	1
observable_16356	cyt_mrna__RIN1_201_	1
observable_16357	cyt_mrna__TRIM24_201_	1
observable_16358	cyt_mrna__SP100_202_	1
observable_16359	cyt_mrna__ICAM2_208_	1
observable_16360	cyt_mrna__ARHGAP1_201_	1
observable_16361	cyt_mrna__FKBP9_201_	1
observable_16362	cyt_mrna__VGF_201_	1
observable_16363	cyt_mrna__IPO7_201_	1
observable_16364	cyt_mrna__CTNNB1_201_	1
observable_16365	cyt_mrna__GTF3C2_201_	1
observable_16366	cyt_mrna__GPR17_204_	1
observable_16367	cyt_mrna__IGFBP5_201_	1
observable_16368	cyt_mrna__MYH2_201_	1
observable_16369	cyt_mrna__PSMC3_201_	1
observable_16370	cyt_mrna__FEZ2_204_	1
observable_16371	cyt_mrna__RAP1GAP_205_	1
observable_16372	cyt_mrna__COPZ2_210_	1
observable_16373	cyt_mrna__SMTNL2_202_	1
observable_16374	cyt_mrna__TAF6_211_	1
observable_16375	cyt_mrna__CD68_201_	1
observable_16376	cyt_mrna__SPECC1_204_	1
observable_16377	cyt_mrna__STAG1_202_	1
observable_16378	cyt_mrna__NBAS_201_	1
observable_16379	cyt_mrna__ARPC1B_222_	1
observable_16380	cyt_mrna__GHDC_206_	1
observable_16381	cyt_mrna__CHID1_201_	1
observable_16382	cyt_mrna__CNTN4_203_	1
observable_16383	cyt_mrna__ZKSCAN5_201_	1
observable_16384	cyt_mrna__AFMID_202_	1
observable_16385	cyt_mrna__ATIC_201_	1
observable_16386	cyt_mrna__TDRKH_203_	1
observable_16387	cyt_mrna__NXF1_201_	1
observable_16388	cyt_mrna__EMILIN1_201_	1
observable_16389	cyt_mrna__UNC13D_201_	1
observable_16390	cyt_mrna__SYT8_201_	1
observable_16391	cyt_mrna__ETV1_208_	1
observable_16392	cyt_mrna__MYL1_202_	1
observable_16393	cyt_mrna__ZNF394_201_	1
observable_16394	cyt_mrna__MKS1_202_	1
observable_16395	cyt_mrna__SNED1_201_	1
observable_16396	cyt_mrna__TM7SF2_201_	1
observable_16397	cyt_mrna__HIC1_207_	1
observable_16398	cyt_mrna__SULT1C4_201_	1
observable_16399	cyt_mrna__ZC3H8_201_	1
observable_16400	cyt_mrna__CNOT11_201_	1
observable_16401	cyt_mrna__GUK1_212_	1
observable_16402	cyt_mrna__DAGLA_201_	1
observable_16403	cyt_mrna__EZH1_202_	1
observable_16404	cyt_mrna__MS4A7_201_	1
observable_16405	cyt_mrna__ZRANB3_201_	1
observable_16406	cyt_mrna__HOATZ_202_	1
observable_16407	cyt_mrna__DPH5_203_	1
observable_16408	cyt_mrna__SAT2_201_	1
observable_16409	cyt_mrna__AP4M1_201_	1
observable_16410	cyt_mrna__ATM_229_	1
observable_16411	cyt_mrna__SYPL2_201_	1
observable_16412	cyt_mrna__SERPINE2_202_	1
observable_16413	cyt_mrna__PSD4_201_	1
observable_16414	cyt_mrna__DCPS_201_	1
observable_16415	cyt_mrna__FRZB_201_	1
observable_16416	cyt_mrna__ABCF2_201_	1
observable_16417	cyt_mrna__RRAS2_201_	1
observable_16418	cyt_mrna__CCDC126_201_	1
observable_16419	cyt_mrna__OPA1_202_	1
observable_16420	cyt_mrna__PSMD11_201_	1
observable_16421	cyt_mrna__MUS81_201_	1
observable_16422	cyt_mrna__RHOC_202_	1
observable_16423	cyt_mrna__BRAT1_201_	1
observable_16424	cyt_mrna__INPP5K_204_	1
observable_16425	cyt_mrna__CCDC88B_201_	1
observable_16426	cyt_mrna__CPB1_201_	1
observable_16427	cyt_mrna__IRF6_201_	1
observable_16428	cyt_mrna__CNPY4_201_	1
observable_16429	cyt_mrna__RASSF7_202_	1
observable_16430	cyt_mrna__C1orf21_201_	1
observable_16431	cyt_mrna__ACTL6B_201_	1
observable_16432	cyt_mrna__TRIM56_201_	1
observable_16433	cyt_mrna__COL3A1_201_	1
observable_16434	cyt_mrna__RGS5_201_	1
observable_16435	cyt_mrna__GIMAP6_201_	1
observable_16436	cyt_mrna__TRPV1_207_	1
observable_16437	cyt_mrna__IMPDH2_201_	1
observable_16438	cyt_mrna__EIF2AK1_201_	1
observable_16439	cyt_mrna__IGSF9_202_	1
observable_16440	cyt_mrna__CASP8_218_	1
observable_16441	cyt_mrna__LTBP3_201_	1
observable_16442	cyt_mrna__SIRT7_201_	1
observable_16443	cyt_mrna__CCZ1_201_	1
observable_16444	cyt_mrna__PPP1R1B_201_	1
observable_16445	cyt_mrna__UBA3_202_	1
observable_16446	cyt_mrna__TMEM108_201_	1
observable_16447	cyt_mrna__HSPA8_224_	1
observable_16448	cyt_mrna__COL8A1_209_	1
observable_16449	cyt_mrna__EPN2_201_	1
observable_16450	cyt_mrna__MS4A12_201_	1
observable_16451	cyt_mrna__SLC12A9_201_	1
observable_16452	cyt_mrna__COQ8A_201_	1
observable_16453	cyt_mrna__STAMBP_202_	1
observable_16454	cyt_mrna__LRCH3_203_	1
observable_16455	cyt_mrna__HID1_202_	1
observable_16456	cyt_mrna__IKZF1_201_	1
observable_16457	cyt_mrna__DERL2_201_	1
observable_16458	cyt_mrna__NHERF1_201_	1
observable_16459	cyt_mrna__LRPPRC_201_	1
observable_16460	cyt_mrna__MAPKAPK3_208_	1
observable_16461	cyt_mrna__ANKRD13B_201_	1
observable_16462	cyt_mrna__SEMA4A_204_	1
observable_16463	cyt_mrna__STYXL1_203_	1
observable_16464	cyt_mrna__MYD88_209_	1
observable_16465	cyt_mrna__NKAIN1_201_	1
observable_16466	cyt_mrna__HAX1_201_	1
observable_16467	cyt_mrna__SERTAD2_201_	1
observable_16468	cyt_mrna__NXPE3_201_	1
observable_16469	cyt_mrna__SCYL1_201_	1
observable_16470	cyt_mrna__IPO13_202_	1
observable_16471	cyt_mrna__EPHB4_201_	1
observable_16472	cyt_mrna__ERCC3_201_	1
observable_16473	cyt_mrna__STX1A_201_	1
observable_16474	cyt_mrna__SMYD2_201_	1
observable_16475	cyt_mrna__FGD5_201_	1
observable_16476	cyt_mrna__PGAM2_201_	1
observable_16477	cyt_mrna__BECN1_213_	1
observable_16478	cyt_mrna__ELAPOR2_208_	1
observable_16479	cyt_mrna__RBMS1_201_	1
observable_16480	cyt_mrna__MDH2_201_	1
observable_16481	cyt_mrna__TATDN3_202_	1
observable_16482	cyt_mrna__CORO6_202_	1
observable_16483	cyt_mrna__PRCC_201_	1
observable_16484	cyt_mrna__TSPAN4_203_	1
observable_16485	cyt_mrna__PTPRN_201_	1
observable_16486	cyt_mrna__ILDR1_202_	1
observable_16487	cyt_mrna__TRIM16_226_	1
observable_16488	cyt_mrna__PSMD4_202_	1
observable_16489	cyt_mrna__SLC3A2_201_	1
observable_16490	cyt_mrna__STRIP1_201_	1
observable_16491	cyt_mrna__GALNT2_201_	1
observable_16492	cyt_mrna__PELI3_201_	1
observable_16493	cyt_mrna__MFN1_205_	1
observable_16494	cyt_mrna__RCN1_201_	1
observable_16495	cyt_mrna__TMEM50A_201_	1
observable_16496	cyt_mrna__WDR6_220_	1
observable_16497	cyt_mrna__GTF2IRD1_202_	1
observable_16498	cyt_mrna__SART1_201_	1
observable_16499	cyt_mrna__ARMC9_213_	1
observable_16500	cyt_mrna__EDEM3_201_	1
observable_16501	cyt_mrna__DALRD3_202_	1
observable_16502	cyt_mrna__GLYCTK_201_	1
observable_16503	cyt_mrna__PLPPR5_201_	1
observable_16504	cyt_mrna__WNT4_201_	1
observable_16505	cyt_mrna__TTLL4_201_	1
observable_16506	cyt_mrna__NEXN_202_	1
observable_16507	cyt_mrna__AKR1B1_201_	1
observable_16508	cyt_mrna__AP2B1_211_	1
observable_16509	cyt_mrna__KDM4A_201_	1
observable_16510	cyt_mrna__ABCB6_201_	1
observable_16511	cyt_mrna__TRAPPC1_201_	1
observable_16512	cyt_mrna__MBNL1_204_	1
observable_16513	cyt_mrna__RNF207_201_	1
observable_16514	cyt_mrna__NUP85_201_	1
observable_16515	cyt_mrna__CLDN11_201_	1
observable_16516	cyt_mrna__SNRNP27_201_	1
observable_16517	cyt_mrna__EPHB1_201_	1
observable_16518	cyt_mrna__PRICKLE2_205_	1
observable_16519	cyt_mrna__CD1E_212_	1
observable_16520	cyt_mrna__GCA_204_	1
observable_16521	cyt_mrna__MANEAL_202_	1
observable_16522	cyt_mrna__PSME3_210_	1
observable_16523	cyt_mrna__CUL1_201_	1
observable_16524	cyt_mrna__MYOCD_203_	1
observable_16525	cyt_mrna__TESK2_202_	1
observable_16526	cyt_mrna__FAM89A_201_	1
observable_16527	cyt_mrna__TAF12_202_	1
observable_16528	cyt_mrna__TUBG2_201_	1
observable_16529	cyt_mrna__PLEKHA8_205_	1
observable_16530	cyt_mrna__KIAA0040_201_	1
observable_16531	cyt_mrna__EGLN1_201_	1
observable_16532	cyt_mrna__SCN5A_205_	1
observable_16533	cyt_mrna__RNF32_202_	1
observable_16534	cyt_mrna__MAP2_218_	1
observable_16535	cyt_mrna__VEPH1_201_	1
observable_16536	cyt_mrna__ATF6_201_	1
observable_16537	cyt_mrna__DNAJC7_203_	1
observable_16538	cyt_mrna__SRGAP2C_202_	1
observable_16539	cyt_mrna__CLIC4_201_	1
observable_16540	cyt_mrna__PRKAR1B_211_	1
observable_16541	cyt_mrna__PTPN4_201_	1
observable_16542	cyt_mrna__IL1RAP_211_	1
observable_16543	cyt_mrna__TOMM40L_202_	1
observable_16544	cyt_mrna__DNAAF5_201_	1
observable_16545	cyt_mrna__NCK2_201_	1
observable_16546	cyt_mrna__AZIN2_201_	1
observable_16547	cyt_mrna__SEMA5B_202_	1
observable_16548	cyt_mrna__PTX3_201_	1
observable_16549	cyt_mrna__EIF3B_201_	1
observable_16550	cyt_mrna__ACTG2_201_	1
observable_16551	cyt_mrna__ABTB1_201_	1
observable_16552	cyt_mrna__FAF1_201_	1
observable_16553	cyt_mrna__ZNF593OS_203_	1
observable_16554	cyt_mrna__CRBN_201_	1
observable_16555	cyt_mrna__CCDC138_201_	1
observable_16556	cyt_mrna__STARD3NL_201_	1
observable_16557	cyt_mrna__EPS8L3_202_	1
observable_16558	cyt_mrna__SEC22C_201_	1
observable_16559	cyt_mrna__TRNT1_201_	1
observable_16560	cyt_mrna__SSR2_201_	1
observable_16561	cyt_mrna__HDAC5_213_	1
observable_16562	cyt_mrna__PIGC_201_	1
observable_16563	cyt_mrna__FAAH_201_	1
observable_16564	cyt_mrna__ANO10_201_	1
observable_16565	cyt_mrna__CTC1_214_	1
observable_16566	cyt_mrna__SWT1_201_	1
observable_16567	cyt_mrna__NCMAP_201_	1
observable_16568	cyt_mrna__P2RX1_201_	1
observable_16569	cyt_mrna__CALD1_201_	1
observable_16570	cyt_mrna__NKTR_201_	1
observable_16571	cyt_mrna__SYNGR2_201_	1
observable_16572	cyt_mrna__GPR161_211_	1
observable_16573	cyt_mrna__TWF2_201_	1
observable_16574	cyt_mrna__PPM1M_202_	1
observable_16575	cyt_mrna__TKT_207_	1
observable_16576	cyt_mrna__GRB7_201_	1
observable_16577	cyt_mrna__HSPBAP1_201_	1
observable_16578	cyt_mrna__CMC1_205_	1
observable_16579	cyt_mrna__EPRS1_201_	1
observable_16580	cyt_mrna__TBCCD1_201_	1
observable_16581	cyt_mrna__PROX1_201_	1
observable_16582	cyt_mrna__IRAK2_201_	1
observable_16583	cyt_mrna__TBC1D16_201_	1
observable_16584	cyt_mrna__NPHP3_201_	1
observable_16585	cyt_mrna__RHBDL3_201_	1
observable_16586	cyt_mrna__ABCF3_203_	1
observable_16587	cyt_mrna__MYLK_202_	1
observable_16588	cyt_mrna__DRG2_201_	1
observable_16589	cyt_mrna__NBPF9_210_	1
observable_16590	cyt_mrna__SPATS2L_204_	1
observable_16591	cyt_mrna__PIGK_202_	1
observable_16592	cyt_mrna__SMIM12_206_	1
observable_16593	cyt_mrna__ADAP2_201_	1
observable_16594	cyt_mrna__OSGEPL1_201_	1
observable_16595	cyt_mrna__ZBTB8A_202_	1
observable_16596	cyt_mrna__SGSM2_201_	1
observable_16597	cyt_mrna__TBL1XR1_214_	1
observable_16598	cyt_mrna__ITGB6_201_	1
observable_16599	cyt_mrna__SLC35A3_207_	1
observable_16600	cyt_mrna__ZNF639_209_	1
observable_16601	cyt_mrna__PLAAT1_201_	1
observable_16602	cyt_mrna__TEX2_208_	1
observable_16603	cyt_mrna__BRPF1_201_	1
observable_16604	cyt_mrna__ERAL1_201_	1
observable_16605	cyt_mrna__MAP4K3_201_	1
observable_16606	cyt_mrna__FARSB_201_	1
observable_16607	cyt_mrna__PLEKHH2_201_	1
observable_16608	cyt_mrna__RCC1_214_	1
observable_16609	cyt_mrna__MYO1C_220_	1
observable_16610	cyt_mrna__ZFP69_202_	1
observable_16611	cyt_mrna__CD160_202_	1
observable_16612	cyt_mrna__METTL23_201_	1
observable_16613	cyt_mrna__THEMIS2_202_	1
observable_16614	cyt_mrna__BBX_201_	1
observable_16615	cyt_mrna__GBP4_201_	1
observable_16616	cyt_mrna__ACTR2_201_	1
observable_16617	cyt_mrna__PDK2_203_	1
observable_16618	cyt_mrna__MARCO_201_	1
observable_16619	cyt_mrna__H3_3A_203_	1
observable_16620	cyt_mrna__RPF1_201_	1
observable_16621	cyt_mrna__QRICH1_202_	1
observable_16622	cyt_mrna__ACTR3_201_	1
observable_16623	cyt_mrna__SLC16A5_201_	1
observable_16624	cyt_mrna__ZNF644_201_	1
observable_16625	cyt_mrna__SLC19A3_210_	1
observable_16626	cyt_mrna__THAP3_201_	1
observable_16627	cyt_mrna__HOXB3_212_	1
observable_16628	cyt_mrna__NPPA_202_	1
observable_16629	cyt_mrna__PXYLP1_201_	1
observable_16630	cyt_mrna__LAPTM5_201_	1
observable_16631	cyt_mrna__CFAP36_202_	1
observable_16632	cyt_mrna__ABHD6_205_	1
observable_16633	cyt_mrna__ZBTB48_202_	1
observable_16634	cyt_mrna__ARF1_201_	1
observable_16635	cyt_mrna__ENO3_207_	1
observable_16636	cyt_mrna__MCOLN3_203_	1
observable_16637	cyt_mrna__NEK8_201_	1
observable_16638	cyt_mrna__DPT_201_	1
observable_16639	cyt_mrna__NEK11_202_	1
observable_16640	cyt_mrna__PREPL_205_	1
observable_16641	cyt_mrna__PKN2_203_	1
observable_16642	cyt_mrna__DISP1_222_	1
observable_16643	cyt_mrna__SACM1L_201_	1
observable_16644	cyt_mrna__DENND6A_201_	1
observable_16645	cyt_mrna__ANP32E_208_	1
observable_16646	cyt_mrna__TMEM115_201_	1
observable_16647	cyt_mrna__HPCAL1_201_	1
observable_16648	cyt_mrna__MXRA8_201_	1
observable_16649	cyt_mrna__CD1D_207_	1
observable_16650	cyt_mrna__IL1A_201_	1
observable_16651	cyt_mrna__YBX1_201_	1
observable_16652	cyt_mrna__EFTUD2_202_	1
observable_16653	cyt_mrna__C1orf54_202_	1
observable_16654	cyt_mrna__MPP4_205_	1
observable_16655	cyt_mrna__TXNDC9_201_	1
observable_16656	cyt_mrna__NADK_201_	1
observable_16657	cyt_mrna__RNF157_201_	1
observable_16658	cyt_mrna__WSCD1_201_	1
observable_16659	cyt_mrna__SKAP1_201_	1
observable_16660	cyt_mrna__GRB2_202_	1
observable_16661	cyt_mrna__ARIH2_201_	1
observable_16662	cyt_mrna__ZNF207_203_	1
observable_16663	cyt_mrna__MAD2L2_207_	1
observable_16664	cyt_mrna__ASTE1_201_	1
observable_16665	cyt_mrna__AANAT_202_	1
observable_16666	cyt_mrna__P3H4_202_	1
observable_16667	cyt_mrna__ADGRL4_201_	1
observable_16668	cyt_mrna__CYB561D1_204_	1
observable_16669	cyt_mrna__MAP3K14_201_	1
observable_16670	cyt_mrna__THRAP3_201_	1
observable_16671	cyt_mrna__MFSD11_220_	1
observable_16672	cyt_mrna__TMEM150A_202_	1
observable_16673	cyt_mrna__TIMP2_201_	1
observable_16674	cyt_mrna__SRSF2_202_	1
observable_16675	cyt_mrna__TTYH2_201_	1
observable_16676	cyt_mrna__KRT13_201_	1
observable_16677	cyt_mrna__ACADL_201_	1
observable_16678	cyt_mrna__PTPRF_201_	1
observable_16679	cyt_mrna__TFG_201_	1
observable_16680	cyt_mrna__SPOP_206_	1
observable_16681	cyt_mrna__ZBTB17_202_	1
observable_16682	cyt_mrna__IL1R1_205_	1
observable_16683	cyt_mrna__B4GALT2_203_	1
observable_16684	cyt_mrna__SUMO2_202_	1
observable_16685	cyt_mrna__DNAJC11_202_	1
observable_16686	cyt_mrna__TTC21B_201_	1
observable_16687	cyt_mrna__AHDC1_217_	1
observable_16688	cyt_mrna__UBE2E3_202_	1
observable_16689	cyt_mrna__TMEM63A_201_	1
observable_16690	cyt_mrna__KIDINS220_201_	1
observable_16691	cyt_mrna__CCT3_201_	1
observable_16692	cyt_mrna__CNPPD1_201_	1
observable_16693	cyt_mrna__ATP6V0A1_202_	1
observable_16694	cyt_mrna__DVL1_201_	1
observable_16695	cyt_mrna__ATL2_201_	1
observable_16696	cyt_mrna__IL17RC_203_	1
observable_16697	cyt_mrna__UBE2Z_201_	1
observable_16698	cyt_mrna__IL6R_202_	1
observable_16699	cyt_mrna__CD300LG_202_	1
observable_16700	cyt_mrna__LYRM9_201_	1
observable_16701	cyt_mrna__PSRC1_204_	1
observable_16702	cyt_mrna__C17orf67_201_	1
observable_16703	cyt_mrna__DNMT3A_202_	1
observable_16704	cyt_mrna__FCRLA_201_	1
observable_16705	cyt_mrna__PYCR2_201_	1
observable_16706	cyt_mrna__CASC3_201_	1
observable_16707	cyt_mrna__RANBP2_201_	1
observable_16708	cyt_mrna__CFAP57_201_	1
observable_16709	cyt_mrna__WDR54_201_	1
observable_16710	cyt_mrna__ACP6_205_	1
observable_16711	cyt_mrna__P2RX5_201_	1
observable_16712	cyt_mrna__CASQ1_201_	1
observable_16713	cyt_mrna__EBNA1BP2_201_	1
observable_16714	cyt_mrna__PAFAH1B1_202_	1
observable_16715	cyt_mrna__PIKFYVE_201_	1
observable_16716	cyt_mrna__EYA3_203_	1
observable_16717	cyt_mrna__TTC19_201_	1
observable_16718	cyt_mrna__STAT4_202_	1
observable_16719	cyt_mrna__SNRNP200_201_	1
observable_16720	cyt_mrna__CEP131_203_	1
observable_16721	cyt_mrna__TBCE_211_	1
observable_16722	cyt_mrna__BMP10_201_	1
observable_16723	cyt_mrna__VMA12_201_	1
observable_16724	cyt_mrna__RER1_209_	1
observable_16725	cyt_mrna__S100A6_201_	1
observable_16726	cyt_mrna__TMEM275_202_	1
observable_16727	cyt_mrna__KDM1A_202_	1
observable_16728	cyt_mrna__MAP3K6_201_	1
observable_16729	cyt_mrna__CMPK1_203_	1
observable_16730	cyt_mrna__B3GALNT2_202_	1
observable_16731	cyt_mrna__DUSP12_201_	1
observable_16732	cyt_mrna__NPEPPS_201_	1
observable_16733	cyt_mrna__MEGF6_202_	1
observable_16734	cyt_mrna__SLC19A2_201_	1
observable_16735	cyt_mrna__UBE2J2_202_	1
observable_16736	cyt_mrna__MFAP2_202_	1
observable_16737	cyt_mrna__TMC6_217_	1
observable_16738	cyt_mrna__CTNNBIP1_203_	1
observable_16739	cyt_mrna__RBBP5_201_	1
observable_16740	cyt_mrna__PAQR6_201_	1
observable_16741	cyt_mrna__CERS2_205_	1
observable_16742	cyt_mrna__GPBP1L1_202_	1
observable_16743	cyt_mrna__VIT_202_	1
observable_16744	cyt_mrna__COQ10B_201_	1
observable_16745	cyt_mrna__PDIA6_201_	1
observable_16746	cyt_mrna__SHC1_210_	1
observable_16747	cyt_mrna__EIF2D_201_	1
observable_16748	cyt_mrna__NAB1_201_	1
observable_16749	cyt_mrna__MAGI3_201_	1
observable_16750	cyt_mrna__DNAJC10_201_	1
observable_16751	cyt_mrna__TXNIP_204_	1
observable_16752	cyt_mrna__SMC6_207_	1
observable_16753	cyt_mrna__NPAS2_201_	1
observable_16754	cyt_mrna__MED24_204_	1
observable_16755	cyt_mrna__PID1_203_	1
observable_16756	cyt_mrna__NPHP4_201_	1
observable_16757	cyt_mrna__PAIP2B_201_	1
observable_16758	cyt_mrna__COMMD1_201_	1
observable_16759	cyt_mrna__TMC8_201_	1
observable_16760	cyt_mrna__CEP104_202_	1
observable_16761	cyt_mrna__RUSC1_204_	1
observable_16762	cyt_mrna__PMS1_213_	1
observable_16763	cyt_mrna__CFH_202_	1
observable_16764	cyt_mrna__KCNF1_201_	1
observable_16765	cyt_mrna__ACBD6_201_	1
observable_16766	cyt_mrna__PHOSPHO2_201_	1
observable_16767	cyt_mrna__YWHAQ_201_	1
observable_16768	cyt_mrna__FCRL3_201_	1
observable_16769	cyt_mrna__PGAP1_201_	1
observable_16770	cyt_mrna__NBPF11_205_	1
observable_16771	cyt_mrna__S100A8_202_	1
observable_16772	cyt_mrna__OSBPL9_203_	1
observable_16773	cyt_mrna__SLC27A3_213_	1
observable_16774	cyt_mrna__KLHL17_201_	1
observable_16775	cyt_mrna__SRRM1_201_	1
observable_16776	cyt_mrna__TIMM17A_201_	1
observable_16777	cyt_mrna__ITGB3BP_201_	1
observable_16778	cyt_mrna__GIGYF2_201_	1
observable_16779	cyt_mrna__GBP3_202_	1
observable_16780	cyt_mrna__OSCP1_201_	1
observable_16781	cyt_mrna__SH3BP4_202_	1
observable_16782	cyt_mrna__ORMDL1_202_	1
observable_16783	cyt_mrna__SLC30A3_201_	1
observable_16784	cyt_mrna__PSMD14_201_	1
observable_16785	cyt_mrna__TTL_201_	1
observable_16786	cyt_mrna__MBOAT2_201_	1
observable_16787	cyt_mrna__USP33_204_	1
observable_16788	cyt_mrna__SCN7A_205_	1
observable_16789	cyt_mrna__LRATD1_201_	1
observable_16790	cyt_mrna__PIK3R3_201_	1
observable_16791	cyt_mrna__OLA1_201_	1
observable_16792	cyt_mrna__NID1_201_	1
observable_16793	cyt_mrna__PDE1A_203_	1
observable_16794	cyt_mrna__CDC14A_201_	1
observable_16795	cyt_mrna__DPH2_201_	1
observable_16796	cyt_mrna__TPO_201_	1
observable_16797	cyt_mrna__NPR1_202_	1
observable_16798	cyt_mrna__GJA5_202_	1
observable_16799	cyt_mrna__EPS15_203_	1
observable_16800	cyt_mrna__LPIN1_220_	1
observable_16801	cyt_mrna__FHL3_201_	1
observable_16802	cyt_mrna__EIF3I_224_	1
observable_16803	cyt_mrna__ARL8A_201_	1
observable_16804	cyt_mrna__DHCR24_201_	1
observable_16805	cyt_mrna__NDUFA10_201_	1
observable_16806	cyt_mrna__LGR6_203_	1
observable_16807	cyt_mrna__CHIT1_202_	1
observable_16808	cyt_mrna__BRINP3_201_	1
observable_16809	cyt_mrna__C1orf74_201_	1
observable_16810	cyt_mrna__IDH1_201_	1
observable_16811	cyt_mrna__ACADM_202_	1
observable_16812	cyt_mrna__CREB1_201_	1
observable_16813	cyt_mrna__CPTP_201_	1
observable_16814	cyt_mrna__HES2_201_	1
observable_16815	cyt_mrna__LANCL1_207_	1
observable_16816	cyt_mrna__CRTC2_203_	1
observable_16817	cyt_mrna__YARS1_201_	1
observable_16818	cyt_mrna__MTARC2_202_	1
observable_16819	cyt_mrna__FMOD_201_	1
observable_16820	cyt_mrna__MTFR1L_203_	1
observable_16821	cyt_mrna__MALL_201_	1
observable_16822	cyt_mrna__KLHL23_202_	1
observable_16823	cyt_mrna__CWC22_202_	1
observable_16824	cyt_mrna__CAB39_201_	1
observable_16825	cyt_mrna__SMG5_201_	1
observable_16826	cyt_mrna__STK40_204_	1
observable_16827	cyt_mrna__PRPF38A_201_	1
observable_16828	cyt_mrna__ATG16L1_203_	1
observable_16829	cyt_mrna__PHACTR4_202_	1
observable_16830	cyt_mrna__TAGLN2_203_	1
observable_16831	cyt_mrna__ANKRD23_201_	1
observable_16832	cyt_mrna__MFSD6_202_	1
observable_16833	cyt_mrna__NTRK1_206_	1
observable_16834	cyt_mrna__SANBR_203_	1
observable_16835	cyt_mrna__SLC66A1_201_	1
observable_16836	cyt_mrna__USP1_201_	1
observable_16837	cyt_mrna__SLC5A6_201_	1
observable_16838	cyt_mrna__ARHGEF11_202_	1
observable_16839	cyt_mrna__ISG20L2_202_	1
observable_16840	cyt_mrna__FAM110D_201_	1
observable_16841	cyt_mrna__PKP4_202_	1
observable_16842	cyt_mrna__MFSD9_201_	1
observable_16843	cyt_mrna__CCT7_201_	1
observable_16844	cyt_mrna__CLCNKA_201_	1
observable_16845	cyt_mrna__C2orf80_201_	1
observable_16846	cyt_mrna__DSTYK_202_	1
observable_16847	cyt_mrna__SLC35E2B_205_	1
observable_16848	cyt_mrna__HSPB7_201_	1
observable_16849	cyt_mrna__UBXN10_201_	1
observable_16850	cyt_mrna__GPR153_201_	1
observable_16851	cyt_mrna__PGD_201_	1
observable_16852	cyt_mrna__MIA3_202_	1
observable_16853	cyt_mrna__CA14_201_	1
observable_16854	cyt_mrna__C1orf87_201_	1
observable_16855	cyt_mrna__HMGN2_201_	1
observable_16856	cyt_mrna__IMMT_204_	1
observable_16857	cyt_mrna__SATB2_202_	1
observable_16858	cyt_mrna__FBXO48_201_	1
observable_16859	cyt_mrna__GLB1L_201_	1
observable_16860	cyt_mrna__MRPL55_203_	1
observable_16861	cyt_mrna__SF3B1_201_	1
observable_16862	cyt_mrna__LZIC_202_	1
observable_16863	cyt_mrna__ANKZF1_201_	1
observable_16864	cyt_mrna__DNAJB4_201_	1
observable_16865	cyt_mrna__LYPLA2_205_	1
observable_16866	cyt_mrna__FAP_201_	1
observable_16867	cyt_mrna__ANKRD53_202_	1
observable_16868	cyt_mrna__MAN1C1_203_	1
observable_16869	cyt_mrna__APLF_201_	1
observable_16870	cyt_mrna__FCRL2_201_	1
observable_16871	cyt_mrna__PLEKHM2_202_	1
observable_16872	cyt_mrna__EML4_201_	1
observable_16873	cyt_mrna__FUBP1_203_	1
observable_16874	cyt_mrna__AK4_201_	1
observable_16875	cyt_mrna__IVNS1ABP_202_	1
observable_16876	cyt_mrna__TRAF3IP3_203_	1
observable_16877	cyt_mrna__GULP1_206_	1
observable_16878	cyt_mrna__SH2D2A_202_	1
observable_16879	cyt_mrna__HOXD3_205_	1
observable_16880	cyt_mrna__PRPF3_201_	1
observable_16881	cyt_mrna__FAM20B_201_	1
observable_16882	cyt_mrna__RPAP2_203_	1
observable_16883	cyt_mrna__DGKD_201_	1
observable_16884	cyt_mrna__CTBS_202_	1
observable_16885	cyt_mrna__SLC50A1_203_	1
observable_16886	cyt_mrna__CEBPZOS_204_	1
observable_16887	cyt_mrna__CLCA1_202_	1
observable_16888	cyt_mrna__TMEM127_201_	1
observable_16889	cyt_mrna__RNF149_201_	1
observable_16890	cyt_mrna__CCDC85A_201_	1
observable_16891	cyt_mrna__SORT1_201_	1
observable_16892	cyt_mrna__RC3H1_202_	1
observable_16893	cyt_mrna__C1orf216_201_	1
observable_16894	cyt_mrna__GALE_216_	1
observable_16895	cyt_mrna__GPAT2_202_	1
observable_16896	cyt_mrna__TRAPPC12_201_	1
observable_16897	cyt_mrna__SELP_201_	1
observable_16898	cyt_mrna__SLC25A33_201_	1
observable_16899	cyt_mrna__STK11IP_204_	1
observable_16900	cyt_mrna__GBP1_201_	1
observable_16901	cyt_mrna__SLC4A5_205_	1
observable_16902	cyt_mrna__RTCA_203_	1
observable_16903	cyt_mrna__CDC73_201_	1
observable_16904	cyt_mrna__DNPEP_201_	1
observable_16905	cyt_mrna__GNPAT_201_	1
observable_16906	cyt_mrna__ST6GAL2_204_	1
observable_16907	cyt_mrna__WNT10A_201_	1
observable_16908	cyt_mrna__SGPP2_201_	1
observable_16909	cyt_mrna__FH_201_	1
observable_16910	cyt_mrna__B3GALT2_201_	1
observable_16911	cyt_mrna__STON1_201_	1
observable_16912	cyt_mrna__CASP10_202_	1
observable_16913	cyt_mrna__HAT1_201_	1
observable_16914	cyt_mrna__ECHDC2_203_	1
observable_16915	cyt_mrna__KLHL30_201_	1
observable_16916	cyt_mrna__FASTKD1_204_	1
observable_16917	cyt_mrna__DYNC2LI1_201_	1
observable_16918	cyt_mrna__SH2D6_203_	1
observable_16919	cyt_mrna__RABL2A_219_	1
observable_16920	cyt_mrna__NGEF_201_	1
observable_16921	cyt_mrna__DNER_201_	1
observable_16922	cyt_mrna__SLC11A1_201_	1
observable_16923	cyt_mrna__FAM228A_201_	1
observable_16924	cyt_mrna__WDR33_201_	1
observable_16925	cyt_mrna__CRIM1_201_	1
observable_16926	cyt_mrna__MIB2_201_	1
observable_16927	cyt_mrna__TARDBP_201_	1
observable_16928	cyt_mrna__DDX59_201_	1
observable_16929	cyt_mrna__C1orf43_206_	1
observable_16930	cyt_mrna__ZBTB41_201_	1
observable_16931	cyt_mrna__SLC2A1_203_	1
observable_16932	cyt_mrna__SLC44A3_201_	1
observable_16933	cyt_mrna__CPS1_201_	1
observable_16934	cyt_mrna__CSF1_201_	1
observable_16935	cyt_mrna__RCSD1_202_	1
observable_16936	cyt_mrna__SMYD1_201_	1
observable_16937	cyt_mrna__MYOM3_202_	1
observable_16938	cyt_mrna__ATP6V1E2_204_	1
observable_16939	cyt_mrna__MAP3K20_202_	1
observable_16940	cyt_mrna__ZEB2_226_	1
observable_16941	cyt_mrna__RPS27A_201_	1
observable_16942	cyt_mrna__KIF1B_214_	1
observable_16943	cyt_mrna__CD84_206_	1
observable_16944	cyt_mrna__PPM1J_201_	1
observable_16945	cyt_mrna__ZYG11B_201_	1
observable_16946	cyt_mrna__DAB1_205_	1
observable_16947	cyt_mrna__FMO4_201_	1
observable_16948	cyt_mrna__G0S2_201_	1
observable_16949	cyt_mrna__NCKAP1_202_	1
observable_16950	cyt_mrna__FOXJ3_201_	1
observable_16951	cyt_mrna__GLMP_201_	1
observable_16952	cyt_mrna__RBP7_201_	1
observable_16953	cyt_mrna__PLPP3_201_	1
observable_16954	cyt_mrna__MDM4_203_	1
observable_16955	cyt_mrna__TANK_202_	1
observable_16956	cyt_mrna__ADPRS_201_	1
observable_16957	cyt_mrna__PLEKHN1_203_	1
observable_16958	cyt_mrna__KANK4_204_	1
observable_16959	cyt_mrna__IL1R2_201_	1
observable_16960	cyt_mrna__DUSP10_201_	1
observable_16961	cyt_mrna__CYRIA_201_	1
observable_16962	cyt_mrna__BCAR3_201_	1
observable_16963	cyt_mrna__ACBD3_201_	1
observable_16964	cyt_mrna__ORC1_202_	1
observable_16965	cyt_mrna__PERM1_202_	1
observable_16966	cyt_mrna__RNF19B_201_	1
observable_16967	cyt_mrna__AGFG1_201_	1
observable_16968	cyt_mrna__DNAI4_203_	1
observable_16969	cyt_mrna__TRABD2A_203_	1
observable_16970	cyt_mrna__RHEX_201_	1
observable_16971	cyt_mrna__PLA2R1_201_	1
observable_16972	cyt_mrna__NUP35_201_	1
observable_16973	cyt_mrna__NDUFS2_224_	1
observable_16974	cyt_mrna__ADAMTS4_202_	1
observable_16975	cyt_mrna__DCAF17_202_	1
observable_16976	cyt_mrna__TMEM69_201_	1
observable_16977	cyt_mrna__EMC1_207_	1
observable_16978	cyt_mrna__MARCHF7_202_	1
observable_16979	cyt_mrna__CNNM4_201_	1
observable_16980	cyt_mrna__MFF_201_	1
observable_16981	cyt_mrna__VAMP5_201_	1
observable_16982	cyt_mrna__FASTKD2_202_	1
observable_16983	cyt_mrna__CD302_201_	1
observable_16984	cyt_mrna__TMEM178A_201_	1
observable_16985	cyt_mrna__PRKRA_201_	1
observable_16986	cyt_mrna__ADAM15_203_	1
observable_16987	cyt_mrna__TLK1_205_	1
observable_16988	cyt_mrna__SLC25A44_201_	1
observable_16989	cyt_mrna__LDLRAP1_201_	1
observable_16990	cyt_mrna__HP1BP3_210_	1
observable_16991	cyt_mrna__SHE_201_	1
observable_16992	cyt_mrna__ARV1_201_	1
observable_16993	cyt_mrna__ARID4B_201_	1
observable_16994	cyt_mrna__PIK3CD_202_	1
observable_16995	cyt_mrna__WRAP73_201_	1
observable_16996	cyt_mrna__PMF1_202_	1
observable_16997	cyt_mrna__PDZK1_202_	1
observable_16998	cyt_mrna__PLOD1_201_	1
observable_16999	cyt_mrna__ITLN1_201_	1
observable_17000	cyt_mrna__SLAMF6_202_	1
observable_17001	cyt_mrna__THBS3_201_	1
observable_17002	cyt_mrna__CLSTN1_202_	1
observable_17003	cyt_mrna__ACKR1_202_	1
observable_17004	cyt_mrna__PACC1_201_	1
observable_17005	cyt_mrna__CTPS1_217_	1
observable_17006	cyt_mrna__KIRREL1_201_	1
observable_17007	cyt_mrna__BTF3L4_201_	1
observable_17008	cyt_mrna__SCP2_203_	1
observable_17009	cyt_mrna__FN1_203_	1
observable_17010	cyt_mrna__SMYD5_202_	1
observable_17011	cyt_mrna__TPM3_224_	1
observable_17012	cyt_mrna__CAPN8_201_	1
observable_17013	cyt_mrna__RASGRP3_202_	1
observable_17014	cyt_mrna__STX12_201_	1
observable_17015	cyt_mrna__PODN_201_	1
observable_17016	cyt_mrna__CUL3_201_	1
observable_17017	cyt_mrna__TMEM169_204_	1
observable_17018	cyt_mrna__DPYSL5_201_	1
observable_17019	cyt_mrna__DHDDS_201_	1
observable_17020	cyt_mrna__MDH1_201_	1
observable_17021	cyt_mrna__GPR157_201_	1
observable_17022	cyt_mrna__C2orf76_201_	1
observable_17023	cyt_mrna__GKN2_201_	1
observable_17024	cyt_mrna__C2orf42_201_	1
observable_17025	cyt_mrna__MZT2A_201_	1
observable_17026	cyt_mrna__EMX1_201_	1
observable_17027	cyt_mrna__PSME4_202_	1
observable_17028	cyt_mrna__DCAF8_203_	1
observable_17029	cyt_mrna__HK2_201_	1
observable_17030	cyt_mrna__KANSL1L_201_	1
observable_17031	cyt_mrna__ZZZ3_202_	1
observable_17032	cyt_mrna__ANKRD65_205_	1
observable_17033	cyt_mrna__EIF5B_201_	1
observable_17034	cyt_mrna__NME7_201_	1
observable_17035	cyt_mrna__NPPC_202_	1
observable_17036	cyt_mrna__LCK_202_	1
observable_17037	cyt_mrna__SCRN3_201_	1
observable_17038	cyt_mrna__SH3GLB1_201_	1
observable_17039	cyt_mrna__RD3_203_	1
observable_17040	cyt_mrna__ZFP69B_201_	1
observable_17041	cyt_mrna__LYPD8_201_	1
observable_17042	cyt_mrna__PER3_202_	1
observable_17043	cyt_mrna__BABAM2_204_	1
observable_17044	cyt_mrna__REG1A_201_	1
observable_17045	cyt_mrna__ZC3H6_201_	1
observable_17046	cyt_mrna__USF1_203_	1
observable_17047	cyt_mrna__ATF2_201_	1
observable_17048	cyt_mrna__NEK7_202_	1
observable_17049	cyt_mrna__FBXO6_201_	1
observable_17050	cyt_mrna__KHK_201_	1
observable_17051	cyt_mrna__RNASEH1_201_	1
observable_17052	cyt_mrna__LIMS1_214_	1
observable_17053	cyt_mrna__TCF23_201_	1
observable_17054	cyt_mrna__NCL_201_	1
observable_17055	cyt_mrna__MGAT4A_202_	1
observable_17056	cyt_mrna__KCTD18_201_	1
observable_17057	cyt_mrna__STAM2_201_	1
observable_17058	cyt_mrna__TRAF3IP1_201_	1
observable_17059	cyt_mrna__WDR35_201_	1
observable_17060	cyt_mrna__RAB10_201_	1
observable_17061	cyt_mrna__MRPS5_201_	1
observable_17062	cyt_mrna__DHRS9_209_	1
observable_17063	cyt_mrna__CCDC142_202_	1
observable_17064	cyt_mrna__BOK_201_	1
observable_17065	cyt_mrna__ST3GAL3_205_	1
observable_17066	cyt_mrna__PPP1R7_201_	1
observable_17067	cyt_mrna__TGFBRAP1_201_	1
observable_17068	cyt_mrna__IKZF2_207_	1
observable_17069	cyt_mrna__MAPRE3_201_	1
observable_17070	cyt_mrna__UGGT1_201_	1
observable_17071	cyt_mrna__NASP_201_	1
observable_17072	cyt_mrna__FOXN2_201_	1
observable_17073	cyt_mrna__ELAVL4_205_	1
observable_17074	cyt_mrna__WDSUB1_202_	1
observable_17075	cyt_mrna__SOAT1_201_	1
observable_17076	cyt_mrna__PHF13_201_	1
observable_17077	cyt_mrna__MTR_202_	1
observable_17078	cyt_mrna__GNG4_203_	1
observable_17079	cyt_mrna__MOB3C_202_	1
observable_17080	cyt_mrna__CALCRL_201_	1
observable_17081	cyt_mrna__SLC1A4_201_	1
observable_17082	cyt_mrna__KIAA0319L_201_	1
observable_17083	cyt_mrna__ORC4_202_	1
observable_17084	cyt_mrna__ARID5A_201_	1
observable_17085	cyt_mrna__TNNT2_221_	1
observable_17086	cyt_mrna__KYNU_201_	1
observable_17087	cyt_mrna__EDAR_201_	1
observable_17088	cyt_mrna__LMAN2L_201_	1
observable_17089	cyt_mrna__NABP1_205_	1
observable_17090	cyt_mrna__TMCO4_201_	1
observable_17091	cyt_mrna__GALNT3_201_	1
observable_17092	cyt_mrna__LAMB3_201_	1
observable_17093	cyt_mrna__ILF2_201_	1
observable_17094	cyt_mrna__VRK2_201_	1
observable_17095	cyt_mrna__SLC16A4_201_	1
observable_17096	cyt_mrna__RAB1A_203_	1
observable_17097	cyt_mrna__PEA15_201_	1
observable_17098	cyt_mrna__PJVK_211_	1
observable_17099	cyt_mrna__PLA2G5_201_	1
observable_17100	cyt_mrna__AIRIM_207_	1
observable_17101	cyt_mrna__CTSK_201_	1
observable_17102	cyt_mrna__ATP5PB_202_	1
observable_17103	cyt_mrna__TMCC2_203_	1
observable_17104	cyt_mrna__RAPGEF4_201_	1
observable_17105	cyt_mrna__RAB4A_201_	1
observable_17106	cyt_mrna__AKIRIN1_202_	1
observable_17107	cyt_mrna__GCFC2_201_	1
observable_17108	cyt_mrna__AKR1A1_201_	1
observable_17109	cyt_mrna__BROX_201_	1
observable_17110	cyt_mrna__STMN1_206_	1
observable_17111	cyt_mrna__PLA2G2A_204_	1
observable_17112	cyt_mrna__AMY1A_201_	1
observable_17113	cyt_mrna__GTDC1_221_	1
observable_17114	cyt_mrna__B3GALT1_201_	1
observable_17115	cyt_mrna__UROD_201_	1
observable_17116	cyt_mrna__RAB3GAP1_201_	1
observable_17117	cyt_mrna__SDC1_201_	1
observable_17118	cyt_mrna__TXLNA_202_	1
observable_17119	cyt_mrna__IQCC_201_	1
observable_17120	cyt_mrna__LRRC39_202_	1
observable_17121	cyt_mrna__NTMT2_202_	1
observable_17122	cyt_mrna__C1orf159_205_	1
observable_17123	cyt_mrna__RPS6KC1_202_	1
observable_17124	cyt_mrna__CGN_201_	1
observable_17125	cyt_mrna__TRMT13_202_	1
observable_17126	cyt_mrna__CTSS_201_	1
observable_17127	cyt_mrna__CDC42SE1_201_	1
observable_17128	cyt_mrna__TNFSF4_201_	1
observable_17129	cyt_mrna__CYB5RL_209_	1
observable_17130	cyt_mrna__NUDC_201_	1
observable_17131	cyt_mrna__LRRFIP1_203_	1
observable_17132	cyt_mrna__CDC42BPA_203_	1
observable_17133	cyt_mrna__NHSL3_204_	1
observable_17134	cyt_mrna__CYP4X1_201_	1
observable_17135	cyt_mrna__LAMC1_201_	1
observable_17136	cyt_mrna__OMA1_201_	1
observable_17137	cyt_mrna__TSGA10_203_	1
observable_17138	cyt_mrna__KLHL29_203_	1
observable_17139	cyt_mrna__GPBAR1_202_	1
observable_17140	cyt_mrna__SUPT7L_201_	1
observable_17141	cyt_mrna__SCTR_201_	1
observable_17142	cyt_mrna__UBAP2L_207_	1
observable_17143	cyt_mrna__ANGPTL1_201_	1
observable_17144	cyt_mrna__VPS45_214_	1
observable_17145	cyt_mrna__ARTN_202_	1
observable_17146	cyt_mrna__DCTN1_226_	1
observable_17147	cyt_mrna__UBE4B_202_	1
observable_17148	cyt_mrna__RALB_201_	1
observable_17149	cyt_mrna__SF3A3_201_	1
observable_17150	cyt_mrna__MNDA_201_	1
observable_17151	cyt_mrna__EXOC6B_201_	1
observable_17152	cyt_mrna__PUS10_201_	1
observable_17153	cyt_mrna__NOL10_202_	1
observable_17154	cyt_mrna__PTCD3_201_	1
observable_17155	cyt_mrna__RGPD2_201_	1
observable_17156	cyt_mrna__PEX13_201_	1
observable_17157	cyt_mrna__RNPEPL1_201_	1
observable_17158	cyt_mrna__PAPOLG_201_	1
observable_17159	cyt_mrna__PLGLB2_201_	1
observable_17160	cyt_mrna__TFPI_201_	1
observable_17161	cyt_mrna__CIR1_201_	1
observable_17162	cyt_mrna__FHL2_211_	1
observable_17163	cyt_mrna__PSMD1_201_	1
observable_17164	cyt_mrna__SNX17_201_	1
observable_17165	cyt_mrna__HTR2B_201_	1
observable_17166	cyt_mrna__ST3GAL5_222_	1
observable_17167	cyt_mrna__ABHD1_201_	1
observable_17168	cyt_mrna__PUM1_206_	1
observable_17169	cyt_mrna__FAM228B_209_	1
observable_17170	cyt_mrna__PREB_201_	1
observable_17171	cyt_mrna__TGOLN2_201_	1
observable_17172	cyt_mrna__GYPC_201_	1
observable_17173	cyt_mrna__LY75_201_	1
observable_17174	cyt_mrna__WLS_201_	1
observable_17175	cyt_mrna__SH3YL1_201_	1
observable_17176	cyt_mrna__CNST_203_	1
observable_17177	cyt_mrna__RNF11_201_	1
observable_17178	cyt_mrna__TRAK2_201_	1
observable_17179	cyt_mrna__C4BPA_201_	1
observable_17180	cyt_mrna__ACP1_201_	1
observable_17181	cyt_mrna__CHST10_201_	1
observable_17182	cyt_mrna__SLC40A1_201_	1
observable_17183	cyt_mrna__DUSP11_201_	1
observable_17184	cyt_mrna__GORASP2_201_	1
observable_17185	cyt_mrna__NRDC_201_	1
observable_17186	cyt_mrna__MORN1_203_	1
observable_17187	cyt_mrna__S100A5_201_	1
observable_17188	cyt_mrna__PARP1_203_	1
observable_17189	cyt_mrna__LRRC40_201_	1
observable_17190	cyt_mrna__USP48_201_	1
observable_17191	cyt_mrna__SERBP1_201_	1
observable_17192	cyt_mrna__HSD17B7_201_	1
observable_17193	cyt_mrna__CDC42_208_	1
observable_17194	cyt_mrna__GJC2_201_	1
observable_17195	cyt_mrna__CD34_201_	1
observable_17196	cyt_mrna__ZBTB7B_205_	1
observable_17197	cyt_mrna__GON4L_203_	1
observable_17198	cyt_mrna__ERRFI1_201_	1
observable_17199	cyt_mrna__TMEM125_202_	1
observable_17200	cyt_mrna__LMO4_202_	1
observable_17201	cyt_mrna__RABGGTB_201_	1
observable_17202	cyt_mrna__TM2D1_211_	1
observable_17203	cyt_mrna__FAM177B_204_	1
observable_17204	cyt_mrna__TRIM33_201_	1
observable_17205	cyt_mrna__CD101_205_	1
observable_17206	cyt_mrna__PBXIP1_202_	1
observable_17207	cyt_mrna__SIPA1L2_206_	1
observable_17208	cyt_mrna__FCGR1A_201_	1
observable_17209	cyt_mrna__KCTD3_201_	1
observable_17210	cyt_mrna__PTAFR_202_	1
observable_17211	cyt_mrna__IPP_202_	1
observable_17212	cyt_mrna__CYB5R1_201_	1
observable_17213	cyt_mrna__TINAGL1_201_	1
observable_17214	cyt_mrna__COG2_202_	1
observable_17215	cyt_mrna__DNAI3_201_	1
observable_17216	cyt_mrna__FCMR_201_	1
observable_17217	cyt_mrna__TLR5_205_	1
observable_17218	cyt_mrna__KCNK2_203_	1
observable_17219	cyt_mrna__ZMYM1_201_	1
observable_17220	cyt_mrna__TIE1_201_	1
observable_17221	cyt_mrna__ZNF692_201_	1
observable_17222	cyt_mrna__P3H1_202_	1
observable_17223	cyt_mrna__WDR47_202_	1
observable_17224	cyt_mrna__GTF2B_201_	1
observable_17225	cyt_mrna__PRKCZ_201_	1
observable_17226	cyt_mrna__TMEM183A_201_	1
observable_17227	cyt_mrna__GNL2_201_	1
observable_17228	cyt_mrna__AGO4_201_	1
observable_17229	cyt_mrna__MFSD14A_201_	1
observable_17230	cyt_mrna__ZMYM6_202_	1
observable_17231	cyt_mrna__C1QA_201_	1
observable_17232	cyt_mrna__AGL_203_	1
observable_17233	cyt_mrna__ITGA10_201_	1
observable_17234	cyt_mrna__FUCA1_201_	1
observable_17235	cyt_mrna__LRRC42_203_	1
observable_17236	cyt_mrna__HYI_202_	1
observable_17237	cyt_mrna__WASF2_202_	1
observable_17238	cyt_mrna__FCN3_201_	1
observable_17239	cyt_mrna__SH3BP5L_201_	1
observable_17240	cyt_mrna__CTSE_201_	1
observable_17241	cyt_mrna__RGL1_202_	1
observable_17242	cyt_mrna__PAX7_203_	1
observable_17243	cyt_mrna__SCYL3_202_	1
observable_17244	cyt_mrna__HSD11B1_202_	1
observable_17245	cyt_mrna__DARS2_212_	1
observable_17246	cyt_mrna__CD164L2_203_	1
observable_17247	cyt_mrna__TTLL10_202_	1
observable_17248	cyt_mrna__MPZL1_201_	1
observable_17249	cyt_mrna__CENPL_210_	1
observable_17250	cyt_mrna__AGO3_203_	1
observable_17251	cyt_mrna__MYBPH_201_	1
observable_17252	cyt_mrna__MRPL24_201_	1
observable_17253	cyt_mrna__SELENBP1_201_	1
observable_17254	cyt_mrna__SMIM1_204_	1
observable_17255	cyt_mrna__PEF1_201_	1
observable_17256	cyt_mrna__ZBTB40_202_	1
observable_17257	cyt_mrna__HOOK1_201_	1
observable_17258	cyt_mrna__DDR2_201_	1
observable_17259	cyt_mrna__PABPC4_203_	1
observable_17260	cyt_mrna__KIAA2013_201_	1
observable_17261	cyt_mrna__YIPF1_201_	1
observable_17262	cyt_mrna__PGBD5_201_	1
observable_17263	cyt_mrna__PGM1_202_	1
observable_17264	cyt_mrna__RBM34_201_	1
observable_17265	cyt_mrna__TMEM52_201_	1
observable_17266	cyt_mrna__ABCD3_202_	1
observable_17267	cyt_mrna__TSPAN2_202_	1
observable_17268	cyt_mrna__GSTM5_201_	1
observable_17269	cyt_mrna__CCDC28B_201_	1
observable_17270	cyt_mrna__GCLM_201_	1
observable_17271	cyt_mrna__NFIA_207_	1
observable_17272	cyt_mrna__CELA2A_201_	1
observable_17273	cyt_mrna__S100PBP_202_	1
observable_17274	cyt_mrna__CSDE1_203_	1
observable_17275	cyt_mrna__CSRP1_201_	1
observable_17276	cyt_mrna__MPL_201_	1
observable_17277	cyt_mrna__KHDRBS1_202_	1
observable_17278	cyt_mrna__SEMA6C_204_	1
observable_17279	cyt_mrna__CLCA4_201_	1
observable_17280	cyt_mrna__RNPEP_201_	1
observable_17281	cyt_mrna__CTTNBP2NL_201_	1
observable_17282	cyt_mrna__KCNQ4_201_	1
observable_17283	cyt_mrna__ACTN2_201_	1
observable_17284	cyt_mrna__MFN2_201_	1
observable_17285	cyt_mrna__INTS7_203_	1
observable_17286	cyt_mrna__DESI2_202_	1
observable_17287	cyt_mrna__CAPZA1_201_	1
observable_17288	cyt_mrna__FCGR2A_201_	1
observable_17289	cyt_mrna__LSM10_201_	1
observable_17290	cyt_mrna__RSPO1_201_	1
observable_17291	cyt_mrna__LPGAT1_202_	1
observable_17292	cyt_mrna__HMGCL_203_	1
observable_17293	cyt_mrna__ACTL8_201_	1
observable_17294	cyt_mrna__LGALS8_206_	1
observable_17295	cyt_mrna__CADM3_202_	1
observable_17296	cyt_mrna__ZSWIM5_201_	1
observable_17297	cyt_mrna__RXRG_201_	1
observable_17298	cyt_mrna__FGR_203_	1
observable_17299	cyt_mrna__PEX11B_201_	1
observable_17300	cyt_mrna__BCAS2_201_	1
observable_17301	cyt_mrna__FBXO44_202_	1
observable_17302	cyt_mrna__NIBAN1_201_	1
observable_17303	cyt_mrna__CCN1_201_	1
observable_17304	cyt_mrna__PTBP2_213_	1
observable_17305	cyt_mrna__NBL1_202_	1
observable_17306	cyt_mrna__EFHD2_201_	1
observable_17307	cyt_mrna__HENMT1_205_	1
observable_17308	cyt_mrna__CCDC24_201_	1
observable_17309	cyt_mrna__PSEN2_202_	1
observable_17310	cyt_mrna__LMNA_205_	1
observable_17311	cyt_mrna__NOC2L_201_	1
observable_17312	cyt_mrna__ELOVL1_201_	1
observable_17313	cyt_mrna__C1QC_203_	1
observable_17314	cyt_mrna__ERMAP_203_	1
observable_17315	cyt_mrna__MYBPHL_201_	1
observable_17316	cyt_mrna__NECTIN4_201_	1
observable_17317	cyt_mrna__PHTF1_204_	1
observable_17318	cyt_mrna__MGST3_205_	1
observable_17319	cyt_mrna__ACAP3_202_	1
observable_17320	cyt_mrna__TMEM39B_201_	1
observable_17321	cyt_mrna__SERINC2_201_	1
observable_17322	cyt_mrna__PPP1R12B_216_	1
observable_17323	cyt_mrna__S100A3_202_	1
observable_17324	cyt_mrna__ST7L_202_	1
observable_17325	cyt_mrna__ODR4_201_	1
observable_17326	cyt_mrna__SRSF4_201_	1
observable_17327	cyt_mrna__SH2D5_202_	1
observable_17328	cyt_mrna__MR1_204_	1
observable_17329	cyt_mrna__NIPAL3_204_	1
observable_17330	cyt_mrna__SLC22A15_202_	1
observable_17331	cyt_mrna__FYB2_201_	1
observable_17332	cyt_mrna__AMY1C_202_	1
observable_17333	cyt_mrna__NAXE_203_	1
observable_17334	cyt_mrna__ATP1A2_201_	1
observable_17335	cyt_mrna__LRIG2_201_	1
observable_17336	cyt_mrna__ZCCHC17_201_	1
observable_17337	cyt_mrna__DPYD_202_	1
observable_17338	cyt_mrna__VAMP4_201_	1
observable_17339	cyt_mrna__NBPF15_205_	1
observable_17340	cyt_mrna__RPL11_206_	1
observable_17341	cyt_mrna__FABP3_201_	1
observable_17342	cyt_mrna__KMO_204_	1
observable_17343	cyt_mrna__GBP2_201_	1
observable_17344	cyt_mrna__S100A16_204_	1
observable_17345	cyt_mrna__NGF_201_	1
observable_17346	cyt_mrna__S100A9_201_	1
observable_17347	cyt_mrna__POLR3C_201_	1
observable_17348	cyt_mrna__MTHFR_204_	1
observable_17349	cyt_mrna__CD46_208_	1
observable_17350	cyt_mrna__AP4B1_204_	1
observable_17351	cyt_mrna__ANKRD13C_202_	1
observable_17352	cyt_mrna__SYTL1_210_	1
observable_17353	cyt_mrna__ADAR_202_	1
observable_17354	cyt_mrna__ELK4_202_	1
observable_17355	cyt_mrna__DCLRE1B_203_	1
observable_17356	cyt_mrna__PPP2R5A_201_	1
observable_17357	cyt_mrna__PIGV_206_	1
observable_17358	cyt_mrna__TTC4_201_	1
observable_17359	cyt_mrna__DNALI1_206_	1
observable_17360	cyt_mrna__ARHGEF10L_202_	1
observable_17361	cyt_mrna__BMP8A_201_	1
observable_17362	cyt_mrna__JAK1_201_	1
observable_17363	cyt_mrna__DENND2C_201_	1
observable_17364	cyt_mrna__GJA4_201_	1
observable_17365	cyt_mrna__EXOSC10_202_	1
observable_17366	cyt_mrna__RAVER2_201_	1
observable_17367	cyt_mrna__UBE2Q1_201_	1
observable_17368	cyt_mrna__ACOT11_201_	1
observable_17369	cyt_mrna__PPOX_202_	1
observable_17370	cyt_mrna__RAB29_202_	1
observable_17371	cyt_mrna__FLVCR1_201_	1
observable_17372	cyt_mrna__EFCAB7_201_	1
observable_17373	cyt_mrna__PEAR1_201_	1
observable_17374	cyt_mrna__COPA_201_	1
observable_17375	cyt_mrna__ALDH4A1_202_	1
observable_17376	cyt_mrna__IFI44L_201_	1
observable_17377	cyt_mrna__MYOC_201_	1
observable_17378	cyt_mrna__LRRC47_201_	1
observable_17379	cyt_mrna__HCRTR1_203_	1
observable_17380	cyt_mrna__MIIP_201_	1
observable_17381	cyt_mrna__SNX7_201_	1
observable_17382	cyt_mrna__LAMC2_201_	1
observable_17383	cyt_mrna__PRXL2B_204_	1
observable_17384	cyt_mrna__ENO1_201_	1
observable_17385	cyt_mrna__ZNF326_201_	1
observable_17386	cyt_mrna__CCDC163_207_	1
observable_17387	cyt_mrna__SNAPIN_201_	1
observable_17388	cyt_mrna__TAF1A_202_	1
observable_17389	cyt_mrna__GPR137B_202_	1
observable_17390	cyt_mrna__POGK_202_	1
observable_17391	cyt_mrna__S100A13_207_	1
observable_17392	cyt_mrna__TADA1_201_	1
observable_17393	cyt_mrna__TSPAN1_201_	1
observable_17394	cyt_mrna__AHCYL1_202_	1
observable_17395	cyt_mrna__JMJD4_205_	1
observable_17396	cyt_mrna__DAP3_202_	1
observable_17397	cyt_mrna__YY1AP1_205_	1
